subject,trial,window,label,Fp1-Fp2,Fp1-F3,Fp1-F4,Fp1-C3,Fp1-C4,Fp1-O1,Fp1-O2,Fp2-F3,Fp2-F4,Fp2-C3,Fp2-C4,Fp2-O1,Fp2-O2,F3-F4,F3-C3,F3-C4,F3-O1,F3-O2,F4-C3,F4-C4,F4-O1,F4-O2,C3-C4,C3-O1,C3-O2,C4-O1,C4-O2,O1-O2
1,1,1,verbal,0.804328,0.20251796,0.7238745,0.38919333,0.48638058,0.84895426,0.7872925,0.4441265,0.60784084,0.36317345,0.018342242,0.5302056,0.56616104,0.5290863,0.030579155,0.41591766,0.45417684,0.67671835,0.5479523,0.66266686,0.27857107,0.58166105,0.50285065,0.1707633,0.49499768,0.43322182,0.38556427,0.07929619
1,1,2,verbal,0.7382057,0.6078917,0.82197523,0.85669744,0.5120069,0.73939574,0.61919534,0.8362965,0.78896534,0.7387018,0.27829787,0.62902725,0.4999636,0.78999466,0.7366575,0.5970015,0.7412269,0.68653494,0.47009742,0.47784406,0.63416725,0.6068719,0.37281364,0.46333355,0.5752895,0.14803253,0.1877913,0.005581464
1,1,3,verbal,0.24222511,0.0028966288,0.36620343,0.2731475,0.00038469987,0.26263663,0.31997877,0.11132073,0.42399162,0.30437282,0.34167823,0.35265967,0.41048598,0.2123019,0.011508441,0.110776074,0.08672307,0.23565376,0.3950193,0.7011854,0.1505534,0.27644217,0.55400693,0.047673892,0.26355532,0.74661434,0.6227854,0.14786193
1,1,4,verbal,0.6403008,0.61912084,0.71534455,0.60864466,0.4800214,0.6973118,0.69483733,0.7041646,0.7650652,0.6117232,0.18114163,0.69767684,0.7111481,0.72326916,0.51821816,0.5306914,0.7255046,0.75484425,0.5662409,0.7100757,0.45581412,0.4395552,0.6393452,0.38526726,0.44411528,0.46062538,0.5557209,0.33760846
1,1,5,verbal,0.6805609,0.31036437,0.70749635,0.6491743,0.36496118,0.6163433,0.63203835,0.68471175,0.7218677,0.65323246,0.24090393,0.56949604,0.62000734,0.67732745,0.5351215,0.32265443,0.5923154,0.6493364,0.6618531,0.35447243,0.3610309,0.27866134,0.47073266,0.41483483,0.5139876,0.19939321,0.36623254,0.3947062
1,1,6,verbal,0.9253262,0.64026505,0.9417611,0.96118534,0.6931218,0.9300538,0.9427572,0.8703897,0.9491904,0.9673446,0.34229082,0.9402143,0.95742494,0.9029391,0.93246514,0.6181971,0.89403754,0.92301786,0.95782053,0.88725024,0.7487508,0.0048962543,0.92933124,0.9427962,0.8377582,0.5967229,0.8821649,0.8932625
1,1,7,verbal,0.853535,0.0034186505,0.9107827,0.9081174,0.80286133,0.88106215,0.87935954,0.8927325,0.91915715,0.8950225,0.716577,0.86961997,0.8890012,0.92234826,0.9093157,0.83195233,0.9034512,0.91028607,0.7346202,0.37720752,0.892239,0.51204044,0.49813554,0.8333328,0.6732413,0.3546929,0.3053918,0.77430403
1,1,8,verbal,0.966408,0.5960834,0.9688573,0.9643117,0.94797945,0.95807844,0.9628733,0.97568643,0.9483355,0.9493882,0.86317086,0.9110974,0.95844996,0.96795475,0.9586662,0.94633317,0.959912,0.9635785,0.9423574,0.8693512,0.931988,0.68894494,0.95616615,0.94285953,0.81896204,0.65592116,0.9319712,0.9527047
1,1,9,verbal,0.97795385,0.9486991,0.9780614,0.97857463,0.9677104,0.9787441,0.97442853,0.9657273,0.974398,0.9790989,0.94242275,0.9691908,0.96573436,0.9729457,0.97472924,0.96212274,0.97245824,0.9710176,0.96877253,0.27220196,0.95653427,0.7255927,0.95924276,0.97462267,0.95640343,0.7555325,0.82012355,0.9423438
1,1,10,verbal,0.99803656,0.6593932,0.9994626,0.9995119,0.999114,0.99942034,0.99922216,0.99836725,0.99925834,0.99918765,0.99838775,0.99896055,0.9989995,0.9995511,0.99954164,0.9992325,0.9995084,0.9993789,0.90410054,0.9978713,0.99944466,0.9989034,0.9938352,0.9993741,0.99838006,0.9848624,0.88102853,0.99443007
1,1,11,verbal,0.9866958,0.7262746,0.969746,0.98645324,0.71823984,0.96976036,0.9716004,0.98606,0.8223536,0.9555873,0.28021157,0.650632,0.9698673,0.96340865,0.9834833,0.59761864,0.96153975,0.9759292,0.9412662,0.97714794,0.9014907,0.51780677,0.9872812,0.97469753,0.5601912,0.8348298,0.955764,0.96751094
1,1,12,verbal,0.74447507,0.41772893,0.8499659,0.862906,0.6682158,0.77010465,0.74635,0.9081604,0.8984619,0.8656675,0.46870777,0.77490664,0.7779812,0.9141419,0.89534044,0.7823132,0.88509166,0.8704698,0.524761,0.84815764,0.8912743,0.64531654,0.84680146,0.7357369,0.53901654,0.33947062,0.5798757,0.6085539
1,1,13,verbal,0.7579726,0.8833605,0.8378595,0.8537184,0.84446645,0.7739359,0.75175714,0.9181837,0.8885882,0.8615318,0.7135766,0.7566935,0.7781773,0.89367396,0.8746308,0.9375852,0.886084,0.84922445,0.67289764,0.76588297,0.849824,0.8338717,0.82537204,0.7830246,0.7030463,0.1924215,0.5877637,0.6642004
1,1,14,verbal,0.92842895,0.14484453,0.9607316,0.9168685,0.90830356,0.96641356,0.9489955,0.7261856,0.82605195,0.70931506,0.6055063,0.721357,0.8495081,0.95981634,0.96850955,0.939577,0.94086087,0.8967083,0.52920866,0.9132049,0.946434,0.17606008,0.8804282,0.74058706,0.28849962,0.40191433,0.703297,0.77770096
1,1,15,verbal,0.5683246,0.75078243,0.7828768,0.74123615,0.5397802,0.6756638,0.719507,0.70301497,0.8971118,0.75077176,0.34228012,0.77085346,0.8898208,0.7461501,0.6336228,0.6236138,0.70729864,0.7564953,0.35722277,0.69072235,0.75456613,0.636867,0.5959289,0.5071381,0.45230895,0.22838646,0.38816324,0.43547478
1,2,1,verbal,0.6166234,0.7852143,0.7944146,0.8482597,0.3245039,0.6092031,0.5759607,0.86192805,0.8374993,0.8372036,0.09335198,0.5956195,0.61746764,0.8206218,0.80199295,0.56242585,0.74588555,0.7328356,0.3492894,0.69034654,0.80640805,0.69302887,0.64443296,0.6171285,0.56545895,0.3909475,0.5543209,0.4145428
1,2,2,verbal,0.9611518,0.3472868,0.9683344,0.9688778,0.91838837,0.9568542,0.9530492,0.80359405,0.9460705,0.94671786,0.8448734,0.9008296,0.93301284,0.9370722,0.93641603,0.8864835,0.93159413,0.94031364,0.8660576,0.74251443,0.8502561,0.41404983,0.8543871,0.8739733,0.7545575,0.39740866,0.5653862,0.8273125
1,2,3,verbal,0.6692992,0.28100228,0.8885124,0.9166512,0.39532277,0.8456803,0.8947125,0.5716803,0.69677734,0.7436794,0.039277233,0.5959418,0.84940094,0.819257,0.74294144,0.66917557,0.83556485,0.7152638,0.6483048,0.4751216,0.5521224,0.34551737,0.6737616,0.62545913,0.39009827,0.12848471,0.34402674,0.40160403
1,2,4,verbal,0.91191155,0.28963718,0.8920052,0.3857057,0.3732377,0.9742989,0.9446257,0.5698972,0.8085676,0.31042388,0.07591843,0.74873626,0.855643,0.7028897,0.01511131,0.5994795,0.6352553,0.76733106,0.3378494,0.4260556,0.42562267,0.36106303,0.62354183,0.121436164,0.2123764,0.1537993,0.23592605,0.40897462
1,2,5,verbal,0.76034206,0.3266605,0.8107193,0.28743333,0.24654989,0.75496775,0.9151763,0.4974864,0.7385881,0.23192523,0.017643528,0.46337304,0.81901,0.66403913,0.09960988,0.041335158,0.5551744,0.8015513,0.25241968,0.23567857,0.39582804,0.25716397,0.15184478,0.042911474,0.17833489,0.12933144,0.24842174,0.39000216
1,2,6,verbal,0.97814053,0.25752604,0.9834302,0.9880538,0.965083,0.98000175,0.9749386,0.97501576,0.98514396,0.9837807,0.9428557,0.9719086,0.97100437,0.9836041,0.9841888,0.9690845,0.98318344,0.9816422,0.881167,0.6494952,0.9384064,0.4804154,0.74821633,0.93289745,0.6518992,0.16928712,0.71208453,0.9337725
1,2,7,verbal,0.9995986,0.99163115,0.99973166,0.99964005,0.99952054,0.9997494,0.99957645,0.99965763,0.999776,0.9997073,0.9993203,0.99985117,0.99957407,0.9998037,0.9997338,0.9996973,0.9998039,0.99969745,0.99951917,0.99893594,0.9996785,0.7114218,0.99989307,0.9996512,0.995045,0.37179172,0.9978941,0.9991663
1,2,8,verbal,0.994029,0.9605096,0.98727876,0.9723483,0.97737575,0.98974335,0.9913716,0.9790503,0.983353,0.96529615,0.9609547,0.98544294,0.9901216,0.9776125,0.957081,0.9658942,0.9742193,0.9833373,0.93141395,0.9727168,0.9342211,0.029920552,0.9486383,0.90680134,0.86982155,0.2655734,0.9842851,0.9693103
1,2,9,verbal,0.095272325,0.23272012,0.39749804,0.030961957,0.20157437,0.23611656,0.43021682,0.65936756,0.642449,0.23191488,0.034458764,0.43835685,0.6498883,0.78645957,0.39946064,0.56808513,0.78014034,0.81169933,0.18946736,0.47130728,0.4618656,0.34262165,0.20364259,0.061683726,0.1717841,0.23287918,0.32180047,0.30779487
1,2,10,verbal,0.22738451,0.2577804,0.7514733,0.50945914,0.35037905,0.66924864,0.768325,0.37451345,0.84834427,0.580432,0.38832515,0.76265335,0.72689444,0.74474525,0.32766375,0.20929648,0.6931116,0.85976285,0.29084754,0.187649,0.43476188,0.36484724,0.0061420803,0.14382528,0.21825477,0.1717751,0.26174718,0.36071828
1,2,11,verbal,0.31269002,0.5268694,0.8072337,0.54144144,0.3632684,0.6811491,0.8158018,0.6093953,0.8882822,0.5602756,0.27516368,0.69954425,0.8463528,0.78691083,0.4376936,0.62923265,0.7959129,0.85556006,0.17495519,0.49541432,0.5155681,0.4765111,0.22772217,0.12653282,0.1685705,0.22231105,0.45629928,0.5042809
1,2,12,verbal,0.64162403,0.8934836,0.90137875,0.90588766,0.81429434,0.8690914,0.90085804,0.92134583,0.952562,0.9523627,0.8583065,0.9393472,0.94693476,0.9395592,0.93437153,0.8873416,0.92853034,0.93727344,0.74523914,0.7865639,0.8941484,0.10741481,0.8092333,0.87381184,0.61577773,0.21234941,0.84684324,0.9311367
1,2,13,verbal,0.83636785,0.7228577,0.92654926,0.92661375,0.89852124,0.92006713,0.9238028,0.8864662,0.9450811,0.9340709,0.89958644,0.94843054,0.93990856,0.92648435,0.91820097,0.9033083,0.9246928,0.92331177,0.88924545,0.92694336,0.89701056,0.8045836,0.9264874,0.90848666,0.66595364,0.3315292,0.93700755,0.9284339
1,2,14,verbal,0.99730206,0.26475546,0.9971189,0.99729073,0.99385875,0.9967268,0.9956648,0.99746543,0.9974488,0.99719703,0.98819447,0.9958583,0.9947986,0.99691385,0.99687964,0.99364626,0.99696165,0.99570906,0.98307693,0.9749228,0.9938465,0.62501526,0.99419004,0.99317604,0.97145647,0.57215965,0.97214377,0.9810669
1,2,15,verbal,0.95256346,0.9942741,0.98174804,0.9718923,0.73627985,0.9323354,0.90380514,0.98607385,0.98287034,0.972688,0.59119,0.8942735,0.8390339,0.9842796,0.97408414,0.79979193,0.95900327,0.9388428,0.9016952,0.99817026,0.9893585,0.9914088,0.98741287,0.9736064,0.97770876,0.030485384,0.2275815,0.68669575
1,3,1,verbal,0.97925806,0.9627141,0.95924634,0.97176045,0.27338687,0.6949475,0.8696338,0.9902908,0.954042,0.96476144,0.5317339,0.2788618,0.6727653,0.9653366,0.9684479,0.008624076,0.87411636,0.9501065,0.8046709,0.94039005,0.9640588,0.95460683,0.9321456,0.9375749,0.9309773,0.76768756,0.7680694,0.6502927
1,3,2,verbal,0.2782125,0.5554813,0.51295567,0.52274483,0.2691159,0.3068725,0.4344785,0.615286,0.64206,0.63334197,0.23071977,0.341187,0.52018976,0.68176377,0.6579037,0.52690613,0.5742157,0.62848514,0.32491773,0.48087546,0.81942165,0.6969119,0.600868,0.67463,0.6425799,0.04919794,0.19256881,0.49814638
1,3,3,verbal,0.75329703,0.5079545,0.8484757,0.85305446,0.6115596,0.8106837,0.81215304,0.7832844,0.80279297,0.79044145,0.15413202,0.50616634,0.6525644,0.8795078,0.89246774,0.7525712,0.8625449,0.8572028,0.38490766,0.56841075,0.76537764,0.63134843,0.6284295,0.710659,0.586626,0.2088067,0.36414418,0.37581313
1,3,4,verbal,0.087032124,0.6390847,0.8105617,0.6988465,0.24894093,0.62328345,0.7311726,0.5160079,0.7349472,0.7136617,0.3928626,0.3542112,0.40900412,0.7992149,0.6684063,0.13231254,0.7372164,0.798386,0.41233504,0.7685712,0.7292377,0.32299554,0.78951746,0.62478185,0.34661624,0.6097576,0.64565885,0.5008369
1,3,5,verbal,0.51987624,0.593446,0.33135077,0.09912827,0.7452542,0.0060438244,0.39068514,0.38236943,0.03930572,0.18244089,0.90102696,0.67079127,0.027956503,0.33832613,0.56360185,0.85883087,0.58350784,0.23823705,0.10143838,0.8912719,0.5201423,0.11022701,0.81029177,0.20326495,0.03981296,0.90316933,0.87929696,0.5131007
1,3,6,verbal,0.44029427,0.52685845,0.7754996,0.5653525,0.43226382,0.5941863,0.83009547,0.67424905,0.87954456,0.5101742,0.16032565,0.5897398,0.88484883,0.79072267,0.42253152,0.49307927,0.6586788,0.8257359,0.28009406,0.7808806,0.82545704,0.5773173,0.35211405,0.27737832,0.15657635,0.35835198,0.68332016,0.75053376
1,3,7,verbal,0.27172205,0.5036663,0.78487855,0.451817,0.10051552,0.5722241,0.83990777,0.69396305,0.8584626,0.35492542,0.11949691,0.4391505,0.8033529,0.8508783,0.36199096,0.74406564,0.8112531,0.8722102,0.041470192,0.50962174,0.7124127,0.34070247,0.15219466,0.036949676,0.09448861,0.037853487,0.2465556,0.44131753
1,3,8,verbal,0.40983325,0.2948814,0.9248722,0.5986464,0.6304865,0.7474988,0.89046776,0.65168345,0.981975,0.39993563,0.5464883,0.82506037,0.9617426,0.84901524,0.31514397,0.8055601,0.78975123,0.9068751,0.22266817,0.7308237,0.7903048,0.46711966,0.12352655,0.049803514,0.08303826,0.12525235,0.5692461,0.7244197
1,3,9,verbal,0.6049293,0.5814754,0.963357,0.7576575,0.5000363,0.8092062,0.92406034,0.8700215,0.9869353,0.6221709,0.24810936,0.721206,0.95623636,0.9588531,0.7216731,0.73477286,0.96051425,0.97587585,0.15337205,0.5187968,0.7969076,0.6082827,0.23680772,0.16952379,0.017709196,0.02147271,0.38553366,0.7581455
1,3,10,verbal,0.24367939,0.64745146,0.83865744,0.57526165,0.49309638,0.5795066,0.8110085,0.8786114,0.9601983,0.632599,0.5655703,0.7370211,0.9569506,0.9552397,0.74611515,0.92793256,0.9162548,0.96338135,0.21129903,0.82867545,0.83187103,0.68712044,0.3443959,0.16917762,0.054515094,0.070320725,0.70993274,0.7817248
1,3,11,verbal,0.65442985,0.03394938,0.80998594,0.79643476,0.52273124,0.7251442,0.7452483,0.57929194,0.8646733,0.7829801,0.50704414,0.7658399,0.79277104,0.8736871,0.7532989,0.67345715,0.8020045,0.84520286,0.069946535,0.76661754,0.82396704,0.55723363,0.40402305,0.36341077,0.10421212,0.21144947,0.679818,0.78052926
1,3,12,verbal,0.9280703,0.3577399,0.93853104,0.938551,0.8024329,0.9150584,0.90743935,0.8312409,0.952421,0.94219625,0.7392163,0.9151313,0.9079529,0.9287898,0.93117636,0.78427446,0.90156275,0.9080716,0.7490946,0.9321802,0.9426795,0.8560532,0.91404414,0.90744233,0.76408947,0.12921676,0.67636776,0.833508
1,3,13,verbal,0.8441516,0.7220246,0.9363885,0.95288616,0.80314946,0.9301613,0.902956,0.7144719,0.9425906,0.9393479,0.6780765,0.93614966,0.9027869,0.9389401,0.9374516,0.7719329,0.93591034,0.9339964,0.5894175,0.8314191,0.8177604,0.05091474,0.82297915,0.7246593,0.23152837,0.34095317,0.73305887,0.8310429
1,3,14,verbal,0.86622226,0.28429848,0.9091029,0.9104043,0.7959196,0.88815725,0.861833,0.7686553,0.94757515,0.9174568,0.76597965,0.8952446,0.8689186,0.9138557,0.8994734,0.8147298,0.9038291,0.91080815,0.115679115,0.42464152,0.7906606,0.29823956,0.1732976,0.5102151,0.07354436,0.14757754,0.43922526,0.74638224
1,3,15,verbal,0.24218033,0.6049918,0.8026797,0.21327466,0.12735622,0.59815276,0.85175043,0.65529954,0.95158696,0.37231472,4.943034e-05,0.7256114,0.909259,0.92910916,0.32725337,0.58061546,0.8865765,0.954077,0.17946902,0.6543189,0.8002873,0.3481701,0.24243863,0.14160666,0.11735486,0.31409085,0.5751668,0.64359844
1,4,1,verbal,0.34367648,0.5264324,0.8753205,0.49351564,0.46691078,0.68790174,0.90438336,0.634677,0.9570636,0.28670228,0.2000094,0.80101913,0.9461529,0.9175414,0.32701895,0.6228483,0.8742372,0.9783711,0.16201292,0.5749416,0.7052246,0.31169015,0.1694742,0.11273013,0.19504656,0.07930303,0.46263945,0.72372556
1,4,2,verbal,0.25263277,0.58356464,0.6922285,0.06915582,0.3151176,0.45170245,0.797367,0.64988625,0.6646167,0.03360238,0.0797752,0.3547993,0.7327558,0.7529616,0.005500754,0.44767132,0.70854175,0.882354,0.019820405,0.6734892,0.47148085,0.2472584,0.30440518,0.23484458,0.124141,0.39742196,0.64206964,0.6187731
1,4,3,verbal,0.20627259,0.5089995,0.7460741,0.16556439,0.46803463,0.44368553,0.74414736,0.54340804,0.792975,0.12813927,0.3386457,0.57826144,0.8458427,0.7130288,0.065729395,0.3416044,0.62391615,0.8548499,0.18659955,0.5135792,0.6403563,0.23956916,0.07458453,0.179974,0.10440961,0.14017291,0.5185517,0.656795
1,4,4,verbal,0.3036415,0.40630698,0.5787964,0.30826685,0.15695399,0.3261675,0.7094935,0.5089506,0.7790753,0.059750963,0.058474686,0.44405907,0.87299365,0.6791795,0.34131667,0.52846235,0.53258985,0.8326188,0.14528331,0.6025644,0.42533356,0.10399668,0.03487695,0.43790886,0.27126744,0.36271358,0.558443,0.66218185
1,4,5,verbal,0.28614026,0.31219566,0.58880883,0.11016038,0.18012337,0.40669745,0.7193886,0.4685106,0.84469175,0.03469896,0.052164935,0.68082494,0.9016156,0.64409024,0.38559863,0.27254966,0.5440927,0.80142725,0.12450682,0.5512727,0.58262914,0.1324785,0.18941732,0.30152205,0.16175643,0.38398963,0.56524163,0.664785
1,4,6,verbal,0.5185221,0.43902338,0.792971,0.33163965,0.33432996,0.64242256,0.81682295,0.72825384,0.97674334,0.45174053,0.29283407,0.7039297,0.92144734,0.8366232,0.36765134,0.5570896,0.7256325,0.8668675,0.070616156,0.675517,0.6353388,0.38784763,0.10081107,0.07297249,0.06898509,0.4072181,0.4932756,0.57546467
1,4,7,verbal,0.40509593,0.39745855,0.62794346,0.115171626,0.27768126,0.42636168,0.69735456,0.432281,0.6538147,0.16895638,0.046318036,0.40799183,0.8434006,0.53048605,0.21769798,0.24908152,0.28686512,0.6971009,0.15997729,0.6556329,0.35599905,0.16453807,0.14044543,0.45944256,0.2058045,0.31543615,0.6187155,0.6210124
1,4,8,verbal,0.73542035,0.38195845,0.7395283,0.09162936,0.6881987,0.8226557,0.8289029,0.45714894,0.6396155,0.23442888,0.30285224,0.58777374,0.8647616,0.5402422,0.42585185,0.3826282,0.47578415,0.7853881,0.20587716,0.38560975,0.11197694,0.11914156,0.3295601,0.63285685,0.39419264,0.3968496,0.6193875,0.5876691
1,4,9,verbal,0.1014977,0.5590595,0.6045656,0.05703277,0.021722306,0.27302432,0.7021463,0.33842084,0.60644865,0.1513246,0.13393863,0.17996228,0.69564223,0.5407035,0.16303131,0.1829145,0.34391174,0.72366184,0.08177677,0.6231274,0.5204673,0.19672342,0.045802675,0.25887835,0.10645683,0.3108905,0.51437426,0.6886378
1,4,10,verbal,0.5762148,0.32722348,0.80624896,0.52880067,0.45985758,0.6977981,0.7816251,0.53766394,0.7852814,0.26542398,0.22129047,0.59507346,0.7544114,0.7936063,0.2905101,0.49072224,0.7439714,0.8336588,0.14002697,0.6828038,0.6542554,0.37863848,0.154628,0.17394996,0.14257571,0.15071465,0.5490645,0.6746647
1,4,11,verbal,0.42732486,0.43389767,0.7149672,0.4992959,0.58308876,0.5112879,0.5956036,0.5365471,0.69997454,0.46233618,0.22097683,0.42853457,0.57757574,0.7490954,0.34306696,0.71643287,0.66993207,0.76193273,0.05723323,0.6071077,0.69745475,0.32418537,0.5266297,0.15687697,0.10764319,0.023699963,0.23694707,0.56546915
1,4,12,verbal,0.38954598,0.6317996,0.6749363,0.36253485,0.471397,0.5414349,0.68343776,0.6271212,0.69814885,0.18596648,0.24301368,0.48883742,0.72331786,0.68449384,0.13975239,0.6746467,0.71260107,0.7375611,0.14175794,0.5448765,0.4823736,0.16181064,0.16929281,0.25768837,0.18781324,0.23056252,0.43475756,0.5746213
1,4,13,verbal,0.54954517,0.20620944,0.8012496,0.43228778,0.637598,0.7474595,0.7525763,0.32901704,0.7594794,0.12819873,0.2731333,0.680813,0.7030573,0.64491165,0.05109572,0.57347846,0.66662276,0.7497219,0.25342578,0.37175116,0.4418822,0.17813289,0.19013426,0.19448528,0.13581258,0.20911327,0.3008288,0.48454565
1,4,14,verbal,0.5405577,0.44755527,0.6427425,0.21124896,0.32763857,0.46858415,0.65649027,0.67600703,0.7363818,0.099837504,0.06660622,0.31382516,0.7020537,0.5717628,0.1420991,0.38558567,0.5843226,0.7010483,0.24795225,0.3751269,0.4887588,0.37777555,0.2116768,0.3319971,0.12976822,0.1561167,0.37104142,0.5339051
1,4,15,verbal,0.46543366,0.07179374,0.7210436,0.052365195,0.3283363,0.6306528,0.7817045,0.52621484,0.8062823,0.015941449,0.06118919,0.59381825,0.80223924,0.66258824,0.3826847,0.40854457,0.6219658,0.77595747,0.28801265,0.5751128,0.46220678,0.21420825,0.21531038,0.5326048,0.29616997,0.37889686,0.573052,0.60346055
1,5,1,verbal,0.73620546,0.04219149,0.8868213,0.7958551,0.6015043,0.86036646,0.8188099,0.58555424,0.85924184,0.59901655,0.2819829,0.79196066,0.795022,0.8791167,0.4577153,0.6371352,0.8970817,0.9152744,0.053353336,0.6386853,0.5411042,0.40445065,0.31697538,0.021735882,0.039241638,0.5385673,0.5911337,0.50630414
1,5,2,verbal,0.49010658,0.5662005,0.8588794,0.36477953,0.47169167,0.6378682,0.8435724,0.74904996,0.96483517,0.2278301,0.25018284,0.7078187,0.89933157,0.8763919,0.1368268,0.5303432,0.87725365,0.9141115,0.36379004,0.35052118,0.57610214,0.40252364,0.15104045,0.33212817,0.19742909,0.31539577,0.38515034,0.5444277
1,5,3,verbal,0.35660243,0.5554987,0.85934436,0.45784408,0.40084928,0.63894,0.8138668,0.6443239,0.8837979,0.49304965,0.29924345,0.54586726,0.69240683,0.93287545,0.5770743,0.7435775,0.9358781,0.9498088,0.3581851,0.64025325,0.77820116,0.6408057,0.1475769,0.041957512,0.14273599,0.087542556,0.48074576,0.6467631
1,5,4,verbal,0.65307987,0.87892467,0.829458,0.7557777,0.6884463,0.69093794,0.79254997,0.94379836,0.9117896,0.82658875,0.5784074,0.6968372,0.8559859,0.938515,0.86959165,0.8828697,0.9086277,0.92598563,0.024012964,0.4936353,0.8920323,0.84606254,0.19566579,0.5583451,0.32794416,0.106812686,0.3540236,0.7710308
1,5,5,verbal,0.61021525,0.5768726,0.78703016,0.6742403,0.4993707,0.582874,0.708257,0.76088077,0.88535297,0.6446278,0.32129773,0.5916696,0.7846558,0.851126,0.69083,0.8226606,0.75088733,0.8156747,0.076480806,0.6085569,0.84648323,0.5152062,0.301079,0.41935113,0.17604527,0.044024423,0.40824744,0.7369135
1,5,6,verbal,0.6278433,0.5851969,0.8201268,0.6456501,0.6784448,0.6346849,0.7456753,0.7079172,0.79388964,0.41126913,0.37676516,0.5905481,0.7739217,0.80234075,0.3824923,0.59165525,0.68780804,0.81633615,0.022764564,0.50144726,0.7391046,0.3239166,0.54602224,0.09003614,0.097011656,0.069982454,0.3924513,0.8021516
1,5,7,verbal,0.74695736,0.34138983,0.74583167,0.6600422,0.8136121,0.76435083,0.6844114,0.8055112,0.77517384,0.6274306,0.8172934,0.7698663,0.71324784,0.80081475,0.6802993,0.8523762,0.8114571,0.77245605,0.041786347,0.019330215,0.6902471,0.29939395,0.22418249,0.313054,0.045415007,0.55179864,0.083708525,0.6157566
1,5,8,verbal,0.79757476,0.34561327,0.9057701,0.91565996,0.6173337,0.8721076,0.86616236,0.81009674,0.9200191,0.9011812,0.48274505,0.84008855,0.840335,0.91897523,0.9204828,0.68114316,0.9014325,0.8983481,0.6556411,0.5848557,0.88477755,0.31431502,0.6947753,0.8516186,0.64343834,0.06521152,0.49959192,0.80161744
1,5,9,verbal,0.5912392,0.63078743,0.7932893,0.71712327,0.49424946,0.6694677,0.6953257,0.8163073,0.82506156,0.65438586,0.31930423,0.67023194,0.7316957,0.859806,0.69161385,0.5552363,0.82695305,0.862048,0.15684362,0.48585773,0.7158283,0.23413171,0.31406093,0.29138207,0.022940928,0.2553291,0.53438854,0.6635975
1,5,10,verbal,0.7776422,0.04115073,0.9205597,0.9413852,0.78345424,0.9096648,0.8478769,0.8699943,0.95412207,0.93466455,0.44330567,0.8742534,0.86703986,0.978789,0.98745763,0.80195993,0.9777575,0.9581108,0.1742563,0.6515828,0.9063991,0.64457166,0.61152977,0.6584897,0.15634924,0.30401966,0.5125592,0.6451828
1,5,11,verbal,0.19690229,0.8322717,0.8517823,0.5240464,0.66756475,0.7319627,0.8072204,0.7915825,0.7531482,0.40093195,0.4354465,0.5720767,0.65258616,0.94351435,0.8085263,0.82192177,0.93922263,0.93342096,0.2980248,0.42641896,0.8210657,0.4785663,0.28999677,0.20819815,0.044330526,0.023154289,0.40947282,0.621685
1,5,12,verbal,0.4565593,0.21672787,0.65250176,0.02226862,0.33860692,0.69272345,0.7602198,0.026905224,0.5405851,0.08443733,0.018500738,0.5424251,0.64520615,0.36235464,0.48228884,0.08063982,0.15334257,0.646344,0.19627954,0.26571876,0.20403135,0.15008473,0.15991603,0.46903974,0.21482791,0.36301613,0.38893345,0.45899075
1,5,13,verbal,0.5279124,0.61280185,0.94207543,0.6850284,0.13806255,0.8204581,0.94937855,0.7386743,0.97586995,0.7030922,0.07349043,0.7084694,0.9472863,0.9316301,0.6797546,0.3756934,0.8400496,0.9564891,0.14198509,0.5813855,0.82623726,0.56590235,0.5939702,0.32024178,0.047416124,0.48597813,0.4613542,0.72477025
1,5,14,verbal,0.7192534,0.49524513,0.93080515,0.712869,0.34180185,0.85817254,0.9104918,0.81933725,0.9498057,0.5936861,0.12672134,0.7486934,0.924384,0.94631815,0.78374,0.61418587,0.92592615,0.96110463,0.20631106,0.4091575,0.8608008,0.55451965,0.15816492,0.24814408,0.01321078,0.18820812,0.36979428,0.7096002
1,5,15,verbal,0.7355059,0.23894827,0.92452973,0.8697973,0.6549323,0.82966155,0.8924276,0.78998834,0.962629,0.8323283,0.56201935,0.9192271,0.93571055,0.94114226,0.8605123,0.7017036,0.90334845,0.953164,0.11110975,0.672068,0.77928495,0.28014833,0.38626155,0.27791417,0.001504116,0.37577137,0.66870314,0.7297972
1,6,1,verbal,0.5588614,0.80908084,0.8640628,0.8008073,0.50658965,0.6684871,0.7986508,0.87089086,0.9088301,0.7244832,0.37906748,0.6600544,0.8611843,0.90605694,0.8035354,0.6863357,0.8371,0.88201004,0.09817401,0.5550517,0.9083455,0.67984825,0.2624983,0.46190074,0.16300222,0.0021766487,0.41876274,0.87372506
1,6,2,verbal,0.5539445,0.16490453,0.8993845,0.42919978,0.6384583,0.8599877,0.9242353,0.5452388,0.8403715,0.05374876,0.17175363,0.76280093,0.88324934,0.8281677,0.04302502,0.64669645,0.85447395,0.91557366,0.1324003,0.40241623,0.52229285,0.25761533,0.05708287,0.26828086,0.23507689,0.1861873,0.38937575,0.6561203
1,6,3,verbal,0.39184085,0.15583886,0.920029,0.5240849,0.6219853,0.76518965,0.7821964,0.2773463,0.86486995,0.5383861,0.45362148,0.7476525,0.68844765,0.72213477,0.014826964,0.40240836,0.5797848,0.8266942,0.10037425,0.5618325,0.40407157,0.034909748,0.20020063,0.106119394,0.2099627,0.24050763,0.37575978,0.52241457
1,6,4,verbal,0.3638064,0.7201612,0.7582533,0.27227688,0.16167477,0.45864266,0.76751626,0.828226,0.7398217,0.11986789,0.09386314,0.2831141,0.6213643,0.841864,0.44676524,0.7007255,0.866789,0.89465153,0.15368167,0.3306062,0.51041037,0.098787524,0.03897507,0.21570104,0.27427807,0.17454983,0.30946103,0.5298837
1,6,5,verbal,0.39922148,0.50712883,0.6189681,0.38415635,0.41540846,0.4022112,0.5801591,0.581079,0.45711675,0.20020945,0.39087448,0.063436925,0.3800709,0.83518267,0.3359533,0.40688407,0.71291703,0.76445866,0.15201028,0.34263465,0.5269678,0.26049396,0.17649193,0.1460868,0.018762099,0.3800872,0.15681446,0.36096853
1,6,6,verbal,0.2405866,0.33586836,0.7850204,0.33436957,0.046629757,0.5227688,0.78473777,0.18314038,0.5575718,0.10442849,0.040023215,0.48259088,0.7249069,0.72447944,0.17958188,0.2003525,0.6058747,0.7495438,0.0444605,0.21972731,0.3794126,0.0814426,0.11548119,0.2537799,0.28463915,0.24586934,0.42322838,0.59710467
1,6,7,verbal,0.73194766,0.040197425,0.82910997,0.6780378,0.5034703,0.8030406,0.85717094,0.3819883,0.60138446,0.24919158,0.117028736,0.5105673,0.65948224,0.91295046,0.18262814,0.26700282,0.65499353,0.9171979,0.26666382,0.27457973,0.4448074,0.3887962,0.4752808,0.0132380575,0.067205265,0.4400525,0.45578519,0.47644222
1,6,8,verbal,0.1496423,0.05127349,0.83743846,0.2596441,0.33233824,0.7356534,0.82222265,0.12838322,0.66928816,0.052080285,0.13816564,0.4737647,0.65787065,0.67594683,0.23556773,0.17175336,0.44091186,0.7149025,0.26872817,0.49837172,0.5834232,0.14409073,0.24731955,0.4215573,0.35489574,0.2040497,0.48514572,0.64389
1,6,9,verbal,0.6806623,0.41135275,0.8528186,0.5807519,0.66357046,0.80393904,0.8494413,0.43503293,0.82192075,0.29949233,0.5254238,0.7760451,0.76812327,0.65937716,0.016934706,0.46819076,0.6515778,0.81706464,0.05259658,0.15556218,0.3598144,0.22416356,0.36179078,0.23939538,0.07456945,0.093012415,0.33062965,0.51186854
1,6,10,verbal,0.7202843,0.088315524,0.88234705,0.49623978,0.6141105,0.7446592,0.82753265,0.5363416,0.85841906,0.14030203,0.05888778,0.5961626,0.7594364,0.77479255,0.02513636,0.47441775,0.67127734,0.8318757,0.14994037,0.82457155,0.6704435,0.541261,0.34329832,0.2244198,0.0027769357,0.5331388,0.5628649,0.4399867
1,6,11,verbal,0.6655475,0.044427216,0.87197036,0.21941057,0.7595992,0.8773837,0.9001276,0.51646566,0.8754888,0.10354523,0.3944772,0.6780175,0.84588134,0.70394266,0.31816998,0.58816224,0.56920093,0.794412,0.18573171,0.5316412,0.41969568,0.4068928,0.10769099,0.49441713,0.1401242,0.10292659,0.49679455,0.41310576
1,6,12,verbal,0.47706962,0.43869072,0.74839884,0.046689965,0.2721538,0.6896917,0.89908195,0.592811,0.76962394,0.007879979,0.046292886,0.6891804,0.8308385,0.68400234,0.12770517,0.23689695,0.6790095,0.85712904,0.08195867,0.60108376,0.33932987,0.23046863,0.11040312,0.39683348,0.16333935,0.4519972,0.53633785,0.5431799
1,6,13,verbal,0.5405283,0.40488538,0.8672897,0.14854708,0.6818969,0.85187477,0.93343437,0.54996353,0.9193971,0.13095856,0.5493944,0.76052123,0.9674052,0.7055921,0.19724628,0.7517304,0.6935289,0.83242166,0.15563324,0.45587894,0.44954687,0.29578596,0.24300298,0.396806,0.23077781,0.002599263,0.4434738,0.5889497
1,6,14,verbal,0.6498631,0.3479562,0.74429125,0.08733477,0.6104983,0.8005513,0.73454213,0.14532013,0.7128904,0.319258,0.08103697,0.6796222,0.6939092,0.49734902,0.40202516,0.14758469,0.34594163,0.7120486,0.34533232,0.45797816,0.4086676,0.308066,0.37216002,0.5137523,0.21455182,0.3115199,0.38775566,0.4691512
1,6,15,verbal,0.3815838,0.0696203,0.8464861,0.18058152,0.39093864,0.7872063,0.82512265,0.181582,0.93933964,0.1920021,0.25507095,0.8372921,0.85085255,0.6581756,0.31116655,0.24342762,0.55947876,0.7894149,0.10170577,0.5791121,0.54690695,0.351814,0.14542106,0.3166381,0.11188574,0.3241259,0.447036,0.50473595
1,7,1,verbal,0.37594518,0.02338894,0.74429303,0.06967338,0.46205002,0.84349,0.8928018,0.09706118,0.75809705,0.24099709,0.3157915,0.88259745,0.8323566,0.49991733,0.45927545,0.20263107,0.3571991,0.7667104,0.29543728,0.62668926,0.3838988,0.20538837,0.17846702,0.5203983,0.31057295,0.40648684,0.602726,0.5894873
1,7,2,verbal,0.23974003,0.747946,0.88533056,0.2891852,0.45803636,0.670004,0.8779599,0.8167837,0.9990853,0.45420334,0.50897014,0.84635127,0.9410844,0.9777743,0.58245724,0.8172345,0.9625626,0.99104285,0.34266895,0.88852125,0.90554374,0.45528948,0.22931497,0.06452864,0.20354675,0.25869942,0.66327924,0.8179051
1,7,3,verbal,0.45395756,0.0027582627,0.71714234,0.014250465,0.29676205,0.71666354,0.87807524,0.27389947,0.77315843,0.15387675,0.10194452,0.65247357,0.93424684,0.5421958,0.34915718,0.12477039,0.33311388,0.7862517,0.3532202,0.67550904,0.31592122,0.0812351,0.14963658,0.629162,0.5309734,0.45194876,0.6995853,0.7092093
1,7,4,verbal,0.65318686,0.1691413,0.48700112,0.109494425,0.093953535,0.4029734,0.64117014,0.4039834,0.44827202,0.020362578,0.09627612,0.24061055,0.60353017,0.49053106,0.02844949,0.19171461,0.4055361,0.64255184,0.3643755,0.70031613,0.56607485,0.26894578,0.12994517,0.14057079,0.30156526,0.32567555,0.7590749,0.84844613
1,7,5,verbal,0.3390574,0.6225097,0.7253996,0.6350582,0.27573955,0.47517797,0.6334349,0.556549,0.71868074,0.6115633,0.25325385,0.50524724,0.6408953,0.72888446,0.5863618,0.40808654,0.573696,0.7009711,0.1470136,0.6770376,0.7148561,0.63451177,0.29305893,0.23248847,0.28023753,0.1869874,0.39138535,0.5542182
1,7,6,verbal,0.9870143,0.9860545,0.9884168,0.98656327,0.92223585,0.9606585,0.93518966,0.9917707,0.986455,0.9823021,0.87151337,0.92581326,0.7912404,0.98836404,0.98497814,0.94005084,0.97592646,0.9656334,0.89842683,0.97676593,0.98722756,0.985713,0.9757641,0.97360355,0.9715992,0.7237567,0.78805417,0.8543691
1,7,7,verbal,0.96640915,0.77334094,0.972537,0.96818495,0.103756525,0.81455106,0.93226385,0.97933984,0.96662694,0.96357024,0.3415912,0.45832205,0.82318807,0.97712433,0.9720114,0.19566496,0.8744446,0.953026,0.46374574,0.9801356,0.9831738,0.9689379,0.97387767,0.97068715,0.955467,0.7738185,0.7773078,0.81466764
1,7,8,verbal,0.9831551,0.87945473,0.9894239,0.9957777,0.9099451,0.9684827,0.9703687,0.9831652,0.9922315,0.99755394,0.88508517,0.9477449,0.9641881,0.9901735,0.99439263,0.942459,0.9791426,0.9765961,0.7294547,0.97436315,0.99217534,0.9901769,0.96097153,0.9882967,0.9904921,0.67597896,0.65040857,0.39775962
1,7,9,verbal,0.99374795,0.03782926,0.9951552,0.99747515,0.9766279,0.9913848,0.98640186,0.9966683,0.99485856,0.99546385,0.92013174,0.98118603,0.97715575,0.9967327,0.99727577,0.98629785,0.99568254,0.9914479,0.96986836,0.98048234,0.99486136,0.96402156,0.985389,0.9917855,0.9711611,0.58763075,0.8231514,0.94372076
1,7,10,verbal,0.99325436,0.49109936,0.9948663,0.9952409,0.98806053,0.99063057,0.99226904,0.9962331,0.99538785,0.99509805,0.9833259,0.9876328,0.99218726,0.9959614,0.9955185,0.991089,0.9932745,0.9942911,0.98590976,0.97518456,0.9957243,0.6715594,0.9855725,0.9929657,0.9797488,0.9485561,0.96351993,0.993131
1,7,11,verbal,0.88337916,0.48100546,0.93335634,0.8875964,0.89809984,0.9079596,0.89837575,0.8674624,0.9468932,0.862552,0.87415946,0.9167354,0.91480345,0.93176776,0.8625089,0.9010274,0.9159999,0.90525377,0.3420972,0.8682358,0.8577422,0.14089617,0.6554514,0.5931641,0.20665234,0.08035174,0.8022114,0.80070263
1,7,12,verbal,0.3426284,0.14932986,0.80509984,0.2906973,0.54553974,0.7006697,0.81794995,0.50836694,0.8625651,0.35100767,0.4807101,0.61647654,0.7685994,0.7079007,0.028805206,0.40729612,0.54859394,0.7785958,0.3011133,0.46467412,0.6398027,0.353705,0.24443486,0.28358766,0.1450044,0.061091743,0.4031759,0.5598825
1,7,13,verbal,0.81422555,0.40990192,0.9152204,0.86784446,0.69257325,0.8646939,0.90006447,0.8195336,0.88412833,0.8140309,0.6063211,0.8209476,0.8735575,0.9426099,0.8697344,0.75912654,0.8979708,0.9400893,0.48383993,0.7093043,0.722538,0.060775194,0.60401905,0.56608516,0.17763203,0.23314252,0.6946666,0.8339646
1,7,14,verbal,0.74536675,0.34050286,0.8278052,0.70997614,0.6516594,0.79715645,0.8339006,0.6557626,0.8029552,0.5727637,0.5528505,0.76031077,0.81596315,0.7885602,0.5237309,0.61636305,0.71580064,0.8091503,0.24695523,0.6154421,0.45079803,0.016455226,0.19791877,0.0533628,0.025657848,0.30272743,0.66245407,0.6160731
1,7,15,verbal,0.73171204,0.3006811,0.9306788,0.94046307,0.8186162,0.9054621,0.90133256,0.7054558,0.9177256,0.91620654,0.6893968,0.8623399,0.8656593,0.90103513,0.8699945,0.8471236,0.857791,0.87398905,0.72972476,0.5662414,0.91855806,0.3772223,0.6966257,0.81578225,0.61267006,0.24472414,0.50685525,0.89328676
1,8,1,verbal,0.19784342,0.23120412,0.9208612,0.9428773,0.5775352,0.8429137,0.47115663,0.27235097,0.983133,0.97715217,0.6539473,0.97807103,0.60761815,0.79595125,0.8505983,0.4885494,0.67495114,0.35721296,0.44279686,0.9898923,0.97929466,0.99909365,0.9769669,0.9636475,0.9934208,0.13744009,0.5891611,0.99648696
1,8,2,verbal,0.97217876,0.37113664,0.876643,0.8434647,0.61091727,0.7888465,0.7588341,0.90314776,0.8078538,0.76247287,0.46753386,0.58205724,0.53598356,0.8101634,0.75504124,0.552111,0.7060671,0.6932579,0.648177,0.56786776,0.83926755,0.70239544,0.7059063,0.78208864,0.67281747,0.09938367,0.09659615,0.3429035
1,8,3,verbal,0.1764053,0.11679165,0.70429146,0.35792923,0.08417644,0.62470824,0.6856471,0.13748015,0.5942047,0.43334273,0.12547371,0.6235614,0.61894846,0.6840553,0.30197716,0.12273816,0.48942277,0.7862556,0.12018307,0.45014337,0.4535484,0.25457767,0.14841276,0.08420472,0.015462645,0.4422144,0.47279546,0.51078254
1,8,4,verbal,0.91092646,0.85037863,0.980103,0.98318154,0.7809004,0.9084622,0.8451739,0.9522246,0.9817536,0.9779002,0.62548673,0.8695398,0.75745106,0.98331326,0.9860463,0.8248149,0.9357636,0.8910878,0.7632922,0.9840784,0.99205375,0.98166496,0.9575555,0.9731143,0.9652447,0.005323256,0.072177134,0.10810775
1,8,5,verbal,0.77241755,0.5238098,0.70831484,0.52789164,0.30032152,0.6151489,0.70235234,0.81946814,0.63401467,0.30742055,0.04936871,0.29088667,0.59803396,0.7377942,0.5263403,0.4013833,0.6618951,0.7444918,0.14031051,0.79658335,0.64373934,0.5134138,0.6493925,0.22590339,0.08281688,0.47553995,0.61566824,0.6414431
1,8,6,verbal,0.90455246,0.5120307,0.89353913,0.8697004,0.70547104,0.73527604,0.706206,0.923393,0.8970363,0.85799617,0.6288498,0.61506325,0.54979265,0.9166375,0.8752953,0.76749355,0.810334,0.79179764,0.42896748,0.93455124,0.9179333,0.89476895,0.8315443,0.8030595,0.77469367,0.44578102,0.34652504,0.077184305
1,8,7,verbal,0.94426244,0.37737235,0.9408043,0.9191925,0.77804095,0.90659744,0.8906565,0.9276462,0.9476404,0.9226439,0.69099534,0.8657852,0.8375733,0.94209117,0.91762704,0.7956328,0.90616876,0.8934056,0.20865153,0.98044336,0.9478358,0.9516168,0.8982306,0.8736903,0.881092,0.020590609,0.22049195,0.39446306
1,8,8,verbal,0.2870662,0.73171866,0.6032436,0.24206369,0.100261144,0.32296368,0.42883638,0.5998916,0.7674568,0.3797605,0.15874594,0.4979116,0.5849164,0.6848171,0.22821009,0.32354835,0.54867214,0.6218451,0.23696935,0.74954057,0.60045636,0.61345255,0.02378498,0.29513174,0.025983572,0.46109933,0.51674044,0.34272164
1,8,9,verbal,0.33418247,0.5647604,0.8492831,0.39126644,0.40223557,0.691559,0.77726465,0.53544635,0.7417373,0.3858661,0.28705895,0.6424821,0.57592845,0.7605529,0.14619915,0.5778153,0.7540029,0.7992665,0.09730728,0.38874915,0.2671424,0.1001974,0.039943565,0.4516012,0.121487305,0.25429896,0.3262514,0.25571555
1,8,10,verbal,0.5156491,0.07427599,0.671571,0.14798112,0.5548919,0.70090234,0.7944505,0.29262352,0.6610292,0.04448985,0.34167692,0.588278,0.8221158,0.41616917,0.4287746,0.29287237,0.37912834,0.6491025,0.07024305,0.24651463,0.24803278,0.0070402827,0.13306636,0.37083888,0.289371,0.179816,0.4431117,0.583452
1,8,11,verbal,0.5774693,0.8760912,0.88335145,0.7845383,0.48046377,0.52006805,0.5898892,0.83554375,0.84346205,0.6858469,0.44319725,0.4964243,0.58855444,0.7660813,0.5350395,0.53857964,0.6117558,0.67170036,0.07445908,0.7509786,0.51512295,0.50353384,0.3200494,0.07524058,0.17076124,0.32311943,0.6279023,0.48299655
1,8,12,verbal,0.3014794,0.27277422,0.79393685,0.2505001,0.41062972,0.7038905,0.77846617,0.44591123,0.9282001,0.33004582,0.37463534,0.7866099,0.82146645,0.6732013,0.15433641,0.5853671,0.63849807,0.7817314,0.05704208,0.5641155,0.40531906,0.33306256,0.002169149,0.34827328,0.050342716,0.103134625,0.41560128,0.4300534
1,8,13,verbal,0.64180297,0.10272764,0.96819204,0.8661761,0.70378613,0.9438645,0.8680947,0.42469242,0.9725896,0.6666296,0.4450194,0.7800236,0.8591489,0.8174608,0.26632553,0.5209606,0.8594335,0.8696653,0.034616698,0.7302333,0.38258937,0.24558187,0.30987298,0.26174718,0.08056977,0.49513248,0.65769416,0.4393013
1,8,14,verbal,0.22089994,0.2110647,0.5534718,0.03796962,0.16413222,0.6089543,0.6958675,0.07750654,0.68613327,0.020339593,0.26818204,0.71063083,0.77253205,0.33787653,0.47539163,0.094482556,0.28685498,0.6468813,0.06481827,0.5615982,0.07159762,0.032397836,0.12200715,0.55608356,0.3023048,0.46154875,0.52918524,0.44564092
1,8,15,verbal,0.043896314,0.37123844,0.66453576,0.06151046,0.30133864,0.35236678,0.5916337,0.32841775,0.69942683,0.14843816,0.17786802,0.38037735,0.67450553,0.6162677,0.29476252,0.44970518,0.3722748,0.5819539,0.047343805,0.5711895,0.33178896,0.23998627,0.1783417,0.4943374,0.2916901,0.16699539,0.55389214,0.41113934
1,9,1,verbal,0.057817914,0.36091307,0.60389996,0.079986006,0.27253497,0.4625383,0.6336513,0.4151924,0.78646874,0.07881015,0.39009494,0.67276245,0.7645451,0.68759966,0.12292341,0.5023854,0.59364575,0.75109565,0.19314218,0.749894,0.5130461,0.21885437,0.04154457,0.37435043,0.29332566,0.27765012,0.58065957,0.57545835
1,9,2,verbal,0.49662578,0.4085718,0.4891497,0.06972568,0.23061617,0.6873619,0.7159572,0.17571892,0.33711463,0.31910002,0.023110688,0.6154851,0.69857216,0.18400727,0.49249884,0.05806699,0.09193561,0.48822212,0.057438225,0.303448,0.11712838,0.035262886,0.2336819,0.6149209,0.30327863,0.53131753,0.5786904,0.37550363
1,9,3,verbal,0.9874872,0.8211015,0.9949339,0.99572223,0.9851623,0.9902053,0.98899806,0.9842543,0.9942919,0.993501,0.9766316,0.987927,0.97719866,0.9946139,0.9937235,0.9879573,0.9916148,0.990681,0.91286767,0.98061275,0.9884038,0.9852227,0.9726201,0.9826681,0.9808427,0.92287356,0.90956277,0.8524207
1,9,4,verbal,0.19778162,0.74791193,0.61090636,0.8738331,0.35819042,0.8648511,0.92338973,0.4167371,0.64479136,0.80891967,0.20531484,0.817616,0.926364,0.36408663,0.5959449,0.22945288,0.5694734,0.7549616,0.5244027,0.58691597,0.2330873,0.18744396,0.52960587,0.549056,0.24758673,0.41670913,0.72157675,0.76596004
1,9,5,verbal,0.69933766,0.3447607,0.9539404,0.8343805,0.6840143,0.86144996,0.7959756,0.64937365,0.7763127,0.7442121,0.35325223,0.5691338,0.595164,0.8109313,0.6036768,0.75288475,0.83068424,0.9073945,0.31553385,0.49701926,0.5343417,0.2345204,0.43623295,0.35326457,0.15393138,0.011869762,0.3030749,0.48063853
1,9,6,verbal,0.60884553,0.08535529,0.9759333,0.7869112,0.4876433,0.912481,0.89686733,0.5839877,0.8947904,0.70703226,0.2152708,0.7028812,0.7762762,0.81151813,0.6090353,0.47168106,0.80771774,0.9191329,0.17485435,0.4134432,0.54545796,0.16850837,0.54643154,0.30841127,0.20303507,0.28048387,0.36840153,0.5714416
1,9,7,verbal,0.53311354,0.08093854,0.94790953,0.77348614,0.46184346,0.9018292,0.8596236,0.6736049,0.8864512,0.72167903,0.20844577,0.73788345,0.880651,0.762727,0.442314,0.75809115,0.80183953,0.9221133,0.020620475,0.6236861,0.62620854,0.22807598,0.5560593,0.24975939,0.16453357,0.33047643,0.59028256,0.5978116
1,9,8,verbal,0.68203133,0.33613324,0.9511911,0.74084073,0.72043496,0.8405799,0.8839244,0.6271214,0.8942499,0.5541423,0.5382516,0.840597,0.89658105,0.85301167,0.5220167,0.8574819,0.827767,0.9170979,0.27165654,0.55926627,0.4126376,0.10699849,0.31777707,0.07043249,0.014185928,0.19358063,0.7016415,0.7259692
1,9,9,verbal,0.5285878,0.07742607,0.9057464,0.62518424,0.4833141,0.8790616,0.8552209,0.42629293,0.9848608,0.6541292,0.24781834,0.7596122,0.81680125,0.7749083,0.49347642,0.5237924,0.7941686,0.93060714,0.057100475,0.5880234,0.6168721,0.09508733,0.29667076,0.14885893,0.07290398,0.2691584,0.50385076,0.60295093
1,9,10,verbal,0.6317749,0.45586276,0.9991126,0.9235855,0.72637016,0.9495808,0.91754526,0.76071215,0.86766016,0.699364,0.30502596,0.64864856,0.67994785,0.92366123,0.72586703,0.77991813,0.92241484,0.96819276,0.19927686,0.7354847,0.72775936,0.41377282,0.50573385,0.37679732,0.26206893,0.22983477,0.43912968,0.5764647
1,9,11,verbal,0.5131874,0.43604025,0.95692194,0.7857643,0.5864419,0.8206162,0.88101363,0.7432341,0.879582,0.6369498,0.23246653,0.7406399,0.7923568,0.91957724,0.75439256,0.7264451,0.9367867,0.9796024,0.20291498,0.58783555,0.5828966,0.24408217,0.46597275,0.21107776,0.0074762963,0.27200648,0.41218594,0.64879197
1,9,12,verbal,0.06410182,0.53217316,0.6544713,0.26740324,0.3138793,0.47429425,0.7393013,0.59598994,0.8572645,0.47432002,0.25464195,0.56345236,0.7263578,0.76535606,0.29891047,0.45818117,0.6724426,0.8756898,0.21302482,0.6870521,0.6825187,0.19065316,0.2542392,0.08807286,0.03846561,0.38504797,0.5599152,0.6484171
1,9,13,verbal,0.51612365,0.14044441,0.93778425,0.77475315,0.53741246,0.8390822,0.8477759,0.58469594,0.9493049,0.67722625,0.310067,0.71188176,0.80546546,0.87398887,0.5906856,0.6237229,0.8274231,0.9567399,0.09846986,0.88396287,0.8279259,0.24279152,0.5798392,0.37471214,0.078704186,0.28977266,0.50111634,0.7044721
1,9,14,verbal,0.29364735,0.30611718,0.87063265,0.68417805,0.6448337,0.73141694,0.7825273,0.65827763,0.7069227,0.4574118,0.32850295,0.53843534,0.62137234,0.88782597,0.6582283,0.826911,0.908174,0.96671426,0.07913933,0.84190255,0.64064246,0.28495723,0.5506995,0.21430159,0.002013329,0.1261426,0.6179973,0.67095023
1,9,15,verbal,0.36753088,0.67866176,0.8442424,0.59973043,0.75949657,0.85637444,0.8859848,0.6194068,0.88154614,0.6178366,0.6835684,0.74870557,0.8322561,0.8285958,0.6555101,0.81823915,0.84342813,0.87862414,0.14414373,0.58041,0.74318993,0.47715607,0.15462248,0.2739748,0.1137045,0.15275566,0.54305863,0.6654271
1,10,1,verbal,0.29111907,0.12037733,0.4600891,0.24823424,0.092262864,0.28592005,0.43437737,0.059280753,0.6569781,0.18329991,0.009184728,0.40313128,0.3526053,0.53605384,0.02459723,0.22576451,0.41691074,0.6298386,0.6076904,0.6581008,0.547226,0.16755748,0.005236904,0.5155252,0.24120735,0.40117422,0.4587626,0.30374843
1,10,2,verbal,0.18360876,0.874984,0.3740073,0.13771997,0.074045286,0.16231227,0.33262077,0.82531565,0.6278611,0.1112464,0.07125902,0.22014064,0.4233972,0.761922,0.21219473,0.5648106,0.5570662,0.6218745,0.44725555,0.5499475,0.86165345,0.48045692,0.1298038,0.38217637,0.16414279,0.031877123,0.3620012,0.3412659
1,10,3,verbal,0.4570913,0.70651877,0.8524752,0.5985356,0.47126135,0.4293707,0.71917707,0.53207093,0.9624086,0.44777513,0.39930883,0.5944331,0.8663805,0.78756434,0.15501298,0.26005802,0.47193146,0.70969284,0.15095474,0.5416769,0.5483305,0.113014735,0.20341791,0.123998106,0.04506937,0.46121684,0.6088312,0.5610397
1,10,4,verbal,0.44676587,0.21055435,0.8778189,0.3826768,0.2751706,0.67823905,0.8603723,0.55317014,0.8837162,0.1896343,0.08460768,0.66126585,0.87302876,0.7858857,0.14501053,0.57643133,0.796455,0.89641047,0.05775185,0.6353448,0.59979546,0.10408956,0.037575793,0.26152098,0.27579993,0.3696479,0.52109295,0.69701093
1,10,5,verbal,0.39430282,0.24414097,0.6222629,0.032007243,0.14304383,0.40497753,0.509679,0.48239765,0.75566906,0.26899824,0.4751801,0.4079356,0.5830527,0.8139531,0.01039058,0.1520965,0.71647114,0.8202795,0.44283882,0.67748964,0.73598206,0.35219526,0.12701167,0.2889777,0.064311676,0.5189525,0.35930333,0.43990564
1,10,6,verbal,0.27191475,0.6864559,0.8668254,0.33283028,0.4125417,0.43138313,0.73637646,0.8062447,0.9411072,0.25074333,0.33135173,0.4391131,0.72489864,0.9530525,0.44217575,0.8274553,0.8964339,0.9335239,0.22190556,0.7981534,0.79341924,0.405652,0.045988012,0.133709,0.06110806,0.17110665,0.5062709,0.53446865
1,10,7,verbal,0.5722643,0.46243668,0.7489719,0.43540263,0.651083,0.7416325,0.81219244,0.43162405,0.5211295,0.19490786,0.006363539,0.4150473,0.64560044,0.6958911,0.16817982,0.6572599,0.68051803,0.8270814,0.15887642,0.09777877,0.3186376,0.19217265,0.015543512,0.09115636,0.012616375,0.115356535,0.38607597,0.51460505
1,10,8,verbal,0.39884612,0.1591654,0.893039,0.21339644,0.68071723,0.6830521,0.8243983,0.19888294,0.9803516,0.19881068,0.54472965,0.81196404,0.90146005,0.60853,0.28364247,0.4525124,0.41935965,0.71162003,0.21756665,0.64844394,0.46966106,0.15073116,0.09614949,0.42511582,0.22682902,0.26478618,0.5894302,0.5208616
1,10,9,verbal,0.32784644,0.32627016,0.7706822,0.8115207,0.59128153,0.80575204,0.7515103,0.0033978352,0.8056644,0.67333055,0.54049784,0.73032284,0.6285051,0.5680269,0.08625523,0.19123754,0.39079756,0.6376882,0.26413044,0.41988817,0.065699466,0.081502356,0.27886692,0.2103504,0.1481874,0.5051724,0.48232523,0.40520436
1,10,10,verbal,0.25186366,0.13999575,0.4646511,0.40257862,0.23674607,0.64352334,0.7920592,0.20448038,0.6045712,0.37150088,0.33439472,0.7952767,0.80253154,0.4305042,0.20845367,0.289989,0.60435545,0.79206747,0.024983564,0.43375403,0.3262771,0.036186546,0.20295447,0.054914895,0.091843784,0.3415207,0.5679352,0.6626555
1,10,11,verbal,0.52113456,0.21724062,0.67813027,0.6813191,0.6869592,0.7920432,0.8331435,0.12590133,0.715059,0.63178504,0.66026664,0.8212428,0.8548195,0.56447613,0.4983181,0.6236773,0.7191651,0.8393141,0.28856435,0.44470078,0.14223096,0.19962287,0.3733949,0.04474228,0.12835588,0.53240246,0.7640432,0.68991137
1,10,12,verbal,0.4487981,0.13396493,0.7525024,0.8210558,0.7384838,0.90198433,0.863598,0.4602661,0.5477138,0.6481151,0.34125438,0.66762215,0.71090525,0.620194,0.5330768,0.61629426,0.75055736,0.8245659,0.078539714,0.4804775,0.38766924,0.05576662,0.28083384,0.084334806,0.145468,0.40938592,0.6613479,0.6727287
1,10,13,verbal,0.11075394,0.025288343,0.57480663,0.2613363,0.12202053,0.4283747,0.7417625,0.027969712,0.690469,0.14907236,0.4361311,0.6056832,0.8497877,0.3790345,0.5481137,0.10504535,0.019770935,0.57277495,0.20513344,0.30105743,0.15536337,0.17153533,0.48590544,0.68426496,0.6053942,0.43659315,0.77390516,0.6401516
1,10,14,verbal,0.58147836,0.2551984,0.75210834,0.20493647,0.6055885,0.6707337,0.75417644,0.2668173,0.81188476,0.26505804,0.4094123,0.58604914,0.72361267,0.337253,0.4712514,0.34500426,0.28206864,0.57479423,0.03171108,0.5361995,0.15560259,0.08681982,0.057812337,0.4519958,0.3410256,0.24521095,0.57525134,0.57172483
1,10,15,verbal,0.43627334,0.3727803,0.91358346,0.4295547,0.5917717,0.56497216,0.62612796,0.36145458,0.9234955,0.1874849,0.3824112,0.61577207,0.54324293,0.6795405,0.33407754,0.5101148,0.6478895,0.6134952,0.056062546,0.65459764,0.32087764,0.06731678,0.021543022,0.46286634,0.1482709,0.29487595,0.34265593,0.1621611
1,11,1,verbal,0.28131115,0.36627454,0.7723131,0.008393539,0.44163692,0.6851628,0.8254683,0.31113937,0.8805701,0.042232607,0.55661297,0.8243205,0.8434227,0.6619028,0.44837466,0.47909716,0.6403805,0.76881176,0.17647357,0.41016716,0.27422446,0.124955736,0.461335,0.56886286,0.27702147,0.408996,0.5207752,0.4841038
1,11,2,verbal,0.39369777,0.28465834,0.9200104,0.32845733,0.5690203,0.81204265,0.9170705,0.47637564,0.95708936,0.20714083,0.30496684,0.88479596,0.89263695,0.83459,0.04863072,0.5958597,0.736173,0.85251415,0.2568189,0.91873264,0.64029825,0.31069332,0.26998934,0.26661295,0.18756223,0.4101048,0.74307406,0.54529434
1,11,3,verbal,0.18946004,0.49948388,0.85655856,0.5001644,0.65783054,0.6866999,0.7606756,0.60328215,0.7387193,0.5408991,0.3596495,0.6162769,0.6485983,0.87937766,0.54807186,0.9126195,0.85412157,0.88622236,0.020532917,0.40908453,0.53461283,0.1988352,0.15810028,0.083399825,7.679675e-05,0.034068566,0.41974825,0.570499
1,11,4,verbal,0.4598281,0.5302588,0.9261182,0.5648784,0.5724838,0.6149597,0.68608326,0.7749658,0.8828099,0.3671558,0.022660615,0.2985258,0.5788348,0.92311037,0.7425756,0.8818467,0.92274445,0.92886627,0.3348201,0.47737697,0.8153838,0.27699605,0.03519499,0.05863019,0.07872295,0.004404537,0.28158486,0.50354284
1,11,5,verbal,0.21784717,0.532756,0.59684914,0.048754845,0.25715607,0.23327248,0.5169317,0.8735722,0.8926942,0.09807349,0.29049835,0.39843753,0.69719243,0.98601186,0.74067986,0.92308074,0.96887577,0.9746006,0.4873755,0.82831216,0.908985,0.5680828,0.09474219,0.14761901,0.13266374,0.13495871,0.6057597,0.5730951
1,11,6,verbal,0.5529855,0.15834054,0.8335983,0.60303843,0.7058894,0.7608086,0.6867888,0.12816189,0.88055414,0.5334664,0.5718938,0.67381877,0.62120485,0.66696155,0.23824245,0.50533056,0.6493309,0.92742246,0.04086562,0.35158926,0.39706695,0.17846382,0.024740167,0.04512936,0.09605701,0.17340648,0.56939423,0.55840003
1,11,7,verbal,0.3435504,0.028646404,0.8788564,0.6253033,0.5993199,0.7882017,0.82763875,0.32637563,0.98623097,0.660378,0.4845935,0.7812851,0.85241276,0.6780802,0.22348209,0.70988864,0.7318967,0.86023813,0.015812192,0.5488337,0.47369218,0.23114964,0.18809742,0.013757172,0.014736391,0.13310444,0.5326468,0.58890754
1,11,8,verbal,0.4088537,0.4545041,0.74176514,0.5224428,0.60012674,0.7690638,0.8629673,0.57379025,0.6056348,0.42929247,0.10764422,0.5316694,0.6148386,0.7360286,0.54026335,0.77714705,0.85631233,0.89354783,0.114268824,0.2862796,0.32274503,0.046644412,0.39710256,0.10301409,0.08556391,0.23011933,0.3818679,0.4859982
1,11,9,verbal,0.5124458,0.48559955,0.62557834,0.8004259,0.652846,0.5861685,0.70830023,0.72689545,0.39945194,0.64895874,0.35149205,0.26487,0.5208494,0.7860623,0.9402047,0.861582,0.95954794,0.96829146,0.24670878,0.08403116,0.39041132,0.10948168,0.34283844,0.42755863,0.055720113,0.04286006,0.4406711,0.69093454
1,11,10,verbal,0.033089403,0.66835153,0.80905867,0.16814005,0.41105908,0.4454911,0.6837669,0.5449975,0.9096407,0.20515004,0.29468068,0.6618373,0.7260293,0.9371134,0.45633316,0.79205656,0.85454834,0.8712089,0.34547806,0.7528423,0.8189135,0.2587973,0.20575078,0.093323834,0.22678344,0.24983911,0.535509,0.6242472
1,11,11,verbal,0.4787746,0.45292166,0.92457074,0.7618602,0.6877063,0.71472,0.7369368,0.86958367,0.81805444,0.43413916,0.2690255,0.651624,0.66411144,0.9565303,0.7611247,0.8854045,0.9350027,0.89632624,0.13883626,0.6117209,0.77162325,0.45048383,0.3019006,0.19301893,0.08459165,0.10249185,0.4162179,0.46644494
1,11,12,verbal,0.30813617,0.035902936,0.7833336,0.4947959,0.5573087,0.71142554,0.7288844,0.2628988,0.9188422,0.569281,0.5897981,0.844568,0.7816855,0.5925393,0.02128859,0.5521529,0.64271057,0.78166467,0.14878622,0.42281303,0.31443372,0.029596202,0.090266325,0.13221478,0.13918354,0.2210417,0.49409136,0.58246255
1,11,13,verbal,0.17097673,0.5463711,0.7685842,0.08480119,0.35386202,0.4338691,0.71152395,0.70608944,0.9355635,0.010870795,0.29793403,0.5709617,0.75089735,0.8688683,0.048298914,0.6535246,0.8150257,0.90264946,0.38734815,0.6344371,0.7005275,0.22184907,0.13463508,0.34616166,0.26633602,0.1524672,0.5733784,0.58723867
1,11,14,verbal,0.5533237,0.24829067,0.8939567,0.6519795,0.5871126,0.6944097,0.7466055,0.5612018,0.747863,0.3176467,0.5459308,0.7254787,0.6684786,0.5737991,0.07233454,0.72053105,0.6791322,0.76929027,0.3170788,0.21603972,0.26513776,0.032529015,0.18074916,0.15252976,0.17616643,0.13828284,0.15064014,0.4356415
1,11,15,verbal,0.5138394,0.6075077,0.90655774,0.55410975,0.5276658,0.71435857,0.8659785,0.79759765,0.79789186,0.2520814,0.21715494,0.48450053,0.7279492,0.7828287,0.5610826,0.7830506,0.87388515,0.93179345,0.13432081,0.4224035,0.42460728,0.055027302,0.072633795,0.04898387,0.14427911,0.23309483,0.4834684,0.6172564
1,12,1,verbal,0.5724969,0.3721864,0.7840573,0.80716544,0.5576698,0.74028015,0.81107867,0.91749734,0.59298784,0.7412642,0.33223283,0.7054995,0.80582035,0.87054086,0.96297204,0.84391385,0.99566096,0.99778754,0.35352913,0.4684978,0.3118148,0.06308813,0.52617437,0.41046193,0.32940564,0.19559075,0.5101874,0.7760785
1,12,2,verbal,0.55877703,0.100251764,0.93009204,0.40923598,0.49906293,0.7578982,0.88900894,0.4794208,0.85915565,0.09676708,0.1813773,0.5100179,0.8550029,0.7317758,0.22571051,0.41245213,0.58684623,0.7738959,0.26828578,0.61016774,0.55057365,0.3835813,0.21219572,0.4653849,0.27448055,0.3112269,0.5801027,0.55351996
1,12,3,verbal,0.31181505,0.3336896,0.7812516,0.21089713,0.04621481,0.36208582,0.45166737,0.7418889,0.27122948,0.5125801,0.4935848,0.3356741,0.0384219,0.7037833,0.13810605,0.5609542,0.74317,0.6363472,0.64753115,0.7232115,0.6292978,0.36294782,0.13158499,0.4423825,0.24589057,0.48943245,0.52260673,0.31091592
1,12,4,verbal,0.64088136,0.18921179,0.52225256,0.120453194,0.3464223,0.4007494,0.55863243,0.4744224,0.20403667,0.36224785,0.121876225,0.13024546,0.42867643,0.42640564,0.23747085,0.48711222,0.43315557,0.7899751,0.4672054,0.37000406,0.35139564,0.22327088,0.008969932,0.50809956,0.18411751,0.2505402,0.38779432,0.35477838
1,12,5,verbal,0.52079755,0.1751056,0.69400203,0.044477805,0.4374849,0.5742935,0.8279793,0.5914047,0.64432037,0.1991123,0.1803766,0.2654274,0.8543935,0.49496955,0.55768996,0.50807136,0.40900588,0.7481075,0.04743179,0.49483332,0.2541167,0.0048090746,0.16589008,0.5173879,0.28167838,0.210252,0.7168956,0.60447335
1,12,6,verbal,0.4305009,0.27317628,0.747673,0.253828,0.18731268,0.36659288,0.75312185,0.3156515,0.7194133,0.3109688,0.064626515,0.2613199,0.79296315,0.53468084,0.6128526,0.07229801,0.13586558,0.6852404,0.13565716,0.46621454,0.3727884,0.097297125,0.36720908,0.56231403,0.36545435,0.41664785,0.70323473,0.61080074
1,12,7,verbal,0.3474084,0.110261664,0.7112133,0.42149794,0.6121826,0.5604051,0.6595249,0.470539,0.64897734,0.41545612,0.02961136,0.05215506,0.50420034,0.6808725,0.24207751,0.5039081,0.43132365,0.808345,0.45967838,0.4307903,0.5043532,0.28438467,0.544472,0.6131148,0.37974712,0.06837989,0.34530327,0.46105036
1,12,8,verbal,0.5367842,0.03194075,0.6102389,0.04192924,0.29434898,0.8033711,0.89316046,0.29448697,0.46947196,0.14317308,0.053947527,0.3133258,0.70557815,0.58308035,0.23957328,0.68816733,0.5553368,0.81717205,0.007289831,0.29346937,0.32475957,0.089900754,0.28204978,0.40635252,0.41899943,0.13317594,0.57253295,0.76317686
1,12,9,verbal,0.008289228,0.50592613,0.7563011,0.02046876,0.0042851917,0.5138184,0.8397246,0.42216724,0.8682862,0.33534178,0.0010775211,0.62216574,0.832803,0.738008,0.019467229,0.5899262,0.75516796,0.8892867,0.09243986,0.6431486,0.60499746,0.15071821,0.3126794,0.13375174,0.23274249,0.31359482,0.6406216,0.77949125
1,12,10,verbal,0.17917693,0.13930796,0.8766647,0.39931235,0.3177945,0.6411526,0.7654227,0.1583157,0.7928193,0.47015753,0.15025292,0.47980663,0.6079407,0.54705477,0.029874941,0.50409645,0.41845095,0.60969645,0.19884503,0.6848713,0.62100875,0.1467968,0.28864092,0.17837934,0.26991072,0.2736177,0.5177124,0.5948321
1,12,11,verbal,0.8363943,0.2671699,0.90703654,0.6266364,0.8393434,0.9189186,0.7911409,0.6479794,0.6188065,0.0092284,0.57248104,0.71929514,0.6453605,0.83580434,0.036457032,0.91522694,0.85912323,0.8807387,0.034748156,0.011726184,0.17828375,0.30796134,0.2909133,0.37382847,0.027945815,0.34019348,0.08364594,0.2852293
1,12,12,verbal,0.23395824,0.5326042,0.8346681,0.1451614,0.2684845,0.5152152,0.83917576,0.5428139,0.92695594,0.09608074,0.18136136,0.6650832,0.8319904,0.7370194,0.3984268,0.190417,0.7168817,0.7992002,0.18631902,0.49049717,0.46702692,0.22578579,0.18098065,0.44520515,0.17499878,0.40036377,0.5345612,0.46413895
1,12,13,verbal,0.5179198,0.13521966,0.79318076,0.1385153,0.54786927,0.6986301,0.7137481,0.4957494,0.6785458,0.26686367,0.24421506,0.46394992,0.7268521,0.7568997,0.10375689,0.6080985,0.7045366,0.8400229,0.49114877,0.50364304,0.5620081,0.1732244,0.3001629,0.50298524,0.36637902,0.16512257,0.50779676,0.565803
1,12,14,verbal,0.41557142,0.07234989,0.76172256,0.006536558,0.30515376,0.66349953,0.74155223,0.06758127,0.7966692,0.30210072,0.073980756,0.79244035,0.74258095,0.4705028,0.37721008,0.16916268,0.32855117,0.79054815,0.34905705,0.5938042,0.30258512,0.069601364,0.036179353,0.5589751,0.30854017,0.5234362,0.5364468,0.53174347
1,12,15,verbal,0.013280169,0.47709212,0.5044135,0.35275143,0.15656039,0.034456857,0.5394682,0.32102337,0.7224605,0.4458527,0.53933907,0.38203117,0.7634963,0.5255876,0.5852682,0.6202567,0.30259857,0.60675484,0.37854406,0.3038703,0.34534606,0.2376395,0.65273637,0.699857,0.4448488,0.3556921,0.2401351,0.41780403
1,13,1,verbal,0.18362714,0.4640867,0.40949255,0.45479628,0.04734821,0.06952613,0.47916147,0.39116883,0.7441774,0.5238119,0.09756626,0.48442292,0.56055784,0.7033122,0.38124764,0.5059963,0.60087174,0.76393324,0.53593063,0.59706736,0.54088867,0.44872242,0.26679802,0.58261573,0.25444478,0.28593075,0.48855743,0.39818117
1,13,2,verbal,0.31002033,0.24634571,0.8477228,0.3201267,0.5697013,0.58976287,0.7726605,0.48011053,0.87465423,0.0075952928,0.57878923,0.8784515,0.93062234,0.72384006,0.20516409,0.6710339,0.6771098,0.8418675,0.20841737,0.4245889,0.5359568,0.17266673,0.370794,0.3974968,0.37711802,0.048407603,0.62705344,0.72209096
1,13,3,verbal,0.34676108,0.51457375,0.89136165,0.6747822,0.5215563,0.6513083,0.7962613,0.7993186,0.85954165,0.3605274,0.22940762,0.45337802,0.7852846,0.86796826,0.4518208,0.7780221,0.90075284,0.9234458,0.1314315,0.32642618,0.49084777,0.064582065,0.015273583,0.0026349807,0.07426319,0.06380124,0.5335238,0.6481946
1,13,4,verbal,0.45465025,0.22916903,0.44593918,0.37962672,0.4961762,0.61801964,0.73958486,0.46858117,0.46799865,0.15269469,0.1651157,0.5542655,0.6643867,0.60123324,0.38404858,0.59702647,0.72686,0.8357113,0.14616519,0.24285613,0.42753002,0.13691565,0.030093726,0.22032431,0.30892304,0.25103155,0.4113441,0.71566665
1,13,5,verbal,0.19540387,0.5466242,0.8219654,0.5226476,0.32108778,0.53687596,0.7497294,0.8426144,0.85920393,0.27775308,0.2129764,0.47690973,0.7104659,0.98193103,0.7883338,0.8134998,0.97628033,0.9818959,0.4318198,0.69010293,0.9221403,0.6470335,0.16031764,0.1116381,0.10502036,0.113252945,0.49871632,0.6894684
1,13,6,verbal,0.2708058,0.28167227,0.9421561,0.6065725,0.6097375,0.78692174,0.8763387,0.34573045,0.96959627,0.6590148,0.38808826,0.6702195,0.75700146,0.8325504,0.36885774,0.61810833,0.78539157,0.89721423,0.20973413,0.7850616,0.75946605,0.22187309,0.22228184,0.030431258,0.18748815,0.25191718,0.52874833,0.6894439
1,13,7,verbal,0.5474418,0.41953662,0.9549564,0.6421278,0.72771055,0.88600194,0.9000952,0.62690705,0.96058017,0.50589925,0.50524676,0.8333748,0.8692287,0.926277,0.60789233,0.89149714,0.8769853,0.9653707,0.4286694,0.7546379,0.8846591,0.4287893,0.083848864,0.020280933,0.21538945,0.028582867,0.6991487,0.7435988
1,13,8,verbal,0.14687102,0.66852486,0.76281047,0.26359203,0.013182351,0.4471119,0.72367746,0.6972964,0.83503354,0.2869412,0.038507733,0.54679596,0.7051946,0.94971836,0.6241161,0.70594996,0.9190814,0.960966,0.29671007,0.70254153,0.81851584,0.24313013,0.40334252,0.0093349,0.23369077,0.29657257,0.5466431,0.6685552
1,13,9,verbal,0.3788644,0.16731448,0.9196198,0.6881869,0.3978324,0.81136274,0.8319715,0.40975183,0.8057713,0.6008442,0.28343636,0.6261718,0.7362733,0.59019285,0.3720022,0.55351454,0.7069864,0.8997743,0.28686333,0.6195075,0.46374127,0.059199054,0.6256985,0.15718688,0.09630808,0.34360915,0.56550574,0.7709182
1,13,10,verbal,0.48106074,0.2688536,0.80985177,0.21220435,0.35778433,0.56491184,0.64794403,0.5245858,0.70271736,0.25307304,0.18415387,0.39889514,0.42851245,0.8257315,0.48760453,0.82684654,0.8445811,0.83728033,0.6300454,0.5536857,0.6556548,0.12720446,0.02264219,0.17943142,0.112154834,0.124720275,0.3249549,0.30727148
1,13,11,verbal,0.1566712,0.3095802,0.7341233,0.31976628,0.16416977,0.37487742,0.39412305,0.55249107,0.96011215,0.56386495,0.29323393,0.6058439,0.5921002,0.7941413,0.56454104,0.6426393,0.7778513,0.86934626,0.33099675,0.610891,0.6254415,0.36238408,0.11504354,0.021214789,0.012482495,0.27668202,0.3239457,0.30686638
1,13,12,verbal,0.5735316,0.35988536,0.9540031,0.8020956,0.73746926,0.8012819,0.8312631,0.7482351,0.9502066,0.5565227,0.5120333,0.7297407,0.8576229,0.89586914,0.60233325,0.8712382,0.91964525,0.9428532,0.16369465,0.4998214,0.5479165,0.039608303,0.093440905,0.07309436,0.3143856,0.050278667,0.5825359,0.7350379
1,13,13,verbal,0.48459947,0.78678846,0.8668573,0.42752868,0.53411376,0.432252,0.5055566,0.6009886,0.96024,0.5027757,0.43481907,0.45225438,0.5748623,0.87176085,0.32950735,0.737082,0.83481294,0.8317019,0.12152175,0.61058724,0.7252128,0.35582045,0.15788504,0.01892938,0.105622925,0.0031888385,0.26805246,0.38611045
1,13,14,verbal,0.27815542,0.7252006,0.94931924,0.5048329,0.3407735,0.61424905,0.818747,0.882211,0.97590196,0.34551242,0.24673428,0.81496555,0.7180126,0.9761818,0.7265449,0.7101392,0.9763643,0.95438516,0.19615379,0.6053458,0.838894,0.38067335,0.082357444,0.0018899946,0.028824143,0.1904303,0.30890867,0.45238572
1,13,15,verbal,0.38601062,0.2188895,0.92010427,0.6032855,0.6447471,0.8355265,0.8672946,0.40315774,0.9341637,0.6436149,0.5606167,0.833127,0.8421153,0.7820702,0.4210698,0.5664773,0.6673327,0.84590775,0.38076743,0.5453321,0.5821638,0.07356869,0.0029023755,0.16497299,0.18008675,0.16741364,0.51186836,0.56276935
1,14,1,verbal,0.55682284,0.32382524,0.91009754,0.58369356,0.4465062,0.8806951,0.8805718,0.62531,0.9833116,0.52792925,0.2890992,0.906951,0.90613186,0.9318293,0.58758336,0.6923016,0.8818592,0.929521,0.34179652,0.859945,0.84014416,0.22949184,0.54756784,0.07828686,0.22116832,0.4011465,0.5540622,0.725835
1,14,2,verbal,0.38631535,0.11647391,0.17211549,0.25429857,0.55290484,0.8274622,0.81855476,0.1951928,0.26414746,0.09127977,0.56073165,0.7481203,0.5357234,0.22438455,0.43164825,0.18062362,0.05055266,0.67153007,0.5958023,0.5808018,0.40694585,0.037373275,0.48578283,0.3090253,0.02245194,0.116690665,0.19651967,0.32409775
1,14,3,verbal,0.18946657,0.29463655,0.71501434,0.09218667,0.35443535,0.7639255,0.79453564,0.2193979,0.69690055,0.08956022,0.10193454,0.80709136,0.7112363,0.6780078,0.22412556,0.29342124,0.593567,0.8083312,0.39456117,0.46478507,0.5009101,0.28478068,0.20486835,0.40091124,0.061312154,0.3448062,0.33389825,0.38108495
1,14,4,verbal,0.43412927,0.18512729,0.82654345,0.5287781,0.38702676,0.74833363,0.86997384,0.13944738,0.7794427,0.53513956,0.15728211,0.8017317,0.7485556,0.41863537,0.059775513,0.44127545,0.5162953,0.72542155,0.055807125,0.5398664,0.30305472,0.11359929,0.2958876,0.052975595,0.0016300395,0.2007976,0.41645938,0.50183225
1,14,5,verbal,0.60229516,0.26129702,0.7367694,0.014160897,0.5741111,0.65977246,0.63894266,0.41632724,0.5788908,0.18085107,0.09647,0.29620963,0.4201275,0.7485338,0.28457847,0.46852252,0.6829485,0.88360363,0.10871009,0.3920296,0.5337665,0.41303185,0.2410294,0.25163236,0.042843875,0.3221132,0.43946353,0.34677702
1,14,6,verbal,0.30400124,0.061301403,0.77812105,0.42496595,0.0008437658,0.54474235,0.66903234,0.4152633,0.8590937,0.19846076,0.15545815,0.5854281,0.79346424,0.6586593,0.5288106,0.036230005,0.41399288,0.72015977,0.36754215,0.6844968,0.6124871,0.313112,0.193263,0.5128436,0.15978807,0.6329626,0.5175824,0.36189795
1,14,7,verbal,0.18852106,0.26920953,0.48638174,0.5830997,0.0020878182,0.37368482,0.69858146,0.05730788,0.63908184,0.45258167,0.12662806,0.48807645,0.8618639,0.28202233,0.6540706,0.030386502,0.040059697,0.50158525,0.29265365,0.6848159,0.23821254,0.013468804,0.15827824,0.6467928,0.43337297,0.515378,0.7380547,0.5731958
1,14,8,verbal,0.3801639,0.14584705,0.8006876,0.25202826,0.028933225,0.5365501,0.7601086,0.23316275,0.81716603,0.3558446,0.31998134,0.3024907,0.6102665,0.49628392,0.48054528,0.22614615,0.31577215,0.7469858,0.39644852,0.65764904,0.52108943,0.18256764,0.2462478,0.56066716,0.19497854,0.5253828,0.4955682,0.48908833
1,14,9,verbal,0.24317923,0.12899145,0.7117413,0.23285669,0.24980909,0.3953546,0.60124713,0.3258379,0.62660295,0.39853966,0.017135901,0.3083856,0.6630739,0.5316977,0.49865827,0.17511052,0.30032486,0.6469836,0.4213296,0.58459777,0.37584066,0.1210729,0.37711647,0.6798111,0.532351,0.36787477,0.59807485,0.4646578
1,14,10,verbal,0.2503385,0.35557464,0.762954,0.04952758,0.35536233,0.5993013,0.8272625,0.5245958,0.80995613,0.15845472,0.32315445,0.7123453,0.7403319,0.809963,0.16798924,0.42204738,0.7932301,0.8996863,0.24209894,0.5698703,0.48951018,0.1793603,0.24863614,0.45885938,0.17403665,0.34342384,0.51127166,0.5592796
1,14,11,verbal,0.2514332,0.18597546,0.90628624,0.28428856,0.74979323,0.7848668,0.8990995,0.20612171,0.9546988,0.25869203,0.66614306,0.86344343,0.9186952,0.8183293,0.046826977,0.7194055,0.68780863,0.85044676,0.18276103,0.62757486,0.5444418,0.14130497,0.2301245,0.36704797,0.2938809,0.05132929,0.6282777,0.6380563
1,14,12,verbal,0.47308013,0.32667783,0.8474208,0.026492093,0.47989568,0.69744647,0.83753014,0.51787186,0.8440294,0.16907138,0.26649693,0.75507915,0.7651877,0.7440352,0.24626951,0.50405866,0.61397547,0.8092741,0.28586352,0.67099816,0.5011509,0.37697685,0.20813605,0.49317393,0.14397733,0.32134667,0.5214334,0.39907935
1,14,13,verbal,0.35979223,0.7921074,0.8945287,0.30642056,0.37660322,0.6134348,0.91774833,0.7289421,0.96752656,0.13839142,0.29835054,0.7634285,0.89485073,0.8652453,0.200814,0.5780342,0.802838,0.920442,0.18443313,0.39459556,0.61433744,0.25188527,0.102014616,0.28032738,0.1587466,0.026649354,0.29362723,0.5853779
1,14,14,verbal,0.23308983,0.6692307,0.7623126,0.014532019,0.34536043,0.43358973,0.6188442,0.6350708,0.8574561,0.070299186,0.34036294,0.48429123,0.5114493,0.88473207,0.053135056,0.6928232,0.81823003,0.7555577,0.27859855,0.50942475,0.73678833,0.34870994,0.2737585,0.29931504,0.06660303,0.09787972,0.15730709,0.2780168
1,14,15,verbal,0.29436904,0.35616145,0.83863544,0.26122007,0.56495863,0.63034236,0.88644683,0.49332306,0.95972246,0.13110648,0.24331109,0.7193308,0.90828484,0.7784835,0.1965575,0.54596496,0.67524374,0.86043996,0.24801163,0.7058241,0.63618386,0.10797614,0.05737107,0.35933223,0.32838303,0.26367787,0.68878996,0.7342328
1,15,1,verbal,0.4615829,0.306115,0.8364219,0.2727102,0.25333613,0.6118591,0.81221867,0.40115508,0.8922867,0.07165077,0.029044408,0.6539919,0.8146629,0.6864923,0.4617219,0.21332532,0.54647905,0.8102037,0.2901542,0.4853463,0.55932474,0.1436246,0.28941175,0.4647735,0.24550614,0.34566823,0.43486178,0.556732
1,15,2,verbal,0.09939121,0.58635926,0.48710424,0.38449338,0.00021717593,0.006364494,0.5720364,0.16566257,0.54375815,0.46426302,0.006053392,0.3174411,0.66491354,0.40991914,0.615129,0.09357294,0.10969452,0.5722019,0.45022118,0.44306946,0.314336,0.14429559,0.49027848,0.69136405,0.4212591,0.19225545,0.37090182,0.44402897
1,15,3,verbal,0.12100868,0.30248246,0.45425847,0.40085474,0.36672494,0.15118183,0.6431917,0.5006396,0.41239238,0.45337352,0.48889604,0.022038648,0.62482446,0.7760723,0.19063875,0.243911,0.7417323,0.8701752,0.3632009,0.4416788,0.49281743,0.06761069,0.05524339,0.59786373,0.577424,0.341205,0.58938855,0.7236763
1,15,4,verbal,0.27284053,0.5185317,0.789064,0.32153144,0.49364093,0.53154206,0.6963696,0.81211036,0.95198756,0.13894555,0.36741748,0.58832055,0.6637043,0.97980946,0.59587556,0.90070426,0.94811094,0.93513185,0.40428695,0.7470748,0.9300742,0.4174287,0.14015114,0.030872576,0.05940024,0.046786774,0.51416904,0.53180754
1,15,5,verbal,0.2222543,0.5779613,0.6391344,0.21162517,0.49150994,0.41846815,0.7590951,0.47689015,0.749566,0.47919756,0.4808627,0.41723505,0.6049725,0.8696728,0.5861387,0.7445891,0.8036466,0.94349533,0.19176559,0.60784,0.7940786,0.102189526,0.0143661145,0.039664555,0.11247021,0.11297342,0.3158891,0.67105657
1,15,6,verbal,0.85969675,0.32820392,0.93207276,0.90265536,0.82952493,0.8938153,0.90621656,0.9088623,0.981172,0.92424166,0.8415349,0.9441027,0.93309784,0.95717627,0.90019435,0.8804511,0.94663006,0.95351845,0.064081475,0.6621597,0.9344529,0.65413,0.5539863,0.62609226,0.43157616,0.25900242,0.00016959629,0.41497144
1,15,7,verbal,0.967082,0.78520954,0.9917874,0.99027455,0.9841099,0.98963493,0.98866975,0.96201,0.99339044,0.9891488,0.9774082,0.9922097,0.99049294,0.992844,0.9875196,0.989873,0.9934895,0.99111843,0.33175263,0.9513452,0.98630226,0.9724543,0.8836261,0.94215155,0.91271186,0.8470358,0.70420295,0.16549465
1,15,8,verbal,0.1938732,0.2625175,0.60144997,0.01632579,0.1850104,0.33553684,0.6092117,0.6167421,0.9505162,0.006913453,0.21000569,0.5710988,0.79419476,0.9435042,0.10335918,0.60447013,0.7903013,0.94475037,0.49499497,0.77121603,0.89172375,0.2546285,0.102829225,0.32382324,0.42044723,0.21458031,0.63664955,0.7723721
1,15,9,verbal,0.37318322,0.2273058,0.64212584,0.20445998,0.3340487,0.4894352,0.68400466,0.7960685,0.8741923,0.011536,0.0859011,0.1168845,0.9456477,0.80466515,0.2091925,0.6829083,0.77763176,0.9126004,0.06167558,0.8013849,0.6038219,0.01612041,0.1987746,0.2822598,0.3498976,0.23028938,0.8371561,0.8320295
1,15,10,verbal,0.2766451,0.39052397,0.5634053,0.13729765,0.2745713,0.30722266,0.55642194,0.76216114,0.7149166,0.46764624,0.04500276,0.12117489,0.68572366,0.98501545,0.532005,0.87551534,0.8791853,0.9876854,0.2807652,0.61296546,0.7031369,0.23826231,0.412775,0.44603798,0.19924785,0.15392946,0.5451497,0.6211178
1,15,11,verbal,0.20748794,0.3764366,0.66322,0.18729435,0.32653642,0.34184232,0.585878,0.84703326,0.8227372,0.2890076,0.030199913,0.025402535,0.68399465,0.9059788,0.13933508,0.8192538,0.8743929,0.92876035,0.45548102,0.94888234,0.80716795,0.13750343,0.06208247,0.4172281,0.5543465,0.16463313,0.8207294,0.83304715
1,15,12,verbal,0.3446539,0.072826624,0.45690092,0.25664976,0.07077851,0.25998452,0.62322795,0.28680336,0.6058148,0.25932583,0.27287495,0.18560213,0.74000674,0.6657434,0.06940736,0.2589566,0.34431875,0.72261465,0.025656873,0.76382434,0.7615273,0.060453918,0.35935658,0.020153256,0.016204227,0.44420648,0.61605364,0.7549683
1,15,13,verbal,0.09412418,0.69478786,0.7725315,0.25810608,0.18004319,0.3152118,0.73565227,0.8678769,0.9716628,0.26199433,0.09834398,0.6084238,0.8539582,0.9521929,0.36146474,0.81545794,0.930929,0.9432159,0.013597717,0.7682981,0.7904221,0.16551115,0.16640812,0.009589839,0.051264524,0.30433434,0.70091057,0.68230563
1,15,14,verbal,0.45584095,0.40430138,0.80403906,0.4392912,0.29254454,0.55695456,0.7168915,0.54775816,0.8002727,0.33820856,0.030734437,0.23166037,0.5228859,0.7572904,0.28822488,0.4539656,0.6537402,0.83495975,0.2649561,0.7022605,0.6809398,0.2857157,0.33194938,0.21662524,0.288659,0.38088542,0.47690046,0.43371937
1,15,15,verbal,0.410168,0.61705375,0.8974258,0.33093017,0.31249246,0.7650444,0.88895696,0.68295586,0.9031366,0.38101116,0.016084313,0.39408976,0.86598325,0.8614217,0.27408567,0.704715,0.8383253,0.9023431,0.0022297166,0.76775867,0.78114164,0.25854272,0.2885152,0.030638073,0.003895806,0.4318059,0.7268691,0.7254464
1,16,1,verbal,0.86724055,0.037623927,0.9551275,0.8887275,0.8739981,0.9044385,0.9352618,0.8144976,0.9704846,0.8594141,0.82805175,0.88745743,0.94815105,0.96063304,0.8573251,0.91676056,0.94333184,0.956493,0.18550682,0.8483294,0.9785032,0.8275813,0.21961193,0.5346109,0.3715558,0.49511686,0.009641157,0.6732869
1,16,2,verbal,0.7443958,0.121575624,0.7980068,0.730654,0.3580238,0.65371794,0.7524662,0.7241793,0.80776215,0.71593744,0.23415095,0.57134485,0.7264822,0.82158816,0.71374816,0.44675767,0.71349305,0.7921186,0.15471733,0.8546224,0.84260225,0.6454849,0.47190687,0.5105723,0.58040035,0.25785953,0.4090166,0.35887283
1,16,3,verbal,0.8282659,0.6115921,0.834654,0.58192575,0.28211412,0.50729823,0.597887,0.899524,0.84827876,0.51194024,0.12572469,0.3000096,0.5164105,0.8975131,0.604396,0.5352482,0.7489256,0.76806647,0.016455159,0.7915381,0.7788967,0.37070385,0.25457695,0.12609346,0.053991247,0.23890054,0.46147746,0.4816089
1,16,4,verbal,0.85617614,0.7001217,0.9327155,0.48612294,0.70700616,0.89537096,0.93002146,0.9125064,0.87580675,0.19154134,0.15606037,0.5759372,0.7789256,0.95062953,0.5908842,0.92792416,0.96844345,0.96517533,0.1240097,0.7065588,0.7091468,0.1538023,0.026013613,0.11423561,0.08684633,0.37866545,0.5634065,0.5970599
1,16,5,verbal,0.42729047,0.46999565,0.705783,0.021977339,0.2760014,0.5321839,0.5633596,0.67405665,0.8645337,0.14721785,0.2022113,0.471271,0.542885,0.8539947,0.03797747,0.69131655,0.8088501,0.8998105,0.07936104,0.8586185,0.6596155,0.29299223,0.28044257,0.20290692,0.08676706,0.3970613,0.47168288,0.30738991
1,16,6,verbal,0.38150972,0.4470704,0.89867806,0.21856748,0.35510808,0.5654715,0.6228793,0.6525928,0.88906354,0.020884244,0.0724971,0.42809576,0.56862664,0.77144086,0.30562085,0.54023665,0.6991926,0.80391836,0.15099001,0.6349464,0.6355386,0.26264903,0.19579808,0.3167857,0.06607454,0.2814443,0.3216523,0.34660688
1,16,7,verbal,0.49661458,0.5540643,0.89366674,0.25494194,0.56398225,0.7657651,0.7284527,0.7851717,0.8794738,0.16371886,0.27884778,0.7346282,0.74826634,0.8619694,0.18774088,0.71485746,0.89066625,0.9049035,0.008560844,0.523903,0.4950684,0.047291934,0.051636636,0.18041301,0.12997884,0.2472349,0.43586764,0.5115741
1,16,8,verbal,0.5336168,0.14537539,0.8052548,0.41791007,0.5464952,0.79559916,0.78595006,0.33909702,0.686576,0.008179784,0.09906024,0.6126525,0.64859676,0.6296037,0.058030985,0.20973311,0.47382978,0.69010806,0.06912319,0.58637524,0.47181,0.2076036,0.26549372,0.24593008,0.06360356,0.5930883,0.5073857,0.42906728
1,16,9,verbal,0.4411626,0.12815353,0.80913025,0.095256776,0.35712183,0.6904764,0.8089773,0.25804296,0.77903116,0.22327438,0.08838712,0.7012623,0.7136042,0.7877563,0.030398311,0.37102774,0.48471567,0.8019705,0.110805705,0.50910854,0.5744616,0.29743677,0.21278962,0.3404569,0.14554442,0.36064002,0.45668834,0.48833826
1,16,10,verbal,0.39048865,0.5506496,0.8544561,0.05592102,0.53743535,0.7626624,0.8885759,0.6796412,0.9141446,0.058155064,0.3335499,0.7720275,0.8781906,0.83724713,0.014068537,0.7187935,0.841408,0.91197366,0.1689504,0.6707295,0.5420397,0.1531116,0.066656776,0.31459865,0.1954499,0.42058054,0.730742,0.6420659
1,16,11,verbal,0.3150698,0.2942238,0.43338498,0.48887774,0.25461158,0.38022733,0.7995789,0.38862145,0.4084372,0.52366495,0.0671055,0.31057733,0.79431134,0.25053498,0.75701314,0.29632473,0.2574841,0.6198177,0.37271,0.23461078,0.022104723,0.14406218,0.605532,0.7445696,0.5096538,0.2166303,0.5009994,0.5380378
1,16,12,verbal,0.6613351,0.2568883,0.8074432,0.078619204,0.5772682,0.60600007,0.820703,0.4687003,0.5960082,0.3758875,0.067682214,0.28321198,0.8037756,0.5993565,0.42225057,0.3665253,0.35607496,0.7307474,0.3540165,0.65910923,0.344117,0.0057783294,0.3060764,0.651908,0.41443363,0.3951883,0.5728855,0.6177128
1,16,13,verbal,0.64657533,0.5603495,0.88044316,0.1352912,0.71052605,0.6627276,0.74434566,0.7062267,0.84013635,0.0546266,0.28732905,0.3960592,0.6512046,0.75760305,0.1849435,0.6596489,0.6315557,0.7629523,0.18187706,0.63927245,0.5882302,0.15791923,0.13696553,0.31662494,0.09833612,0.067144446,0.42113355,0.41720736
1,16,14,verbal,0.59501946,0.34478965,0.84041727,0.08477991,0.5860911,0.6947738,0.90546197,0.5262876,0.78103936,0.11934337,0.27928475,0.465426,0.8941469,0.60661614,0.4109949,0.3838056,0.48412147,0.7949977,0.13528217,0.61934054,0.29440117,0.051862415,0.29104298,0.4969144,0.25927502,0.48086163,0.72351,0.60225564
1,16,15,verbal,0.23223454,0.79859024,0.87062097,0.28598663,0.36366308,0.6792758,0.9100049,0.8024368,0.9185073,0.27730697,0.12416326,0.56175935,0.86220545,0.91101503,0.3938048,0.7206348,0.88046867,0.9378368,0.029608408,0.85113376,0.72004575,0.2618978,0.30981845,0.0307416,0.078808576,0.42045707,0.71906465,0.74721915
1,17,1,verbal,0.14760788,0.6684986,0.744468,0.5765792,0.21555203,0.3509163,0.5671698,0.7105462,0.9149597,0.6181201,0.42234638,0.45690492,0.6464055,0.8474119,0.7176733,0.22015385,0.70825744,0.76797837,0.2239199,0.9166615,0.8825752,0.5852215,0.6343229,0.4734172,0.37935913,0.60907197,0.71499354,0.45872298
1,17,2,verbal,0.29868558,0.2523857,0.8489324,0.04657448,0.4560996,0.7106699,0.84133726,0.20648474,0.926167,0.20863073,0.35914934,0.85840327,0.74117386,0.2715755,0.466938,0.14041969,0.04001146,0.6186917,0.41273782,0.6726116,0.45973048,0.05894306,0.30019397,0.52116144,0.18170926,0.43679282,0.5098132,0.4970723
1,17,3,verbal,0.22041956,0.42211133,0.8141671,0.34899312,0.50696796,0.6700406,0.80417734,0.6355325,0.943585,0.37361744,0.27268836,0.69233555,0.79990566,0.9163025,0.40896106,0.7397285,0.8212919,0.91569835,0.03899814,0.8611134,0.72793996,0.028528616,0.3865898,0.0002351653,0.21614508,0.33380356,0.6070988,0.7178429
1,17,4,verbal,0.6442329,0.3600856,0.97659004,0.73880774,0.8055564,0.8683088,0.8544204,0.72543925,0.9647115,0.50511855,0.46669605,0.7540402,0.7758853,0.9550701,0.6123231,0.89204997,0.9328924,0.9310761,0.013736746,0.70746773,0.8277531,0.17155112,0.22706972,0.19148797,0.0067111957,0.15386581,0.49175766,0.53510696
1,17,5,verbal,0.40535882,0.50792414,0.8785717,0.3833198,0.55143476,0.66632634,0.76823866,0.5140457,0.96089536,0.20716447,0.30998895,0.79060715,0.82580227,0.84943736,0.24244778,0.70650774,0.7604379,0.88674587,0.2570562,0.7705555,0.79021335,0.25502822,0.006144892,0.18311992,0.14972211,0.3252535,0.51705545,0.6078557
1,17,6,verbal,0.6316547,0.51786727,0.8871644,0.54413617,0.6085855,0.75837564,0.84310853,0.78524137,0.9073531,0.38620776,0.4021672,0.5042359,0.81027955,0.93496865,0.67069554,0.872796,0.8971576,0.95763785,0.09185103,0.73128426,0.8540595,0.38280606,0.2820308,0.19449277,0.045762207,0.15420088,0.6168426,0.7235466
1,17,7,verbal,0.43158022,0.43507046,0.9237391,0.48872823,0.6538009,0.6918869,0.839413,0.63578594,0.9706395,0.31748787,0.4821298,0.684036,0.8493056,0.79488164,0.13246986,0.7716467,0.7806778,0.8263709,0.106985174,0.70562744,0.67973155,0.19730558,0.06555575,0.18554914,0.14702208,0.184676,0.5367877,0.53324276
1,17,8,verbal,0.39860237,0.22465964,0.8567903,0.056514747,0.48243847,0.615798,0.89138514,0.37997377,0.673629,0.11773341,0.010180042,0.13210638,0.6717824,0.6314871,0.30307573,0.48748544,0.37908727,0.7374475,0.25132313,0.70196915,0.61557513,0.11706352,0.19911897,0.39983922,0.29420242,0.12041362,0.6354625,0.6733021
1,17,9,verbal,0.2792766,0.066557,0.7845807,0.08312709,0.022168702,0.5149643,0.63508606,0.19286369,0.90010095,0.08144034,0.30812928,0.34620222,0.4967352,0.7072839,0.17208973,0.49072585,0.53796446,0.8369129,0.20366208,0.86659294,0.8413224,0.39600363,0.38988346,0.05328876,0.11021614,0.39734215,0.38634416,0.45387396
1,17,10,verbal,0.2956638,0.3678729,0.90729344,0.5873277,0.4540931,0.7476666,0.871798,0.50546235,0.97950095,0.6853701,0.28871924,0.754627,0.81249774,0.81933,0.38170207,0.6477419,0.7483738,0.9125135,0.218206,0.7855742,0.68676245,0.172534,0.50644535,0.17898077,0.0399768,0.35788152,0.701015,0.6917781
1,17,11,verbal,0.5974957,0.20296732,0.9204404,0.4478592,0.8531179,0.8360115,0.9154707,0.61203367,0.96435,0.36843175,0.4926336,0.8489533,0.88741004,0.7960018,0.16658999,0.74439293,0.74995893,0.88601714,0.004592156,0.75145185,0.8599611,0.3014361,0.16117392,0.11317636,0.07842632,0.1459662,0.61020595,0.6862812
1,17,12,verbal,0.67106885,0.63393486,0.9532087,0.52291685,0.66954386,0.7708016,0.9099808,0.87641644,0.9545589,0.3700102,0.36369228,0.58884656,0.8460023,0.9446766,0.5245966,0.90531325,0.9188337,0.9572288,0.13504471,0.744508,0.8170736,0.38393945,0.20849004,0.18156703,0.20467113,0.1680673,0.5517813,0.55029905
1,17,13,verbal,0.4330384,0.13170916,0.945203,0.53423774,0.6946281,0.87930393,0.8990006,0.37573528,0.920107,0.52491516,0.38275105,0.712888,0.6756088,0.77298516,0.24086359,0.48661605,0.598572,0.8528526,0.08770892,0.90928984,0.89447045,0.45011804,0.47294268,0.19692491,0.18782885,0.46655393,0.58357775,0.56184155
1,17,14,verbal,0.62969327,0.39253342,0.94490093,0.5756058,0.56039023,0.83599985,0.90116554,0.81491685,0.95671314,0.29129335,0.15382318,0.78700364,0.8855508,0.9386245,0.41744193,0.71289295,0.9247075,0.97579813,0.024572538,0.86458105,0.6718238,0.15572289,0.4353957,0.06760835,0.07782876,0.6015588,0.65911937,0.69520134
1,17,15,verbal,0.21298033,0.8172123,0.8076638,0.48539257,0.3538392,0.56121236,0.74534225,0.87606025,0.97491854,0.5970745,0.53778857,0.6950473,0.8475701,0.9885994,0.7322181,0.9832209,0.9844841,0.9869271,0.06040238,0.70797926,0.8677349,0.40319642,0.22994655,0.2554002,0.069058515,0.13392292,0.5885804,0.7502121
1,18,1,verbal,0.62963915,0.45289305,0.97515446,0.72596836,0.72894496,0.87364894,0.92846256,0.56897515,0.9259543,0.4507393,0.3327087,0.807347,0.8636584,0.89419824,0.43572816,0.7494444,0.8474619,0.891343,0.009126503,0.641377,0.78100777,0.30239072,0.21657735,0.08120041,0.033951294,0.18036371,0.5849626,0.65819895
1,18,2,verbal,0.5426009,0.44650182,0.9449818,0.46294594,0.6406268,0.7903594,0.9436115,0.83927256,0.9591172,0.1557202,0.03682924,0.6104606,0.8512559,0.9331174,0.24630895,0.6867384,0.8891873,0.9273865,0.16796604,0.8899301,0.76509154,0.40613252,0.30490458,0.19669817,0.12462899,0.5522868,0.7806495,0.60373354
1,18,3,verbal,0.2731619,0.5033182,0.7891906,0.039810345,0.39453304,0.44871756,0.79557735,0.5277312,0.8743984,0.11212928,0.4199282,0.6293603,0.77929956,0.7227076,0.4001944,0.5041771,0.563688,0.8093291,0.14069334,0.47805864,0.42676294,0.25308144,0.39447838,0.4693794,0.09696833,0.13999724,0.393375,0.41829285
1,18,4,verbal,0.33356538,0.20750292,0.889995,0.1508158,0.46929535,0.6793338,0.8172268,0.28426287,0.9702019,0.22292031,0.51533043,0.7164572,0.9087831,0.55127454,0.104268834,0.26513425,0.304744,0.62694013,0.2702282,0.6533132,0.7465233,0.4674964,0.124048434,0.25942072,0.041426066,0.14692278,0.48670128,0.5029002
1,18,5,verbal,0.25617555,0.5593876,0.20504865,0.14915948,0.58984435,0.22100028,0.109074816,0.586786,0.42679352,0.0072249924,0.6334397,0.51246464,0.2693707,0.5271041,0.5520639,0.7480064,0.5517037,0.4536744,0.09956219,0.73489624,0.03756031,0.04526639,0.5283251,0.2347804,0.12330474,0.7980697,0.64722234,0.0009846429
1,18,6,verbal,0.46365413,0.5052493,0.81465715,0.7683461,0.33559817,0.71129745,0.64104295,0.64586204,0.8944177,0.7611044,0.006225038,0.6651172,0.62470883,0.79272807,0.683479,0.7082222,0.7504995,0.76968116,0.63387686,0.7706026,0.6673933,0.67844534,0.80990064,0.62631816,0.6631825,0.40524328,0.42157552,0.053900804
1,18,7,verbal,0.59315646,0.49502596,0.8186557,0.7613801,0.7569485,0.7772029,0.60570073,0.51132095,0.8249336,0.7567098,0.32380775,0.804415,0.41824156,0.6436669,0.5247703,0.66980004,0.6268924,0.6461003,0.55873543,0.65948504,0.45857388,0.551764,0.67149514,0.5092508,0.583345,0.34701544,0.14103194,0.15195033
1,18,8,verbal,0.64594996,0.44106856,0.8942673,0.850184,0.5812256,0.8915799,0.8009624,0.62995034,0.92740893,0.8269089,0.1545169,0.7157208,0.6078098,0.78620565,0.6919428,0.7526344,0.7647007,0.7949726,0.6258301,0.73204046,0.47841,0.5352293,0.7469339,0.5964541,0.60944176,0.43766576,0.37012947,0.05572618
1,18,9,verbal,0.46373037,0.5505588,0.8621184,0.6049166,0.46353132,0.76095253,0.6797037,0.71242565,0.8728566,0.55072844,0.16220914,0.5804916,0.572639,0.87114567,0.7471101,0.7733394,0.8371554,0.78769267,0.32654518,0.82170475,0.7005229,0.4025207,0.6243504,0.51219517,0.54984915,0.4026929,0.49028704,0.11759595
1,18,10,verbal,0.64833045,0.5855243,0.85719544,0.7079308,0.49337515,0.87746274,0.7813452,0.7225985,0.87509906,0.68011874,0.007045684,0.70256466,0.52263415,0.892167,0.783647,0.8087364,0.89456815,0.945373,0.59440935,0.9108703,0.60652274,0.6571526,0.7586401,0.571586,0.63882107,0.5666178,0.4142397,0.06974289
1,18,11,verbal,0.75955606,0.25825268,0.9596127,0.8804788,0.62054724,0.8774242,0.82761514,0.4210314,0.8984499,0.8460327,0.11439453,0.6389433,0.5760598,0.6258834,0.4218975,0.56826216,0.5888883,0.623458,0.7101124,0.87546283,0.4384128,0.76562667,0.80944663,0.5783174,0.71361,0.51522917,0.55318123,0.23575069
1,18,12,verbal,0.8320976,0.55572426,0.97274935,0.8978052,0.6799313,0.97070974,0.9085294,0.67791903,0.8929719,0.7737218,0.14398995,0.6188276,0.43631384,0.8913024,0.8645169,0.791526,0.86656547,0.9006999,0.6227849,0.75640744,0.7327434,0.66639656,0.7169678,0.6707444,0.70225376,0.37616932,0.33755854,0.05288628
1,18,13,verbal,0.4846902,0.42310554,0.83981526,0.8415063,0.4643965,0.6572234,0.7447215,0.5894975,0.6881667,0.72878397,0.09866304,0.37655842,0.48787114,0.6220498,0.5759147,0.5784382,0.6723265,0.5162558,0.73519963,0.70631075,0.574645,0.83086425,0.77212757,0.6648774,0.7722615,0.42435637,0.37522733,0.055943917
1,18,14,verbal,0.69517297,0.39622244,0.993088,0.85402226,0.75431144,0.9858782,0.94613856,0.5380591,0.99266654,0.85779274,0.30859095,0.743566,0.59047306,0.7513065,0.60499656,0.63276523,0.71918434,0.7884115,0.659415,0.8183592,0.5397105,0.71647966,0.7614737,0.560354,0.6673536,0.48946136,0.31313035,0.13038039
1,18,15,verbal,0.730791,0.5461463,0.97202736,0.9163861,0.79162616,0.9280692,0.91008186,0.7009824,0.94977957,0.8901081,0.27497506,0.7117316,0.64704216,0.8925315,0.8306694,0.8577424,0.8877203,0.90167534,0.7398517,0.6808978,0.7289731,0.77135694,0.71225774,0.74576145,0.7753475,0.34689173,0.25043264,0.1430665
1,19,1,verbal,0.8274163,0.43574336,0.9396615,0.8498644,0.7518517,0.9450032,0.90287304,0.6110017,0.8952099,0.8341861,0.2496349,0.637268,0.57027435,0.8163301,0.7069642,0.66224474,0.82087445,0.82456774,0.80219704,0.8591818,0.51570576,0.76124066,0.8345788,0.6393217,0.7592205,0.4341351,0.38829133,0.12033149
1,19,2,verbal,0.74720424,0.49276784,0.97786283,0.89509404,0.8336547,0.95759016,0.9653637,0.59406775,0.96311074,0.8737728,0.3768402,0.75336665,0.76202923,0.7553397,0.63386256,0.7010689,0.78901666,0.83454996,0.77603096,0.82486194,0.45765945,0.5919447,0.7997935,0.62507135,0.67197454,0.5341388,0.4653668,0.05256615
1,19,3,verbal,0.5563504,0.5749452,0.9140414,0.8336554,0.4183385,0.8241892,0.7236543,0.7270859,0.83481747,0.8288214,0.081636965,0.6099852,0.44805592,0.8852442,0.790656,0.748713,0.85599566,0.86909723,0.7051815,0.7894848,0.67893744,0.66132694,0.8697163,0.6921795,0.7098122,0.42070055,0.3771039,0.107517794
1,19,4,verbal,0.6408439,0.54241186,0.94013476,0.9240934,0.42904216,0.878372,0.85107106,0.6995825,0.93535733,0.940786,0.03390116,0.64060944,0.57487935,0.86794674,0.7872698,0.67872804,0.83724415,0.87673265,0.8248324,0.8348815,0.7029424,0.6299046,0.9079026,0.78246814,0.7428414,0.38941583,0.37069768,0.16465051
1,19,5,verbal,0.6901038,0.4475223,0.85413194,0.7883197,0.46683076,0.82328826,0.63581747,0.7016474,0.81579745,0.7555597,0.04240762,0.5908169,0.4101368,0.8798112,0.80666,0.77309346,0.87222326,0.8747956,0.69371617,0.81925434,0.5926105,0.8093767,0.7889892,0.6337997,0.7539848,0.4849796,0.41626105,0.083536826
1,19,6,verbal,0.8619626,0.7411445,0.99942064,0.9842846,0.7546793,0.98877776,0.95762694,0.89731133,0.9806159,0.9496143,0.2259423,0.7908581,0.7616342,0.9773434,0.9568384,0.91829115,0.9738024,0.96246684,0.8051408,0.9447151,0.86088485,0.8142988,0.9132158,0.8563726,0.8304352,0.48740146,0.6179231,0.1192914
1,19,7,verbal,0.8416231,0.65411323,0.99867845,0.98254424,0.74113816,0.9577787,0.9003625,0.89194083,0.98712426,0.9384715,0.288206,0.8075447,0.58091336,0.97596705,0.960277,0.9156998,0.9679125,0.97950745,0.76435333,0.8963125,0.8519256,0.7781849,0.8789624,0.8233253,0.79165727,0.4103075,0.36048475,0.066998534
1,19,8,verbal,0.79927593,0.5131698,0.9730191,0.9181516,0.5968763,0.8653797,0.8032209,0.71580493,0.9826733,0.906631,0.16062552,0.6386725,0.57015353,0.88128185,0.8309672,0.7817888,0.8955952,0.8661751,0.72574323,0.7691462,0.6291377,0.5355157,0.81953895,0.6936977,0.63181823,0.3923788,0.352196,0.05608957
1,19,9,verbal,0.67100364,0.7757671,0.97218704,0.94255525,0.5260856,0.92478913,0.91660476,0.88131213,0.95769185,0.882091,0.056013428,0.8026231,0.69508445,0.9546527,0.96251667,0.7790342,0.9398142,0.9393568,0.78446263,0.84434974,0.8682753,0.8511035,0.85578597,0.8383728,0.84873265,0.4677338,0.48063228,0.08923185
1,19,10,verbal,0.73041713,0.6818301,0.9383484,0.9046484,0.67772603,0.84271455,0.7254718,0.8713374,0.93573135,0.8937247,0.12326909,0.5876385,0.43416715,0.96467435,0.92208856,0.8952267,0.95414513,0.89068127,0.6992615,0.83569676,0.8155568,0.67793345,0.8339592,0.757147,0.7658411,0.4692317,0.29189828,0.01262856
1,19,11,verbal,0.800649,0.58109945,0.9672806,0.89563346,0.7443099,0.9157958,0.9128987,0.723135,0.95142066,0.8570487,0.14915441,0.6797307,0.5863805,0.8745279,0.8017342,0.8111584,0.85826826,0.8907386,0.7022268,0.82338864,0.6605987,0.74036247,0.80500823,0.66369295,0.73052007,0.48322642,0.33968076,0.016875323
1,19,12,verbal,0.6647538,0.4689742,0.9287883,0.9166311,0.60720545,0.7372615,0.77435845,0.6460193,0.96793604,0.87816095,0.18995646,0.6087215,0.6716622,0.81233406,0.7366437,0.79094875,0.8514648,0.8147781,0.71183676,0.7750852,0.660134,0.76536757,0.75927997,0.6766089,0.74460685,0.3660803,0.4722549,0.08489446
1,19,13,verbal,0.7575062,0.46375543,0.95810646,0.9474817,0.63908315,0.8096856,0.834642,0.74128884,0.97594506,0.9417651,0.17763333,0.6389377,0.69532466,0.9606182,0.91629773,0.931369,0.9792892,0.94862145,0.7607665,0.80392617,0.7769624,0.79668903,0.76250523,0.76628757,0.8080846,0.43295822,0.43675518,0.07916087
1,19,14,verbal,0.46845108,0.5543939,0.17074676,0.06980377,0.8367156,0.33312333,0.106525,0.6119143,0.32699654,0.5666695,0.8639691,0.33451068,0.3932421,0.42625082,0.45046228,0.7285862,0.52338713,0.38450396,0.67010814,0.97340405,0.25307268,0.06795025,0.9694442,0.57169557,0.44621596,0.910077,0.894959,0.28012773
1,19,15,verbal,0.75903344,0.46547043,0.96066135,0.94653076,0.6803731,0.85821754,0.8585053,0.66674536,0.99109,0.9386749,0.23143858,0.6479052,0.59239537,0.8413411,0.8003681,0.74246144,0.8009368,0.8286133,0.755799,0.79938173,0.8404289,0.76058495,0.80485797,0.80071163,0.78398466,0.37735397,0.4006383,0.054601785
1,20,1,verbal,0.6395242,0.64983106,0.9401273,0.95130134,0.57749724,0.79661226,0.77010024,0.83613485,0.95489925,0.936381,0.16960022,0.59677964,0.4080452,0.97578627,0.9582803,0.9461098,0.9520046,0.9625028,0.80799073,0.8393185,0.8331602,0.6571354,0.8482477,0.84019667,0.77089185,0.35004646,0.3124905,0.10357996
1,20,2,verbal,0.63333267,0.65273845,0.9531619,0.89916736,0.64595735,0.8969122,0.9024874,0.8477223,0.89472735,0.8278771,0.3216666,0.63510877,0.63116515,0.91429365,0.8443308,0.78259784,0.917062,0.9223294,0.7156389,0.9414749,0.7147199,0.6995129,0.8984609,0.7161265,0.71155643,0.5124177,0.39338663,0.09534091
1,20,3,verbal,0.63946164,0.58132994,0.88848037,0.859409,0.4517554,0.8575903,0.77687234,0.75483376,0.8543393,0.8604023,0.039623458,0.6362378,0.5477232,0.8893404,0.8353012,0.8112367,0.89339125,0.8545755,0.7420085,0.74865854,0.60915244,0.64059895,0.77374804,0.6851045,0.75154567,0.3642352,0.40049955,0.10133265
1,20,4,verbal,0.4072808,0.4673822,0.69576,0.70262724,0.33795053,0.65057606,0.44029343,0.3837745,0.7552555,0.8301105,0.03592389,0.4163015,0.29632446,0.50650024,0.3704193,0.40901616,0.53565323,0.49967435,0.71000934,0.5601592,0.60716957,0.5305789,0.7592839,0.67337716,0.61404115,0.22944123,0.15505171,0.039439205
1,20,5,verbal,0.26020613,0.31247902,0.89078724,0.7861532,0.22460829,0.64541495,0.6236241,0.5898074,0.8301218,0.8294711,0.19669506,0.4909855,0.43750042,0.65701103,0.59797287,0.62991625,0.6635078,0.69155073,0.62930137,0.7679517,0.64264524,0.76788664,0.86071926,0.65057224,0.74988586,0.44637248,0.36120427,0.068383835
1,20,6,verbal,0.70862085,0.43424028,0.87344325,0.8150013,0.7710943,0.8330478,0.5510467,0.58270395,0.7239904,0.7552006,0.2690433,0.536787,0.26190415,0.85797364,0.80645764,0.74346364,0.81328833,0.7807173,0.7538567,0.5522877,0.52928185,0.46965033,0.643468,0.64841056,0.72215766,0.28418726,0.18955548,0.047904383
1,20,7,verbal,0.66652185,0.42925605,0.9344149,0.90999305,0.40081206,0.85041684,0.8715462,0.5775389,0.869941,0.9189905,0.08533361,0.58410233,0.5601562,0.7690385,0.70662814,0.6610526,0.7246778,0.7457908,0.66434383,0.75942904,0.63951355,0.6504275,0.8373226,0.71198654,0.7709072,0.46305478,0.37809113,0.12530033
1,20,8,verbal,0.7217459,0.5054408,0.8715578,0.85118157,0.62862,0.81152713,0.67637116,0.61976653,0.7851849,0.85284364,0.16096477,0.5474985,0.32258666,0.7980615,0.68996334,0.672793,0.7593442,0.8225379,0.83922946,0.71283877,0.47871035,0.7276938,0.89551914,0.6991486,0.82090354,0.41285026,0.15135467,0.17416693
1,20,9,verbal,0.5910152,0.56955117,0.90828,0.7715363,0.62321204,0.93489003,0.8801557,0.67646307,0.66723496,0.62456775,0.0405737,0.5951955,0.48915312,0.8311261,0.6760786,0.7493172,0.84472036,0.8238102,0.70054847,0.8239246,0.4865388,0.6481961,0.7876027,0.57498795,0.65731406,0.489712,0.4754806,0.14960271
1,20,10,verbal,0.7635802,0.61100715,0.8865022,0.7580042,0.7717438,0.87750894,0.87415975,0.7226728,0.8698474,0.740804,0.24638364,0.68192536,0.63159305,0.8312599,0.7093965,0.76773477,0.8648212,0.85193354,0.71593726,0.777724,0.45381293,0.6432988,0.726668,0.56470376,0.6899607,0.44988838,0.40684336,0.09907101
1,20,11,verbal,0.56650585,0.4965173,0.88096154,0.8457515,0.47112307,0.8857841,0.80181676,0.6450851,0.9033196,0.87408847,0.07247182,0.63753414,0.59785676,0.7834323,0.670645,0.7399648,0.79022676,0.7830019,0.8462265,0.7341138,0.48579141,0.7155534,0.8204866,0.64149565,0.79179966,0.42559513,0.37815273,0.03226722
1,20,12,verbal,0.80822664,0.45761904,0.9698087,0.8366152,0.61702555,0.9357094,0.83241045,0.64370865,0.8988715,0.7419925,0.14112225,0.72515726,0.43806514,0.87050617,0.75692904,0.844889,0.7829349,0.8325284,0.65244645,0.7985881,0.64242685,0.69017965,0.72606534,0.63380015,0.7209219,0.36741033,0.39842844,0.1135716
1,20,13,verbal,0.7395705,0.627954,0.97139895,0.879459,0.81970084,0.92569464,0.7643904,0.8515714,0.9195635,0.79054123,0.24673398,0.79244125,0.49739572,0.94608516,0.8546987,0.8788596,0.9530738,0.8896901,0.6936898,0.8347626,0.6338825,0.5885533,0.77282697,0.6501833,0.74119264,0.43598711,0.28498954,0.0033247974
1,20,14,verbal,0.7322144,0.45457658,0.9967575,0.9103946,0.78190297,0.8765612,0.56031424,0.7006009,0.97118545,0.8182784,0.41840106,0.684069,0.36097318,0.862333,0.72416043,0.7457312,0.85007733,0.7834329,0.6626082,0.7965227,0.46616033,0.19593255,0.7407206,0.553447,0.35000676,0.47249246,0.18462925,0.073490836
1,20,15,verbal,0.7162916,0.6141639,0.9693893,0.8848751,0.72049606,0.9073069,0.4744906,0.80895483,0.9767451,0.82345605,0.33993414,0.7963943,0.19633771,0.9074793,0.8035874,0.8680612,0.9093651,0.78150666,0.6651075,0.732131,0.6869393,0.4946337,0.6693385,0.64452726,0.6719399,0.30203822,0.12136801,0.05687726
2,21,1,verbal,0.6997742,0.5465264,0.76884216,0.6615649,0.63904786,0.62873083,0.5779696,0.72149926,0.75442255,0.05738765,0.3465976,0.7019267,0.20570485,0.78000754,0.71590334,0.707993,0.5260608,0.59789014,0.7579265,0.7525665,0.7685218,0.6952785,0.4392024,0.66494316,0.19415382,0.6436424,0.2541236,0.57738113
2,21,2,verbal,0.6997742,0.5465264,0.76884216,0.6615649,0.63904786,0.62873083,0.5779696,0.72149926,0.75442255,0.05738765,0.3465976,0.7019267,0.20570485,0.78000754,0.71590334,0.707993,0.5260608,0.59789014,0.7579265,0.7525665,0.7685218,0.6952785,0.4392024,0.66494316,0.19415382,0.6436424,0.2541236,0.57738113
2,21,3,verbal,0.6997742,0.5465264,0.76884216,0.6615649,0.63904786,0.62873083,0.5779696,0.72149926,0.75442255,0.05738765,0.3465976,0.7019267,0.20570485,0.78000754,0.71590334,0.707993,0.5260608,0.59789014,0.7579265,0.7525665,0.7685218,0.6952785,0.4392024,0.66494316,0.19415382,0.6436424,0.2541236,0.57738113
2,21,4,verbal,0.6997742,0.5465264,0.76884216,0.6615649,0.63904786,0.62873083,0.5779696,0.72149926,0.75442255,0.05738765,0.3465976,0.7019267,0.20570485,0.78000754,0.71590334,0.707993,0.5260608,0.59789014,0.7579265,0.7525665,0.7685218,0.6952785,0.4392024,0.66494316,0.19415382,0.6436424,0.2541236,0.57738113
2,21,5,verbal,0.6997742,0.5465264,0.76884216,0.6615649,0.63904786,0.62873083,0.5779696,0.72149926,0.75442255,0.05738765,0.3465976,0.7019267,0.20570485,0.78000754,0.71590334,0.707993,0.5260608,0.59789014,0.7579265,0.7525665,0.7685218,0.6952785,0.4392024,0.66494316,0.19415382,0.6436424,0.2541236,0.57738113
2,21,6,verbal,0.6997742,0.5465264,0.76884216,0.6615649,0.63904786,0.62873083,0.5779696,0.72149926,0.75442255,0.05738765,0.3465976,0.7019267,0.20570485,0.78000754,0.71590334,0.707993,0.5260608,0.59789014,0.7579265,0.7525665,0.7685218,0.6952785,0.4392024,0.66494316,0.19415382,0.6436424,0.2541236,0.57738113
2,21,7,verbal,0.6997742,0.5465264,0.76884216,0.6615649,0.63904786,0.62873083,0.5779696,0.72149926,0.75442255,0.05738765,0.3465976,0.7019267,0.20570485,0.78000754,0.71590334,0.707993,0.5260608,0.59789014,0.7579265,0.7525665,0.7685218,0.6952785,0.4392024,0.66494316,0.19415382,0.6436424,0.2541236,0.57738113
2,21,8,verbal,0.6997742,0.5465264,0.76884216,0.6615649,0.63904786,0.62873083,0.5779696,0.72149926,0.75442255,0.05738765,0.3465976,0.7019267,0.20570485,0.78000754,0.71590334,0.707993,0.5260608,0.59789014,0.7579265,0.7525665,0.7685218,0.6952785,0.4392024,0.66494316,0.19415382,0.6436424,0.2541236,0.57738113
2,21,9,verbal,0.6997742,0.5465264,0.76884216,0.6615649,0.63904786,0.62873083,0.5779696,0.72149926,0.75442255,0.05738765,0.3465976,0.7019267,0.20570485,0.78000754,0.71590334,0.707993,0.5260608,0.59789014,0.7579265,0.7525665,0.7685218,0.6952785,0.4392024,0.66494316,0.19415382,0.6436424,0.2541236,0.57738113
2,21,10,verbal,0.6997742,0.5465264,0.76884216,0.6615649,0.63904786,0.62873083,0.5779696,0.72149926,0.75442255,0.05738765,0.3465976,0.7019267,0.20570485,0.78000754,0.71590334,0.707993,0.5260608,0.59789014,0.7579265,0.7525665,0.7685218,0.6952785,0.4392024,0.66494316,0.19415382,0.6436424,0.2541236,0.57738113
2,21,11,verbal,0.6997742,0.5465264,0.76884216,0.6615649,0.63904786,0.62873083,0.5779696,0.72149926,0.75442255,0.05738765,0.3465976,0.7019267,0.20570485,0.78000754,0.71590334,0.707993,0.5260608,0.59789014,0.7579265,0.7525665,0.7685218,0.6952785,0.4392024,0.66494316,0.19415382,0.6436424,0.2541236,0.57738113
2,21,12,verbal,0.6997742,0.5465264,0.76884216,0.6615649,0.63904786,0.62873083,0.5779696,0.72149926,0.75442255,0.05738765,0.3465976,0.7019267,0.20570485,0.78000754,0.71590334,0.707993,0.5260608,0.59789014,0.7579265,0.7525665,0.7685218,0.6952785,0.4392024,0.66494316,0.19415382,0.6436424,0.2541236,0.57738113
2,21,13,verbal,0.6997742,0.5465264,0.76884216,0.6615649,0.63904786,0.62873083,0.5779696,0.72149926,0.75442255,0.05738765,0.3465976,0.7019267,0.20570485,0.78000754,0.71590334,0.707993,0.5260608,0.59789014,0.7579265,0.7525665,0.7685218,0.6952785,0.4392024,0.66494316,0.19415382,0.6436424,0.2541236,0.57738113
2,21,14,verbal,0.6997742,0.5465264,0.76884216,0.6615649,0.63904786,0.62873083,0.5779696,0.72149926,0.75442255,0.05738765,0.3465976,0.7019267,0.20570485,0.78000754,0.71590334,0.707993,0.5260608,0.59789014,0.7579265,0.7525665,0.7685218,0.6952785,0.4392024,0.66494316,0.19415382,0.6436424,0.2541236,0.57738113
2,21,15,verbal,0.6997742,0.5465264,0.76884216,0.6615649,0.63904786,0.62873083,0.5779696,0.72149926,0.75442255,0.05738765,0.3465976,0.7019267,0.20570485,0.78000754,0.71590334,0.707993,0.5260608,0.59789014,0.7579265,0.7525665,0.7685218,0.6952785,0.4392024,0.66494316,0.19415382,0.6436424,0.2541236,0.57738113
2,22,1,verbal,0.6997742,0.5465264,0.76884216,0.6615649,0.63904786,0.62873083,0.5779696,0.72149926,0.75442255,0.05738765,0.3465976,0.7019267,0.20570485,0.78000754,0.71590334,0.707993,0.5260608,0.59789014,0.7579265,0.7525665,0.7685218,0.6952785,0.4392024,0.66494316,0.19415382,0.6436424,0.2541236,0.57738113
2,22,2,verbal,0.6997742,0.5465264,0.76884216,0.6615649,0.63904786,0.62873083,0.5779696,0.72149926,0.75442255,0.05738765,0.3465976,0.7019267,0.20570485,0.78000754,0.71590334,0.707993,0.5260608,0.59789014,0.7579265,0.7525665,0.7685218,0.6952785,0.4392024,0.66494316,0.19415382,0.6436424,0.2541236,0.57738113
2,22,3,verbal,0.6997742,0.5465264,0.76884216,0.6615649,0.63904786,0.62873083,0.5779696,0.72149926,0.75442255,0.05738765,0.3465976,0.7019267,0.20570485,0.78000754,0.71590334,0.707993,0.5260608,0.59789014,0.7579265,0.7525665,0.7685218,0.6952785,0.4392024,0.66494316,0.19415382,0.6436424,0.2541236,0.57738113
2,22,4,verbal,0.6997742,0.5465264,0.76884216,0.6615649,0.63904786,0.62873083,0.5779696,0.72149926,0.75442255,0.05738765,0.3465976,0.7019267,0.20570485,0.78000754,0.71590334,0.707993,0.5260608,0.59789014,0.7579265,0.7525665,0.7685218,0.6952785,0.4392024,0.66494316,0.19415382,0.6436424,0.2541236,0.57738113
2,22,5,verbal,0.6997742,0.5465264,0.76884216,0.6615649,0.63904786,0.62873083,0.5779696,0.72149926,0.75442255,0.05738765,0.3465976,0.7019267,0.20570485,0.78000754,0.71590334,0.707993,0.5260608,0.59789014,0.7579265,0.7525665,0.7685218,0.6952785,0.4392024,0.66494316,0.19415382,0.6436424,0.2541236,0.57738113
2,22,6,verbal,0.6997742,0.5465264,0.76884216,0.6615649,0.63904786,0.62873083,0.5779696,0.72149926,0.75442255,0.05738765,0.3465976,0.7019267,0.20570485,0.78000754,0.71590334,0.707993,0.5260608,0.59789014,0.7579265,0.7525665,0.7685218,0.6952785,0.4392024,0.66494316,0.19415382,0.6436424,0.2541236,0.57738113
2,22,7,verbal,0.6997742,0.5465264,0.76884216,0.6615649,0.63904786,0.62873083,0.5779696,0.72149926,0.75442255,0.05738765,0.3465976,0.7019267,0.20570485,0.78000754,0.71590334,0.707993,0.5260608,0.59789014,0.7579265,0.7525665,0.7685218,0.6952785,0.4392024,0.66494316,0.19415382,0.6436424,0.2541236,0.57738113
2,22,8,verbal,0.6997742,0.5465264,0.76884216,0.6615649,0.63904786,0.62873083,0.5779696,0.72149926,0.75442255,0.05738765,0.3465976,0.7019267,0.20570485,0.78000754,0.71590334,0.707993,0.5260608,0.59789014,0.7579265,0.7525665,0.7685218,0.6952785,0.4392024,0.66494316,0.19415382,0.6436424,0.2541236,0.57738113
2,22,9,verbal,0.6997742,0.5465264,0.76884216,0.6615649,0.63904786,0.62873083,0.5779696,0.72149926,0.75442255,0.05738765,0.3465976,0.7019267,0.20570485,0.78000754,0.71590334,0.707993,0.5260608,0.59789014,0.7579265,0.7525665,0.7685218,0.6952785,0.4392024,0.66494316,0.19415382,0.6436424,0.2541236,0.57738113
2,22,10,verbal,0.6997742,0.5465264,0.76884216,0.6615649,0.63904786,0.62873083,0.5779696,0.72149926,0.75442255,0.05738765,0.3465976,0.7019267,0.20570485,0.78000754,0.71590334,0.707993,0.5260608,0.59789014,0.7579265,0.7525665,0.7685218,0.6952785,0.4392024,0.66494316,0.19415382,0.6436424,0.2541236,0.57738113
2,22,11,verbal,0.6997742,0.5465264,0.76884216,0.6615649,0.63904786,0.62873083,0.5779696,0.72149926,0.75442255,0.05738765,0.3465976,0.7019267,0.20570485,0.78000754,0.71590334,0.707993,0.5260608,0.59789014,0.7579265,0.7525665,0.7685218,0.6952785,0.4392024,0.66494316,0.19415382,0.6436424,0.2541236,0.57738113
2,22,12,verbal,0.6997742,0.5465264,0.76884216,0.6615649,0.63904786,0.62873083,0.5779696,0.72149926,0.75442255,0.05738765,0.3465976,0.7019267,0.20570485,0.78000754,0.71590334,0.707993,0.5260608,0.59789014,0.7579265,0.7525665,0.7685218,0.6952785,0.4392024,0.66494316,0.19415382,0.6436424,0.2541236,0.57738113
2,22,13,verbal,0.6997742,0.5465264,0.76884216,0.6615649,0.63904786,0.62873083,0.5779696,0.72149926,0.75442255,0.05738765,0.3465976,0.7019267,0.20570485,0.78000754,0.71590334,0.707993,0.5260608,0.59789014,0.7579265,0.7525665,0.7685218,0.6952785,0.4392024,0.66494316,0.19415382,0.6436424,0.2541236,0.57738113
2,22,14,verbal,0.6997742,0.5465264,0.76884216,0.6615649,0.63904786,0.62873083,0.5779696,0.72149926,0.75442255,0.05738765,0.3465976,0.7019267,0.20570485,0.78000754,0.71590334,0.707993,0.5260608,0.59789014,0.7579265,0.7525665,0.7685218,0.6952785,0.4392024,0.66494316,0.19415382,0.6436424,0.2541236,0.57738113
2,22,15,verbal,0.6997742,0.5465264,0.76884216,0.6615649,0.63904786,0.62873083,0.5779696,0.72149926,0.75442255,0.05738765,0.3465976,0.7019267,0.20570485,0.78000754,0.71590334,0.707993,0.5260608,0.59789014,0.7579265,0.7525665,0.7685218,0.6952785,0.4392024,0.66494316,0.19415382,0.6436424,0.2541236,0.57738113
2,23,1,verbal,0.6997742,0.5465264,0.76884216,0.6615649,0.63904786,0.62873083,0.5779696,0.72149926,0.75442255,0.05738765,0.3465976,0.7019267,0.20570485,0.78000754,0.71590334,0.707993,0.5260608,0.59789014,0.7579265,0.7525665,0.7685218,0.6952785,0.4392024,0.66494316,0.19415382,0.6436424,0.2541236,0.57738113
2,23,2,verbal,0.6997742,0.5465264,0.76884216,0.6615649,0.63904786,0.62873083,0.5779696,0.72149926,0.75442255,0.05738765,0.3465976,0.7019267,0.20570485,0.78000754,0.71590334,0.707993,0.5260608,0.59789014,0.7579265,0.7525665,0.7685218,0.6952785,0.4392024,0.66494316,0.19415382,0.6436424,0.2541236,0.57738113
2,23,3,verbal,0.6997742,0.5465264,0.76884216,0.6615649,0.63904786,0.62873083,0.5779696,0.72149926,0.75442255,0.05738765,0.3465976,0.7019267,0.20570485,0.78000754,0.71590334,0.707993,0.5260608,0.59789014,0.7579265,0.7525665,0.7685218,0.6952785,0.4392024,0.66494316,0.19415382,0.6436424,0.2541236,0.57738113
2,23,4,verbal,0.6997742,0.5465264,0.76884216,0.6615649,0.63904786,0.62873083,0.5779696,0.72149926,0.75442255,0.05738765,0.3465976,0.7019267,0.20570485,0.78000754,0.71590334,0.707993,0.5260608,0.59789014,0.7579265,0.7525665,0.7685218,0.6952785,0.4392024,0.66494316,0.19415382,0.6436424,0.2541236,0.57738113
2,23,5,verbal,0.6997742,0.5465264,0.76884216,0.6615649,0.63904786,0.62873083,0.5779696,0.72149926,0.75442255,0.05738765,0.3465976,0.7019267,0.20570485,0.78000754,0.71590334,0.707993,0.5260608,0.59789014,0.7579265,0.7525665,0.7685218,0.6952785,0.4392024,0.66494316,0.19415382,0.6436424,0.2541236,0.57738113
2,23,6,verbal,0.6997742,0.5465264,0.76884216,0.6615649,0.63904786,0.62873083,0.5779696,0.72149926,0.75442255,0.05738765,0.3465976,0.7019267,0.20570485,0.78000754,0.71590334,0.707993,0.5260608,0.59789014,0.7579265,0.7525665,0.7685218,0.6952785,0.4392024,0.66494316,0.19415382,0.6436424,0.2541236,0.57738113
2,23,7,verbal,0.6997742,0.5465264,0.76884216,0.6615649,0.63904786,0.62873083,0.5779696,0.72149926,0.75442255,0.05738765,0.3465976,0.7019267,0.20570485,0.78000754,0.71590334,0.707993,0.5260608,0.59789014,0.7579265,0.7525665,0.7685218,0.6952785,0.4392024,0.66494316,0.19415382,0.6436424,0.2541236,0.57738113
2,23,8,verbal,0.6997742,0.5465264,0.76884216,0.6615649,0.63904786,0.62873083,0.5779696,0.72149926,0.75442255,0.05738765,0.3465976,0.7019267,0.20570485,0.78000754,0.71590334,0.707993,0.5260608,0.59789014,0.7579265,0.7525665,0.7685218,0.6952785,0.4392024,0.66494316,0.19415382,0.6436424,0.2541236,0.57738113
2,23,9,verbal,0.6997742,0.5465264,0.76884216,0.6615649,0.63904786,0.62873083,0.5779696,0.72149926,0.75442255,0.05738765,0.3465976,0.7019267,0.20570485,0.78000754,0.71590334,0.707993,0.5260608,0.59789014,0.7579265,0.7525665,0.7685218,0.6952785,0.4392024,0.66494316,0.19415382,0.6436424,0.2541236,0.57738113
2,23,10,verbal,0.6997742,0.5465264,0.76884216,0.6615649,0.63904786,0.62873083,0.5779696,0.72149926,0.75442255,0.05738765,0.3465976,0.7019267,0.20570485,0.78000754,0.71590334,0.707993,0.5260608,0.59789014,0.7579265,0.7525665,0.7685218,0.6952785,0.4392024,0.66494316,0.19415382,0.6436424,0.2541236,0.57738113
2,23,11,verbal,0.6997742,0.5465264,0.76884216,0.6615649,0.63904786,0.62873083,0.5779696,0.72149926,0.75442255,0.05738765,0.3465976,0.7019267,0.20570485,0.78000754,0.71590334,0.707993,0.5260608,0.59789014,0.7579265,0.7525665,0.7685218,0.6952785,0.4392024,0.66494316,0.19415382,0.6436424,0.2541236,0.57738113
2,23,12,verbal,0.6997742,0.5465264,0.76884216,0.6615649,0.63904786,0.62873083,0.5779696,0.72149926,0.75442255,0.05738765,0.3465976,0.7019267,0.20570485,0.78000754,0.71590334,0.707993,0.5260608,0.59789014,0.7579265,0.7525665,0.7685218,0.6952785,0.4392024,0.66494316,0.19415382,0.6436424,0.2541236,0.57738113
2,23,13,verbal,0.6997742,0.5465264,0.76884216,0.6615649,0.63904786,0.62873083,0.5779696,0.72149926,0.75442255,0.05738765,0.3465976,0.7019267,0.20570485,0.78000754,0.71590334,0.707993,0.5260608,0.59789014,0.7579265,0.7525665,0.7685218,0.6952785,0.4392024,0.66494316,0.19415382,0.6436424,0.2541236,0.57738113
2,23,14,verbal,0.6997742,0.5465264,0.76884216,0.6615649,0.63904786,0.62873083,0.5779696,0.72149926,0.75442255,0.05738765,0.3465976,0.7019267,0.20570485,0.78000754,0.71590334,0.707993,0.5260608,0.59789014,0.7579265,0.7525665,0.7685218,0.6952785,0.4392024,0.66494316,0.19415382,0.6436424,0.2541236,0.57738113
2,23,15,verbal,0.6997742,0.5465264,0.76884216,0.6615649,0.63904786,0.62873083,0.5779696,0.72149926,0.75442255,0.05738765,0.3465976,0.7019267,0.20570485,0.78000754,0.71590334,0.707993,0.5260608,0.59789014,0.7579265,0.7525665,0.7685218,0.6952785,0.4392024,0.66494316,0.19415382,0.6436424,0.2541236,0.57738113
2,24,1,verbal,0.6997742,0.5465264,0.76884216,0.6615649,0.63904786,0.62873083,0.5779696,0.72149926,0.75442255,0.05738765,0.3465976,0.7019267,0.20570485,0.78000754,0.71590334,0.707993,0.5260608,0.59789014,0.7579265,0.7525665,0.7685218,0.6952785,0.4392024,0.66494316,0.19415382,0.6436424,0.2541236,0.57738113
2,24,2,verbal,0.6997742,0.5465264,0.76884216,0.6615649,0.63904786,0.62873083,0.5779696,0.72149926,0.75442255,0.05738765,0.3465976,0.7019267,0.20570485,0.78000754,0.71590334,0.707993,0.5260608,0.59789014,0.7579265,0.7525665,0.7685218,0.6952785,0.4392024,0.66494316,0.19415382,0.6436424,0.2541236,0.57738113
2,24,3,verbal,0.6997742,0.5465264,0.76884216,0.6615649,0.63904786,0.62873083,0.5779696,0.72149926,0.75442255,0.05738765,0.3465976,0.7019267,0.20570485,0.78000754,0.71590334,0.707993,0.5260608,0.59789014,0.7579265,0.7525665,0.7685218,0.6952785,0.4392024,0.66494316,0.19415382,0.6436424,0.2541236,0.57738113
2,24,4,verbal,0.6997742,0.5465264,0.76884216,0.6615649,0.63904786,0.62873083,0.5779696,0.72149926,0.75442255,0.05738765,0.3465976,0.7019267,0.20570485,0.78000754,0.71590334,0.707993,0.5260608,0.59789014,0.7579265,0.7525665,0.7685218,0.6952785,0.4392024,0.66494316,0.19415382,0.6436424,0.2541236,0.57738113
2,24,5,verbal,0.6997742,0.5465264,0.76884216,0.6615649,0.63904786,0.62873083,0.5779696,0.72149926,0.75442255,0.05738765,0.3465976,0.7019267,0.20570485,0.78000754,0.71590334,0.707993,0.5260608,0.59789014,0.7579265,0.7525665,0.7685218,0.6952785,0.4392024,0.66494316,0.19415382,0.6436424,0.2541236,0.57738113
2,24,6,verbal,0.6997742,0.5465264,0.76884216,0.6615649,0.63904786,0.62873083,0.5779696,0.72149926,0.75442255,0.05738765,0.3465976,0.7019267,0.20570485,0.78000754,0.71590334,0.707993,0.5260608,0.59789014,0.7579265,0.7525665,0.7685218,0.6952785,0.4392024,0.66494316,0.19415382,0.6436424,0.2541236,0.57738113
2,24,7,verbal,0.6997742,0.5465264,0.76884216,0.6615649,0.63904786,0.62873083,0.5779696,0.72149926,0.75442255,0.05738765,0.3465976,0.7019267,0.20570485,0.78000754,0.71590334,0.707993,0.5260608,0.59789014,0.7579265,0.7525665,0.7685218,0.6952785,0.4392024,0.66494316,0.19415382,0.6436424,0.2541236,0.57738113
2,24,8,verbal,0.6997742,0.5465264,0.76884216,0.6615649,0.63904786,0.62873083,0.5779696,0.72149926,0.75442255,0.05738765,0.3465976,0.7019267,0.20570485,0.78000754,0.71590334,0.707993,0.5260608,0.59789014,0.7579265,0.7525665,0.7685218,0.6952785,0.4392024,0.66494316,0.19415382,0.6436424,0.2541236,0.57738113
2,24,9,verbal,0.6997742,0.5465264,0.76884216,0.6615649,0.63904786,0.62873083,0.5779696,0.72149926,0.75442255,0.05738765,0.3465976,0.7019267,0.20570485,0.78000754,0.71590334,0.707993,0.5260608,0.59789014,0.7579265,0.7525665,0.7685218,0.6952785,0.4392024,0.66494316,0.19415382,0.6436424,0.2541236,0.57738113
2,24,10,verbal,0.6997742,0.5465264,0.76884216,0.6615649,0.63904786,0.62873083,0.5779696,0.72149926,0.75442255,0.05738765,0.3465976,0.7019267,0.20570485,0.78000754,0.71590334,0.707993,0.5260608,0.59789014,0.7579265,0.7525665,0.7685218,0.6952785,0.4392024,0.66494316,0.19415382,0.6436424,0.2541236,0.57738113
2,24,11,verbal,0.6997742,0.5465264,0.76884216,0.6615649,0.63904786,0.62873083,0.5779696,0.72149926,0.75442255,0.05738765,0.3465976,0.7019267,0.20570485,0.78000754,0.71590334,0.707993,0.5260608,0.59789014,0.7579265,0.7525665,0.7685218,0.6952785,0.4392024,0.66494316,0.19415382,0.6436424,0.2541236,0.57738113
2,24,12,verbal,0.6997742,0.5465264,0.76884216,0.6615649,0.63904786,0.62873083,0.5779696,0.72149926,0.75442255,0.05738765,0.3465976,0.7019267,0.20570485,0.78000754,0.71590334,0.707993,0.5260608,0.59789014,0.7579265,0.7525665,0.7685218,0.6952785,0.4392024,0.66494316,0.19415382,0.6436424,0.2541236,0.57738113
2,24,13,verbal,0.6997742,0.5465264,0.76884216,0.6615649,0.63904786,0.62873083,0.5779696,0.72149926,0.75442255,0.05738765,0.3465976,0.7019267,0.20570485,0.78000754,0.71590334,0.707993,0.5260608,0.59789014,0.7579265,0.7525665,0.7685218,0.6952785,0.4392024,0.66494316,0.19415382,0.6436424,0.2541236,0.57738113
2,24,14,verbal,0.6997742,0.5465264,0.76884216,0.6615649,0.63904786,0.62873083,0.5779696,0.72149926,0.75442255,0.05738765,0.3465976,0.7019267,0.20570485,0.78000754,0.71590334,0.707993,0.5260608,0.59789014,0.7579265,0.7525665,0.7685218,0.6952785,0.4392024,0.66494316,0.19415382,0.6436424,0.2541236,0.57738113
2,24,15,verbal,0.6997742,0.5465264,0.76884216,0.6615649,0.63904786,0.62873083,0.5779696,0.72149926,0.75442255,0.05738765,0.3465976,0.7019267,0.20570485,0.78000754,0.71590334,0.707993,0.5260608,0.59789014,0.7579265,0.7525665,0.7685218,0.6952785,0.4392024,0.66494316,0.19415382,0.6436424,0.2541236,0.57738113
2,25,1,verbal,0.6997742,0.5465264,0.76884216,0.6615649,0.63904786,0.62873083,0.5779696,0.72149926,0.75442255,0.05738765,0.3465976,0.7019267,0.20570485,0.78000754,0.71590334,0.707993,0.5260608,0.59789014,0.7579265,0.7525665,0.7685218,0.6952785,0.4392024,0.66494316,0.19415382,0.6436424,0.2541236,0.57738113
2,25,2,verbal,0.6997742,0.5465264,0.76884216,0.6615649,0.63904786,0.62873083,0.5779696,0.72149926,0.75442255,0.05738765,0.3465976,0.7019267,0.20570485,0.78000754,0.71590334,0.707993,0.5260608,0.59789014,0.7579265,0.7525665,0.7685218,0.6952785,0.4392024,0.66494316,0.19415382,0.6436424,0.2541236,0.57738113
2,25,3,verbal,0.6997742,0.5465264,0.76884216,0.6615649,0.63904786,0.62873083,0.5779696,0.72149926,0.75442255,0.05738765,0.3465976,0.7019267,0.20570485,0.78000754,0.71590334,0.707993,0.5260608,0.59789014,0.7579265,0.7525665,0.7685218,0.6952785,0.4392024,0.66494316,0.19415382,0.6436424,0.2541236,0.57738113
2,25,4,verbal,0.6997742,0.5465264,0.76884216,0.6615649,0.63904786,0.62873083,0.5779696,0.72149926,0.75442255,0.05738765,0.3465976,0.7019267,0.20570485,0.78000754,0.71590334,0.707993,0.5260608,0.59789014,0.7579265,0.7525665,0.7685218,0.6952785,0.4392024,0.66494316,0.19415382,0.6436424,0.2541236,0.57738113
2,25,5,verbal,0.6997742,0.5465264,0.76884216,0.6615649,0.63904786,0.62873083,0.5779696,0.72149926,0.75442255,0.05738765,0.3465976,0.7019267,0.20570485,0.78000754,0.71590334,0.707993,0.5260608,0.59789014,0.7579265,0.7525665,0.7685218,0.6952785,0.4392024,0.66494316,0.19415382,0.6436424,0.2541236,0.57738113
2,25,6,verbal,0.6997742,0.5465264,0.76884216,0.6615649,0.63904786,0.62873083,0.5779696,0.72149926,0.75442255,0.05738765,0.3465976,0.7019267,0.20570485,0.78000754,0.71590334,0.707993,0.5260608,0.59789014,0.7579265,0.7525665,0.7685218,0.6952785,0.4392024,0.66494316,0.19415382,0.6436424,0.2541236,0.57738113
2,25,7,verbal,0.6997742,0.5465264,0.76884216,0.6615649,0.63904786,0.62873083,0.5779696,0.72149926,0.75442255,0.05738765,0.3465976,0.7019267,0.20570485,0.78000754,0.71590334,0.707993,0.5260608,0.59789014,0.7579265,0.7525665,0.7685218,0.6952785,0.4392024,0.66494316,0.19415382,0.6436424,0.2541236,0.57738113
2,25,8,verbal,0.6997742,0.5465264,0.76884216,0.6615649,0.63904786,0.62873083,0.5779696,0.72149926,0.75442255,0.05738765,0.3465976,0.7019267,0.20570485,0.78000754,0.71590334,0.707993,0.5260608,0.59789014,0.7579265,0.7525665,0.7685218,0.6952785,0.4392024,0.66494316,0.19415382,0.6436424,0.2541236,0.57738113
2,25,9,verbal,0.6997742,0.5465264,0.76884216,0.6615649,0.63904786,0.62873083,0.5779696,0.72149926,0.75442255,0.05738765,0.3465976,0.7019267,0.20570485,0.78000754,0.71590334,0.707993,0.5260608,0.59789014,0.7579265,0.7525665,0.7685218,0.6952785,0.4392024,0.66494316,0.19415382,0.6436424,0.2541236,0.57738113
2,25,10,verbal,0.6997742,0.5465264,0.76884216,0.6615649,0.63904786,0.62873083,0.5779696,0.72149926,0.75442255,0.05738765,0.3465976,0.7019267,0.20570485,0.78000754,0.71590334,0.707993,0.5260608,0.59789014,0.7579265,0.7525665,0.7685218,0.6952785,0.4392024,0.66494316,0.19415382,0.6436424,0.2541236,0.57738113
2,25,11,verbal,0.6997742,0.5465264,0.76884216,0.6615649,0.63904786,0.62873083,0.5779696,0.72149926,0.75442255,0.05738765,0.3465976,0.7019267,0.20570485,0.78000754,0.71590334,0.707993,0.5260608,0.59789014,0.7579265,0.7525665,0.7685218,0.6952785,0.4392024,0.66494316,0.19415382,0.6436424,0.2541236,0.57738113
2,25,12,verbal,0.6997742,0.5465264,0.76884216,0.6615649,0.63904786,0.62873083,0.5779696,0.72149926,0.75442255,0.05738765,0.3465976,0.7019267,0.20570485,0.78000754,0.71590334,0.707993,0.5260608,0.59789014,0.7579265,0.7525665,0.7685218,0.6952785,0.4392024,0.66494316,0.19415382,0.6436424,0.2541236,0.57738113
2,25,13,verbal,0.6997742,0.5465264,0.76884216,0.6615649,0.63904786,0.62873083,0.5779696,0.72149926,0.75442255,0.05738765,0.3465976,0.7019267,0.20570485,0.78000754,0.71590334,0.707993,0.5260608,0.59789014,0.7579265,0.7525665,0.7685218,0.6952785,0.4392024,0.66494316,0.19415382,0.6436424,0.2541236,0.57738113
2,25,14,verbal,0.6997742,0.5465264,0.76884216,0.6615649,0.63904786,0.62873083,0.5779696,0.72149926,0.75442255,0.05738765,0.3465976,0.7019267,0.20570485,0.78000754,0.71590334,0.707993,0.5260608,0.59789014,0.7579265,0.7525665,0.7685218,0.6952785,0.4392024,0.66494316,0.19415382,0.6436424,0.2541236,0.57738113
2,25,15,verbal,0.6997742,0.5465264,0.76884216,0.6615649,0.63904786,0.62873083,0.5779696,0.72149926,0.75442255,0.05738765,0.3465976,0.7019267,0.20570485,0.78000754,0.71590334,0.707993,0.5260608,0.59789014,0.7579265,0.7525665,0.7685218,0.6952785,0.4392024,0.66494316,0.19415382,0.6436424,0.2541236,0.57738113
2,26,1,verbal,0.6997742,0.5465264,0.76884216,0.6615649,0.63904786,0.62873083,0.5779696,0.72149926,0.75442255,0.05738765,0.3465976,0.7019267,0.20570485,0.78000754,0.71590334,0.707993,0.5260608,0.59789014,0.7579265,0.7525665,0.7685218,0.6952785,0.4392024,0.66494316,0.19415382,0.6436424,0.2541236,0.57738113
2,26,2,verbal,0.6997742,0.5465264,0.76884216,0.6615649,0.63904786,0.62873083,0.5779696,0.72149926,0.75442255,0.05738765,0.3465976,0.7019267,0.20570485,0.78000754,0.71590334,0.707993,0.5260608,0.59789014,0.7579265,0.7525665,0.7685218,0.6952785,0.4392024,0.66494316,0.19415382,0.6436424,0.2541236,0.57738113
2,26,3,verbal,0.6997742,0.5465264,0.76884216,0.6615649,0.63904786,0.62873083,0.5779696,0.72149926,0.75442255,0.05738765,0.3465976,0.7019267,0.20570485,0.78000754,0.71590334,0.707993,0.5260608,0.59789014,0.7579265,0.7525665,0.7685218,0.6952785,0.4392024,0.66494316,0.19415382,0.6436424,0.2541236,0.57738113
2,26,4,verbal,0.6997742,0.5465264,0.76884216,0.6615649,0.63904786,0.62873083,0.5779696,0.72149926,0.75442255,0.05738765,0.3465976,0.7019267,0.20570485,0.78000754,0.71590334,0.707993,0.5260608,0.59789014,0.7579265,0.7525665,0.7685218,0.6952785,0.4392024,0.66494316,0.19415382,0.6436424,0.2541236,0.57738113
2,26,5,verbal,0.6997742,0.5465264,0.76884216,0.6615649,0.63904786,0.62873083,0.5779696,0.72149926,0.75442255,0.05738765,0.3465976,0.7019267,0.20570485,0.78000754,0.71590334,0.707993,0.5260608,0.59789014,0.7579265,0.7525665,0.7685218,0.6952785,0.4392024,0.66494316,0.19415382,0.6436424,0.2541236,0.57738113
2,26,6,verbal,0.6997742,0.5465264,0.76884216,0.6615649,0.63904786,0.62873083,0.5779696,0.72149926,0.75442255,0.05738765,0.3465976,0.7019267,0.20570485,0.78000754,0.71590334,0.707993,0.5260608,0.59789014,0.7579265,0.7525665,0.7685218,0.6952785,0.4392024,0.66494316,0.19415382,0.6436424,0.2541236,0.57738113
2,26,7,verbal,0.6997742,0.5465264,0.76884216,0.6615649,0.63904786,0.62873083,0.5779696,0.72149926,0.75442255,0.05738765,0.3465976,0.7019267,0.20570485,0.78000754,0.71590334,0.707993,0.5260608,0.59789014,0.7579265,0.7525665,0.7685218,0.6952785,0.4392024,0.66494316,0.19415382,0.6436424,0.2541236,0.57738113
2,26,8,verbal,0.6997742,0.5465264,0.76884216,0.6615649,0.63904786,0.62873083,0.5779696,0.72149926,0.75442255,0.05738765,0.3465976,0.7019267,0.20570485,0.78000754,0.71590334,0.707993,0.5260608,0.59789014,0.7579265,0.7525665,0.7685218,0.6952785,0.4392024,0.66494316,0.19415382,0.6436424,0.2541236,0.57738113
2,26,9,verbal,0.6997742,0.5465264,0.76884216,0.6615649,0.63904786,0.62873083,0.5779696,0.72149926,0.75442255,0.05738765,0.3465976,0.7019267,0.20570485,0.78000754,0.71590334,0.707993,0.5260608,0.59789014,0.7579265,0.7525665,0.7685218,0.6952785,0.4392024,0.66494316,0.19415382,0.6436424,0.2541236,0.57738113
2,26,10,verbal,0.6997742,0.5465264,0.76884216,0.6615649,0.63904786,0.62873083,0.5779696,0.72149926,0.75442255,0.05738765,0.3465976,0.7019267,0.20570485,0.78000754,0.71590334,0.707993,0.5260608,0.59789014,0.7579265,0.7525665,0.7685218,0.6952785,0.4392024,0.66494316,0.19415382,0.6436424,0.2541236,0.57738113
2,26,11,verbal,0.6997742,0.5465264,0.76884216,0.6615649,0.63904786,0.62873083,0.5779696,0.72149926,0.75442255,0.05738765,0.3465976,0.7019267,0.20570485,0.78000754,0.71590334,0.707993,0.5260608,0.59789014,0.7579265,0.7525665,0.7685218,0.6952785,0.4392024,0.66494316,0.19415382,0.6436424,0.2541236,0.57738113
2,26,12,verbal,0.6997742,0.5465264,0.76884216,0.6615649,0.63904786,0.62873083,0.5779696,0.72149926,0.75442255,0.05738765,0.3465976,0.7019267,0.20570485,0.78000754,0.71590334,0.707993,0.5260608,0.59789014,0.7579265,0.7525665,0.7685218,0.6952785,0.4392024,0.66494316,0.19415382,0.6436424,0.2541236,0.57738113
2,26,13,verbal,0.6997742,0.5465264,0.76884216,0.6615649,0.63904786,0.62873083,0.5779696,0.72149926,0.75442255,0.05738765,0.3465976,0.7019267,0.20570485,0.78000754,0.71590334,0.707993,0.5260608,0.59789014,0.7579265,0.7525665,0.7685218,0.6952785,0.4392024,0.66494316,0.19415382,0.6436424,0.2541236,0.57738113
2,26,14,verbal,0.6997742,0.5465264,0.76884216,0.6615649,0.63904786,0.62873083,0.5779696,0.72149926,0.75442255,0.05738765,0.3465976,0.7019267,0.20570485,0.78000754,0.71590334,0.707993,0.5260608,0.59789014,0.7579265,0.7525665,0.7685218,0.6952785,0.4392024,0.66494316,0.19415382,0.6436424,0.2541236,0.57738113
2,26,15,verbal,0.6997742,0.5465264,0.76884216,0.6615649,0.63904786,0.62873083,0.5779696,0.72149926,0.75442255,0.05738765,0.3465976,0.7019267,0.20570485,0.78000754,0.71590334,0.707993,0.5260608,0.59789014,0.7579265,0.7525665,0.7685218,0.6952785,0.4392024,0.66494316,0.19415382,0.6436424,0.2541236,0.57738113
2,27,1,verbal,0.6997742,0.5465264,0.76884216,0.6615649,0.63904786,0.62873083,0.5779696,0.72149926,0.75442255,0.05738765,0.3465976,0.7019267,0.20570485,0.78000754,0.71590334,0.707993,0.5260608,0.59789014,0.7579265,0.7525665,0.7685218,0.6952785,0.4392024,0.66494316,0.19415382,0.6436424,0.2541236,0.57738113
2,27,2,verbal,0.6997742,0.5465264,0.76884216,0.6615649,0.63904786,0.62873083,0.5779696,0.72149926,0.75442255,0.05738765,0.3465976,0.7019267,0.20570485,0.78000754,0.71590334,0.707993,0.5260608,0.59789014,0.7579265,0.7525665,0.7685218,0.6952785,0.4392024,0.66494316,0.19415382,0.6436424,0.2541236,0.57738113
2,27,3,verbal,0.6997742,0.5465264,0.76884216,0.6615649,0.63904786,0.62873083,0.5779696,0.72149926,0.75442255,0.05738765,0.3465976,0.7019267,0.20570485,0.78000754,0.71590334,0.707993,0.5260608,0.59789014,0.7579265,0.7525665,0.7685218,0.6952785,0.4392024,0.66494316,0.19415382,0.6436424,0.2541236,0.57738113
2,27,4,verbal,0.6997742,0.5465264,0.76884216,0.6615649,0.63904786,0.62873083,0.5779696,0.72149926,0.75442255,0.05738765,0.3465976,0.7019267,0.20570485,0.78000754,0.71590334,0.707993,0.5260608,0.59789014,0.7579265,0.7525665,0.7685218,0.6952785,0.4392024,0.66494316,0.19415382,0.6436424,0.2541236,0.57738113
2,27,5,verbal,0.6997742,0.5465264,0.76884216,0.6615649,0.63904786,0.62873083,0.5779696,0.72149926,0.75442255,0.05738765,0.3465976,0.7019267,0.20570485,0.78000754,0.71590334,0.707993,0.5260608,0.59789014,0.7579265,0.7525665,0.7685218,0.6952785,0.4392024,0.66494316,0.19415382,0.6436424,0.2541236,0.57738113
2,27,6,verbal,0.6997742,0.5465264,0.76884216,0.6615649,0.63904786,0.62873083,0.5779696,0.72149926,0.75442255,0.05738765,0.3465976,0.7019267,0.20570485,0.78000754,0.71590334,0.707993,0.5260608,0.59789014,0.7579265,0.7525665,0.7685218,0.6952785,0.4392024,0.66494316,0.19415382,0.6436424,0.2541236,0.57738113
2,27,7,verbal,0.6997742,0.5465264,0.76884216,0.6615649,0.63904786,0.62873083,0.5779696,0.72149926,0.75442255,0.05738765,0.3465976,0.7019267,0.20570485,0.78000754,0.71590334,0.707993,0.5260608,0.59789014,0.7579265,0.7525665,0.7685218,0.6952785,0.4392024,0.66494316,0.19415382,0.6436424,0.2541236,0.57738113
2,27,8,verbal,0.6997742,0.5465264,0.76884216,0.6615649,0.63904786,0.62873083,0.5779696,0.72149926,0.75442255,0.05738765,0.3465976,0.7019267,0.20570485,0.78000754,0.71590334,0.707993,0.5260608,0.59789014,0.7579265,0.7525665,0.7685218,0.6952785,0.4392024,0.66494316,0.19415382,0.6436424,0.2541236,0.57738113
2,27,9,verbal,0.6997742,0.5465264,0.76884216,0.6615649,0.63904786,0.62873083,0.5779696,0.72149926,0.75442255,0.05738765,0.3465976,0.7019267,0.20570485,0.78000754,0.71590334,0.707993,0.5260608,0.59789014,0.7579265,0.7525665,0.7685218,0.6952785,0.4392024,0.66494316,0.19415382,0.6436424,0.2541236,0.57738113
2,27,10,verbal,0.6997742,0.5465264,0.76884216,0.6615649,0.63904786,0.62873083,0.5779696,0.72149926,0.75442255,0.05738765,0.3465976,0.7019267,0.20570485,0.78000754,0.71590334,0.707993,0.5260608,0.59789014,0.7579265,0.7525665,0.7685218,0.6952785,0.4392024,0.66494316,0.19415382,0.6436424,0.2541236,0.57738113
2,27,11,verbal,0.6997742,0.5465264,0.76884216,0.6615649,0.63904786,0.62873083,0.5779696,0.72149926,0.75442255,0.05738765,0.3465976,0.7019267,0.20570485,0.78000754,0.71590334,0.707993,0.5260608,0.59789014,0.7579265,0.7525665,0.7685218,0.6952785,0.4392024,0.66494316,0.19415382,0.6436424,0.2541236,0.57738113
2,27,12,verbal,0.6997742,0.5465264,0.76884216,0.6615649,0.63904786,0.62873083,0.5779696,0.72149926,0.75442255,0.05738765,0.3465976,0.7019267,0.20570485,0.78000754,0.71590334,0.707993,0.5260608,0.59789014,0.7579265,0.7525665,0.7685218,0.6952785,0.4392024,0.66494316,0.19415382,0.6436424,0.2541236,0.57738113
2,27,13,verbal,0.6997742,0.5465264,0.76884216,0.6615649,0.63904786,0.62873083,0.5779696,0.72149926,0.75442255,0.05738765,0.3465976,0.7019267,0.20570485,0.78000754,0.71590334,0.707993,0.5260608,0.59789014,0.7579265,0.7525665,0.7685218,0.6952785,0.4392024,0.66494316,0.19415382,0.6436424,0.2541236,0.57738113
2,27,14,verbal,0.6997742,0.5465264,0.76884216,0.6615649,0.63904786,0.62873083,0.5779696,0.72149926,0.75442255,0.05738765,0.3465976,0.7019267,0.20570485,0.78000754,0.71590334,0.707993,0.5260608,0.59789014,0.7579265,0.7525665,0.7685218,0.6952785,0.4392024,0.66494316,0.19415382,0.6436424,0.2541236,0.57738113
2,27,15,verbal,0.6997742,0.5465264,0.76884216,0.6615649,0.63904786,0.62873083,0.5779696,0.72149926,0.75442255,0.05738765,0.3465976,0.7019267,0.20570485,0.78000754,0.71590334,0.707993,0.5260608,0.59789014,0.7579265,0.7525665,0.7685218,0.6952785,0.4392024,0.66494316,0.19415382,0.6436424,0.2541236,0.57738113
2,28,1,verbal,0.6997742,0.5465264,0.76884216,0.6615649,0.63904786,0.62873083,0.5779696,0.72149926,0.75442255,0.05738765,0.3465976,0.7019267,0.20570485,0.78000754,0.71590334,0.707993,0.5260608,0.59789014,0.7579265,0.7525665,0.7685218,0.6952785,0.4392024,0.66494316,0.19415382,0.6436424,0.2541236,0.57738113
2,28,2,verbal,0.6997742,0.5465264,0.76884216,0.6615649,0.63904786,0.62873083,0.5779696,0.72149926,0.75442255,0.05738765,0.3465976,0.7019267,0.20570485,0.78000754,0.71590334,0.707993,0.5260608,0.59789014,0.7579265,0.7525665,0.7685218,0.6952785,0.4392024,0.66494316,0.19415382,0.6436424,0.2541236,0.57738113
2,28,3,verbal,0.6997742,0.5465264,0.76884216,0.6615649,0.63904786,0.62873083,0.5779696,0.72149926,0.75442255,0.05738765,0.3465976,0.7019267,0.20570485,0.78000754,0.71590334,0.707993,0.5260608,0.59789014,0.7579265,0.7525665,0.7685218,0.6952785,0.4392024,0.66494316,0.19415382,0.6436424,0.2541236,0.57738113
2,28,4,verbal,0.6997742,0.5465264,0.76884216,0.6615649,0.63904786,0.62873083,0.5779696,0.72149926,0.75442255,0.05738765,0.3465976,0.7019267,0.20570485,0.78000754,0.71590334,0.707993,0.5260608,0.59789014,0.7579265,0.7525665,0.7685218,0.6952785,0.4392024,0.66494316,0.19415382,0.6436424,0.2541236,0.57738113
2,28,5,verbal,0.6997742,0.5465264,0.76884216,0.6615649,0.63904786,0.62873083,0.5779696,0.72149926,0.75442255,0.05738765,0.3465976,0.7019267,0.20570485,0.78000754,0.71590334,0.707993,0.5260608,0.59789014,0.7579265,0.7525665,0.7685218,0.6952785,0.4392024,0.66494316,0.19415382,0.6436424,0.2541236,0.57738113
2,28,6,verbal,0.6997742,0.5465264,0.76884216,0.6615649,0.63904786,0.62873083,0.5779696,0.72149926,0.75442255,0.05738765,0.3465976,0.7019267,0.20570485,0.78000754,0.71590334,0.707993,0.5260608,0.59789014,0.7579265,0.7525665,0.7685218,0.6952785,0.4392024,0.66494316,0.19415382,0.6436424,0.2541236,0.57738113
2,28,7,verbal,0.6997742,0.5465264,0.76884216,0.6615649,0.63904786,0.62873083,0.5779696,0.72149926,0.75442255,0.05738765,0.3465976,0.7019267,0.20570485,0.78000754,0.71590334,0.707993,0.5260608,0.59789014,0.7579265,0.7525665,0.7685218,0.6952785,0.4392024,0.66494316,0.19415382,0.6436424,0.2541236,0.57738113
2,28,8,verbal,0.6997742,0.5465264,0.76884216,0.6615649,0.63904786,0.62873083,0.5779696,0.72149926,0.75442255,0.05738765,0.3465976,0.7019267,0.20570485,0.78000754,0.71590334,0.707993,0.5260608,0.59789014,0.7579265,0.7525665,0.7685218,0.6952785,0.4392024,0.66494316,0.19415382,0.6436424,0.2541236,0.57738113
2,28,9,verbal,0.6997742,0.5465264,0.76884216,0.6615649,0.63904786,0.62873083,0.5779696,0.72149926,0.75442255,0.05738765,0.3465976,0.7019267,0.20570485,0.78000754,0.71590334,0.707993,0.5260608,0.59789014,0.7579265,0.7525665,0.7685218,0.6952785,0.4392024,0.66494316,0.19415382,0.6436424,0.2541236,0.57738113
2,28,10,verbal,0.6997742,0.5465264,0.76884216,0.6615649,0.63904786,0.62873083,0.5779696,0.72149926,0.75442255,0.05738765,0.3465976,0.7019267,0.20570485,0.78000754,0.71590334,0.707993,0.5260608,0.59789014,0.7579265,0.7525665,0.7685218,0.6952785,0.4392024,0.66494316,0.19415382,0.6436424,0.2541236,0.57738113
2,28,11,verbal,0.6997742,0.5465264,0.76884216,0.6615649,0.63904786,0.62873083,0.5779696,0.72149926,0.75442255,0.05738765,0.3465976,0.7019267,0.20570485,0.78000754,0.71590334,0.707993,0.5260608,0.59789014,0.7579265,0.7525665,0.7685218,0.6952785,0.4392024,0.66494316,0.19415382,0.6436424,0.2541236,0.57738113
2,28,12,verbal,0.6997742,0.5465264,0.76884216,0.6615649,0.63904786,0.62873083,0.5779696,0.72149926,0.75442255,0.05738765,0.3465976,0.7019267,0.20570485,0.78000754,0.71590334,0.707993,0.5260608,0.59789014,0.7579265,0.7525665,0.7685218,0.6952785,0.4392024,0.66494316,0.19415382,0.6436424,0.2541236,0.57738113
2,28,13,verbal,0.6997742,0.5465264,0.76884216,0.6615649,0.63904786,0.62873083,0.5779696,0.72149926,0.75442255,0.05738765,0.3465976,0.7019267,0.20570485,0.78000754,0.71590334,0.707993,0.5260608,0.59789014,0.7579265,0.7525665,0.7685218,0.6952785,0.4392024,0.66494316,0.19415382,0.6436424,0.2541236,0.57738113
2,28,14,verbal,0.6997742,0.5465264,0.76884216,0.6615649,0.63904786,0.62873083,0.5779696,0.72149926,0.75442255,0.05738765,0.3465976,0.7019267,0.20570485,0.78000754,0.71590334,0.707993,0.5260608,0.59789014,0.7579265,0.7525665,0.7685218,0.6952785,0.4392024,0.66494316,0.19415382,0.6436424,0.2541236,0.57738113
2,28,15,verbal,0.6997742,0.5465264,0.76884216,0.6615649,0.63904786,0.62873083,0.5779696,0.72149926,0.75442255,0.05738765,0.3465976,0.7019267,0.20570485,0.78000754,0.71590334,0.707993,0.5260608,0.59789014,0.7579265,0.7525665,0.7685218,0.6952785,0.4392024,0.66494316,0.19415382,0.6436424,0.2541236,0.57738113
2,29,1,verbal,0.6997742,0.5465264,0.76884216,0.6615649,0.63904786,0.62873083,0.5779696,0.72149926,0.75442255,0.05738765,0.3465976,0.7019267,0.20570485,0.78000754,0.71590334,0.707993,0.5260608,0.59789014,0.7579265,0.7525665,0.7685218,0.6952785,0.4392024,0.66494316,0.19415382,0.6436424,0.2541236,0.57738113
2,29,2,verbal,0.6997742,0.5465264,0.76884216,0.6615649,0.63904786,0.62873083,0.5779696,0.72149926,0.75442255,0.05738765,0.3465976,0.7019267,0.20570485,0.78000754,0.71590334,0.707993,0.5260608,0.59789014,0.7579265,0.7525665,0.7685218,0.6952785,0.4392024,0.66494316,0.19415382,0.6436424,0.2541236,0.57738113
2,29,3,verbal,0.6997742,0.5465264,0.76884216,0.6615649,0.63904786,0.62873083,0.5779696,0.72149926,0.75442255,0.05738765,0.3465976,0.7019267,0.20570485,0.78000754,0.71590334,0.707993,0.5260608,0.59789014,0.7579265,0.7525665,0.7685218,0.6952785,0.4392024,0.66494316,0.19415382,0.6436424,0.2541236,0.57738113
2,29,4,verbal,0.6997742,0.5465264,0.76884216,0.6615649,0.63904786,0.62873083,0.5779696,0.72149926,0.75442255,0.05738765,0.3465976,0.7019267,0.20570485,0.78000754,0.71590334,0.707993,0.5260608,0.59789014,0.7579265,0.7525665,0.7685218,0.6952785,0.4392024,0.66494316,0.19415382,0.6436424,0.2541236,0.57738113
2,29,5,verbal,0.6997742,0.5465264,0.76884216,0.6615649,0.63904786,0.62873083,0.5779696,0.72149926,0.75442255,0.05738765,0.3465976,0.7019267,0.20570485,0.78000754,0.71590334,0.707993,0.5260608,0.59789014,0.7579265,0.7525665,0.7685218,0.6952785,0.4392024,0.66494316,0.19415382,0.6436424,0.2541236,0.57738113
2,29,6,verbal,0.6997742,0.5465264,0.76884216,0.6615649,0.63904786,0.62873083,0.5779696,0.72149926,0.75442255,0.05738765,0.3465976,0.7019267,0.20570485,0.78000754,0.71590334,0.707993,0.5260608,0.59789014,0.7579265,0.7525665,0.7685218,0.6952785,0.4392024,0.66494316,0.19415382,0.6436424,0.2541236,0.57738113
2,29,7,verbal,0.6997742,0.5465264,0.76884216,0.6615649,0.63904786,0.62873083,0.5779696,0.72149926,0.75442255,0.05738765,0.3465976,0.7019267,0.20570485,0.78000754,0.71590334,0.707993,0.5260608,0.59789014,0.7579265,0.7525665,0.7685218,0.6952785,0.4392024,0.66494316,0.19415382,0.6436424,0.2541236,0.57738113
2,29,8,verbal,0.6997742,0.5465264,0.76884216,0.6615649,0.63904786,0.62873083,0.5779696,0.72149926,0.75442255,0.05738765,0.3465976,0.7019267,0.20570485,0.78000754,0.71590334,0.707993,0.5260608,0.59789014,0.7579265,0.7525665,0.7685218,0.6952785,0.4392024,0.66494316,0.19415382,0.6436424,0.2541236,0.57738113
2,29,9,verbal,0.6997742,0.5465264,0.76884216,0.6615649,0.63904786,0.62873083,0.5779696,0.72149926,0.75442255,0.05738765,0.3465976,0.7019267,0.20570485,0.78000754,0.71590334,0.707993,0.5260608,0.59789014,0.7579265,0.7525665,0.7685218,0.6952785,0.4392024,0.66494316,0.19415382,0.6436424,0.2541236,0.57738113
2,29,10,verbal,0.6997742,0.5465264,0.76884216,0.6615649,0.63904786,0.62873083,0.5779696,0.72149926,0.75442255,0.05738765,0.3465976,0.7019267,0.20570485,0.78000754,0.71590334,0.707993,0.5260608,0.59789014,0.7579265,0.7525665,0.7685218,0.6952785,0.4392024,0.66494316,0.19415382,0.6436424,0.2541236,0.57738113
2,29,11,verbal,0.6997742,0.5465264,0.76884216,0.6615649,0.63904786,0.62873083,0.5779696,0.72149926,0.75442255,0.05738765,0.3465976,0.7019267,0.20570485,0.78000754,0.71590334,0.707993,0.5260608,0.59789014,0.7579265,0.7525665,0.7685218,0.6952785,0.4392024,0.66494316,0.19415382,0.6436424,0.2541236,0.57738113
2,29,12,verbal,0.6997742,0.5465264,0.76884216,0.6615649,0.63904786,0.62873083,0.5779696,0.72149926,0.75442255,0.05738765,0.3465976,0.7019267,0.20570485,0.78000754,0.71590334,0.707993,0.5260608,0.59789014,0.7579265,0.7525665,0.7685218,0.6952785,0.4392024,0.66494316,0.19415382,0.6436424,0.2541236,0.57738113
2,29,13,verbal,0.6997742,0.5465264,0.76884216,0.6615649,0.63904786,0.62873083,0.5779696,0.72149926,0.75442255,0.05738765,0.3465976,0.7019267,0.20570485,0.78000754,0.71590334,0.707993,0.5260608,0.59789014,0.7579265,0.7525665,0.7685218,0.6952785,0.4392024,0.66494316,0.19415382,0.6436424,0.2541236,0.57738113
2,29,14,verbal,0.6997742,0.5465264,0.76884216,0.6615649,0.63904786,0.62873083,0.5779696,0.72149926,0.75442255,0.05738765,0.3465976,0.7019267,0.20570485,0.78000754,0.71590334,0.707993,0.5260608,0.59789014,0.7579265,0.7525665,0.7685218,0.6952785,0.4392024,0.66494316,0.19415382,0.6436424,0.2541236,0.57738113
2,29,15,verbal,0.6997742,0.5465264,0.76884216,0.6615649,0.63904786,0.62873083,0.5779696,0.72149926,0.75442255,0.05738765,0.3465976,0.7019267,0.20570485,0.78000754,0.71590334,0.707993,0.5260608,0.59789014,0.7579265,0.7525665,0.7685218,0.6952785,0.4392024,0.66494316,0.19415382,0.6436424,0.2541236,0.57738113
2,30,1,verbal,0.6997742,0.5465264,0.76884216,0.6615649,0.63904786,0.62873083,0.5779696,0.72149926,0.75442255,0.05738765,0.3465976,0.7019267,0.20570485,0.78000754,0.71590334,0.707993,0.5260608,0.59789014,0.7579265,0.7525665,0.7685218,0.6952785,0.4392024,0.66494316,0.19415382,0.6436424,0.2541236,0.57738113
2,30,2,verbal,0.6997742,0.5465264,0.76884216,0.6615649,0.63904786,0.62873083,0.5779696,0.72149926,0.75442255,0.05738765,0.3465976,0.7019267,0.20570485,0.78000754,0.71590334,0.707993,0.5260608,0.59789014,0.7579265,0.7525665,0.7685218,0.6952785,0.4392024,0.66494316,0.19415382,0.6436424,0.2541236,0.57738113
2,30,3,verbal,0.6997742,0.5465264,0.76884216,0.6615649,0.63904786,0.62873083,0.5779696,0.72149926,0.75442255,0.05738765,0.3465976,0.7019267,0.20570485,0.78000754,0.71590334,0.707993,0.5260608,0.59789014,0.7579265,0.7525665,0.7685218,0.6952785,0.4392024,0.66494316,0.19415382,0.6436424,0.2541236,0.57738113
2,30,4,verbal,0.6997742,0.5465264,0.76884216,0.6615649,0.63904786,0.62873083,0.5779696,0.72149926,0.75442255,0.05738765,0.3465976,0.7019267,0.20570485,0.78000754,0.71590334,0.707993,0.5260608,0.59789014,0.7579265,0.7525665,0.7685218,0.6952785,0.4392024,0.66494316,0.19415382,0.6436424,0.2541236,0.57738113
2,30,5,verbal,0.6997742,0.5465264,0.76884216,0.6615649,0.63904786,0.62873083,0.5779696,0.72149926,0.75442255,0.05738765,0.3465976,0.7019267,0.20570485,0.78000754,0.71590334,0.707993,0.5260608,0.59789014,0.7579265,0.7525665,0.7685218,0.6952785,0.4392024,0.66494316,0.19415382,0.6436424,0.2541236,0.57738113
2,30,6,verbal,0.6997742,0.5465264,0.76884216,0.6615649,0.63904786,0.62873083,0.5779696,0.72149926,0.75442255,0.05738765,0.3465976,0.7019267,0.20570485,0.78000754,0.71590334,0.707993,0.5260608,0.59789014,0.7579265,0.7525665,0.7685218,0.6952785,0.4392024,0.66494316,0.19415382,0.6436424,0.2541236,0.57738113
2,30,7,verbal,0.6997742,0.5465264,0.76884216,0.6615649,0.63904786,0.62873083,0.5779696,0.72149926,0.75442255,0.05738765,0.3465976,0.7019267,0.20570485,0.78000754,0.71590334,0.707993,0.5260608,0.59789014,0.7579265,0.7525665,0.7685218,0.6952785,0.4392024,0.66494316,0.19415382,0.6436424,0.2541236,0.57738113
2,30,8,verbal,0.6997742,0.5465264,0.76884216,0.6615649,0.63904786,0.62873083,0.5779696,0.72149926,0.75442255,0.05738765,0.3465976,0.7019267,0.20570485,0.78000754,0.71590334,0.707993,0.5260608,0.59789014,0.7579265,0.7525665,0.7685218,0.6952785,0.4392024,0.66494316,0.19415382,0.6436424,0.2541236,0.57738113
2,30,9,verbal,0.6997742,0.5465264,0.76884216,0.6615649,0.63904786,0.62873083,0.5779696,0.72149926,0.75442255,0.05738765,0.3465976,0.7019267,0.20570485,0.78000754,0.71590334,0.707993,0.5260608,0.59789014,0.7579265,0.7525665,0.7685218,0.6952785,0.4392024,0.66494316,0.19415382,0.6436424,0.2541236,0.57738113
2,30,10,verbal,0.6997742,0.5465264,0.76884216,0.6615649,0.63904786,0.62873083,0.5779696,0.72149926,0.75442255,0.05738765,0.3465976,0.7019267,0.20570485,0.78000754,0.71590334,0.707993,0.5260608,0.59789014,0.7579265,0.7525665,0.7685218,0.6952785,0.4392024,0.66494316,0.19415382,0.6436424,0.2541236,0.57738113
2,30,11,verbal,0.6997742,0.5465264,0.76884216,0.6615649,0.63904786,0.62873083,0.5779696,0.72149926,0.75442255,0.05738765,0.3465976,0.7019267,0.20570485,0.78000754,0.71590334,0.707993,0.5260608,0.59789014,0.7579265,0.7525665,0.7685218,0.6952785,0.4392024,0.66494316,0.19415382,0.6436424,0.2541236,0.57738113
2,30,12,verbal,0.6997742,0.5465264,0.76884216,0.6615649,0.63904786,0.62873083,0.5779696,0.72149926,0.75442255,0.05738765,0.3465976,0.7019267,0.20570485,0.78000754,0.71590334,0.707993,0.5260608,0.59789014,0.7579265,0.7525665,0.7685218,0.6952785,0.4392024,0.66494316,0.19415382,0.6436424,0.2541236,0.57738113
2,30,13,verbal,0.6997742,0.5465264,0.76884216,0.6615649,0.63904786,0.62873083,0.5779696,0.72149926,0.75442255,0.05738765,0.3465976,0.7019267,0.20570485,0.78000754,0.71590334,0.707993,0.5260608,0.59789014,0.7579265,0.7525665,0.7685218,0.6952785,0.4392024,0.66494316,0.19415382,0.6436424,0.2541236,0.57738113
2,30,14,verbal,0.6997742,0.5465264,0.76884216,0.6615649,0.63904786,0.62873083,0.5779696,0.72149926,0.75442255,0.05738765,0.3465976,0.7019267,0.20570485,0.78000754,0.71590334,0.707993,0.5260608,0.59789014,0.7579265,0.7525665,0.7685218,0.6952785,0.4392024,0.66494316,0.19415382,0.6436424,0.2541236,0.57738113
2,30,15,verbal,0.6997742,0.5465264,0.76884216,0.6615649,0.63904786,0.62873083,0.5779696,0.72149926,0.75442255,0.05738765,0.3465976,0.7019267,0.20570485,0.78000754,0.71590334,0.707993,0.5260608,0.59789014,0.7579265,0.7525665,0.7685218,0.6952785,0.4392024,0.66494316,0.19415382,0.6436424,0.2541236,0.57738113
2,31,1,verbal,0.6997742,0.5465264,0.76884216,0.6615649,0.63904786,0.62873083,0.5779696,0.72149926,0.75442255,0.05738765,0.3465976,0.7019267,0.20570485,0.78000754,0.71590334,0.707993,0.5260608,0.59789014,0.7579265,0.7525665,0.7685218,0.6952785,0.4392024,0.66494316,0.19415382,0.6436424,0.2541236,0.57738113
2,31,2,verbal,0.6997742,0.5465264,0.76884216,0.6615649,0.63904786,0.62873083,0.5779696,0.72149926,0.75442255,0.05738765,0.3465976,0.7019267,0.20570485,0.78000754,0.71590334,0.707993,0.5260608,0.59789014,0.7579265,0.7525665,0.7685218,0.6952785,0.4392024,0.66494316,0.19415382,0.6436424,0.2541236,0.57738113
2,31,3,verbal,0.6997742,0.5465264,0.76884216,0.6615649,0.63904786,0.62873083,0.5779696,0.72149926,0.75442255,0.05738765,0.3465976,0.7019267,0.20570485,0.78000754,0.71590334,0.707993,0.5260608,0.59789014,0.7579265,0.7525665,0.7685218,0.6952785,0.4392024,0.66494316,0.19415382,0.6436424,0.2541236,0.57738113
2,31,4,verbal,0.6997742,0.5465264,0.76884216,0.6615649,0.63904786,0.62873083,0.5779696,0.72149926,0.75442255,0.05738765,0.3465976,0.7019267,0.20570485,0.78000754,0.71590334,0.707993,0.5260608,0.59789014,0.7579265,0.7525665,0.7685218,0.6952785,0.4392024,0.66494316,0.19415382,0.6436424,0.2541236,0.57738113
2,31,5,verbal,0.6997742,0.5465264,0.76884216,0.6615649,0.63904786,0.62873083,0.5779696,0.72149926,0.75442255,0.05738765,0.3465976,0.7019267,0.20570485,0.78000754,0.71590334,0.707993,0.5260608,0.59789014,0.7579265,0.7525665,0.7685218,0.6952785,0.4392024,0.66494316,0.19415382,0.6436424,0.2541236,0.57738113
2,31,6,verbal,0.6997742,0.5465264,0.76884216,0.6615649,0.63904786,0.62873083,0.5779696,0.72149926,0.75442255,0.05738765,0.3465976,0.7019267,0.20570485,0.78000754,0.71590334,0.707993,0.5260608,0.59789014,0.7579265,0.7525665,0.7685218,0.6952785,0.4392024,0.66494316,0.19415382,0.6436424,0.2541236,0.57738113
2,31,7,verbal,0.6997742,0.5465264,0.76884216,0.6615649,0.63904786,0.62873083,0.5779696,0.72149926,0.75442255,0.05738765,0.3465976,0.7019267,0.20570485,0.78000754,0.71590334,0.707993,0.5260608,0.59789014,0.7579265,0.7525665,0.7685218,0.6952785,0.4392024,0.66494316,0.19415382,0.6436424,0.2541236,0.57738113
2,31,8,verbal,0.6997742,0.5465264,0.76884216,0.6615649,0.63904786,0.62873083,0.5779696,0.72149926,0.75442255,0.05738765,0.3465976,0.7019267,0.20570485,0.78000754,0.71590334,0.707993,0.5260608,0.59789014,0.7579265,0.7525665,0.7685218,0.6952785,0.4392024,0.66494316,0.19415382,0.6436424,0.2541236,0.57738113
2,31,9,verbal,0.6997742,0.5465264,0.76884216,0.6615649,0.63904786,0.62873083,0.5779696,0.72149926,0.75442255,0.05738765,0.3465976,0.7019267,0.20570485,0.78000754,0.71590334,0.707993,0.5260608,0.59789014,0.7579265,0.7525665,0.7685218,0.6952785,0.4392024,0.66494316,0.19415382,0.6436424,0.2541236,0.57738113
2,31,10,verbal,0.6997742,0.5465264,0.76884216,0.6615649,0.63904786,0.62873083,0.5779696,0.72149926,0.75442255,0.05738765,0.3465976,0.7019267,0.20570485,0.78000754,0.71590334,0.707993,0.5260608,0.59789014,0.7579265,0.7525665,0.7685218,0.6952785,0.4392024,0.66494316,0.19415382,0.6436424,0.2541236,0.57738113
2,31,11,verbal,0.6997742,0.5465264,0.76884216,0.6615649,0.63904786,0.62873083,0.5779696,0.72149926,0.75442255,0.05738765,0.3465976,0.7019267,0.20570485,0.78000754,0.71590334,0.707993,0.5260608,0.59789014,0.7579265,0.7525665,0.7685218,0.6952785,0.4392024,0.66494316,0.19415382,0.6436424,0.2541236,0.57738113
2,31,12,verbal,0.6997742,0.5465264,0.76884216,0.6615649,0.63904786,0.62873083,0.5779696,0.72149926,0.75442255,0.05738765,0.3465976,0.7019267,0.20570485,0.78000754,0.71590334,0.707993,0.5260608,0.59789014,0.7579265,0.7525665,0.7685218,0.6952785,0.4392024,0.66494316,0.19415382,0.6436424,0.2541236,0.57738113
2,31,13,verbal,0.6997742,0.5465264,0.76884216,0.6615649,0.63904786,0.62873083,0.5779696,0.72149926,0.75442255,0.05738765,0.3465976,0.7019267,0.20570485,0.78000754,0.71590334,0.707993,0.5260608,0.59789014,0.7579265,0.7525665,0.7685218,0.6952785,0.4392024,0.66494316,0.19415382,0.6436424,0.2541236,0.57738113
2,31,14,verbal,0.6997742,0.5465264,0.76884216,0.6615649,0.63904786,0.62873083,0.5779696,0.72149926,0.75442255,0.05738765,0.3465976,0.7019267,0.20570485,0.78000754,0.71590334,0.707993,0.5260608,0.59789014,0.7579265,0.7525665,0.7685218,0.6952785,0.4392024,0.66494316,0.19415382,0.6436424,0.2541236,0.57738113
2,31,15,verbal,0.6997742,0.5465264,0.76884216,0.6615649,0.63904786,0.62873083,0.5779696,0.72149926,0.75442255,0.05738765,0.3465976,0.7019267,0.20570485,0.78000754,0.71590334,0.707993,0.5260608,0.59789014,0.7579265,0.7525665,0.7685218,0.6952785,0.4392024,0.66494316,0.19415382,0.6436424,0.2541236,0.57738113
2,32,1,verbal,0.6997742,0.5465264,0.76884216,0.6615649,0.63904786,0.62873083,0.5779696,0.72149926,0.75442255,0.05738765,0.3465976,0.7019267,0.20570485,0.78000754,0.71590334,0.707993,0.5260608,0.59789014,0.7579265,0.7525665,0.7685218,0.6952785,0.4392024,0.66494316,0.19415382,0.6436424,0.2541236,0.57738113
2,32,2,verbal,0.6997742,0.5465264,0.76884216,0.6615649,0.63904786,0.62873083,0.5779696,0.72149926,0.75442255,0.05738765,0.3465976,0.7019267,0.20570485,0.78000754,0.71590334,0.707993,0.5260608,0.59789014,0.7579265,0.7525665,0.7685218,0.6952785,0.4392024,0.66494316,0.19415382,0.6436424,0.2541236,0.57738113
2,32,3,verbal,0.6997742,0.5465264,0.76884216,0.6615649,0.63904786,0.62873083,0.5779696,0.72149926,0.75442255,0.05738765,0.3465976,0.7019267,0.20570485,0.78000754,0.71590334,0.707993,0.5260608,0.59789014,0.7579265,0.7525665,0.7685218,0.6952785,0.4392024,0.66494316,0.19415382,0.6436424,0.2541236,0.57738113
2,32,4,verbal,0.6997742,0.5465264,0.76884216,0.6615649,0.63904786,0.62873083,0.5779696,0.72149926,0.75442255,0.05738765,0.3465976,0.7019267,0.20570485,0.78000754,0.71590334,0.707993,0.5260608,0.59789014,0.7579265,0.7525665,0.7685218,0.6952785,0.4392024,0.66494316,0.19415382,0.6436424,0.2541236,0.57738113
2,32,5,verbal,0.6997742,0.5465264,0.76884216,0.6615649,0.63904786,0.62873083,0.5779696,0.72149926,0.75442255,0.05738765,0.3465976,0.7019267,0.20570485,0.78000754,0.71590334,0.707993,0.5260608,0.59789014,0.7579265,0.7525665,0.7685218,0.6952785,0.4392024,0.66494316,0.19415382,0.6436424,0.2541236,0.57738113
2,32,6,verbal,0.6997742,0.5465264,0.76884216,0.6615649,0.63904786,0.62873083,0.5779696,0.72149926,0.75442255,0.05738765,0.3465976,0.7019267,0.20570485,0.78000754,0.71590334,0.707993,0.5260608,0.59789014,0.7579265,0.7525665,0.7685218,0.6952785,0.4392024,0.66494316,0.19415382,0.6436424,0.2541236,0.57738113
2,32,7,verbal,0.6997742,0.5465264,0.76884216,0.6615649,0.63904786,0.62873083,0.5779696,0.72149926,0.75442255,0.05738765,0.3465976,0.7019267,0.20570485,0.78000754,0.71590334,0.707993,0.5260608,0.59789014,0.7579265,0.7525665,0.7685218,0.6952785,0.4392024,0.66494316,0.19415382,0.6436424,0.2541236,0.57738113
2,32,8,verbal,0.6997742,0.5465264,0.76884216,0.6615649,0.63904786,0.62873083,0.5779696,0.72149926,0.75442255,0.05738765,0.3465976,0.7019267,0.20570485,0.78000754,0.71590334,0.707993,0.5260608,0.59789014,0.7579265,0.7525665,0.7685218,0.6952785,0.4392024,0.66494316,0.19415382,0.6436424,0.2541236,0.57738113
2,32,9,verbal,0.6997742,0.5465264,0.76884216,0.6615649,0.63904786,0.62873083,0.5779696,0.72149926,0.75442255,0.05738765,0.3465976,0.7019267,0.20570485,0.78000754,0.71590334,0.707993,0.5260608,0.59789014,0.7579265,0.7525665,0.7685218,0.6952785,0.4392024,0.66494316,0.19415382,0.6436424,0.2541236,0.57738113
2,32,10,verbal,0.6997742,0.5465264,0.76884216,0.6615649,0.63904786,0.62873083,0.5779696,0.72149926,0.75442255,0.05738765,0.3465976,0.7019267,0.20570485,0.78000754,0.71590334,0.707993,0.5260608,0.59789014,0.7579265,0.7525665,0.7685218,0.6952785,0.4392024,0.66494316,0.19415382,0.6436424,0.2541236,0.57738113
2,32,11,verbal,0.6997742,0.5465264,0.76884216,0.6615649,0.63904786,0.62873083,0.5779696,0.72149926,0.75442255,0.05738765,0.3465976,0.7019267,0.20570485,0.78000754,0.71590334,0.707993,0.5260608,0.59789014,0.7579265,0.7525665,0.7685218,0.6952785,0.4392024,0.66494316,0.19415382,0.6436424,0.2541236,0.57738113
2,32,12,verbal,0.6997742,0.5465264,0.76884216,0.6615649,0.63904786,0.62873083,0.5779696,0.72149926,0.75442255,0.05738765,0.3465976,0.7019267,0.20570485,0.78000754,0.71590334,0.707993,0.5260608,0.59789014,0.7579265,0.7525665,0.7685218,0.6952785,0.4392024,0.66494316,0.19415382,0.6436424,0.2541236,0.57738113
2,32,13,verbal,0.6997742,0.5465264,0.76884216,0.6615649,0.63904786,0.62873083,0.5779696,0.72149926,0.75442255,0.05738765,0.3465976,0.7019267,0.20570485,0.78000754,0.71590334,0.707993,0.5260608,0.59789014,0.7579265,0.7525665,0.7685218,0.6952785,0.4392024,0.66494316,0.19415382,0.6436424,0.2541236,0.57738113
2,32,14,verbal,0.6997742,0.5465264,0.76884216,0.6615649,0.63904786,0.62873083,0.5779696,0.72149926,0.75442255,0.05738765,0.3465976,0.7019267,0.20570485,0.78000754,0.71590334,0.707993,0.5260608,0.59789014,0.7579265,0.7525665,0.7685218,0.6952785,0.4392024,0.66494316,0.19415382,0.6436424,0.2541236,0.57738113
2,32,15,verbal,0.6997742,0.5465264,0.76884216,0.6615649,0.63904786,0.62873083,0.5779696,0.72149926,0.75442255,0.05738765,0.3465976,0.7019267,0.20570485,0.78000754,0.71590334,0.707993,0.5260608,0.59789014,0.7579265,0.7525665,0.7685218,0.6952785,0.4392024,0.66494316,0.19415382,0.6436424,0.2541236,0.57738113
2,33,1,verbal,0.6997742,0.5465264,0.76884216,0.6615649,0.63904786,0.62873083,0.5779696,0.72149926,0.75442255,0.05738765,0.3465976,0.7019267,0.20570485,0.78000754,0.71590334,0.707993,0.5260608,0.59789014,0.7579265,0.7525665,0.7685218,0.6952785,0.4392024,0.66494316,0.19415382,0.6436424,0.2541236,0.57738113
2,33,2,verbal,0.6997742,0.5465264,0.76884216,0.6615649,0.63904786,0.62873083,0.5779696,0.72149926,0.75442255,0.05738765,0.3465976,0.7019267,0.20570485,0.78000754,0.71590334,0.707993,0.5260608,0.59789014,0.7579265,0.7525665,0.7685218,0.6952785,0.4392024,0.66494316,0.19415382,0.6436424,0.2541236,0.57738113
2,33,3,verbal,0.6997742,0.5465264,0.76884216,0.6615649,0.63904786,0.62873083,0.5779696,0.72149926,0.75442255,0.05738765,0.3465976,0.7019267,0.20570485,0.78000754,0.71590334,0.707993,0.5260608,0.59789014,0.7579265,0.7525665,0.7685218,0.6952785,0.4392024,0.66494316,0.19415382,0.6436424,0.2541236,0.57738113
2,33,4,verbal,0.6997742,0.5465264,0.76884216,0.6615649,0.63904786,0.62873083,0.5779696,0.72149926,0.75442255,0.05738765,0.3465976,0.7019267,0.20570485,0.78000754,0.71590334,0.707993,0.5260608,0.59789014,0.7579265,0.7525665,0.7685218,0.6952785,0.4392024,0.66494316,0.19415382,0.6436424,0.2541236,0.57738113
2,33,5,verbal,0.6997742,0.5465264,0.76884216,0.6615649,0.63904786,0.62873083,0.5779696,0.72149926,0.75442255,0.05738765,0.3465976,0.7019267,0.20570485,0.78000754,0.71590334,0.707993,0.5260608,0.59789014,0.7579265,0.7525665,0.7685218,0.6952785,0.4392024,0.66494316,0.19415382,0.6436424,0.2541236,0.57738113
2,33,6,verbal,0.6997742,0.5465264,0.76884216,0.6615649,0.63904786,0.62873083,0.5779696,0.72149926,0.75442255,0.05738765,0.3465976,0.7019267,0.20570485,0.78000754,0.71590334,0.707993,0.5260608,0.59789014,0.7579265,0.7525665,0.7685218,0.6952785,0.4392024,0.66494316,0.19415382,0.6436424,0.2541236,0.57738113
2,33,7,verbal,0.6997742,0.5465264,0.76884216,0.6615649,0.63904786,0.62873083,0.5779696,0.72149926,0.75442255,0.05738765,0.3465976,0.7019267,0.20570485,0.78000754,0.71590334,0.707993,0.5260608,0.59789014,0.7579265,0.7525665,0.7685218,0.6952785,0.4392024,0.66494316,0.19415382,0.6436424,0.2541236,0.57738113
2,33,8,verbal,0.6997742,0.5465264,0.76884216,0.6615649,0.63904786,0.62873083,0.5779696,0.72149926,0.75442255,0.05738765,0.3465976,0.7019267,0.20570485,0.78000754,0.71590334,0.707993,0.5260608,0.59789014,0.7579265,0.7525665,0.7685218,0.6952785,0.4392024,0.66494316,0.19415382,0.6436424,0.2541236,0.57738113
2,33,9,verbal,0.6997742,0.5465264,0.76884216,0.6615649,0.63904786,0.62873083,0.5779696,0.72149926,0.75442255,0.05738765,0.3465976,0.7019267,0.20570485,0.78000754,0.71590334,0.707993,0.5260608,0.59789014,0.7579265,0.7525665,0.7685218,0.6952785,0.4392024,0.66494316,0.19415382,0.6436424,0.2541236,0.57738113
2,33,10,verbal,0.6997742,0.5465264,0.76884216,0.6615649,0.63904786,0.62873083,0.5779696,0.72149926,0.75442255,0.05738765,0.3465976,0.7019267,0.20570485,0.78000754,0.71590334,0.707993,0.5260608,0.59789014,0.7579265,0.7525665,0.7685218,0.6952785,0.4392024,0.66494316,0.19415382,0.6436424,0.2541236,0.57738113
2,33,11,verbal,0.6997742,0.5465264,0.76884216,0.6615649,0.63904786,0.62873083,0.5779696,0.72149926,0.75442255,0.05738765,0.3465976,0.7019267,0.20570485,0.78000754,0.71590334,0.707993,0.5260608,0.59789014,0.7579265,0.7525665,0.7685218,0.6952785,0.4392024,0.66494316,0.19415382,0.6436424,0.2541236,0.57738113
2,33,12,verbal,0.6997742,0.5465264,0.76884216,0.6615649,0.63904786,0.62873083,0.5779696,0.72149926,0.75442255,0.05738765,0.3465976,0.7019267,0.20570485,0.78000754,0.71590334,0.707993,0.5260608,0.59789014,0.7579265,0.7525665,0.7685218,0.6952785,0.4392024,0.66494316,0.19415382,0.6436424,0.2541236,0.57738113
2,33,13,verbal,0.6997742,0.5465264,0.76884216,0.6615649,0.63904786,0.62873083,0.5779696,0.72149926,0.75442255,0.05738765,0.3465976,0.7019267,0.20570485,0.78000754,0.71590334,0.707993,0.5260608,0.59789014,0.7579265,0.7525665,0.7685218,0.6952785,0.4392024,0.66494316,0.19415382,0.6436424,0.2541236,0.57738113
2,33,14,verbal,0.6997742,0.5465264,0.76884216,0.6615649,0.63904786,0.62873083,0.5779696,0.72149926,0.75442255,0.05738765,0.3465976,0.7019267,0.20570485,0.78000754,0.71590334,0.707993,0.5260608,0.59789014,0.7579265,0.7525665,0.7685218,0.6952785,0.4392024,0.66494316,0.19415382,0.6436424,0.2541236,0.57738113
2,33,15,verbal,0.6997742,0.5465264,0.76884216,0.6615649,0.63904786,0.62873083,0.5779696,0.72149926,0.75442255,0.05738765,0.3465976,0.7019267,0.20570485,0.78000754,0.71590334,0.707993,0.5260608,0.59789014,0.7579265,0.7525665,0.7685218,0.6952785,0.4392024,0.66494316,0.19415382,0.6436424,0.2541236,0.57738113
2,34,1,verbal,0.6997742,0.5465264,0.76884216,0.6615649,0.63904786,0.62873083,0.5779696,0.72149926,0.75442255,0.05738765,0.3465976,0.7019267,0.20570485,0.78000754,0.71590334,0.707993,0.5260608,0.59789014,0.7579265,0.7525665,0.7685218,0.6952785,0.4392024,0.66494316,0.19415382,0.6436424,0.2541236,0.57738113
2,34,2,verbal,0.6997742,0.5465264,0.76884216,0.6615649,0.63904786,0.62873083,0.5779696,0.72149926,0.75442255,0.05738765,0.3465976,0.7019267,0.20570485,0.78000754,0.71590334,0.707993,0.5260608,0.59789014,0.7579265,0.7525665,0.7685218,0.6952785,0.4392024,0.66494316,0.19415382,0.6436424,0.2541236,0.57738113
2,34,3,verbal,0.6997742,0.5465264,0.76884216,0.6615649,0.63904786,0.62873083,0.5779696,0.72149926,0.75442255,0.05738765,0.3465976,0.7019267,0.20570485,0.78000754,0.71590334,0.707993,0.5260608,0.59789014,0.7579265,0.7525665,0.7685218,0.6952785,0.4392024,0.66494316,0.19415382,0.6436424,0.2541236,0.57738113
2,34,4,verbal,0.6997742,0.5465264,0.76884216,0.6615649,0.63904786,0.62873083,0.5779696,0.72149926,0.75442255,0.05738765,0.3465976,0.7019267,0.20570485,0.78000754,0.71590334,0.707993,0.5260608,0.59789014,0.7579265,0.7525665,0.7685218,0.6952785,0.4392024,0.66494316,0.19415382,0.6436424,0.2541236,0.57738113
2,34,5,verbal,0.6997742,0.5465264,0.76884216,0.6615649,0.63904786,0.62873083,0.5779696,0.72149926,0.75442255,0.05738765,0.3465976,0.7019267,0.20570485,0.78000754,0.71590334,0.707993,0.5260608,0.59789014,0.7579265,0.7525665,0.7685218,0.6952785,0.4392024,0.66494316,0.19415382,0.6436424,0.2541236,0.57738113
2,34,6,verbal,0.6997742,0.5465264,0.76884216,0.6615649,0.63904786,0.62873083,0.5779696,0.72149926,0.75442255,0.05738765,0.3465976,0.7019267,0.20570485,0.78000754,0.71590334,0.707993,0.5260608,0.59789014,0.7579265,0.7525665,0.7685218,0.6952785,0.4392024,0.66494316,0.19415382,0.6436424,0.2541236,0.57738113
2,34,7,verbal,0.6997742,0.5465264,0.76884216,0.6615649,0.63904786,0.62873083,0.5779696,0.72149926,0.75442255,0.05738765,0.3465976,0.7019267,0.20570485,0.78000754,0.71590334,0.707993,0.5260608,0.59789014,0.7579265,0.7525665,0.7685218,0.6952785,0.4392024,0.66494316,0.19415382,0.6436424,0.2541236,0.57738113
2,34,8,verbal,0.6997742,0.5465264,0.76884216,0.6615649,0.63904786,0.62873083,0.5779696,0.72149926,0.75442255,0.05738765,0.3465976,0.7019267,0.20570485,0.78000754,0.71590334,0.707993,0.5260608,0.59789014,0.7579265,0.7525665,0.7685218,0.6952785,0.4392024,0.66494316,0.19415382,0.6436424,0.2541236,0.57738113
2,34,9,verbal,0.6997742,0.5465264,0.76884216,0.6615649,0.63904786,0.62873083,0.5779696,0.72149926,0.75442255,0.05738765,0.3465976,0.7019267,0.20570485,0.78000754,0.71590334,0.707993,0.5260608,0.59789014,0.7579265,0.7525665,0.7685218,0.6952785,0.4392024,0.66494316,0.19415382,0.6436424,0.2541236,0.57738113
2,34,10,verbal,0.6997742,0.5465264,0.76884216,0.6615649,0.63904786,0.62873083,0.5779696,0.72149926,0.75442255,0.05738765,0.3465976,0.7019267,0.20570485,0.78000754,0.71590334,0.707993,0.5260608,0.59789014,0.7579265,0.7525665,0.7685218,0.6952785,0.4392024,0.66494316,0.19415382,0.6436424,0.2541236,0.57738113
2,34,11,verbal,0.6997742,0.5465264,0.76884216,0.6615649,0.63904786,0.62873083,0.5779696,0.72149926,0.75442255,0.05738765,0.3465976,0.7019267,0.20570485,0.78000754,0.71590334,0.707993,0.5260608,0.59789014,0.7579265,0.7525665,0.7685218,0.6952785,0.4392024,0.66494316,0.19415382,0.6436424,0.2541236,0.57738113
2,34,12,verbal,0.6997742,0.5465264,0.76884216,0.6615649,0.63904786,0.62873083,0.5779696,0.72149926,0.75442255,0.05738765,0.3465976,0.7019267,0.20570485,0.78000754,0.71590334,0.707993,0.5260608,0.59789014,0.7579265,0.7525665,0.7685218,0.6952785,0.4392024,0.66494316,0.19415382,0.6436424,0.2541236,0.57738113
2,34,13,verbal,0.6997742,0.5465264,0.76884216,0.6615649,0.63904786,0.62873083,0.5779696,0.72149926,0.75442255,0.05738765,0.3465976,0.7019267,0.20570485,0.78000754,0.71590334,0.707993,0.5260608,0.59789014,0.7579265,0.7525665,0.7685218,0.6952785,0.4392024,0.66494316,0.19415382,0.6436424,0.2541236,0.57738113
2,34,14,verbal,0.6997742,0.5465264,0.76884216,0.6615649,0.63904786,0.62873083,0.5779696,0.72149926,0.75442255,0.05738765,0.3465976,0.7019267,0.20570485,0.78000754,0.71590334,0.707993,0.5260608,0.59789014,0.7579265,0.7525665,0.7685218,0.6952785,0.4392024,0.66494316,0.19415382,0.6436424,0.2541236,0.57738113
2,34,15,verbal,0.6997742,0.5465264,0.76884216,0.6615649,0.63904786,0.62873083,0.5779696,0.72149926,0.75442255,0.05738765,0.3465976,0.7019267,0.20570485,0.78000754,0.71590334,0.707993,0.5260608,0.59789014,0.7579265,0.7525665,0.7685218,0.6952785,0.4392024,0.66494316,0.19415382,0.6436424,0.2541236,0.57738113
2,35,1,verbal,0.6997742,0.5465264,0.76884216,0.6615649,0.63904786,0.62873083,0.5779696,0.72149926,0.75442255,0.05738765,0.3465976,0.7019267,0.20570485,0.78000754,0.71590334,0.707993,0.5260608,0.59789014,0.7579265,0.7525665,0.7685218,0.6952785,0.4392024,0.66494316,0.19415382,0.6436424,0.2541236,0.57738113
2,35,2,verbal,0.6997742,0.5465264,0.76884216,0.6615649,0.63904786,0.62873083,0.5779696,0.72149926,0.75442255,0.05738765,0.3465976,0.7019267,0.20570485,0.78000754,0.71590334,0.707993,0.5260608,0.59789014,0.7579265,0.7525665,0.7685218,0.6952785,0.4392024,0.66494316,0.19415382,0.6436424,0.2541236,0.57738113
2,35,3,verbal,0.6997742,0.5465264,0.76884216,0.6615649,0.63904786,0.62873083,0.5779696,0.72149926,0.75442255,0.05738765,0.3465976,0.7019267,0.20570485,0.78000754,0.71590334,0.707993,0.5260608,0.59789014,0.7579265,0.7525665,0.7685218,0.6952785,0.4392024,0.66494316,0.19415382,0.6436424,0.2541236,0.57738113
2,35,4,verbal,0.6997742,0.5465264,0.76884216,0.6615649,0.63904786,0.62873083,0.5779696,0.72149926,0.75442255,0.05738765,0.3465976,0.7019267,0.20570485,0.78000754,0.71590334,0.707993,0.5260608,0.59789014,0.7579265,0.7525665,0.7685218,0.6952785,0.4392024,0.66494316,0.19415382,0.6436424,0.2541236,0.57738113
2,35,5,verbal,0.6997742,0.5465264,0.76884216,0.6615649,0.63904786,0.62873083,0.5779696,0.72149926,0.75442255,0.05738765,0.3465976,0.7019267,0.20570485,0.78000754,0.71590334,0.707993,0.5260608,0.59789014,0.7579265,0.7525665,0.7685218,0.6952785,0.4392024,0.66494316,0.19415382,0.6436424,0.2541236,0.57738113
2,35,6,verbal,0.6997742,0.5465264,0.76884216,0.6615649,0.63904786,0.62873083,0.5779696,0.72149926,0.75442255,0.05738765,0.3465976,0.7019267,0.20570485,0.78000754,0.71590334,0.707993,0.5260608,0.59789014,0.7579265,0.7525665,0.7685218,0.6952785,0.4392024,0.66494316,0.19415382,0.6436424,0.2541236,0.57738113
2,35,7,verbal,0.6997742,0.5465264,0.76884216,0.6615649,0.63904786,0.62873083,0.5779696,0.72149926,0.75442255,0.05738765,0.3465976,0.7019267,0.20570485,0.78000754,0.71590334,0.707993,0.5260608,0.59789014,0.7579265,0.7525665,0.7685218,0.6952785,0.4392024,0.66494316,0.19415382,0.6436424,0.2541236,0.57738113
2,35,8,verbal,0.6997742,0.5465264,0.76884216,0.6615649,0.63904786,0.62873083,0.5779696,0.72149926,0.75442255,0.05738765,0.3465976,0.7019267,0.20570485,0.78000754,0.71590334,0.707993,0.5260608,0.59789014,0.7579265,0.7525665,0.7685218,0.6952785,0.4392024,0.66494316,0.19415382,0.6436424,0.2541236,0.57738113
2,35,9,verbal,0.6997742,0.5465264,0.76884216,0.6615649,0.63904786,0.62873083,0.5779696,0.72149926,0.75442255,0.05738765,0.3465976,0.7019267,0.20570485,0.78000754,0.71590334,0.707993,0.5260608,0.59789014,0.7579265,0.7525665,0.7685218,0.6952785,0.4392024,0.66494316,0.19415382,0.6436424,0.2541236,0.57738113
2,35,10,verbal,0.6997742,0.5465264,0.76884216,0.6615649,0.63904786,0.62873083,0.5779696,0.72149926,0.75442255,0.05738765,0.3465976,0.7019267,0.20570485,0.78000754,0.71590334,0.707993,0.5260608,0.59789014,0.7579265,0.7525665,0.7685218,0.6952785,0.4392024,0.66494316,0.19415382,0.6436424,0.2541236,0.57738113
2,35,11,verbal,0.6997742,0.5465264,0.76884216,0.6615649,0.63904786,0.62873083,0.5779696,0.72149926,0.75442255,0.05738765,0.3465976,0.7019267,0.20570485,0.78000754,0.71590334,0.707993,0.5260608,0.59789014,0.7579265,0.7525665,0.7685218,0.6952785,0.4392024,0.66494316,0.19415382,0.6436424,0.2541236,0.57738113
2,35,12,verbal,0.6997742,0.5465264,0.76884216,0.6615649,0.63904786,0.62873083,0.5779696,0.72149926,0.75442255,0.05738765,0.3465976,0.7019267,0.20570485,0.78000754,0.71590334,0.707993,0.5260608,0.59789014,0.7579265,0.7525665,0.7685218,0.6952785,0.4392024,0.66494316,0.19415382,0.6436424,0.2541236,0.57738113
2,35,13,verbal,0.6997742,0.5465264,0.76884216,0.6615649,0.63904786,0.62873083,0.5779696,0.72149926,0.75442255,0.05738765,0.3465976,0.7019267,0.20570485,0.78000754,0.71590334,0.707993,0.5260608,0.59789014,0.7579265,0.7525665,0.7685218,0.6952785,0.4392024,0.66494316,0.19415382,0.6436424,0.2541236,0.57738113
2,35,14,verbal,0.6997742,0.5465264,0.76884216,0.6615649,0.63904786,0.62873083,0.5779696,0.72149926,0.75442255,0.05738765,0.3465976,0.7019267,0.20570485,0.78000754,0.71590334,0.707993,0.5260608,0.59789014,0.7579265,0.7525665,0.7685218,0.6952785,0.4392024,0.66494316,0.19415382,0.6436424,0.2541236,0.57738113
2,35,15,verbal,0.6997742,0.5465264,0.76884216,0.6615649,0.63904786,0.62873083,0.5779696,0.72149926,0.75442255,0.05738765,0.3465976,0.7019267,0.20570485,0.78000754,0.71590334,0.707993,0.5260608,0.59789014,0.7579265,0.7525665,0.7685218,0.6952785,0.4392024,0.66494316,0.19415382,0.6436424,0.2541236,0.57738113
2,36,1,verbal,0.6997742,0.5465264,0.76884216,0.6615649,0.63904786,0.62873083,0.5779696,0.72149926,0.75442255,0.05738765,0.3465976,0.7019267,0.20570485,0.78000754,0.71590334,0.707993,0.5260608,0.59789014,0.7579265,0.7525665,0.7685218,0.6952785,0.4392024,0.66494316,0.19415382,0.6436424,0.2541236,0.57738113
2,36,2,verbal,0.6997742,0.5465264,0.76884216,0.6615649,0.63904786,0.62873083,0.5779696,0.72149926,0.75442255,0.05738765,0.3465976,0.7019267,0.20570485,0.78000754,0.71590334,0.707993,0.5260608,0.59789014,0.7579265,0.7525665,0.7685218,0.6952785,0.4392024,0.66494316,0.19415382,0.6436424,0.2541236,0.57738113
2,36,3,verbal,0.6997742,0.5465264,0.76884216,0.6615649,0.63904786,0.62873083,0.5779696,0.72149926,0.75442255,0.05738765,0.3465976,0.7019267,0.20570485,0.78000754,0.71590334,0.707993,0.5260608,0.59789014,0.7579265,0.7525665,0.7685218,0.6952785,0.4392024,0.66494316,0.19415382,0.6436424,0.2541236,0.57738113
2,36,4,verbal,0.6997742,0.5465264,0.76884216,0.6615649,0.63904786,0.62873083,0.5779696,0.72149926,0.75442255,0.05738765,0.3465976,0.7019267,0.20570485,0.78000754,0.71590334,0.707993,0.5260608,0.59789014,0.7579265,0.7525665,0.7685218,0.6952785,0.4392024,0.66494316,0.19415382,0.6436424,0.2541236,0.57738113
2,36,5,verbal,0.6997742,0.5465264,0.76884216,0.6615649,0.63904786,0.62873083,0.5779696,0.72149926,0.75442255,0.05738765,0.3465976,0.7019267,0.20570485,0.78000754,0.71590334,0.707993,0.5260608,0.59789014,0.7579265,0.7525665,0.7685218,0.6952785,0.4392024,0.66494316,0.19415382,0.6436424,0.2541236,0.57738113
2,36,6,verbal,0.6997742,0.5465264,0.76884216,0.6615649,0.63904786,0.62873083,0.5779696,0.72149926,0.75442255,0.05738765,0.3465976,0.7019267,0.20570485,0.78000754,0.71590334,0.707993,0.5260608,0.59789014,0.7579265,0.7525665,0.7685218,0.6952785,0.4392024,0.66494316,0.19415382,0.6436424,0.2541236,0.57738113
2,36,7,verbal,0.6997742,0.5465264,0.76884216,0.6615649,0.63904786,0.62873083,0.5779696,0.72149926,0.75442255,0.05738765,0.3465976,0.7019267,0.20570485,0.78000754,0.71590334,0.707993,0.5260608,0.59789014,0.7579265,0.7525665,0.7685218,0.6952785,0.4392024,0.66494316,0.19415382,0.6436424,0.2541236,0.57738113
2,36,8,verbal,0.6997742,0.5465264,0.76884216,0.6615649,0.63904786,0.62873083,0.5779696,0.72149926,0.75442255,0.05738765,0.3465976,0.7019267,0.20570485,0.78000754,0.71590334,0.707993,0.5260608,0.59789014,0.7579265,0.7525665,0.7685218,0.6952785,0.4392024,0.66494316,0.19415382,0.6436424,0.2541236,0.57738113
2,36,9,verbal,0.6997742,0.5465264,0.76884216,0.6615649,0.63904786,0.62873083,0.5779696,0.72149926,0.75442255,0.05738765,0.3465976,0.7019267,0.20570485,0.78000754,0.71590334,0.707993,0.5260608,0.59789014,0.7579265,0.7525665,0.7685218,0.6952785,0.4392024,0.66494316,0.19415382,0.6436424,0.2541236,0.57738113
2,36,10,verbal,0.6997742,0.5465264,0.76884216,0.6615649,0.63904786,0.62873083,0.5779696,0.72149926,0.75442255,0.05738765,0.3465976,0.7019267,0.20570485,0.78000754,0.71590334,0.707993,0.5260608,0.59789014,0.7579265,0.7525665,0.7685218,0.6952785,0.4392024,0.66494316,0.19415382,0.6436424,0.2541236,0.57738113
2,36,11,verbal,0.6997742,0.5465264,0.76884216,0.6615649,0.63904786,0.62873083,0.5779696,0.72149926,0.75442255,0.05738765,0.3465976,0.7019267,0.20570485,0.78000754,0.71590334,0.707993,0.5260608,0.59789014,0.7579265,0.7525665,0.7685218,0.6952785,0.4392024,0.66494316,0.19415382,0.6436424,0.2541236,0.57738113
2,36,12,verbal,0.6997742,0.5465264,0.76884216,0.6615649,0.63904786,0.62873083,0.5779696,0.72149926,0.75442255,0.05738765,0.3465976,0.7019267,0.20570485,0.78000754,0.71590334,0.707993,0.5260608,0.59789014,0.7579265,0.7525665,0.7685218,0.6952785,0.4392024,0.66494316,0.19415382,0.6436424,0.2541236,0.57738113
2,36,13,verbal,0.6997742,0.5465264,0.76884216,0.6615649,0.63904786,0.62873083,0.5779696,0.72149926,0.75442255,0.05738765,0.3465976,0.7019267,0.20570485,0.78000754,0.71590334,0.707993,0.5260608,0.59789014,0.7579265,0.7525665,0.7685218,0.6952785,0.4392024,0.66494316,0.19415382,0.6436424,0.2541236,0.57738113
2,36,14,verbal,0.6997742,0.5465264,0.76884216,0.6615649,0.63904786,0.62873083,0.5779696,0.72149926,0.75442255,0.05738765,0.3465976,0.7019267,0.20570485,0.78000754,0.71590334,0.707993,0.5260608,0.59789014,0.7579265,0.7525665,0.7685218,0.6952785,0.4392024,0.66494316,0.19415382,0.6436424,0.2541236,0.57738113
2,36,15,verbal,0.6997742,0.5465264,0.76884216,0.6615649,0.63904786,0.62873083,0.5779696,0.72149926,0.75442255,0.05738765,0.3465976,0.7019267,0.20570485,0.78000754,0.71590334,0.707993,0.5260608,0.59789014,0.7579265,0.7525665,0.7685218,0.6952785,0.4392024,0.66494316,0.19415382,0.6436424,0.2541236,0.57738113
2,37,1,verbal,0.6997742,0.5465264,0.76884216,0.6615649,0.63904786,0.62873083,0.5779696,0.72149926,0.75442255,0.05738765,0.3465976,0.7019267,0.20570485,0.78000754,0.71590334,0.707993,0.5260608,0.59789014,0.7579265,0.7525665,0.7685218,0.6952785,0.4392024,0.66494316,0.19415382,0.6436424,0.2541236,0.57738113
2,37,2,verbal,0.6997742,0.5465264,0.76884216,0.6615649,0.63904786,0.62873083,0.5779696,0.72149926,0.75442255,0.05738765,0.3465976,0.7019267,0.20570485,0.78000754,0.71590334,0.707993,0.5260608,0.59789014,0.7579265,0.7525665,0.7685218,0.6952785,0.4392024,0.66494316,0.19415382,0.6436424,0.2541236,0.57738113
2,37,3,verbal,0.6997742,0.5465264,0.76884216,0.6615649,0.63904786,0.62873083,0.5779696,0.72149926,0.75442255,0.05738765,0.3465976,0.7019267,0.20570485,0.78000754,0.71590334,0.707993,0.5260608,0.59789014,0.7579265,0.7525665,0.7685218,0.6952785,0.4392024,0.66494316,0.19415382,0.6436424,0.2541236,0.57738113
2,37,4,verbal,0.6997742,0.5465264,0.76884216,0.6615649,0.63904786,0.62873083,0.5779696,0.72149926,0.75442255,0.05738765,0.3465976,0.7019267,0.20570485,0.78000754,0.71590334,0.707993,0.5260608,0.59789014,0.7579265,0.7525665,0.7685218,0.6952785,0.4392024,0.66494316,0.19415382,0.6436424,0.2541236,0.57738113
2,37,5,verbal,0.6997742,0.5465264,0.76884216,0.6615649,0.63904786,0.62873083,0.5779696,0.72149926,0.75442255,0.05738765,0.3465976,0.7019267,0.20570485,0.78000754,0.71590334,0.707993,0.5260608,0.59789014,0.7579265,0.7525665,0.7685218,0.6952785,0.4392024,0.66494316,0.19415382,0.6436424,0.2541236,0.57738113
2,37,6,verbal,0.6997742,0.5465264,0.76884216,0.6615649,0.63904786,0.62873083,0.5779696,0.72149926,0.75442255,0.05738765,0.3465976,0.7019267,0.20570485,0.78000754,0.71590334,0.707993,0.5260608,0.59789014,0.7579265,0.7525665,0.7685218,0.6952785,0.4392024,0.66494316,0.19415382,0.6436424,0.2541236,0.57738113
2,37,7,verbal,0.6997742,0.5465264,0.76884216,0.6615649,0.63904786,0.62873083,0.5779696,0.72149926,0.75442255,0.05738765,0.3465976,0.7019267,0.20570485,0.78000754,0.71590334,0.707993,0.5260608,0.59789014,0.7579265,0.7525665,0.7685218,0.6952785,0.4392024,0.66494316,0.19415382,0.6436424,0.2541236,0.57738113
2,37,8,verbal,0.6997742,0.5465264,0.76884216,0.6615649,0.63904786,0.62873083,0.5779696,0.72149926,0.75442255,0.05738765,0.3465976,0.7019267,0.20570485,0.78000754,0.71590334,0.707993,0.5260608,0.59789014,0.7579265,0.7525665,0.7685218,0.6952785,0.4392024,0.66494316,0.19415382,0.6436424,0.2541236,0.57738113
2,37,9,verbal,0.6997742,0.5465264,0.76884216,0.6615649,0.63904786,0.62873083,0.5779696,0.72149926,0.75442255,0.05738765,0.3465976,0.7019267,0.20570485,0.78000754,0.71590334,0.707993,0.5260608,0.59789014,0.7579265,0.7525665,0.7685218,0.6952785,0.4392024,0.66494316,0.19415382,0.6436424,0.2541236,0.57738113
2,37,10,verbal,0.6997742,0.5465264,0.76884216,0.6615649,0.63904786,0.62873083,0.5779696,0.72149926,0.75442255,0.05738765,0.3465976,0.7019267,0.20570485,0.78000754,0.71590334,0.707993,0.5260608,0.59789014,0.7579265,0.7525665,0.7685218,0.6952785,0.4392024,0.66494316,0.19415382,0.6436424,0.2541236,0.57738113
2,37,11,verbal,0.6997742,0.5465264,0.76884216,0.6615649,0.63904786,0.62873083,0.5779696,0.72149926,0.75442255,0.05738765,0.3465976,0.7019267,0.20570485,0.78000754,0.71590334,0.707993,0.5260608,0.59789014,0.7579265,0.7525665,0.7685218,0.6952785,0.4392024,0.66494316,0.19415382,0.6436424,0.2541236,0.57738113
2,37,12,verbal,0.6997742,0.5465264,0.76884216,0.6615649,0.63904786,0.62873083,0.5779696,0.72149926,0.75442255,0.05738765,0.3465976,0.7019267,0.20570485,0.78000754,0.71590334,0.707993,0.5260608,0.59789014,0.7579265,0.7525665,0.7685218,0.6952785,0.4392024,0.66494316,0.19415382,0.6436424,0.2541236,0.57738113
2,37,13,verbal,0.6997742,0.5465264,0.76884216,0.6615649,0.63904786,0.62873083,0.5779696,0.72149926,0.75442255,0.05738765,0.3465976,0.7019267,0.20570485,0.78000754,0.71590334,0.707993,0.5260608,0.59789014,0.7579265,0.7525665,0.7685218,0.6952785,0.4392024,0.66494316,0.19415382,0.6436424,0.2541236,0.57738113
2,37,14,verbal,0.6997742,0.5465264,0.76884216,0.6615649,0.63904786,0.62873083,0.5779696,0.72149926,0.75442255,0.05738765,0.3465976,0.7019267,0.20570485,0.78000754,0.71590334,0.707993,0.5260608,0.59789014,0.7579265,0.7525665,0.7685218,0.6952785,0.4392024,0.66494316,0.19415382,0.6436424,0.2541236,0.57738113
2,37,15,verbal,0.6997742,0.5465264,0.76884216,0.6615649,0.63904786,0.62873083,0.5779696,0.72149926,0.75442255,0.05738765,0.3465976,0.7019267,0.20570485,0.78000754,0.71590334,0.707993,0.5260608,0.59789014,0.7579265,0.7525665,0.7685218,0.6952785,0.4392024,0.66494316,0.19415382,0.6436424,0.2541236,0.57738113
2,38,1,verbal,0.6997742,0.5465264,0.76884216,0.6615649,0.63904786,0.62873083,0.5779696,0.72149926,0.75442255,0.05738765,0.3465976,0.7019267,0.20570485,0.78000754,0.71590334,0.707993,0.5260608,0.59789014,0.7579265,0.7525665,0.7685218,0.6952785,0.4392024,0.66494316,0.19415382,0.6436424,0.2541236,0.57738113
2,38,2,verbal,0.6997742,0.5465264,0.76884216,0.6615649,0.63904786,0.62873083,0.5779696,0.72149926,0.75442255,0.05738765,0.3465976,0.7019267,0.20570485,0.78000754,0.71590334,0.707993,0.5260608,0.59789014,0.7579265,0.7525665,0.7685218,0.6952785,0.4392024,0.66494316,0.19415382,0.6436424,0.2541236,0.57738113
2,38,3,verbal,0.6997742,0.5465264,0.76884216,0.6615649,0.63904786,0.62873083,0.5779696,0.72149926,0.75442255,0.05738765,0.3465976,0.7019267,0.20570485,0.78000754,0.71590334,0.707993,0.5260608,0.59789014,0.7579265,0.7525665,0.7685218,0.6952785,0.4392024,0.66494316,0.19415382,0.6436424,0.2541236,0.57738113
2,38,4,verbal,0.6997742,0.5465264,0.76884216,0.6615649,0.63904786,0.62873083,0.5779696,0.72149926,0.75442255,0.05738765,0.3465976,0.7019267,0.20570485,0.78000754,0.71590334,0.707993,0.5260608,0.59789014,0.7579265,0.7525665,0.7685218,0.6952785,0.4392024,0.66494316,0.19415382,0.6436424,0.2541236,0.57738113
2,38,5,verbal,0.6997742,0.5465264,0.76884216,0.6615649,0.63904786,0.62873083,0.5779696,0.72149926,0.75442255,0.05738765,0.3465976,0.7019267,0.20570485,0.78000754,0.71590334,0.707993,0.5260608,0.59789014,0.7579265,0.7525665,0.7685218,0.6952785,0.4392024,0.66494316,0.19415382,0.6436424,0.2541236,0.57738113
2,38,6,verbal,0.6997742,0.5465264,0.76884216,0.6615649,0.63904786,0.62873083,0.5779696,0.72149926,0.75442255,0.05738765,0.3465976,0.7019267,0.20570485,0.78000754,0.71590334,0.707993,0.5260608,0.59789014,0.7579265,0.7525665,0.7685218,0.6952785,0.4392024,0.66494316,0.19415382,0.6436424,0.2541236,0.57738113
2,38,7,verbal,0.6997742,0.5465264,0.76884216,0.6615649,0.63904786,0.62873083,0.5779696,0.72149926,0.75442255,0.05738765,0.3465976,0.7019267,0.20570485,0.78000754,0.71590334,0.707993,0.5260608,0.59789014,0.7579265,0.7525665,0.7685218,0.6952785,0.4392024,0.66494316,0.19415382,0.6436424,0.2541236,0.57738113
2,38,8,verbal,0.6997742,0.5465264,0.76884216,0.6615649,0.63904786,0.62873083,0.5779696,0.72149926,0.75442255,0.05738765,0.3465976,0.7019267,0.20570485,0.78000754,0.71590334,0.707993,0.5260608,0.59789014,0.7579265,0.7525665,0.7685218,0.6952785,0.4392024,0.66494316,0.19415382,0.6436424,0.2541236,0.57738113
2,38,9,verbal,0.6997742,0.5465264,0.76884216,0.6615649,0.63904786,0.62873083,0.5779696,0.72149926,0.75442255,0.05738765,0.3465976,0.7019267,0.20570485,0.78000754,0.71590334,0.707993,0.5260608,0.59789014,0.7579265,0.7525665,0.7685218,0.6952785,0.4392024,0.66494316,0.19415382,0.6436424,0.2541236,0.57738113
2,38,10,verbal,0.6997742,0.5465264,0.76884216,0.6615649,0.63904786,0.62873083,0.5779696,0.72149926,0.75442255,0.05738765,0.3465976,0.7019267,0.20570485,0.78000754,0.71590334,0.707993,0.5260608,0.59789014,0.7579265,0.7525665,0.7685218,0.6952785,0.4392024,0.66494316,0.19415382,0.6436424,0.2541236,0.57738113
2,38,11,verbal,0.6997742,0.5465264,0.76884216,0.6615649,0.63904786,0.62873083,0.5779696,0.72149926,0.75442255,0.05738765,0.3465976,0.7019267,0.20570485,0.78000754,0.71590334,0.707993,0.5260608,0.59789014,0.7579265,0.7525665,0.7685218,0.6952785,0.4392024,0.66494316,0.19415382,0.6436424,0.2541236,0.57738113
2,38,12,verbal,0.6997742,0.5465264,0.76884216,0.6615649,0.63904786,0.62873083,0.5779696,0.72149926,0.75442255,0.05738765,0.3465976,0.7019267,0.20570485,0.78000754,0.71590334,0.707993,0.5260608,0.59789014,0.7579265,0.7525665,0.7685218,0.6952785,0.4392024,0.66494316,0.19415382,0.6436424,0.2541236,0.57738113
2,38,13,verbal,0.6997742,0.5465264,0.76884216,0.6615649,0.63904786,0.62873083,0.5779696,0.72149926,0.75442255,0.05738765,0.3465976,0.7019267,0.20570485,0.78000754,0.71590334,0.707993,0.5260608,0.59789014,0.7579265,0.7525665,0.7685218,0.6952785,0.4392024,0.66494316,0.19415382,0.6436424,0.2541236,0.57738113
2,38,14,verbal,0.6997742,0.5465264,0.76884216,0.6615649,0.63904786,0.62873083,0.5779696,0.72149926,0.75442255,0.05738765,0.3465976,0.7019267,0.20570485,0.78000754,0.71590334,0.707993,0.5260608,0.59789014,0.7579265,0.7525665,0.7685218,0.6952785,0.4392024,0.66494316,0.19415382,0.6436424,0.2541236,0.57738113
2,38,15,verbal,0.6997742,0.5465264,0.76884216,0.6615649,0.63904786,0.62873083,0.5779696,0.72149926,0.75442255,0.05738765,0.3465976,0.7019267,0.20570485,0.78000754,0.71590334,0.707993,0.5260608,0.59789014,0.7579265,0.7525665,0.7685218,0.6952785,0.4392024,0.66494316,0.19415382,0.6436424,0.2541236,0.57738113
2,39,1,verbal,0.6997742,0.5465264,0.76884216,0.6615649,0.63904786,0.62873083,0.5779696,0.72149926,0.75442255,0.05738765,0.3465976,0.7019267,0.20570485,0.78000754,0.71590334,0.707993,0.5260608,0.59789014,0.7579265,0.7525665,0.7685218,0.6952785,0.4392024,0.66494316,0.19415382,0.6436424,0.2541236,0.57738113
2,39,2,verbal,0.6997742,0.5465264,0.76884216,0.6615649,0.63904786,0.62873083,0.5779696,0.72149926,0.75442255,0.05738765,0.3465976,0.7019267,0.20570485,0.78000754,0.71590334,0.707993,0.5260608,0.59789014,0.7579265,0.7525665,0.7685218,0.6952785,0.4392024,0.66494316,0.19415382,0.6436424,0.2541236,0.57738113
2,39,3,verbal,0.6997742,0.5465264,0.76884216,0.6615649,0.63904786,0.62873083,0.5779696,0.72149926,0.75442255,0.05738765,0.3465976,0.7019267,0.20570485,0.78000754,0.71590334,0.707993,0.5260608,0.59789014,0.7579265,0.7525665,0.7685218,0.6952785,0.4392024,0.66494316,0.19415382,0.6436424,0.2541236,0.57738113
2,39,4,verbal,0.6997742,0.5465264,0.76884216,0.6615649,0.63904786,0.62873083,0.5779696,0.72149926,0.75442255,0.05738765,0.3465976,0.7019267,0.20570485,0.78000754,0.71590334,0.707993,0.5260608,0.59789014,0.7579265,0.7525665,0.7685218,0.6952785,0.4392024,0.66494316,0.19415382,0.6436424,0.2541236,0.57738113
2,39,5,verbal,0.6997742,0.5465264,0.76884216,0.6615649,0.63904786,0.62873083,0.5779696,0.72149926,0.75442255,0.05738765,0.3465976,0.7019267,0.20570485,0.78000754,0.71590334,0.707993,0.5260608,0.59789014,0.7579265,0.7525665,0.7685218,0.6952785,0.4392024,0.66494316,0.19415382,0.6436424,0.2541236,0.57738113
2,39,6,verbal,0.6997742,0.5465264,0.76884216,0.6615649,0.63904786,0.62873083,0.5779696,0.72149926,0.75442255,0.05738765,0.3465976,0.7019267,0.20570485,0.78000754,0.71590334,0.707993,0.5260608,0.59789014,0.7579265,0.7525665,0.7685218,0.6952785,0.4392024,0.66494316,0.19415382,0.6436424,0.2541236,0.57738113
2,39,7,verbal,0.6997742,0.5465264,0.76884216,0.6615649,0.63904786,0.62873083,0.5779696,0.72149926,0.75442255,0.05738765,0.3465976,0.7019267,0.20570485,0.78000754,0.71590334,0.707993,0.5260608,0.59789014,0.7579265,0.7525665,0.7685218,0.6952785,0.4392024,0.66494316,0.19415382,0.6436424,0.2541236,0.57738113
2,39,8,verbal,0.6997742,0.5465264,0.76884216,0.6615649,0.63904786,0.62873083,0.5779696,0.72149926,0.75442255,0.05738765,0.3465976,0.7019267,0.20570485,0.78000754,0.71590334,0.707993,0.5260608,0.59789014,0.7579265,0.7525665,0.7685218,0.6952785,0.4392024,0.66494316,0.19415382,0.6436424,0.2541236,0.57738113
2,39,9,verbal,0.6997742,0.5465264,0.76884216,0.6615649,0.63904786,0.62873083,0.5779696,0.72149926,0.75442255,0.05738765,0.3465976,0.7019267,0.20570485,0.78000754,0.71590334,0.707993,0.5260608,0.59789014,0.7579265,0.7525665,0.7685218,0.6952785,0.4392024,0.66494316,0.19415382,0.6436424,0.2541236,0.57738113
2,39,10,verbal,0.6997742,0.5465264,0.76884216,0.6615649,0.63904786,0.62873083,0.5779696,0.72149926,0.75442255,0.05738765,0.3465976,0.7019267,0.20570485,0.78000754,0.71590334,0.707993,0.5260608,0.59789014,0.7579265,0.7525665,0.7685218,0.6952785,0.4392024,0.66494316,0.19415382,0.6436424,0.2541236,0.57738113
2,39,11,verbal,0.6997742,0.5465264,0.76884216,0.6615649,0.63904786,0.62873083,0.5779696,0.72149926,0.75442255,0.05738765,0.3465976,0.7019267,0.20570485,0.78000754,0.71590334,0.707993,0.5260608,0.59789014,0.7579265,0.7525665,0.7685218,0.6952785,0.4392024,0.66494316,0.19415382,0.6436424,0.2541236,0.57738113
2,39,12,verbal,0.6997742,0.5465264,0.76884216,0.6615649,0.63904786,0.62873083,0.5779696,0.72149926,0.75442255,0.05738765,0.3465976,0.7019267,0.20570485,0.78000754,0.71590334,0.707993,0.5260608,0.59789014,0.7579265,0.7525665,0.7685218,0.6952785,0.4392024,0.66494316,0.19415382,0.6436424,0.2541236,0.57738113
2,39,13,verbal,0.6997742,0.5465264,0.76884216,0.6615649,0.63904786,0.62873083,0.5779696,0.72149926,0.75442255,0.05738765,0.3465976,0.7019267,0.20570485,0.78000754,0.71590334,0.707993,0.5260608,0.59789014,0.7579265,0.7525665,0.7685218,0.6952785,0.4392024,0.66494316,0.19415382,0.6436424,0.2541236,0.57738113
2,39,14,verbal,0.6997742,0.5465264,0.76884216,0.6615649,0.63904786,0.62873083,0.5779696,0.72149926,0.75442255,0.05738765,0.3465976,0.7019267,0.20570485,0.78000754,0.71590334,0.707993,0.5260608,0.59789014,0.7579265,0.7525665,0.7685218,0.6952785,0.4392024,0.66494316,0.19415382,0.6436424,0.2541236,0.57738113
2,39,15,verbal,0.6997742,0.5465264,0.76884216,0.6615649,0.63904786,0.62873083,0.5779696,0.72149926,0.75442255,0.05738765,0.3465976,0.7019267,0.20570485,0.78000754,0.71590334,0.707993,0.5260608,0.59789014,0.7579265,0.7525665,0.7685218,0.6952785,0.4392024,0.66494316,0.19415382,0.6436424,0.2541236,0.57738113
2,40,1,verbal,0.6997742,0.5465264,0.76884216,0.6615649,0.63904786,0.62873083,0.5779696,0.72149926,0.75442255,0.05738765,0.3465976,0.7019267,0.20570485,0.78000754,0.71590334,0.707993,0.5260608,0.59789014,0.7579265,0.7525665,0.7685218,0.6952785,0.4392024,0.66494316,0.19415382,0.6436424,0.2541236,0.57738113
2,40,2,verbal,0.6997742,0.5465264,0.76884216,0.6615649,0.63904786,0.62873083,0.5779696,0.72149926,0.75442255,0.05738765,0.3465976,0.7019267,0.20570485,0.78000754,0.71590334,0.707993,0.5260608,0.59789014,0.7579265,0.7525665,0.7685218,0.6952785,0.4392024,0.66494316,0.19415382,0.6436424,0.2541236,0.57738113
2,40,3,verbal,0.6997742,0.5465264,0.76884216,0.6615649,0.63904786,0.62873083,0.5779696,0.72149926,0.75442255,0.05738765,0.3465976,0.7019267,0.20570485,0.78000754,0.71590334,0.707993,0.5260608,0.59789014,0.7579265,0.7525665,0.7685218,0.6952785,0.4392024,0.66494316,0.19415382,0.6436424,0.2541236,0.57738113
2,40,4,verbal,0.6997742,0.5465264,0.76884216,0.6615649,0.63904786,0.62873083,0.5779696,0.72149926,0.75442255,0.05738765,0.3465976,0.7019267,0.20570485,0.78000754,0.71590334,0.707993,0.5260608,0.59789014,0.7579265,0.7525665,0.7685218,0.6952785,0.4392024,0.66494316,0.19415382,0.6436424,0.2541236,0.57738113
2,40,5,verbal,0.6997742,0.5465264,0.76884216,0.6615649,0.63904786,0.62873083,0.5779696,0.72149926,0.75442255,0.05738765,0.3465976,0.7019267,0.20570485,0.78000754,0.71590334,0.707993,0.5260608,0.59789014,0.7579265,0.7525665,0.7685218,0.6952785,0.4392024,0.66494316,0.19415382,0.6436424,0.2541236,0.57738113
2,40,6,verbal,0.6997742,0.5465264,0.76884216,0.6615649,0.63904786,0.62873083,0.5779696,0.72149926,0.75442255,0.05738765,0.3465976,0.7019267,0.20570485,0.78000754,0.71590334,0.707993,0.5260608,0.59789014,0.7579265,0.7525665,0.7685218,0.6952785,0.4392024,0.66494316,0.19415382,0.6436424,0.2541236,0.57738113
2,40,7,verbal,0.6997742,0.5465264,0.76884216,0.6615649,0.63904786,0.62873083,0.5779696,0.72149926,0.75442255,0.05738765,0.3465976,0.7019267,0.20570485,0.78000754,0.71590334,0.707993,0.5260608,0.59789014,0.7579265,0.7525665,0.7685218,0.6952785,0.4392024,0.66494316,0.19415382,0.6436424,0.2541236,0.57738113
2,40,8,verbal,0.6997742,0.5465264,0.76884216,0.6615649,0.63904786,0.62873083,0.5779696,0.72149926,0.75442255,0.05738765,0.3465976,0.7019267,0.20570485,0.78000754,0.71590334,0.707993,0.5260608,0.59789014,0.7579265,0.7525665,0.7685218,0.6952785,0.4392024,0.66494316,0.19415382,0.6436424,0.2541236,0.57738113
2,40,9,verbal,0.6997742,0.5465264,0.76884216,0.6615649,0.63904786,0.62873083,0.5779696,0.72149926,0.75442255,0.05738765,0.3465976,0.7019267,0.20570485,0.78000754,0.71590334,0.707993,0.5260608,0.59789014,0.7579265,0.7525665,0.7685218,0.6952785,0.4392024,0.66494316,0.19415382,0.6436424,0.2541236,0.57738113
2,40,10,verbal,0.6997742,0.5465264,0.76884216,0.6615649,0.63904786,0.62873083,0.5779696,0.72149926,0.75442255,0.05738765,0.3465976,0.7019267,0.20570485,0.78000754,0.71590334,0.707993,0.5260608,0.59789014,0.7579265,0.7525665,0.7685218,0.6952785,0.4392024,0.66494316,0.19415382,0.6436424,0.2541236,0.57738113
2,40,11,verbal,0.6997742,0.5465264,0.76884216,0.6615649,0.63904786,0.62873083,0.5779696,0.72149926,0.75442255,0.05738765,0.3465976,0.7019267,0.20570485,0.78000754,0.71590334,0.707993,0.5260608,0.59789014,0.7579265,0.7525665,0.7685218,0.6952785,0.4392024,0.66494316,0.19415382,0.6436424,0.2541236,0.57738113
2,40,12,verbal,0.6997742,0.5465264,0.76884216,0.6615649,0.63904786,0.62873083,0.5779696,0.72149926,0.75442255,0.05738765,0.3465976,0.7019267,0.20570485,0.78000754,0.71590334,0.707993,0.5260608,0.59789014,0.7579265,0.7525665,0.7685218,0.6952785,0.4392024,0.66494316,0.19415382,0.6436424,0.2541236,0.57738113
2,40,13,verbal,0.6997742,0.5465264,0.76884216,0.6615649,0.63904786,0.62873083,0.5779696,0.72149926,0.75442255,0.05738765,0.3465976,0.7019267,0.20570485,0.78000754,0.71590334,0.707993,0.5260608,0.59789014,0.7579265,0.7525665,0.7685218,0.6952785,0.4392024,0.66494316,0.19415382,0.6436424,0.2541236,0.57738113
2,40,14,verbal,0.6997742,0.5465264,0.76884216,0.6615649,0.63904786,0.62873083,0.5779696,0.72149926,0.75442255,0.05738765,0.3465976,0.7019267,0.20570485,0.78000754,0.71590334,0.707993,0.5260608,0.59789014,0.7579265,0.7525665,0.7685218,0.6952785,0.4392024,0.66494316,0.19415382,0.6436424,0.2541236,0.57738113
2,40,15,verbal,0.6997742,0.5465264,0.76884216,0.6615649,0.63904786,0.62873083,0.5779696,0.72149926,0.75442255,0.05738765,0.3465976,0.7019267,0.20570485,0.78000754,0.71590334,0.707993,0.5260608,0.59789014,0.7579265,0.7525665,0.7685218,0.6952785,0.4392024,0.66494316,0.19415382,0.6436424,0.2541236,0.57738113
3,41,1,verbal,0.87559325,0.60308677,0.71630174,0.38042137,0.58969,0.19646592,0.74576765,0.90054077,0.8294544,0.5711541,0.3577523,0.41506016,0.88487625,0.614235,0.3095936,0.70076174,0.120194174,0.66170204,0.42679814,0.69893503,0.63087714,0.4467883,0.586654,0.42721573,0.5295792,0.581292,0.8425825,0.71189
3,41,2,verbal,0.9928498,0.9612475,0.9756758,0.8961365,0.8761666,0.9071057,0.40394855,0.8119367,0.9917853,0.9638973,0.6522168,0.95907605,0.70640606,0.98004663,0.92731345,0.7317595,0.924803,0.28763548,0.7755639,0.98714006,0.25477606,0.99887,0.9756811,0.7677577,0.9794022,0.9718714,0.86152613,0.9740414
3,41,3,verbal,0.9567573,0.7749494,0.013217401,0.6430461,0.99668026,0.76106775,0.84760207,0.76065904,0.5310012,0.41635045,0.98600715,0.5942674,0.4606733,0.26638943,0.45778996,0.9902649,0.6293834,0.59027505,0.9040595,0.96355146,0.9743326,0.7523786,0.90196544,0.4233378,0.3135868,0.8515419,0.98382,0.5651337
3,41,4,verbal,0.9189244,0.61542857,0.14946723,0.5507597,0.42611143,0.47319043,0.8307283,0.9015985,0.499807,0.014738514,0.38798645,0.048304938,0.059441492,0.5963954,0.7270737,0.4962111,0.8771054,0.8615968,0.86594445,0.49781862,0.5051225,0.74712366,0.28893495,0.43720216,0.018775124,0.38036337,0.35191727,0.14907052
3,41,5,verbal,0.99402285,0.8735691,0.9701978,0.9681066,0.7197167,0.9678786,0.8451504,0.98320293,0.9973369,0.99584305,0.8378841,0.99658173,0.9570151,0.9515561,0.9498184,0.60400224,0.95159924,0.74437153,0.96268487,0.096561804,0.9484457,0.9723184,0.26914603,0.76443595,0.9745481,0.32511505,0.6349358,0.97795236
3,41,6,verbal,0.6474082,0.9660629,0.82762194,0.04823833,0.60265845,0.5137553,0.1403666,0.9354778,0.9979101,0.7945373,0.2117666,0.9952913,0.48891115,0.54585063,0.78826064,0.78198373,0.7581361,0.41352114,0.9780849,0.83070123,0.95823455,0.31985876,0.68022734,0.7510897,0.103992335,0.7165266,0.15867195,0.16320385
3,41,7,verbal,0.7962101,0.79737055,0.80396175,0.25013357,0.29684004,0.6318371,0.18055426,0.82982427,0.97343737,0.8790933,0.21401325,0.9644744,0.7563716,0.4231516,0.5292048,0.38867906,0.56278837,0.65727127,0.7778751,0.53094625,0.39872676,0.9247586,0.46267158,0.57076114,0.7602375,0.53815204,0.41623387,0.9106108
3,41,8,verbal,0.45605424,0.76698244,0.60286486,0.6131428,0.03248505,0.7252631,0.6841647,0.3790509,0.56679064,0.58590263,0.009884373,0.70452744,0.64420694,0.53742117,0.56189257,0.12957093,0.7075581,0.54286194,0.5352636,0.5930688,0.84219795,0.6080526,0.60837686,0.8716673,0.6226831,0.6932879,0.6065149,0.7852911
3,41,9,verbal,0.91057247,0.8710598,0.7371071,0.72375834,0.59191936,0.71172374,0.113829784,0.8998392,0.80986685,0.79135185,0.84910154,0.77310497,0.36027756,0.58826834,0.5920879,0.64515066,0.5914986,0.38003486,0.6876219,0.8018568,0.7294972,0.64834255,0.7847958,0.7061509,0.6243438,0.77190095,0.16300951,0.5981918
3,41,10,verbal,0.9675427,0.83871734,0.51456636,0.4764817,0.35779592,0.33116278,0.26388487,0.9463116,0.7049964,0.6412333,0.70737803,0.51395315,0.68334585,0.1800738,0.20500961,0.013182846,0.041143436,0.36270818,0.51884186,0.43330306,0.007974243,0.5462661,0.4494279,0.57644874,0.5197421,0.34446472,0.052837566,0.26897612
3,41,11,verbal,0.43861923,0.5213348,0.77225953,0.6506672,0.22111021,0.61877066,0.68735635,0.13638021,0.8995941,0.7560482,0.3660113,0.74083763,0.83091295,0.75925434,0.6629153,0.19257429,0.6230332,0.691339,0.080464564,0.33308205,0.51775604,0.86483735,0.27997938,0.3654584,0.5654787,0.3139811,0.2642551,0.14415817
3,41,12,verbal,0.3496313,0.71554023,0.8631289,0.82145804,0.16014063,0.780221,0.3410347,0.6117902,0.88050497,0.85390484,0.19876222,0.8024164,0.4920283,0.8522934,0.8081832,0.23373777,0.77829325,0.36720708,0.48794225,0.38436782,0.69782954,0.15956752,0.4278218,0.6979532,0.18111421,0.27380127,0.05777803,0.06195927
3,41,13,verbal,0.9925176,0.9759282,0.9995143,0.9994824,0.7817483,0.9996161,0.99069375,0.9939678,0.9998774,0.9997296,0.84279686,0.99987715,0.9950127,0.9993421,0.99920833,0.69229394,0.9995349,0.9874503,0.996351,0.99537647,0.998635,0.9873074,0.99450153,0.99275404,0.986744,0.9962971,0.9786726,0.9901782
3,41,14,verbal,0.059634496,0.7913549,0.7717581,0.85454124,0.3859769,0.6478446,0.57531863,0.72444755,0.9608728,0.9423163,0.29378185,0.90796083,0.7994278,0.9355168,0.945459,0.6159556,0.9183333,0.87713414,0.7232959,0.37661558,0.82249767,0.93843514,0.46430132,0.8425546,0.95020753,0.13257326,0.04977347,0.4075759
3,41,15,verbal,0.36618057,0.80549556,0.61735696,0.5138035,0.27243567,0.3168797,0.36534074,0.26638693,0.94512916,0.9063006,0.07147377,0.89166856,0.72760516,0.81633073,0.7550068,0.15678297,0.69547224,0.6351414,0.3225682,0.16468352,0.92442954,0.48145515,0.10454304,0.7237653,0.3558204,0.24206457,0.42041335,0.11313667
3,42,1,verbal,0.30078775,0.16628626,0.65995497,0.55610305,0.10073567,0.3982457,0.45303297,0.47456735,0.8876887,0.88821936,0.39105976,0.56240153,0.7368101,0.73354316,0.644996,0.20617108,0.5225333,0.5855665,0.43527967,0.017604254,0.9200642,0.89184433,0.014433887,0.8158873,0.7869518,0.14593129,0.090318725,0.7270138
3,42,2,verbal,0.34003964,0.8570416,0.47710505,0.42785302,0.66335785,0.060495473,0.23710507,0.31637752,0.6450601,0.792488,0.13754694,0.064654976,0.4499395,0.75675255,0.7780988,0.3158919,0.5189512,0.65893537,0.584918,0.11351418,0.86965984,0.9460974,0.0025887485,0.85650253,0.8704788,0.3047076,0.14299391,0.58720803
3,42,3,verbal,0.23034906,0.44028655,0.9095291,0.9179225,0.317389,0.8824059,0.83888775,0.22318389,0.9163703,0.9114567,0.22363421,0.8890106,0.8619007,0.90317374,0.913612,0.42851964,0.8748462,0.82382387,0.604969,0.15717378,0.10164189,0.9440566,0.21626619,0.31934965,0.90883374,0.21567452,0.026115255,0.8600521
3,42,4,verbal,0.44583073,0.85964924,0.54026717,0.55277276,0.40118954,0.16026822,0.29123056,0.3117018,0.8530621,0.81154364,0.12248834,0.5786952,0.76284415,0.7052056,0.68490386,0.2458374,0.4719801,0.61847246,0.38274333,0.2951558,0.815806,0.90486926,0.253142,0.7102367,0.754102,0.25340378,0.29722112,0.11303689
3,42,5,verbal,0.038980886,0.83992493,0.88488245,0.9071245,0.7219846,0.79712945,0.87923217,0.7190413,0.95119876,0.9447353,0.5582927,0.8979399,0.7013113,0.93955356,0.940832,0.8330402,0.90615004,0.92860204,0.62532884,0.2428162,0.7868684,0.2702292,0.25616235,0.8124681,0.08739881,0.3653497,0.9749539,0.54175985
3,42,6,verbal,0.6260357,0.5316721,0.12876062,0.06750865,0.5433199,0.2704172,0.24754608,0.35330385,0.90782756,0.87708056,0.12708807,0.8033835,0.7379239,0.23667379,0.19529149,0.31429127,0.12859698,0.077974275,0.09342449,0.3777098,0.628448,0.91140825,0.33783367,0.35138857,0.89095366,0.34319484,0.33371863,0.76524067
3,42,7,verbal,0.31286055,0.8639923,0.63048613,0.63431484,0.176418,0.3161885,0.3328892,0.34621215,0.83056724,0.72308457,0.37655792,0.6486399,0.40025422,0.74592245,0.74454176,0.2347836,0.55995744,0.5434849,0.27903566,0.10905912,0.7617035,0.31191003,0.07399065,0.63456917,0.33497992,0.091885276,0.16317922,0.14552082
3,42,8,verbal,0.63538593,0.91938543,0.51340103,0.58936214,0.42456996,0.046912387,0.12930134,0.21389411,0.7825308,0.775246,0.4820824,0.37363026,0.6419176,0.74801105,0.7657794,0.6372642,0.3957931,0.5898815,0.5249839,0.1625937,0.85990584,0.8877059,0.094919264,0.75348103,0.79344964,0.12617144,0.21757922,0.37457037
3,42,9,verbal,0.2750784,0.4731364,0.4499409,0.35940942,0.06763301,0.08736682,0.7081727,0.43981478,0.7832445,0.6260379,0.13364282,0.41518727,0.6631749,0.2888826,0.19680777,0.18551555,0.13138789,0.81763244,0.037532076,0.22962648,0.648536,0.96441877,0.16410896,0.41378954,0.9497327,0.15443547,0.74294686,0.85868454
3,42,10,verbal,0.24764787,0.6105289,0.7767296,0.77690977,0.43158838,0.41318533,0.3994394,0.053565715,0.7955003,0.79118985,0.14909492,0.26345378,0.16120991,0.90425473,0.89306104,0.2725528,0.6584047,0.34617293,0.4917998,0.29560572,0.8501371,0.5800904,0.23804742,0.8497647,0.6174111,0.31530038,0.21556692,0.34984434
3,42,11,verbal,0.9125616,0.9483658,0.35995796,0.8206262,0.721295,0.69121987,0.9351733,0.9480866,0.89487416,0.5734212,0.7064509,0.79758954,0.8941105,0.8964542,0.91582036,0.82038414,0.94213843,0.9550636,0.95718265,0.74322313,0.8188816,0.99740815,0.6675862,0.89551836,0.7683866,0.74137455,0.64468044,0.9794105
3,42,12,verbal,0.88202053,0.2690755,0.003135598,0.19985758,0.53024226,0.42613837,0.54060274,0.7912667,0.89996463,0.6207573,0.42236158,0.81085414,0.50692785,0.16693297,0.23381314,0.42318997,0.47343495,0.4956742,0.45574847,0.46913597,0.85899884,0.9421466,0.4990726,0.015048756,0.64084256,0.4400065,0.46453303,0.77606666
3,42,13,verbal,0.35234946,0.9007065,0.8429914,0.83597744,0.13123327,0.63797563,0.73520285,0.8325746,0.8623331,0.8533353,0.16238792,0.65306777,0.7476631,0.90421206,0.90543115,0.43439248,0.8181322,0.86983305,0.32747102,0.31794983,0.7181801,0.85678464,0.28961402,0.6351889,0.8126686,0.16342752,0.102581024,0.0652356
3,42,14,verbal,0.11662693,0.47012872,0.7661807,0.73963076,0.10881207,0.68402845,0.6244313,0.21780254,0.8160055,0.74026823,0.15071104,0.79554147,0.7257934,0.70807683,0.72175074,0.2392251,0.63353395,0.62597364,0.24575537,0.15146616,0.2506752,0.90722346,0.13808978,0.24598272,0.6713433,0.15134273,0.12824637,0.6796245
3,42,15,verbal,0.04040326,0.42783532,0.6805977,0.51716715,0.22913288,0.53622997,0.39281246,0.43362403,0.6965007,0.5169684,0.088701546,0.6785098,0.42425048,0.18909936,0.1054783,0.18480228,0.00075594767,0.0965095,0.093714245,0.04742974,0.21100737,0.8463934,0.069698095,0.0068104765,0.57347655,0.05439664,0.023792313,0.8368844
3,43,1,verbal,0.36595035,0.88160414,0.61776847,0.25900286,0.17564794,0.27926803,0.9556397,0.8493032,0.77272284,0.42591578,0.02530238,0.6011601,0.9524467,0.35013577,0.4330984,0.7097225,0.58566713,0.752814,0.6999116,0.9208546,0.5999342,0.9346716,0.6872681,0.10973946,0.95171136,0.6846423,0.97563267,0.94130903
3,43,2,verbal,0.16884932,0.13992158,0.61422616,0.5472813,0.3308945,0.50852424,0.2238482,0.33643955,0.87230045,0.7881069,0.46807125,0.8430891,0.6153551,0.3993637,0.34648123,0.379387,0.3143814,0.0022147892,0.24162921,0.6299684,0.088386856,0.98415595,0.49073586,0.0643316,0.8546329,0.56642747,0.5165294,0.91031975
3,43,3,verbal,0.924147,0.5832944,0.044153817,0.19822697,0.37890354,0.07622322,0.5838361,0.88126045,0.85825115,0.5837293,0.07218021,0.8391218,0.254411,0.40595326,0.4974863,0.46142486,0.5388222,0.7467771,0.771145,0.78904873,0.067848995,0.9962884,0.71289843,0.57653576,0.8451101,0.8273722,0.52501714,0.9793712
3,43,4,verbal,0.30627805,0.84792584,0.37362576,0.0408004,0.6172722,0.0997481,0.35779515,0.7481007,0.5645518,0.113518715,0.56826526,0.3076847,0.5537743,0.36556688,0.4782861,0.7619907,0.54158175,0.5523336,0.72724926,0.98675764,0.5957238,0.07646352,0.8531243,0.38556263,0.46147215,0.9422286,0.8938296,0.34149027
3,43,5,verbal,0.78729725,0.12420429,0.46671784,0.24377225,0.5076627,0.066456966,0.059566356,0.7002855,0.87148446,0.7796211,0.1786508,0.69075507,0.7100321,0.22441383,0.06343976,0.49546674,0.12310601,0.16994156,0.34001678,0.97567976,0.6502799,0.9036638,0.8985378,0.16343185,0.58894056,0.90192354,0.9364511,0.6060799
3,43,6,verbal,0.6624852,0.35469058,0.04948314,0.15797406,0.5227416,0.3900487,0.48618218,0.5276028,0.46633095,0.14541678,0.2931947,0.055583447,0.1596654,0.23732781,0.31728584,0.49674085,0.55296105,0.51465493,0.497911,0.91118366,0.37752238,0.9473053,0.5313301,0.21481492,0.3278247,0.57638925,0.40868598,0.61273986
3,43,7,verbal,0.79842144,0.12876397,0.93621415,0.9196655,0.74858004,0.9046665,0.774431,0.47126552,0.97393227,0.9828939,0.9522205,0.9526914,0.8349188,0.8755401,0.84109354,0.5546538,0.85481244,0.84159166,0.5232474,0.9639402,0.21285237,0.2681488,0.9790284,0.12539017,0.050742436,0.92143965,0.8231611,0.115763634
3,43,8,verbal,0.992425,0.973198,0.8927521,0.9239117,0.9966223,0.89960533,0.9748847,0.9965413,0.99449015,0.9838264,0.97798586,0.99372935,0.41503567,0.9829855,0.99293274,0.99915475,0.9877916,0.99620044,0.96045285,0.99864554,0.065607384,0.9826305,0.9985071,0.9865827,0.98009056,0.99953836,0.8618984,0.99356395
3,43,9,verbal,0.42761654,0.7336149,0.14527194,0.23329386,0.4882447,0.3396162,0.095623694,0.93586814,0.66916,0.7688553,0.08476196,0.8594029,0.7686776,0.94579065,0.9355202,0.97402686,0.96848464,0.9614726,0.29326627,0.49964276,0.7746485,0.11562072,0.90295106,0.589121,0.5252268,0.9296215,0.75700206,0.8192786
3,43,10,verbal,0.35260814,0.7521841,0.81353056,0.5699793,0.24946974,0.7301408,0.05392339,0.5853239,0.93806654,0.62312466,0.051092513,0.9236515,0.12850034,0.029093191,0.24686457,0.5586574,0.12690456,0.57705164,0.6919989,0.9126897,0.03304407,0.94673413,0.84906304,0.65274525,0.84291774,0.9342507,0.20631902,0.9811669
3,43,11,verbal,0.81060684,0.9758221,0.85312843,0.534443,0.15719332,0.81016076,0.45753813,0.97874403,0.9644569,0.7376279,0.28647366,0.9495327,0.77875817,0.1153942,0.4886927,0.96018314,0.10754321,0.8991421,0.91488385,0.99521166,0.032489203,0.997672,0.93242055,0.84276295,0.65882015,0.99103016,0.96320945,0.99205583
3,43,12,verbal,0.90109485,0.8773038,0.25895017,0.46575823,0.85098594,0.59229153,0.7374112,0.9571224,0.9092314,0.59531903,0.53440726,0.8230407,0.20817955,0.60678005,0.67414445,0.907453,0.7884665,0.84384847,0.74817264,0.98431915,0.83985114,0.9815405,0.9538086,0.14845982,0.79085356,0.9748978,0.9216278,0.91133827
3,43,13,verbal,0.56212336,0.28203368,0.37648818,0.06950079,0.6179916,0.2558797,0.35685775,0.5425137,0.76333845,0.49184132,0.32915118,0.74152386,0.20425725,0.0982891,0.20689538,0.5512496,0.20165779,0.4286303,0.4270518,0.95693797,0.22615133,0.9330907,0.8427718,0.3274331,0.5681579,0.90329015,0.7778018,0.93415844
3,43,14,verbal,0.8497522,0.8867781,0.03645096,0.41793498,0.76651996,0.19714199,0.47494373,0.9431335,0.70665854,0.10901072,0.6514368,0.45337594,0.20632686,0.69757897,0.7628377,0.8539667,0.76549965,0.765657,0.8748243,0.97040236,0.6679808,0.7183255,0.9087948,0.7011146,0.39890447,0.9280897,0.724178,0.68570894
3,43,15,verbal,0.73480576,0.9131592,0.1306045,0.5422876,0.81672144,0.3734887,0.87403584,0.87026536,0.90423536,0.17979631,0.6842246,0.86331683,0.7875867,0.6004183,0.7195662,0.888559,0.6956911,0.88797283,0.86632913,0.9831437,0.6889249,0.8243202,0.92667985,0.8176266,0.72033036,0.9824772,0.5489222,0.80026805
3,44,1,verbal,0.55547774,0.94164497,0.42142466,0.15927097,0.44840744,0.19145277,0.55546796,0.83106494,0.85390896,0.3730623,0.004449253,0.8077317,0.25923568,0.46846002,0.64764076,0.7761593,0.59412056,0.802176,0.8752691,0.74693614,0.5719847,0.9936584,0.34794518,0.7804653,0.8124286,0.65544254,0.2637102,0.97679025
3,44,2,verbal,0.96821225,0.9731765,0.09057841,0.8134685,0.9551061,0.285029,0.95069814,0.9955356,0.9790123,0.4841133,0.80107355,0.97677636,0.3440984,0.89772624,0.93584764,0.9808928,0.92923856,0.98031956,0.96057904,0.99573165,0.75779074,0.99867386,0.9800628,0.9250266,0.9578534,0.99253315,0.9018016,0.99354374
3,44,3,verbal,0.788791,0.9354254,0.4422442,0.69561374,0.8597311,0.57195735,0.740752,0.9402713,0.8128935,0.10118858,0.6529025,0.75103486,0.3212505,0.79730767,0.82079273,0.912124,0.8359393,0.8666267,0.8643815,0.983168,0.52798104,0.91024965,0.80064005,0.8245611,0.4888755,0.97808844,0.5634648,0.8758429
3,44,4,verbal,0.841459,0.7470296,0.6615988,0.27833617,0.57786226,0.633197,0.18616052,0.8573498,0.97488904,0.942717,0.38954693,0.9765296,0.9387092,0.16421515,0.29976785,0.717624,0.21684523,0.5460135,0.53786594,0.9281031,0.13116294,0.9887959,0.88059247,0.5534237,0.88735723,0.9339165,0.7978295,0.9651622
3,44,5,verbal,0.20886266,0.76720494,0.32533097,0.097174406,0.44525898,0.0029077874,0.39785466,0.71681744,0.48676106,0.06830399,0.33758962,0.20330839,0.27897874,0.39800158,0.4636782,0.62843925,0.55567694,0.6280015,0.7043545,0.65398884,0.698638,0.995758,0.49309602,0.4441443,0.57822454,0.5474777,0.30415696,0.94996774
3,44,6,verbal,0.10284557,0.7640611,0.8836408,0.9020994,0.7239448,0.76471037,0.7930257,0.7708302,0.9424448,0.9599649,0.8676087,0.8684229,0.8949082,0.944547,0.94702506,0.8781648,0.87272334,0.8970409,0.34829888,0.7881255,0.24092482,0.9279911,0.82345235,0.34401184,0.8365188,0.6312489,0.48502004,0.63807666
3,44,7,verbal,0.99512804,0.9279905,0.952065,0.90725225,0.1635781,0.74860173,0.0380776,0.9150545,0.97762394,0.9383595,0.9104611,0.86154133,0.9056841,0.9628167,0.92351,0.57536614,0.80185413,0.5272009,0.7881394,0.9875762,0.3192638,0.9833491,0.94361514,0.92398137,0.93667656,0.8206953,0.10720532,0.81592095
3,44,8,verbal,0.9375998,0.290953,0.78053343,0.6845852,0.09025792,0.6376292,0.26124206,0.7154688,0.8509612,0.7499905,0.458148,0.6696323,0.6507678,0.7420889,0.6708666,0.16299173,0.6290363,0.1766275,0.33519447,0.91269493,0.4162955,0.8868626,0.7886692,0.19822139,0.74504036,0.6935555,0.56521815,0.6201934
3,44,9,verbal,0.36901888,0.6779859,0.8141227,0.6988184,0.8189202,0.6078381,0.7296437,0.75158334,0.7476796,0.6806898,0.641149,0.575689,0.6756985,0.86952305,0.7877651,0.88097805,0.7072944,0.8228788,0.2698377,0.78635055,0.1676964,0.6079097,0.6489563,0.51405996,0.636194,0.44171882,0.48349136,0.28612658
3,44,10,verbal,0.3119642,0.8264777,0.7703894,0.7350763,0.81585604,0.5237282,0.2706671,0.62004805,0.85831195,0.84034264,0.84419054,0.65549767,0.6358693,0.8387649,0.79356253,0.86584496,0.6333171,0.7977002,0.35068646,0.38294306,0.17510864,0.18350747,0.4081305,0.35390767,0.34775722,0.25982338,0.18547146,0.14641865
3,44,11,verbal,0.45826298,0.7424862,0.9111186,0.78422815,0.7166025,0.8239604,0.72461265,0.3663634,0.9180856,0.8027433,0.7858896,0.8315282,0.7562404,0.9172214,0.81559837,0.7966142,0.8494289,0.8069119,0.18247312,0.94437134,0.4461306,0.92097545,0.7951743,0.43093422,0.77515924,0.83899724,0.4994181,0.8290855
3,44,12,verbal,0.99834925,0.7697064,0.9964583,0.99317527,0.6448256,0.9942152,0.59163636,0.8704828,0.9977973,0.99542916,0.97387886,0.9957364,0.97845745,0.9962625,0.99369293,0.14974143,0.99486595,0.13512526,0.106064975,0.99862057,0.27774712,0.9974921,0.9962763,0.41589308,0.99546653,0.9964236,0.035961132,0.9956292
3,44,13,verbal,0.9038784,0.8986528,0.068793476,0.45851824,0.8534147,0.13494477,0.6916573,0.98048437,0.8015525,0.18135902,0.52201086,0.7098557,0.21723217,0.57102996,0.6871312,0.8899375,0.6393086,0.80278516,0.90532136,0.98411864,0.57739353,0.925931,0.87657183,0.8672736,0.68778735,0.98127925,0.6575136,0.9125522
3,44,14,verbal,0.44831133,0.36058152,0.6538459,0.60767525,0.20198222,0.42885426,0.44704,0.1901932,0.77688473,0.7173165,0.49841166,0.6221318,0.6396724,0.67012674,0.64637876,0.365166,0.50297725,0.54017687,0.38840473,0.7863008,0.3165313,0.20434293,0.80758286,0.5463065,0.3010468,0.6747672,0.434219,0.03407996
3,44,15,verbal,0.7749326,0.18009491,0.7534884,0.7053482,0.5326561,0.69514954,0.58203596,0.45611706,0.88901776,0.85252833,0.83909404,0.8506067,0.81173944,0.75222546,0.71477515,0.5752243,0.69347525,0.610066,0.21761578,0.86954635,0.073641725,0.86231124,0.847881,0.2012616,0.8287622,0.8611744,0.5971148,0.90818566
3,45,1,verbal,0.88903457,0.86434084,0.2533485,0.091414265,0.4245839,0.16562484,0.27089754,0.91434765,0.8331769,0.4947044,0.19194835,0.806209,0.45074975,0.41087732,0.47337916,0.62645,0.4609405,0.6091942,0.6081288,0.76602465,0.34020337,0.979363,0.6762302,0.46663883,0.60075605,0.69614214,0.53183013,0.9375821
3,45,2,verbal,0.8241449,0.9490386,0.9661734,0.04128502,0.8646959,0.9051206,0.5604859,0.93071526,0.9817261,0.7120197,0.6797518,0.9597103,0.2739733,0.43108138,0.67469084,0.9129554,0.56753737,0.8430782,0.9191054,0.99315006,0.7226572,0.9933195,0.98176104,0.90436715,0.94556445,0.99118066,0.98714685,0.98847675
3,45,3,verbal,0.49357843,0.5440097,0.78002733,0.74367714,0.6652241,0.6895455,0.708293,0.12172499,0.78876805,0.759853,0.7655875,0.72139597,0.732785,0.83182764,0.8088716,0.77896065,0.7731887,0.79410714,0.44997132,0.65457785,0.06939035,0.5929001,0.7092194,0.34031492,0.70690155,0.59989214,0.46731174,0.5503297
3,45,4,verbal,0.078141384,0.49276507,0.7736837,0.6893519,0.5440613,0.62684834,0.67832994,0.10211063,0.77585,0.692516,0.5693277,0.62844867,0.6804491,0.87056524,0.836996,0.7599417,0.8008182,0.83521044,0.35363564,0.78760904,0.065539315,0.4960497,0.7993023,0.5606533,0.76904947,0.68959063,0.5553847,0.570218
3,45,5,verbal,0.34229937,0.37862155,0.5657552,0.39663446,0.3186999,0.35135683,0.46770066,0.07746651,0.6097131,0.44012254,0.39241704,0.39824155,0.6393826,0.6468822,0.49214235,0.46311715,0.44271284,0.59507555,0.031888735,0.72764486,0.12738433,0.51075804,0.4447825,0.36649996,0.28838044,0.3767389,0.61759704,0.20024453
3,45,6,verbal,0.44341594,0.50988525,0.6458382,0.60477096,0.4209922,0.5545617,0.015184866,0.31064567,0.7466522,0.72314113,0.7173343,0.67113364,0.6040673,0.8303921,0.77852607,0.6488146,0.73139775,0.2745734,0.24804078,0.6343241,0.08289747,0.20859003,0.6466438,0.17129317,0.27482596,0.5130957,0.24135664,0.12423607
3,45,7,verbal,0.99608535,0.9909737,0.9997028,0.9991847,0.9969205,0.9996785,0.9982961,0.9965137,0.9998334,0.9995762,0.99862564,0.99981165,0.99916965,0.9997309,0.9992713,0.9949871,0.999734,0.997932,0.99384075,0.9995989,0.9985502,0.9998098,0.9995699,0.9912348,0.9995769,0.99970675,0.99584454,0.9997133
3,45,8,verbal,0.97268426,0.95538527,0.7105325,0.8704882,0.9365133,0.49022484,0.9332265,0.9798425,0.99232566,0.16949318,0.5532527,0.9958511,0.31787586,0.85245687,0.9216286,0.9526007,0.88382334,0.94976115,0.9632946,0.9839941,0.6748305,0.9944528,0.7895613,0.96124095,0.59369814,0.98979014,0.71603227,0.9947425
3,45,9,verbal,0.10861011,0.2031485,0.798597,0.7062854,0.45044652,0.6293545,0.5301848,0.31866089,0.8907906,0.85213494,0.38996455,0.811211,0.6438371,0.80882204,0.69911236,0.56422496,0.6687159,0.5888589,0.12917563,0.41113383,0.7364188,0.9287241,0.44823954,0.51868373,0.70777124,0.18596852,0.047719494,0.5390762
3,45,10,verbal,0.35372582,0.76802874,0.8086839,0.32920322,0.7768971,0.8177356,0.67073214,0.66974276,0.8131574,0.5644081,0.7093541,0.8365887,0.40260908,0.012473558,0.24974209,0.8079426,0.14838104,0.7697801,0.7207985,0.98743886,0.4222003,0.9941776,0.93955886,0.484669,0.92423725,0.98540103,0.8107815,0.9867508
3,45,11,verbal,0.6665252,0.8274088,0.9174525,0.578409,0.51338583,0.8686151,0.3516118,0.8504635,0.9571319,0.872174,0.04510837,0.9573564,0.5264606,0.111009404,0.37970167,0.74707025,0.41356185,0.72759867,0.78107655,0.85757446,0.7278081,0.97560376,0.70592815,0.540138,0.81913376,0.8144223,0.4453636,0.9594821
3,45,12,verbal,0.9297639,0.80514175,0.2980452,0.18272297,0.864605,0.13493782,0.72473997,0.9316311,0.83533764,0.63354254,0.5650093,0.7120323,0.16396463,0.48247612,0.57578963,0.89002925,0.6411611,0.81398714,0.7848079,0.9423765,0.8427878,0.98855025,0.8806793,0.34490335,0.9738904,0.9041213,0.5837148,0.9790242
3,45,13,verbal,0.64750373,0.6102388,0.20413284,0.044727463,0.37649682,0.008742867,0.2064729,0.7697429,0.43004358,0.1636932,0.1046153,0.23641744,0.4394977,0.02963407,0.17272206,0.47041357,0.15975437,0.029173715,0.4106229,0.91609305,0.40781203,0.037528932,0.49616265,0.17134768,0.20852989,0.66150653,0.79082793,0.16081908
3,45,14,verbal,0.1907513,0.49394095,0.54858327,0.39106977,0.26507086,0.27974305,0.4536504,0.5803822,0.50421375,0.4066065,0.23721293,0.24905269,0.38435212,0.60964555,0.48534656,0.47164133,0.35960656,0.5413928,0.0853273,0.6223724,0.39552316,0.8268443,0.4332824,0.35687503,0.41759565,0.21175472,0.38860184,0.15220253
3,45,15,verbal,0.64378786,0.873186,0.88892406,0.6490717,0.1447338,0.8760505,0.08456673,0.8493642,0.9023405,0.7882453,0.37009725,0.87259173,0.5132298,0.30106473,0.09836644,0.69366467,0.3269261,0.62236667,0.7031008,0.9482243,0.23013964,0.924089,0.81178844,0.7244413,0.8290813,0.9310398,0.43199736,0.8913921
3,46,1,verbal,0.98723745,0.7180147,0.3250987,0.08837383,0.8218762,0.5737235,0.69047505,0.51773876,0.57963824,0.114580795,0.35632753,0.47645208,0.07334581,0.5145387,0.0054805507,0.68677783,0.5775841,0.43799454,0.64607817,0.88170457,0.88578856,0.8130805,0.27295533,0.7808029,0.17651899,0.45524856,0.79849863,0.52049315
3,46,2,verbal,0.038750194,0.756987,0.10977299,0.018517207,0.08440218,0.07755781,0.04248946,0.6634646,0.12340006,0.026863115,0.06804961,0.05670299,0.027921444,0.38723275,0.27103117,0.5080591,0.17890775,0.39376333,0.3337881,0.25370327,0.36539647,0.2391692,0.049688898,0.01537987,0.050359916,0.04754478,0.060052812,0.11323603
3,46,3,verbal,0.79811317,0.8445229,0.37351498,0.3825327,0.011231876,0.21339147,0.21395503,0.012270006,0.6357866,0.5439739,0.6338945,0.44445983,0.5432633,0.6376973,0.582081,0.5580538,0.49190488,0.5596672,0.07456037,0.62525,0.37123203,0.85458815,0.48844558,0.35503066,0.5216441,0.2779023,0.24883159,0.32672763
3,46,4,verbal,0.0769975,0.6259926,0.85670424,0.77321637,0.656131,0.78745407,0.7516089,0.42651555,0.87517864,0.8012466,0.69721323,0.8109251,0.78037906,0.8604794,0.8001651,0.7168884,0.8115123,0.7853195,0.33497775,0.8786708,0.36213446,0.9011744,0.825812,0.038431734,0.79134995,0.7825436,0.62276906,0.8657746
3,46,5,verbal,0.6186479,0.6589161,0.93047595,0.8859885,0.4439124,0.90871984,0.8814999,0.2459993,0.8982974,0.8404886,0.5965076,0.8494365,0.8068919,0.9127057,0.8727887,0.584502,0.8829806,0.846978,0.65475696,0.8310232,0.5981541,0.08206555,0.8163006,0.123039715,0.4182976,0.78897184,0.69458264,0.4686358
3,46,6,verbal,0.1967532,0.6046895,0.75014156,0.6266491,0.6734777,0.5749409,0.4667296,0.6267818,0.69321287,0.5941344,0.5935615,0.52282244,0.32685074,0.72679526,0.62080985,0.689111,0.5619517,0.47654656,0.088462405,0.68529797,0.028215813,0.28423926,0.5492629,0.022377206,0.20251796,0.4610553,0.06605909,0.14915876
3,46,7,verbal,0.99924016,0.9943364,0.9999323,0.9998727,0.9995136,0.9999259,0.9998425,0.9979095,0.99992853,0.9998776,0.9997299,0.999935,0.9998618,0.9999062,0.9998348,0.9977373,0.9998988,0.9997103,0.9994545,0.99990773,0.9998263,0.99995077,0.99986047,0.9981068,0.9998968,0.9998933,0.9995489,0.9999117
3,46,8,verbal,0.2195638,0.464203,0.82683253,0.790311,0.62508684,0.6855515,0.4671086,0.07734287,0.8025257,0.6804287,0.6797987,0.8185043,0.18709055,0.75269383,0.6812099,0.6325493,0.70438516,0.11521866,0.30208156,0.72180575,0.24364716,0.01101959,0.39966887,0.055713587,0.15716374,0.32931718,0.17147286,0.17315495
3,46,9,verbal,0.07394914,0.81920266,0.8972343,0.83696985,0.7594198,0.8037334,0.2174348,0.8253391,0.9362983,0.88607055,0.75816834,0.8719567,0.14369437,0.9068615,0.87788683,0.82495195,0.8834091,0.4585269,0.38933218,0.7509516,0.53652203,0.48705864,0.7099866,0.5587207,0.53537714,0.45681885,0.20380026,0.4170537
3,46,10,verbal,0.32807714,0.5715871,0.72579753,0.6440607,0.4840435,0.6352868,0.60326505,0.3462818,0.83028764,0.7511886,0.752389,0.7854459,0.7577515,0.75602454,0.7082617,0.65482736,0.69676495,0.69345975,0.02008767,0.8273222,0.13475855,0.76208156,0.74037975,0.13293064,0.73704666,0.7008687,0.63803446,0.61658627
3,46,11,verbal,0.79666394,0.33912146,0.87420434,0.84667885,0.6570091,0.8541294,0.7548062,0.30377337,0.8750984,0.8582146,0.71646774,0.8450598,0.7565424,0.8942166,0.86396074,0.73662066,0.88069534,0.80101776,0.5859429,0.93742704,0.56146175,0.8768355,0.9310137,0.102829784,0.8826328,0.8653476,0.7161322,0.86419237
3,46,12,verbal,0.14358476,0.5552177,0.65273434,0.63411903,0.5249155,0.6099417,0.3666906,0.5157161,0.6902118,0.6548283,0.64626956,0.65982115,0.54401284,0.72740287,0.7330003,0.6291542,0.6870294,0.3608601,0.09830755,0.51786566,0.38266104,0.13602284,0.45551592,0.37991312,0.10372832,0.4762911,0.26722112,0.14737265
3,46,13,verbal,0.9453015,0.57038367,0.8865456,0.6750529,0.67954445,0.10203109,0.51783556,0.61581147,0.9351831,0.7893081,0.026912775,0.14684492,0.20197809,0.91951466,0.7203185,0.30527818,0.044820048,0.16146061,0.026040815,0.9587877,0.8752881,0.91862434,0.8803336,0.95635515,0.8451983,0.18410529,0.50485235,0.045112733
3,46,14,verbal,0.77674305,0.719514,0.5420703,0.30352798,0.061992124,0.16820489,0.24297448,0.10417521,0.6363186,0.38196382,0.33260414,0.24810985,0.084613614,0.6560143,0.40557468,0.29577777,0.28659394,0.037221923,0.011670468,0.5385235,0.31256974,0.66746694,0.37638614,0.6171372,0.45598838,0.19866143,0.36196733,0.28860164
3,46,15,verbal,0.7594882,0.8828679,0.835133,0.55712795,0.14892647,0.020736005,0.56350887,0.04529547,0.88914484,0.648817,0.4388695,0.108024955,0.28854528,0.85359395,0.63153845,0.5009224,0.13125432,0.24404436,0.06468604,0.83700955,0.59273714,0.8662975,0.61807764,0.6894091,0.7146772,0.008798727,0.5860221,0.27692282
3,47,1,verbal,0.38263553,0.7872154,0.82945997,0.78139985,0.20208482,0.6838114,0.18283217,0.06415195,0.8295654,0.75000274,0.34185103,0.742959,0.6166227,0.84117997,0.8070548,0.32067886,0.73568565,0.43271905,0.053395927,0.7288513,0.108180605,0.539619,0.65233225,0.0953382,0.51589334,0.6935312,0.063018225,0.47540677
3,47,2,verbal,0.4000676,0.9310401,0.57554615,0.19466697,0.7611563,0.35137755,0.5266841,0.88168865,0.7073664,0.13909474,0.78400964,0.5733282,0.32259417,0.62737495,0.7002668,0.9004083,0.7391636,0.8117427,0.86625487,0.99246556,0.61288273,0.95436573,0.8789764,0.7400833,0.60030144,0.9930885,0.7768039,0.8902917
3,47,3,verbal,0.52864254,0.45689607,0.292639,0.018153945,0.40264332,0.060150746,0.2640023,0.6377601,0.65708566,0.36199197,0.18561593,0.44129527,0.052737202,0.030476084,0.18008807,0.46196252,0.35367474,0.38319507,0.67450047,0.67936075,0.6438817,0.6587323,0.53793496,0.1519531,0.42916548,0.5092502,0.26168132,0.42739987
3,47,4,verbal,0.6399272,0.81869376,0.7968926,0.11970616,0.5348408,0.587505,0.5583331,0.8211481,0.8822841,0.5778075,0.166488,0.8322314,0.22056371,0.31620878,0.47415563,0.71656275,0.5108198,0.72547776,0.7788927,0.8814487,0.8305766,0.9065485,0.7985643,0.52657306,0.85067403,0.8608859,0.11115104,0.9049386
3,47,5,verbal,0.15723093,0.6754185,0.700103,0.67897385,0.058099516,0.65521437,0.6291144,0.21562591,0.68979645,0.6712625,0.06541742,0.64515036,0.5047277,0.6854168,0.6586355,0.26440176,0.65213203,0.6988589,0.08781072,0.86980355,0.29063883,0.10864235,0.90385693,0.19149299,0.11836992,0.8668207,0.42283288,0.0034719845
3,47,6,verbal,0.7814256,0.6602332,0.09695394,0.14061946,0.5446959,0.16683596,0.38444653,0.8270661,0.5405872,0.22551602,0.14892802,0.4335587,0.07582139,0.29051027,0.36589217,0.6530609,0.5012172,0.602749,0.65757996,0.92850465,0.35721055,0.7316784,0.6396932,0.36450338,0.19028187,0.9006513,0.41565564,0.6613742
3,47,7,verbal,0.7919028,0.9617408,0.9547929,0.7076272,0.5344342,0.91549367,0.14857739,0.95933884,0.96167374,0.87970024,0.2932066,0.9486262,0.20347956,0.3139708,0.058843408,0.7778988,0.30393544,0.6060878,0.4308736,0.9891056,0.32806718,0.9806831,0.98022574,0.8338469,0.9599792,0.9839544,0.92524207,0.9636297
3,47,8,verbal,0.97908235,0.84355766,0.9924988,0.99044627,0.97363365,0.9947616,0.98596656,0.9542169,0.9979762,0.99709004,0.99627507,0.9973581,0.9955244,0.9889523,0.9832211,0.95237315,0.9903958,0.96850836,0.934144,0.9969458,0.97939,0.9908986,0.9957965,0.94592786,0.9908282,0.99524283,0.98159224,0.991994
3,47,9,verbal,0.8405984,0.18755409,0.53813434,0.45847744,0.5840264,0.4173931,0.53399277,0.70561945,0.86502725,0.8061862,0.14224966,0.88633305,0.08748446,0.28989655,0.26430008,0.46895826,0.16231212,0.53403187,0.10689483,0.9550918,0.43426514,0.90425307,0.9813676,0.21288636,0.833708,0.9076633,0.15639584,0.7985886
3,47,10,verbal,0.3246902,0.58183664,0.93027604,0.92093945,0.7303753,0.8659663,0.7728946,0.16903286,0.96465194,0.9494094,0.85229784,0.930038,0.86673373,0.9282803,0.9260815,0.82374537,0.8736202,0.832188,0.7496055,0.90009797,0.080311194,0.5623598,0.91814286,0.57369024,0.6615447,0.80157006,0.45069525,0.52963525
3,47,11,verbal,0.22277956,0.5818988,0.85123974,0.9179123,0.59817976,0.7067933,0.7349896,0.16400748,0.89698243,0.92963797,0.8116871,0.7950372,0.81049263,0.86721444,0.91572285,0.7420509,0.7769076,0.86291915,0.65158427,0.7780836,0.62878734,0.22052006,0.90251124,0.76685065,0.5186791,0.37679243,0.38477752,0.006471796
3,47,12,verbal,0.11708533,0.6730688,0.920334,0.8559923,0.6845748,0.8498666,0.48591813,0.414503,0.97559094,0.9193452,0.8525009,0.951712,0.6145524,0.916154,0.8388727,0.74971193,0.87285143,0.595754,0.077806264,0.8720526,0.764259,0.61032003,0.83014655,0.41637003,0.4428934,0.6469097,0.12559272,0.3517973
3,47,13,verbal,0.014383693,0.90156657,0.9340343,0.9295913,0.90665525,0.819502,0.73538476,0.7939217,0.9395216,0.93512064,0.9272991,0.8320975,0.7297258,0.98110294,0.9703772,0.97505087,0.9393383,0.8411996,0.6907827,0.74527645,0.7399305,0.22809379,0.82657236,0.9154626,0.5791062,0.2215433,0.272136,0.050911255
3,47,14,verbal,0.23061006,0.91401005,0.87857807,0.8968407,0.86653244,0.72128356,0.6147189,0.7442773,0.9353471,0.904668,0.667499,0.81518644,0.6805045,0.935945,0.9481629,0.95797884,0.8728713,0.8202558,0.5776341,0.254901,0.7943891,0.5339508,0.5245453,0.85980874,0.6469909,0.07438189,0.25482285,0.078865565
3,47,15,verbal,0.67271626,0.9676569,0.9824717,0.9762433,0.95518774,0.9731612,0.9459088,0.25382248,0.9643343,0.96475834,0.95858264,0.95545566,0.94020355,0.9865673,0.98541,0.97990906,0.98329365,0.9660773,0.8584642,0.9473906,0.23628183,0.22215976,0.95836574,0.68210745,0.6672761,0.91109794,0.8840009,0.30033582
3,48,1,verbal,0.6758523,0.9855835,0.9702694,0.9743404,0.95029646,0.97016543,0.96034265,0.6518754,0.9696856,0.96559024,0.95433533,0.9709044,0.97596174,0.98607814,0.9862748,0.98027176,0.984369,0.976147,0.7824735,0.94626117,0.8235828,0.21691953,0.9698863,0.2568858,0.580892,0.9538686,0.8184015,0.27638438
3,48,2,verbal,0.5191498,0.890072,0.95248526,0.91836387,0.9123506,0.92600167,0.88089204,0.49239483,0.95251864,0.9158499,0.9233347,0.9237837,0.90052944,0.9596564,0.9289998,0.92708874,0.9354292,0.88879526,0.70300233,0.9621255,0.68350387,0.15239279,0.94368875,0.19010556,0.4657081,0.91658217,0.86492383,0.6175609
3,48,3,verbal,0.37866247,0.9332263,0.85966086,0.86747944,0.67803204,0.68584603,0.7087973,0.61683565,0.8867434,0.8879828,0.7940105,0.76382303,0.78380287,0.8978617,0.8942127,0.81503665,0.81301844,0.8256512,0.5648382,0.735147,0.5230453,0.43430692,0.8488241,0.8672694,0.58113325,0.29456067,0.08077544,0.17142636
3,48,4,verbal,0.08460039,0.82760227,0.97259444,0.9614548,0.9051888,0.94216704,0.8668075,0.6633533,0.9883142,0.9832449,0.91040295,0.9683651,0.8609945,0.95873475,0.95390946,0.94269043,0.93513095,0.89135605,0.53429693,0.58642405,0.72543263,0.3717451,0.67985594,0.73641306,0.5469494,0.23384517,0.1924262,0.057780474
3,48,5,verbal,0.5424818,0.43367907,0.81916875,0.81864524,0.9046436,0.6981638,0.36901912,0.15350008,0.8723209,0.84996665,0.89103603,0.7816202,0.5515256,0.7352232,0.7720648,0.87599814,0.6023742,0.38873723,0.42654666,0.012288751,0.56627995,0.6789643,0.27854383,0.640668,0.78388786,0.2544809,0.5294687,0.40255398
3,48,6,verbal,0.05996432,0.8741956,0.6971359,0.69525033,0.4781941,0.47296643,0.30481485,0.5529449,0.47839165,0.5268833,0.10290464,0.28667673,0.1690654,0.8763815,0.84043723,0.76233965,0.73338956,0.6015422,0.26040676,0.6996996,0.43988258,0.5999627,0.64507717,0.56117016,0.7033031,0.4530336,0.1264944,0.41288272
3,48,7,verbal,0.21679188,0.8971389,0.8309402,0.8219823,0.3085563,0.7369435,0.5768405,0.6628255,0.8003431,0.8090284,0.4593031,0.71339935,0.5001632,0.88827384,0.8731169,0.643369,0.84541535,0.75402063,0.43654293,0.7570101,0.5459497,0.33825925,0.7548346,0.6011274,0.41091296,0.60115415,0.34227046,0.03477894
3,48,8,verbal,0.64735276,0.40996322,0.9634275,0.9623484,0.9424722,0.97285074,0.9574294,0.47151387,0.9545079,0.9483966,0.9321897,0.9431943,0.90428203,0.9707059,0.9668795,0.9263943,0.98648226,0.94430274,0.76746494,0.9308178,0.7143457,0.66494286,0.9604742,0.07582,0.8383258,0.9186691,0.64682627,0.8459417
3,48,9,verbal,0.22240795,0.3173432,0.9830194,0.9612028,0.9619132,0.9707062,0.96451277,0.17559122,0.9651972,0.9541084,0.9195611,0.9631718,0.95070046,0.9845873,0.9547716,0.9751989,0.9705138,0.96459746,0.8374533,0.9592336,0.88731706,0.8300608,0.9538554,0.6602787,0.88046724,0.9499958,0.85411507,0.8962513
3,48,10,verbal,0.4250343,0.89979506,0.9572475,0.9491751,0.7939295,0.8341165,0.882544,0.8079593,0.81528646,0.88931394,0.6815778,0.5484376,0.9189349,0.9749528,0.97363234,0.89441043,0.93678886,0.8946927,0.718035,0.49778545,0.66467446,0.22937006,0.79641545,0.87019944,0.30364087,0.059136327,0.661588,0.59424025
3,48,11,verbal,0.57617223,0.91554403,0.8068514,0.8900302,0.73966646,0.4961758,0.4147828,0.25755617,0.8949958,0.91994303,0.71960133,0.6676727,0.41997638,0.88143283,0.9236761,0.9108525,0.77626413,0.50054175,0.6442328,0.010356539,0.8630291,0.41684443,0.40058035,0.8985272,0.46362346,0.39156142,0.06609471,0.01677169
3,48,12,verbal,0.057479393,0.70187044,0.9069826,0.9300062,0.7928457,0.66497236,0.86046386,0.5773019,0.91471416,0.8871152,0.6148263,0.73480684,0.87395877,0.9486087,0.9406989,0.914238,0.8276049,0.91242284,0.500967,0.5823093,0.8489683,0.7193742,0.74152714,0.7779662,0.7917087,0.09112059,0.3781929,0.66254896
3,48,13,verbal,0.55533445,0.95140404,0.81638706,0.926438,0.8143581,0.2643231,0.72562975,0.36949027,0.9257128,0.9450209,0.8618932,0.643358,0.8629186,0.9058167,0.9474986,0.91527236,0.73490006,0.91228706,0.79533845,0.38353485,0.83293897,0.34556213,0.92313576,0.94383395,0.75494725,0.6888864,0.05962413,0.719637
3,48,14,verbal,0.47129282,0.23505792,0.80932504,0.77284515,0.5112176,0.50356734,0.40188065,0.28880528,0.79722494,0.764499,0.59497184,0.48004684,0.6130012,0.8115728,0.79136175,0.58797723,0.5487574,0.55381536,0.7020731,0.64142853,0.73893905,0.10775098,0.70521444,0.8552853,0.2549241,0.17192091,0.368958,0.26886213
3,48,15,verbal,0.71250117,0.4202485,0.56119716,0.59574264,0.11068975,0.3518135,0.74029267,0.22751582,0.65223336,0.6471776,0.35180774,0.43885434,0.7284371,0.7330339,0.7255437,0.39724645,0.5441103,0.6571884,0.6132026,0.76223505,0.6680361,0.22160542,0.7134494,0.9070588,0.4388349,0.042154837,0.09937206,0.40161383
3,49,1,verbal,0.003304202,0.69418436,0.9092545,0.91643566,0.7528665,0.67982024,0.45825762,0.44038752,0.888259,0.9065339,0.72060466,0.6993097,0.30762416,0.9319446,0.9342279,0.8699915,0.8308326,0.44479772,0.7445459,0.55907017,0.9091186,0.23111892,0.8273244,0.89026123,0.24754335,0.20402311,0.07779277,0.09170296
3,49,2,verbal,0.3987379,0.80019784,0.7877663,0.8706827,0.7343079,0.0924684,0.5717447,0.33288223,0.83882266,0.89039475,0.8217893,0.3904527,0.7097562,0.8190299,0.867908,0.792012,0.3888289,0.6769234,0.62783676,0.41969413,0.90984684,0.75992906,0.72585464,0.9244496,0.958968,0.7019459,0.19029091,0.7778704
3,49,3,verbal,0.46799168,0.7441375,0.6765816,0.7030852,0.6082944,0.30591333,0.4747855,0.82149506,0.5924724,0.6842489,0.53138214,0.2819195,0.45874783,0.83444005,0.82602715,0.81042045,0.6080691,0.7242028,0.5687735,0.576145,0.7932804,0.517388,0.82985604,0.93735814,0.9696688,0.34280908,0.108472645,0.71707296
3,49,4,verbal,0.57929873,0.77494884,0.75082195,0.7588953,0.49159402,0.61050063,0.75751734,0.29675573,0.79548377,0.7889622,0.5615313,0.65786815,0.7781104,0.83428156,0.8220936,0.66380686,0.7272498,0.83041555,0.6296636,0.719546,0.8184025,0.5465399,0.7796142,0.86869746,0.89639974,0.26346332,0.57024294,0.41833985
3,49,5,verbal,0.18948317,0.93150866,0.8666269,0.78456044,0.6766548,0.66115373,0.92702675,0.7104814,0.83861446,0.7553767,0.6008901,0.62591517,0.93422216,0.907541,0.8337869,0.8399879,0.75832033,0.9319786,0.7550123,0.7839867,0.4169377,0.25879982,0.7494074,0.9681305,0.36552992,0.3035918,0.6647468,0.10599154
3,49,6,verbal,0.217876,0.7804383,0.8963655,0.8869853,0.8879767,0.76251435,0.8221148,0.44128853,0.7526023,0.7744907,0.6935785,0.5874524,0.6831722,0.95709455,0.94079596,0.961063,0.8845884,0.9197686,0.4352008,0.80298895,0.8597511,0.8227454,0.8437948,0.9411678,0.9810695,0.22362648,0.41633737,0.19195199
3,49,7,verbal,0.046168633,0.781625,0.9455526,0.9454572,0.9069581,0.8453819,0.82957584,0.6696669,0.8835592,0.9295438,0.8244055,0.7457184,0.8107528,0.981498,0.9738454,0.98112446,0.9597885,0.9542268,0.67713493,0.2917637,0.8591466,0.7058896,0.50942427,0.91982675,0.9254262,0.43085787,0.19468215,0.37834078
3,49,8,verbal,0.1313051,0.90763026,0.92805,0.967283,0.7004692,0.76719457,0.8056769,0.8163289,0.8665136,0.9265554,0.6115654,0.72004414,0.7372721,0.99225897,0.99303126,0.9496028,0.97012305,0.93985254,0.80950814,0.31537104,0.8408028,0.38707402,0.6648885,0.95298034,0.59780556,0.22321075,0.009427085,0.36810637
3,49,9,verbal,0.12902544,0.87395215,0.9107005,0.90016484,0.7834063,0.74352866,0.7970764,0.49334002,0.9249592,0.9227689,0.6792825,0.8042703,0.8161568,0.95990217,0.95259964,0.92365205,0.92167497,0.9314045,0.7423812,0.7770805,0.9320454,0.6458627,0.9048601,0.9784335,0.9452338,0.024690744,0.33089364,0.58603185
3,49,10,verbal,0.0019094083,0.801206,0.93366116,0.96851504,0.6298005,0.7992199,0.8345744,0.6338531,0.87835974,0.9463659,0.63218707,0.6376012,0.7109573,0.9536876,0.9679932,0.74501175,0.8964392,0.93628013,0.8810755,0.28228927,0.7717664,0.25518617,0.53567815,0.9038308,0.625394,0.0416688,0.013514454,0.68904465
3,49,11,verbal,0.070795976,0.8455183,0.9855427,0.9852132,0.9722273,0.91107535,0.69759595,0.57650465,0.9722545,0.976123,0.9479468,0.9071587,0.63258564,0.9724051,0.97283447,0.9714396,0.92944276,0.74614567,0.7879469,0.7309281,0.8985419,0.01405377,0.85791063,0.94658166,0.1332319,0.46855378,0.43274522,0.48908135
3,49,12,verbal,0.03422691,0.79849225,0.9747726,0.98360735,0.8457204,0.87422186,0.5484644,0.7853392,0.9446908,0.97824854,0.70517236,0.78886557,0.42624897,0.98448217,0.9923359,0.97046894,0.9522831,0.63588244,0.7828309,0.65145385,0.93444747,0.065430626,0.78564185,0.931411,0.20265654,0.11458985,0.13398226,0.20387661
3,49,13,verbal,0.2161645,0.8696539,0.919442,0.9408734,0.79028344,0.7357931,0.039879296,0.6494098,0.9802343,0.9858869,0.916998,0.93627995,0.18481112,0.9647666,0.95772177,0.93693453,0.9144337,0.036883198,0.68329895,0.62834483,0.92497927,0.42341107,0.784065,0.9535219,0.4877979,0.36804807,0.1398624,0.13045442
3,49,14,verbal,0.04564699,0.61620563,0.93235666,0.9317227,0.60893106,0.86939996,0.4154638,0.33091047,0.9404948,0.94439644,0.698727,0.8899638,0.4609108,0.94389045,0.9475893,0.85230327,0.915565,0.5016412,0.7089439,0.44161463,0.36016533,0.10036311,0.6291876,0.8070238,0.024708547,0.34942886,0.068599366,0.1468188
3,49,15,verbal,0.15614203,0.70343804,0.90349185,0.9108355,0.79650795,0.6744611,0.09028481,0.7494646,0.9060317,0.9159448,0.8227007,0.7180934,0.08422941,0.97547096,0.9731747,0.93254024,0.90073884,0.21979645,0.79938406,0.39825255,0.7313508,0.20396069,0.82782406,0.9083926,0.1340634,0.04772924,0.03485482,0.14749946
3,50,1,verbal,0.7167962,0.19982561,0.9761126,0.98217195,0.9610284,0.96498287,0.95448846,0.4278256,0.98788196,0.98675925,0.97864336,0.98138976,0.9836683,0.9829932,0.9858976,0.976538,0.97373587,0.96960634,0.8494554,0.92038786,0.5564238,0.9626336,0.975441,0.14075358,0.984284,0.8573149,0.5370326,0.8758226
3,50,2,verbal,0.0139853,0.84458053,0.87313277,0.90810984,0.8374534,0.46588293,0.6622872,0.49475998,0.75928456,0.80395305,0.59195167,0.3354389,0.46585703,0.87404704,0.9040627,0.87136704,0.6696824,0.7629556,0.6966021,0.78697383,0.8147095,0.8246753,0.8985046,0.82217807,0.897232,0.26382646,0.013757906,0.3210019
3,50,3,verbal,0.17780286,0.27954707,0.78682965,0.8305194,0.47445825,0.28239676,0.38648802,0.16283762,0.65165704,0.7624495,0.16748832,0.016027607,0.13989964,0.75177896,0.78915375,0.53539973,0.29057965,0.4454261,0.4941191,0.8679803,0.8405073,0.8657736,0.9022638,0.82946235,0.93989575,0.049928002,0.054666746,0.015369683
3,50,4,verbal,0.128125,0.38769886,0.9277161,0.8950303,0.7167887,0.7737357,0.66646993,0.35058355,0.9554442,0.94402,0.799621,0.8270924,0.67709595,0.89398336,0.8666316,0.7402111,0.77835536,0.6370874,0.5376878,0.9096406,0.9208407,0.04995379,0.8691895,0.916007,0.16283287,0.09456711,0.082070604,0.12381294
3,50,5,verbal,0.18246634,0.7914345,0.9504913,0.91966563,0.6927429,0.8225741,0.8365749,0.3374582,0.9681237,0.93915844,0.7626653,0.9079593,0.8954688,0.9349055,0.9103391,0.7976836,0.84710604,0.8648457,0.45322976,0.6537396,0.83481026,0.5770038,0.74183875,0.8454528,0.871376,0.13191903,0.33393836,0.46628985
3,50,6,verbal,0.097150944,0.5933532,0.8536095,0.86387324,0.7204876,0.7370686,0.7744665,0.6134805,0.8461856,0.84558177,0.72664833,0.73584735,0.7876399,0.85507125,0.84766287,0.7833361,0.7849755,0.79587704,0.5040349,0.38641426,0.7094299,0.43658257,0.7178114,0.81221765,0.8494258,0.2131874,0.1419107,0.50822383
3,50,7,verbal,0.18453528,0.75000435,0.8633515,0.91057634,0.7464982,0.6623464,0.82720876,0.5756357,0.85348433,0.9115635,0.7327429,0.6413937,0.81583685,0.86688167,0.91547656,0.8407738,0.7509838,0.85011554,0.78971636,0.61590487,0.7999143,0.48483577,0.91316354,0.91333836,0.9199371,0.15381686,0.41170156,0.6918902
3,50,8,verbal,0.1154534,0.66572064,0.93394595,0.8909336,0.6973105,0.70631105,0.6984814,0.34029993,0.9633086,0.9361537,0.8162722,0.84586304,0.79953736,0.91390514,0.8905109,0.778085,0.7567013,0.7774154,0.61929536,0.8134789,0.9339409,0.43191248,0.9398818,0.9230461,0.6513335,0.18821818,0.21735395,0.45579776
3,50,9,verbal,0.123410486,0.6364707,0.92000407,0.9156891,0.91105187,0.7514644,0.4632122,0.49266505,0.88556397,0.8962461,0.8291953,0.6570676,0.56331146,0.90208155,0.9062519,0.9246875,0.79555506,0.6310475,0.7015727,0.015728535,0.9487608,0.014759319,0.32367754,0.9507105,0.15079053,0.66706586,0.073657244,0.290146
3,50,10,verbal,0.22522639,0.8939128,0.98347944,0.9831152,0.9083039,0.9306036,0.3212371,0.72839224,0.97409064,0.97820055,0.92902607,0.940061,0.0956386,0.9863401,0.981952,0.9707834,0.9772335,0.41327313,0.71939975,0.65205073,0.8656366,0.29921558,0.86629933,0.93468946,0.22341265,0.2935179,0.36386782,0.19175844
3,50,11,verbal,0.59290856,0.31322506,0.9922366,0.99188054,0.918218,0.9775216,0.95003253,0.59686923,0.98884195,0.98893964,0.94613457,0.9882045,0.97364396,0.96817344,0.96065515,0.8582112,0.9596943,0.9028787,0.7459175,0.90174204,0.55296606,0.94717354,0.90804416,0.07588671,0.97378176,0.89951324,0.60217464,0.9297871
3,50,12,verbal,0.19413328,0.340146,0.8273507,0.8280923,0.6428903,0.63399583,0.74853367,0.054669414,0.81838566,0.8563925,0.7861599,0.6459302,0.7984857,0.7024218,0.68368137,0.61301506,0.5534072,0.640904,0.7312088,0.53986394,0.8717705,0.58220917,0.776201,0.92073894,0.8948892,0.23248056,0.23561114,0.7864639
3,50,13,verbal,0.30212793,0.42739254,0.7721273,0.71774787,0.4561907,0.36837846,0.41204503,0.40496492,0.79479146,0.7067264,0.5625653,0.53549975,0.606058,0.8044779,0.6382004,0.43479908,0.68140775,0.6603787,0.41676226,0.52918744,0.83456117,0.7557191,0.44159535,0.680925,0.6670671,0.044163838,0.25709793,0.42731836
3,50,14,verbal,0.23634112,0.33541,0.8058066,0.7429301,0.590897,0.29583305,0.5419785,0.2527113,0.7655712,0.733547,0.6352318,0.3000631,0.56832445,0.71360564,0.6051787,0.5388661,0.28981277,0.47925267,0.27660304,0.777679,0.86977315,0.7776989,0.5712024,0.73535943,0.76776767,0.59144545,0.08890702,0.62019354
3,50,15,verbal,0.010134347,0.5992143,0.8916032,0.9251003,0.814934,0.48386672,0.72514385,0.29198647,0.9234137,0.91618097,0.8801126,0.6895447,0.8000973,0.8983196,0.9329819,0.8564762,0.7147608,0.8443827,0.6856787,0.20532356,0.82036096,0.8016434,0.6162527,0.8471502,0.9291722,0.32150432,0.13908693,0.5398899
3,51,1,verbal,0.16607796,0.88848794,0.89586204,0.9042312,0.76718456,0.40064746,0.7113507,0.3990585,0.8653938,0.8408788,0.70386016,0.4415258,0.69240713,0.89252955,0.89891326,0.8514707,0.69377846,0.8108526,0.6149664,0.6505298,0.9507215,0.8518606,0.830284,0.9051175,0.92168266,0.5579202,0.055136267,0.7888193
3,51,2,verbal,0.017083097,0.6616831,0.92894864,0.91309714,0.8725774,0.63807005,0.8018922,0.472495,0.91644853,0.8962718,0.8797556,0.6240179,0.7750125,0.92122,0.9101444,0.89330566,0.753895,0.8347923,0.62851906,0.6788847,0.95206136,0.9232035,0.8423453,0.91609913,0.9341293,0.5417518,0.19923694,0.67476815
3,51,3,verbal,0.015258699,0.7913149,0.9714602,0.96320194,0.8518115,0.91230655,0.91812193,0.8134083,0.9823844,0.98096174,0.9274932,0.9059735,0.95648754,0.9711777,0.9703525,0.9572507,0.95040154,0.95822,0.730462,0.6166238,0.95752317,0.8644916,0.9317532,0.95877993,0.9817571,0.23089468,0.16135752,0.6915558
3,51,4,verbal,0.69102705,0.013799381,0.9418815,0.9046162,0.6897694,0.7640376,0.7515791,0.28184253,0.95104533,0.91207373,0.7644019,0.77821434,0.8105488,0.9448472,0.92432123,0.71957964,0.8019481,0.76967925,0.8222927,0.97980607,0.32398432,0.98354554,0.9367166,0.39981067,0.9306486,0.7456178,0.8193953,0.6980763
3,51,5,verbal,0.29920846,0.6098281,0.8586331,0.7851927,0.7660556,0.6906328,0.78169274,0.5024158,0.82057154,0.74740916,0.78153956,0.62864524,0.8001403,0.88368845,0.8272188,0.81151146,0.7546319,0.8164255,0.45091647,0.7073819,0.12642889,0.77134454,0.6340977,0.64907074,0.6953254,0.40499872,0.34662816,0.47297505
3,51,6,verbal,0.7482149,0.17693466,0.8780647,0.6294688,0.73247874,0.6604418,0.7745362,0.34397164,0.7309674,0.46173033,0.46569797,0.49049592,0.58179116,0.87490207,0.65960354,0.6197238,0.6931004,0.7439596,0.046549324,0.5953737,0.15111151,0.41270658,0.29103744,0.30713788,0.16769649,0.2767468,0.41760308,0.1638507
3,51,7,verbal,0.2644454,0.80948853,0.5786802,0.74048316,0.1255855,0.29307032,0.1761026,0.49928895,0.64731646,0.7531762,0.267977,0.37715575,0.30425212,0.81866944,0.8595279,0.66174954,0.6142009,0.65484476,0.78960025,0.7694023,0.34371325,0.8963185,0.8513593,0.90956026,0.8736576,0.21575603,0.15220472,0.24162659
3,51,8,verbal,0.21880037,0.7803019,0.123203374,0.34775567,0.16264893,0.3439074,0.035170585,0.69891244,0.120497204,0.2101371,0.072565556,0.41417742,0.026533904,0.6345127,0.59100246,0.5541895,0.039318357,0.56509817,0.1762517,0.13868253,0.8683298,0.5682374,0.07295818,0.6760742,0.45678335,0.4795713,0.19059579,0.64859915
3,51,9,verbal,0.8186671,0.28718567,0.6488573,0.574975,0.64522,0.469352,0.45919573,0.8399577,0.8675671,0.68220395,0.91162807,0.6478216,0.78978384,0.7605076,0.6058781,0.36414754,0.66480154,0.6107873,0.0025630917,0.6952348,0.08296173,0.8684914,0.4940318,0.0801684,0.55828416,0.44155017,0.27162328,0.3379999
3,51,10,verbal,0.8093894,0.16490667,0.68235224,0.79601985,0.38481694,0.3941798,0.36360863,0.5715205,0.7882492,0.81793004,0.7955046,0.51073027,0.6915493,0.7461029,0.80658543,0.45899546,0.53028786,0.48562267,0.6348279,0.6232027,0.581924,0.8591098,0.7302058,0.77573216,0.86999375,0.15614335,0.13309576,0.06849858
3,51,11,verbal,0.5362111,0.5345296,0.85535765,0.7166169,0.32188588,0.82657707,0.42256254,0.10240294,0.43441936,0.38445774,0.15680131,0.2911258,0.076526955,0.07704094,0.106500015,0.25961605,0.08886814,0.2685847,0.15453184,0.82289726,0.42294523,0.961826,0.64861155,0.05192659,0.81374353,0.71880955,0.1415274,0.89391345
3,51,12,verbal,0.27709794,0.7674521,0.9272325,0.8905201,0.7845859,0.8335335,0.77367777,0.04980377,0.8037994,0.74133015,0.6844556,0.74287444,0.6430524,0.9416695,0.9072389,0.8906624,0.8906176,0.8875714,0.33795047,0.4627021,0.43757477,0.7505199,0.5396319,0.59245586,0.7234321,0.30237228,0.142843,0.46034625
3,51,13,verbal,0.7585835,0.7902255,0.20322216,0.29414952,0.6940187,0.24714994,0.6770103,0.8649935,0.7007949,0.5617199,0.20288594,0.6646107,0.1435934,0.5097739,0.55078995,0.7853177,0.5475886,0.7662394,0.4387107,0.8482916,0.2811521,0.9855275,0.7800615,0.21843599,0.89312184,0.7989328,0.16261265,0.9791545
3,51,14,verbal,0.80541193,0.8028982,0.32116273,0.041144922,0.31867322,0.3673319,0.52336186,0.9283316,0.90459913,0.6028517,0.6669853,0.92701584,0.40604904,0.42305818,0.52061075,0.6906947,0.4593413,0.7323795,0.67159665,0.88272184,0.13891047,0.9656647,0.3660182,0.6522572,0.6333918,0.83504194,0.34148207,0.959002
3,51,15,verbal,0.92070866,0.9775725,0.6759444,0.39180568,0.90911454,0.025036804,0.9531756,0.9748684,0.9885715,0.9422608,0.7038838,0.9863286,0.6833796,0.7664382,0.827405,0.95739686,0.8684064,0.9704688,0.92766345,0.99778104,0.9170859,0.9950009,0.99542916,0.7256897,0.9942225,0.99398017,0.025451919,0.9901589
3,52,1,verbal,0.11309737,0.5189298,0.7837565,0.417378,0.40259752,0.6278694,0.6633032,0.06710683,0.66379964,0.252427,0.31729698,0.5311553,0.6151923,0.8097789,0.45027322,0.4266647,0.6639725,0.72610605,0.016032415,0.5877208,0.3400926,0.7358739,0.039603718,0.13102329,0.3110997,0.3674289,0.31830513,0.46857867
3,52,2,verbal,0.3359481,0.87408495,0.023259098,0.3577341,0.8927042,0.21939957,0.6415427,0.781054,0.17458083,0.19684255,0.79483765,0.058836173,0.50847226,0.7515411,0.8086476,0.9648913,0.8138263,0.918809,0.862759,0.9330469,0.63471603,0.9627273,0.763354,0.8443725,0.75835335,0.804583,0.3223533,0.8785149
3,52,3,verbal,0.21759786,0.24210441,0.5101246,0.54641896,0.3780817,0.4511633,0.0828348,0.05869606,0.32344362,0.14455527,0.19903341,0.354248,0.027195718,0.2493041,0.28117216,0.37804815,0.17302993,0.18736583,0.10479894,0.8793542,0.09994311,0.7705893,0.6320345,0.06302714,0.5869249,0.8756985,0.53918535,0.86704326
3,52,4,verbal,0.39678884,0.22599344,0.40976736,0.32418078,0.031251192,0.227342,0.34237275,0.035247747,0.47468966,0.41868937,0.22410585,0.32391784,0.5011966,0.20478012,0.14155845,0.04138506,0.017855454,0.19103852,0.1288821,0.67396766,0.0808624,0.42631844,0.5038246,0.2008758,0.5846485,0.47023153,0.18464719,0.5332353
3,52,5,verbal,0.12934227,0.09760856,0.66867846,0.26490206,0.29649404,0.5498879,0.48200703,0.52334595,0.31339857,0.34127456,0.078225076,0.2378371,0.2684372,0.4232969,0.16573541,0.13288027,0.27963766,0.14118269,0.09314905,0.42531672,0.18679467,0.08101774,0.03872516,0.06209769,0.20390983,0.40394378,0.25885448,0.36270085
3,52,6,verbal,0.23987544,0.04940934,0.9308621,0.69687814,0.47853413,0.9053067,0.926821,0.34810188,0.82842416,0.64810425,0.3380503,0.8132584,0.9335821,0.74697745,0.5096409,0.30670092,0.6766122,0.8609886,0.30335182,0.9026066,0.3660779,0.52574843,0.7311303,0.13114955,0.63088596,0.90582836,0.8687211,0.66875666
3,52,7,verbal,0.7526708,0.01915261,0.70037824,0.039145585,0.08792336,0.60716516,0.2797513,0.6006695,0.88036215,0.41422,0.7214542,0.864711,0.7594029,0.48376188,0.0051488085,0.029344946,0.38458052,0.17558603,0.58817345,0.8719449,0.36287564,0.9400847,0.0035381871,0.5403399,0.21106659,0.8038841,0.4702377,0.83493435
3,52,8,verbal,0.67634344,0.5662175,0.782688,0.09774497,0.54688364,0.7288257,0.35751036,0.7715711,0.88508576,0.4913243,0.79982644,0.8356197,0.75088793,0.40473464,0.14793207,0.14215319,0.3262246,0.016687108,0.7897204,0.6304652,0.32960588,0.9870574,0.4128189,0.69060373,0.34762815,0.5987501,0.4307384,0.8751602
3,52,9,verbal,0.3201155,0.13647346,0.4663461,0.2864629,0.02524296,0.017334515,0.02596575,0.18280949,0.6400829,0.44265842,0.22845243,0.31641033,0.26547408,0.42721307,0.2588776,0.09998939,0.07372422,0.056944575,0.006831532,0.6722318,0.6955495,0.9159099,0.7580666,0.41420293,0.5561551,0.3384671,0.11685906,0.57403094
3,52,10,verbal,0.012614365,0.26181498,0.60362977,0.712927,0.14494416,0.41588703,0.0012295403,0.23008774,0.5084145,0.66546226,0.2149095,0.36946008,0.0188707,0.27644813,0.4633981,0.23026833,0.082463264,0.12168998,0.35543364,0.8472474,0.25008744,0.96273875,0.7450275,0.43622062,0.7790155,0.8171538,0.38285038,0.79705226
3,52,11,verbal,0.34778222,0.75351995,0.79650825,0.85300225,0.63443625,0.57550913,0.6048454,0.2307671,0.832024,0.80552673,0.78831923,0.70444006,0.7563006,0.7336913,0.8169941,0.6984369,0.5932848,0.6612011,0.31379765,0.5920329,0.34689635,0.49246046,0.6112445,0.36510172,0.45220995,0.30344263,0.32684094,0.3100441
3,52,12,verbal,0.22594436,0.31095564,0.81113225,0.42829347,0.3088148,0.86646986,0.27795762,0.045168754,0.56024575,0.3005342,0.21744229,0.5622063,0.15048827,0.44872102,0.1992082,0.09928652,0.4473995,0.033198506,0.5398281,0.5309754,0.12591095,0.80228716,0.19460908,0.4925012,0.2701077,0.5173027,0.06780041,0.9341776
3,52,13,verbal,0.24269126,0.86055815,0.96280026,0.9629828,0.76029706,0.90397483,0.90263295,0.5242747,0.9407076,0.9145381,0.77890426,0.89006764,0.8813971,0.9641329,0.96404034,0.8376801,0.92921656,0.93405664,0.10771793,0.788732,0.15531845,0.749574,0.67612994,0.22692238,0.67569333,0.7467644,0.52995676,0.5620691
3,52,14,verbal,0.30061242,0.78037333,0.93688476,0.8177273,0.74618065,0.83697116,0.8935325,0.48624304,0.90857387,0.7907676,0.7346363,0.8415833,0.8967442,0.8912181,0.8001606,0.83236593,0.8019352,0.8548475,0.37282008,0.6044993,0.39169085,0.65377486,0.41894314,0.45509368,0.5262978,0.514269,0.3134949,0.43453124
3,52,15,verbal,0.2298724,0.7749905,0.86421865,0.8706346,0.507712,0.7848793,0.57875234,0.33153033,0.84038275,0.8504747,0.56785554,0.7642981,0.6190413,0.85057235,0.85644263,0.6219227,0.7989385,0.66452914,0.33079836,0.72634727,0.15504646,0.80113065,0.6893589,0.2667376,0.6941717,0.68877876,0.2725716,0.7198925
3,53,1,verbal,0.46092626,0.5812438,0.41298556,0.05353909,0.42945424,0.062238507,0.09998277,0.6195034,0.7159715,0.2519273,0.17276402,0.5393322,0.34710595,0.23638453,0.34704587,0.54505146,0.44091412,0.41935614,0.6936764,0.9444768,0.6465855,0.7883483,0.74160874,0.48601288,0.03308324,0.8784803,0.75138086,0.5440638
3,53,2,verbal,0.32195488,0.10203233,0.6746895,0.6906631,0.27663407,0.5236438,0.48930776,0.31040454,0.70402884,0.6890001,0.39843297,0.5843623,0.57304496,0.45667356,0.5514743,0.19425818,0.28669485,0.29459366,0.3122491,0.88810384,0.4129514,0.7385596,0.8220717,0.35446808,0.6025111,0.7023259,0.5371998,0.51188517
3,53,3,verbal,0.6604369,0.7673453,0.8953639,0.7859757,0.76630825,0.63681674,0.5719861,0.13627934,0.90894026,0.761606,0.7913469,0.7774924,0.7574453,0.8118049,0.77450264,0.7805794,0.62420833,0.5700005,0.2655855,0.32352635,0.6875642,0.7879555,0.5448829,0.37667793,0.44691408,0.25770023,0.21434553,0.4140703
3,53,4,verbal,0.5822796,0.5697765,0.89486635,0.75199294,0.7338609,0.7805781,0.7440967,0.7210941,0.9352236,0.8754904,0.90125227,0.8831416,0.88774097,0.49593687,0.48640385,0.53199655,0.18764398,0.28094167,0.14995517,0.33807266,0.9026987,0.73189735,0.46201515,0.5333776,0.53518295,0.10377863,0.0629669,0.023904629
3,53,5,verbal,0.07256165,0.8339338,0.8634474,0.033332802,0.70375675,0.86664706,0.10699133,0.7973539,0.83038807,0.06267809,0.622163,0.8215395,0.10488134,0.4088779,0.62233007,0.7928718,0.5447857,0.6832146,0.8709553,0.90886277,0.52131015,0.8760468,0.66592467,0.81285614,0.05385541,0.9087083,0.88788533,0.86176103
3,53,6,verbal,0.42705682,0.49801773,0.9297337,0.7940366,0.5426472,0.8485191,0.8121908,0.10162309,0.8787779,0.6742764,0.5176275,0.8145949,0.7683338,0.80158716,0.62812525,0.4538457,0.70027924,0.71213573,0.061850026,0.6881496,0.5010858,0.440629,0.5813171,0.22269708,0.3739542,0.5584313,0.37469193,0.012215029
3,53,7,verbal,0.66008514,0.23667471,0.435211,0.04902333,0.49121705,0.1683013,0.23552442,0.60505384,0.91427016,0.60900587,0.023664128,0.8754342,0.627015,0.0974458,0.10919868,0.5246182,0.10952318,0.3323274,0.4130574,0.87228906,0.5616142,0.9252682,0.61651266,0.2709728,0.26099768,0.8216342,0.65351105,0.8508054
3,53,8,verbal,0.56268454,0.19147542,0.8992659,0.8448447,0.77711326,0.89926267,0.82505274,0.2979671,0.9172264,0.8433834,0.8205034,0.9161248,0.8530138,0.9588696,0.8940769,0.8347581,0.9540711,0.91513574,0.49618998,0.8896242,0.7499776,0.85429686,0.8044381,0.012185629,0.73042303,0.8631465,0.74825954,0.8814458
3,53,9,verbal,0.7430646,0.60828286,0.59976715,0.2523656,0.40952098,0.27767313,0.262259,0.83037454,0.6887055,0.30355254,0.7091084,0.36203614,0.48373717,0.50960803,0.20352331,0.20714624,0.24840944,0.14764813,0.21145289,0.5896122,0.2786402,0.9231579,0.1989951,0.05631848,0.31331065,0.2232474,0.017257553,0.32571507
3,53,10,verbal,0.8904755,0.070618995,0.33935145,0.34634525,0.54688925,0.018328797,0.16786149,0.6121162,0.53758514,0.46673238,0.179126,0.18596011,0.41248456,0.3176864,0.26700535,0.49662736,0.09086794,0.13100451,0.043989703,0.70608985,0.5443494,0.17197178,0.55315536,0.29108584,0.17835878,0.25753307,0.45578185,0.07149522
3,53,11,verbal,0.60793096,0.065990016,0.79379135,0.68516546,0.6199598,0.49712545,0.64130443,0.32778203,0.70333755,0.6014423,0.45102286,0.35464436,0.49386817,0.8146599,0.66287655,0.51001364,0.54797316,0.6062535,0.046523347,0.6647867,0.47190988,0.8644465,0.632388,0.4277334,0.725343,0.24144669,0.107020706,0.2956585
3,53,12,verbal,0.7396628,0.7742993,0.4032791,0.24355817,0.24661686,0.3849525,0.0367378,0.80556643,0.62849045,0.5180561,0.32098952,0.5822473,0.44347346,0.48198932,0.5571651,0.81686413,0.4082005,0.7673353,0.7204805,0.8529394,0.4926294,0.8224162,0.7164064,0.8583271,0.68772674,0.79432666,0.5367681,0.76240623
3,53,13,verbal,0.9196834,0.5188517,0.94808966,0.9175164,0.85373867,0.9008742,0.9396859,0.58995026,0.9631266,0.9339324,0.9449632,0.920057,0.9664919,0.9576184,0.9277137,0.8328533,0.9141812,0.9389408,0.7247444,0.969465,0.5548529,0.9209001,0.9311934,0.32400635,0.8707891,0.9104977,0.96157265,0.8458896
3,53,14,verbal,0.99900097,0.9817702,0.1312278,0.36826983,0.89851034,0.1708894,0.7701325,0.9985082,0.53341264,0.0299359,0.5753016,0.20765926,0.26306218,0.5677147,0.75894433,0.98379356,0.6723123,0.966889,0.96138203,0.99369067,0.73699224,0.97693187,0.6655139,0.8584874,0.37512013,0.75712746,0.98922884,0.61377597
3,53,15,verbal,0.83865154,0.98815095,0.32689053,0.62084496,0.89404476,0.05775224,0.76256734,0.9928437,0.6689907,0.15899853,0.80977345,0.4676118,0.36726344,0.85080856,0.9101256,0.97677916,0.9025804,0.9643802,0.93993294,0.99258083,0.87917423,0.9891799,0.8118123,0.8976934,0.25515756,0.97157973,0.8961593,0.9236825
3,54,1,verbal,0.95145655,0.9480097,0.65490264,0.77112234,0.9461833,0.4575815,0.8740482,0.9789944,0.9616446,0.17640613,0.78289944,0.95588475,0.41485438,0.7780188,0.8955789,0.9526191,0.84174335,0.9355374,0.9485055,0.98831207,0.7831956,0.9956307,0.8839088,0.9345594,0.6338625,0.98701465,0.83215255,0.9928998
3,54,2,verbal,0.93303293,0.8283503,0.03490896,0.4346251,0.8180333,0.54162467,0.7331534,0.93930286,0.8430042,0.33122396,0.20840149,0.5994202,0.040356252,0.48558596,0.6103897,0.8337295,0.7500377,0.7931338,0.86645067,0.9912408,0.95887893,0.9873584,0.75074756,0.35148183,0.6505721,0.8511761,0.27122617,0.8515779
3,54,3,verbal,0.99899095,0.9969311,0.99992067,0.9998686,0.9997188,0.9998964,0.9997734,0.9986366,0.9999339,0.99988306,0.9997642,0.99989635,0.9998369,0.99984735,0.9997183,0.9986454,0.9998287,0.9992385,0.99649423,0.99941146,0.99890304,0.9999172,0.99953616,0.9962806,0.99970037,0.99948376,0.99679047,0.999757
3,54,4,verbal,0.91325575,0.1433759,0.9830251,0.95591843,0.9125088,0.9641166,0.9355219,0.56785375,0.98982507,0.96325505,0.9349434,0.9698887,0.95013577,0.969524,0.9376366,0.84720093,0.94547737,0.8836503,0.46308327,0.9661854,0.4385673,0.9428266,0.92559415,0.21108592,0.9164766,0.87544084,0.65428865,0.87804323
3,54,5,verbal,0.35856038,0.7490413,0.92264676,0.9217721,0.8450162,0.6534501,0.6246135,0.5013439,0.93305355,0.9413461,0.90076673,0.7691417,0.7420893,0.91161114,0.9123915,0.85935134,0.7799622,0.76263744,0.7408398,0.80123353,0.9506285,0.54487276,0.94900393,0.93457097,0.7567096,0.6232959,0.025047569,0.21574165
3,54,6,verbal,0.8269771,0.5179283,0.8887174,0.84395754,0.754573,0.6650338,0.6452649,0.011026291,0.9413303,0.9032329,0.88421035,0.8019824,0.54379123,0.8322152,0.7987216,0.7226125,0.6606977,0.7032914,0.27485797,0.6083058,0.8722605,0.5589993,0.79854834,0.7101854,0.35193577,0.16814478,0.6508252,0.6355467
3,54,7,verbal,0.9972781,0.9881173,0.82287425,0.8716554,0.98174536,0.009490927,0.9553054,0.99663824,0.99265504,0.88796633,0.9166303,0.9957573,0.019638976,0.95327914,0.9599746,0.98526746,0.96867037,0.9780101,0.97799367,0.9991275,0.8895346,0.98680943,0.9982412,0.9497011,0.92818695,0.9976578,0.95514506,0.9810949
3,54,8,verbal,0.45635587,0.2504251,0.98051345,0.9614894,0.9228058,0.9779706,0.0007807395,0.024302673,0.97761416,0.9567472,0.90896827,0.97414964,0.10648526,0.95969576,0.94773304,0.858703,0.9530569,0.1261981,0.35858744,0.8755519,0.08441673,0.007822557,0.8649978,0.18780147,0.08102938,0.81746733,0.014240907,0.078795694
3,54,9,verbal,0.66151214,0.81913793,0.80308694,0.4902629,0.069126785,0.75400734,0.38557112,0.86952096,0.897331,0.66713786,0.20630595,0.86905277,0.38635683,0.09479866,0.22639549,0.5907739,0.23614222,0.41888526,0.66010433,0.97830456,0.2253533,0.3886933,0.8879874,0.42419434,0.3747085,0.9529955,0.27427253,0.3639108
3,54,10,verbal,0.99005383,0.9574597,0.31135932,0.6727165,0.957484,0.41146514,0.89681983,0.9847654,0.9904806,0.48457283,0.7755646,0.92677927,0.7762011,0.79431415,0.8656829,0.96451944,0.8685462,0.93708616,0.96196085,0.99512047,0.90722513,0.9184749,0.9874096,0.8940255,0.86120147,0.99364644,0.6370171,0.91637486
3,54,11,verbal,0.531196,0.8951659,0.9288122,0.9002927,0.6246316,0.8466353,0.14977232,0.77318597,0.9279153,0.89496213,0.69781744,0.85464215,0.19804142,0.9337192,0.91193813,0.79672587,0.8823147,0.22242394,0.33249456,0.7873495,0.15143684,0.1600311,0.75048494,0.260746,0.14250177,0.7784051,0.12416155,0.073703535
3,54,12,verbal,0.40947595,0.66709656,0.9346739,0.85426646,0.74286914,0.8733239,0.18301706,0.3781472,0.94907194,0.8817247,0.80560327,0.9025162,0.007904816,0.88458556,0.7978935,0.7210201,0.80534184,0.014514609,0.21776259,0.91493165,0.39990368,0.42259493,0.86248195,0.42076316,0.33423895,0.831744,0.1933329,0.33455524
3,54,13,verbal,0.9462031,0.77632916,0.39258274,0.18615256,0.31050152,0.24297339,0.010018933,0.8879734,0.7597924,0.16307034,0.023225538,0.70675063,0.22031835,0.31574732,0.47957307,0.5765269,0.46045798,0.53303295,0.8301048,0.6775827,0.22746229,0.040557228,0.19787532,0.8024067,0.33698457,0.648419,0.38033208,0.005049057
3,54,14,verbal,0.54030603,0.9246209,0.889659,0.87140924,0.7137649,0.80291283,0.17011033,0.8198763,0.912039,0.8956329,0.8021435,0.85228205,0.20652394,0.9075364,0.8874596,0.8382486,0.8426655,0.29912123,0.27980733,0.8922998,0.3173393,0.01980354,0.83658147,0.4431635,0.16062121,0.6951893,0.11804927,0.06586741
3,54,15,verbal,0.96735084,0.9294697,0.2931304,0.33917436,0.8075856,0.08831001,0.45686218,0.97967196,0.7570237,0.23202991,0.351225,0.5545101,0.72399294,0.6192826,0.74706507,0.9231463,0.78759533,0.09292814,0.89805,0.96536475,0.82353735,0.37063965,0.7376466,0.59557426,0.71370876,0.8818103,0.92540085,0.5560756
3,55,1,verbal,0.7387036,0.6444147,0.86705077,0.85643554,0.7203379,0.767211,0.052401885,0.06805029,0.953542,0.9384852,0.8816767,0.8928267,0.26714852,0.81063855,0.81406313,0.722815,0.7137729,0.06829723,0.47420278,0.8168351,0.28824678,0.17850041,0.89054006,0.43946174,0.18019989,0.6248715,0.13732947,0.1418678
3,55,2,verbal,0.78861344,0.67872053,0.7104142,0.73920715,0.09711199,0.4897774,0.004720224,0.0020240466,0.8936829,0.87996477,0.55599743,0.78203017,0.188603,0.70962393,0.74818647,0.34804156,0.5421302,0.0933893,0.4735917,0.9207821,0.59427553,0.21983783,0.9308858,0.5713202,0.30876085,0.7786997,0.16120513,0.08783357
3,55,3,verbal,0.056128215,0.66861993,0.9519154,0.9256048,0.71776134,0.8903508,0.37246782,0.6955864,0.9407859,0.9386125,0.7396279,0.83443594,0.35484034,0.90982753,0.8919027,0.7263233,0.8424597,0.43333736,0.10022358,0.92665106,0.5856341,0.1316419,0.95884657,0.34828568,0.14392887,0.85132957,0.07293658,0.112006485
3,55,4,verbal,0.9596991,0.8965065,0.6440884,0.24715947,0.7266717,0.020436786,0.88883805,0.9493907,0.9427225,0.5756994,0.30574948,0.874371,0.8805869,0.51935816,0.66426635,0.8127739,0.7272004,0.87246656,0.87129277,0.92226726,0.9404157,0.9165974,0.816781,0.59278226,0.9138377,0.84217966,0.9018915,0.91644496
3,55,5,verbal,0.14833137,0.5978951,0.9278162,0.9078538,0.7156946,0.90300876,0.057297654,0.44779006,0.9181197,0.8961086,0.6474074,0.8875432,0.047969766,0.88231593,0.87020296,0.71016306,0.8420069,0.06325342,0.26438892,0.7369667,0.446976,0.029524602,0.7586306,0.47450966,0.055456065,0.64966667,0.0077312426,0.061886553
3,55,6,verbal,0.424529,0.19083622,0.7292787,0.54066724,0.0333424,0.6212718,0.4890738,0.3578628,0.8359729,0.6720838,0.1658666,0.7590193,0.5574095,0.45659173,0.3529264,0.032752756,0.31217512,0.571658,0.32586974,0.7522398,0.64501077,0.3911532,0.7205032,0.038939845,0.33931106,0.686214,0.4879108,0.43469012
3,55,7,verbal,0.99914217,0.98643404,0.3452769,0.81611764,0.8534453,0.6844106,0.6834379,0.9993537,0.83287984,0.057803594,0.5435109,0.7757063,0.6150352,0.8786268,0.9191884,0.91897714,0.92473376,0.7401773,0.97271883,0.85894704,0.8750113,0.6700414,0.5587109,0.88743246,0.62628096,0.8300992,0.5811923,0.6595782
3,55,8,verbal,0.9648426,0.9666722,0.022325562,0.62809634,0.9766538,0.32865763,0.19823201,0.9794575,0.7895196,0.25707033,0.90230256,0.7125649,0.10860318,0.81529015,0.8690728,0.97777814,0.8775002,0.4519345,0.9236534,0.9930282,0.79420745,0.20232135,0.95879954,0.8382583,0.06323315,0.98994935,0.49841595,0.139238
3,55,9,verbal,0.9595706,0.9717384,0.40332428,0.7165257,0.9412772,0.6204122,0.93679184,0.9799926,0.69308454,0.18809402,0.8216559,0.39833012,0.7189822,0.8909292,0.9047639,0.96873456,0.9303521,0.9698304,0.94195914,0.9950843,0.8431559,0.988686,0.76842743,0.79388964,0.52110296,0.9884895,0.6910276,0.9679166
3,55,10,verbal,0.97885925,0.97230995,0.13711296,0.6343013,0.98854065,0.4214328,0.93063617,0.9941073,0.80776817,0.31973773,0.81567997,0.73825485,0.28859147,0.812419,0.86385226,0.9895826,0.8713856,0.96421444,0.95724595,0.99687654,0.6747211,0.9940801,0.96778476,0.73428607,0.84382313,0.99987394,0.9871033,0.9921499
3,55,11,verbal,0.98746437,0.90214276,0.58846635,0.22449759,0.7623548,0.3042977,0.68319607,0.97615236,0.9576481,0.6734145,0.006992259,0.9495776,0.61992383,0.35129842,0.63671434,0.8430115,0.6024421,0.84584755,0.89646083,0.94777906,0.836435,0.99673855,0.86843944,0.7259143,0.6612642,0.92899394,0.73836625,0.9873743
3,55,12,verbal,0.47613564,0.46474677,0.8434805,0.81706667,0.5387635,0.771275,0.6910778,0.2085967,0.86456525,0.8438682,0.62063146,0.79702514,0.74359363,0.7270074,0.731076,0.5006412,0.644475,0.5911544,0.30611983,0.9065998,0.44967553,0.93327457,0.8959734,0.4289297,0.8570633,0.8126702,0.6078865,0.74505234
3,55,13,verbal,0.9417105,0.92896116,0.74567163,0.047946755,0.8626524,0.78988296,0.5997803,0.94885325,0.9750186,0.7840492,0.5203208,0.9780083,0.68232363,0.67275935,0.7443092,0.9077254,0.7179349,0.850607,0.8641249,0.9864718,0.10569119,0.995941,0.95973,0.87143064,0.8620498,0.98711354,0.9108306,0.997664
3,55,14,verbal,0.9689849,0.89288574,0.81021184,0.22071731,0.77885026,0.7192245,0.6109633,0.9492326,0.9870501,0.84701675,0.11165227,0.9797204,0.82569677,0.5391546,0.69211257,0.8626197,0.6538222,0.82927865,0.86439854,0.97319597,0.61416155,0.99691534,0.9587963,0.79832053,0.688906,0.97228575,0.8908571,0.97709465
3,55,15,verbal,0.82100475,0.41842103,0.9108173,0.7271419,0.041333683,0.89581156,0.6366224,0.67110413,0.9414489,0.8414003,0.33851802,0.93731004,0.84078056,0.57382673,0.415499,0.15814988,0.4927079,0.16320518,0.4483457,0.85546786,0.32739994,0.9899632,0.8952213,0.30426693,0.7055375,0.8193449,0.7431841,0.9558416
3,56,1,verbal,0.9832491,0.9835298,0.38314712,0.74244183,0.91134673,0.060276445,0.9414394,0.99077743,0.9512189,0.4948334,0.7231866,0.94651663,0.3968338,0.9015277,0.93588746,0.95646524,0.94236505,0.97266334,0.9798539,0.949617,0.8030567,0.99962586,0.8699464,0.93301505,0.9331488,0.934049,0.7049924,0.99008006
3,56,2,verbal,0.58800876,0.2883111,0.6901122,0.4508924,0.2823113,0.2585362,0.40850744,0.360292,0.82982,0.64887404,0.48528698,0.67125785,0.09815491,0.16751096,0.34658644,0.48535144,0.07198443,0.27724022,0.027244462,0.8522461,0.74272186,0.8849993,0.7811612,0.36967367,0.70492405,0.31580535,0.425448,0.9282693
3,56,3,verbal,0.64594656,0.69067395,0.6941131,0.11406157,0.6181822,0.5886827,0.39521858,0.78755414,0.9051214,0.37673438,0.36703497,0.84347963,0.094366185,0.0016186539,0.2884243,0.6675369,0.3422557,0.634231,0.753412,0.96330136,0.55753434,0.8845864,0.7644189,0.41134742,0.4700932,0.9526504,0.5587492,0.9260751
3,56,4,verbal,0.892884,0.30943322,0.8212915,0.6341204,0.35944885,0.8239322,0.7021645,0.72681254,0.8920944,0.8100576,0.7333438,0.87281215,0.8442288,0.59413433,0.41151044,0.12486773,0.61959815,0.43527374,0.5037903,0.8453012,0.27760127,0.8614986,0.7350328,0.5193211,0.3162368,0.81618786,0.6429241,0.85378075
3,56,5,verbal,0.49311998,0.29972962,0.8654955,0.79633784,0.76300526,0.7944932,0.75600487,0.07477591,0.90547717,0.84551084,0.8361768,0.8359489,0.82791275,0.80293477,0.72664964,0.7581283,0.7633214,0.7168322,0.21983634,0.4068117,0.16820958,0.73600346,0.30596462,0.049278222,0.4904504,0.33040255,0.09086994,0.7680899
3,56,6,verbal,0.82812184,0.9050029,0.2472499,0.262263,0.7549366,0.005375317,0.71748024,0.9256382,0.7828682,0.42083418,0.41290978,0.7672098,0.15446879,0.62421316,0.68835217,0.84198403,0.7180411,0.8394586,0.78924465,0.9715007,0.5604409,0.96716726,0.8768874,0.616299,0.83314455,0.940111,0.6599464,0.97784173
3,56,7,verbal,0.5757487,0.5486586,0.8101258,0.38940343,0.34044802,0.65948886,0.13961318,0.6352792,0.88779044,0.60417104,0.023095846,0.8062164,0.49956024,0.395213,0.047464143,0.46886975,0.13142912,0.21209006,0.714884,0.9916614,0.8585707,0.9768279,0.83318853,0.40077135,0.5927478,0.9692977,0.7664592,0.96227527
3,56,8,verbal,0.971237,0.99115074,0.8847394,0.05046912,0.8523796,0.91161025,0.4530917,0.9920029,0.99446326,0.90814805,0.5378585,0.9968192,0.78487074,0.61920404,0.76500404,0.94339216,0.67320764,0.8758706,0.9699398,0.9999179,0.36108202,0.9971198,0.99810547,0.92914426,0.8647466,0.99900216,0.9961048,0.9993108
3,56,9,verbal,0.8487006,0.9366644,0.63202614,0.16588372,0.77387226,0.5007966,0.43855312,0.9400114,0.8980266,0.69242054,0.5743393,0.87720203,0.2215595,0.4815401,0.5425166,0.9008089,0.5703322,0.81157845,0.75426173,0.9785938,0.33666196,0.9914684,0.93760866,0.5784267,0.9007592,0.9764237,0.8898606,0.9816194
3,56,10,verbal,0.97988826,0.8613882,0.20442533,0.38965967,0.84138405,0.26732385,0.71613234,0.94923925,0.88796276,0.35730216,0.39459673,0.7686577,0.0935168,0.53649807,0.66537476,0.87377155,0.7263241,0.816063,0.89524436,0.991442,0.8767146,0.9945033,0.9201985,0.6671132,0.63738406,0.98720294,0.93084866,0.97457856
3,56,11,verbal,0.9676415,0.92400944,0.32912976,0.3588717,0.85440063,0.16634737,0.6667129,0.9664543,0.8921226,0.47802773,0.47249675,0.87450385,0.20464236,0.59632015,0.7259232,0.89740527,0.6491911,0.83353263,0.92620045,0.98680973,0.4105113,0.9917554,0.93435365,0.8576692,0.7954059,0.9775252,0.9203762,0.98482364
3,56,12,verbal,0.98187274,0.96936285,0.2424511,0.5678318,0.93778396,0.11360477,0.8248836,0.99029386,0.93344474,0.21455847,0.87108564,0.91162944,0.21645118,0.8784163,0.9088335,0.96754724,0.9233994,0.9597132,0.9461361,0.9925456,0.68791765,0.9965777,0.9803683,0.8859663,0.62518317,0.99246,0.9704701,0.9911922
3,56,13,verbal,0.36171776,0.58774656,0.8132921,0.7844588,0.28666085,0.708883,0.7039622,0.65672,0.8429021,0.808231,0.4267694,0.7269027,0.7422023,0.34493333,0.4403188,0.14503337,0.027698694,0.0991888,0.47195998,0.8994985,0.7472956,0.73846364,0.922295,0.680157,0.8179935,0.6721661,0.71660453,0.057150085
3,56,14,verbal,0.4894759,0.020418085,0.55531865,0.39028907,0.099961296,0.13614294,0.26792786,0.3107029,0.6877702,0.5402917,0.34372962,0.4121312,0.49208525,0.27161214,0.17294705,0.026233459,0.11410494,0.06505454,0.034214094,0.87330467,0.7214423,0.9203847,0.74644274,0.31015489,0.5730346,0.35071284,0.48667496,0.03923649
3,56,15,verbal,0.16252261,0.81619525,0.94633365,0.95202017,0.90023404,0.84968054,0.8923508,0.63996696,0.9776548,0.980898,0.943221,0.91205126,0.9452951,0.94997627,0.9494703,0.9363675,0.88935786,0.91285205,0.83912146,0.90544975,0.87470716,0.9645544,0.926549,0.94580853,0.99511635,0.2159204,0.35607788,0.18007745
3,57,1,verbal,0.8251028,0.9278882,0.9055252,0.9020571,0.26677364,0.642948,0.8514485,0.2339211,0.8810142,0.87933403,0.61383337,0.7031452,0.8544014,0.94426084,0.93641,0.6688624,0.8514669,0.9343365,0.6536582,0.70676684,0.92150354,0.93153864,0.79350007,0.8603056,0.87086767,0.19920024,0.5395633,0.45655948
3,57,2,verbal,0.20614582,0.90615666,0.90247476,0.93614644,0.8315108,0.71731836,0.83217025,0.63400644,0.90428025,0.93758285,0.83560324,0.7360513,0.84502214,0.9304168,0.9460751,0.92062646,0.86026037,0.9087231,0.82274836,0.7821198,0.8353987,0.9300453,0.9208469,0.9357466,0.9807066,0.006911264,0.24419019,0.26273423
3,57,3,verbal,0.38360536,0.83554363,0.95105433,0.9654136,0.79734814,0.7284509,0.9337289,0.50604314,0.9362603,0.96140474,0.8533241,0.7368573,0.92146665,0.94165313,0.9694111,0.8801074,0.78907746,0.93369615,0.83190167,0.7191467,0.87664944,0.8385714,0.8629357,0.940191,0.97072923,0.008627031,0.25554296,0.52481383
3,57,4,verbal,0.45674554,0.7736581,0.9436607,0.92346144,0.8720752,0.86717534,0.88669074,0.36788425,0.94150054,0.9236541,0.8665405,0.9059996,0.9025027,0.9844737,0.9713036,0.9440238,0.9568377,0.95943046,0.6097908,0.5204925,0.58252054,0.7428638,0.6687038,0.9592179,0.97832894,0.28011134,0.23315327,0.019493485
3,57,5,verbal,0.26585776,0.9306886,0.88736564,0.8951883,0.80203503,0.7161448,0.8343436,0.5518464,0.87763715,0.9017742,0.8263563,0.7688143,0.85931855,0.9328295,0.92585176,0.8765295,0.85164005,0.908678,0.71888494,0.14703062,0.6979163,0.8112388,0.65575045,0.9232015,0.9629443,0.20097415,0.19383599,0.26115942
3,57,6,verbal,0.16538939,0.729568,0.96830887,0.97751737,0.6323222,0.9288252,0.94232523,0.5867979,0.94341516,0.9610226,0.54764694,0.8598034,0.90968686,0.9708731,0.9794148,0.71695364,0.9288319,0.9502505,0.8264896,0.7486882,0.84692466,0.8823599,0.91214556,0.9639732,0.99245566,0.42132363,0.46398634,0.17143138
3,57,7,verbal,0.18669936,0.84537965,0.97379416,0.9831875,0.9778568,0.8976488,0.8893075,0.43048277,0.9687744,0.97940093,0.96280384,0.9200685,0.926869,0.96680504,0.9777691,0.97207296,0.9188979,0.94091696,0.67745435,0.6028574,0.7516509,0.6638558,0.937098,0.9625207,0.9622304,0.08041257,0.13139035,0.10565083
3,57,8,verbal,0.36702758,0.7747937,0.97267693,0.99030167,0.92064804,0.9476908,0.9242,0.4018502,0.98251915,0.9895574,0.95551753,0.8966033,0.9417687,0.9690374,0.9853288,0.9516066,0.9600228,0.92814404,0.8072654,0.832754,0.57975096,0.73474354,0.9698102,0.8817811,0.9185033,0.32949838,0.016523564,0.24686524
3,57,9,verbal,0.98587114,0.9624197,0.9947219,0.99278015,0.98793626,0.99272406,0.9875672,0.9843457,0.99567944,0.993867,0.99289066,0.99372226,0.9910422,0.99298024,0.9910877,0.9695003,0.99130875,0.97885716,0.9803547,0.9913177,0.96812445,0.9976438,0.9921039,0.87957674,0.99600124,0.9865354,0.9608653,0.9890472
3,57,10,verbal,0.07001065,0.75081265,0.92311,0.9470187,0.75789154,0.47502625,0.8272578,0.8185212,0.9775411,0.9841262,0.8918427,0.66100574,0.9379458,0.993315,0.99154377,0.9719391,0.9752352,0.9875427,0.8759523,0.6355838,0.9730083,0.89822716,0.9158245,0.9709457,0.98118013,0.6720739,0.087390386,0.90788877
3,57,11,verbal,0.4449248,0.5908616,0.95985764,0.9846542,0.75201005,0.62595004,0.8970902,0.4288545,0.9921761,0.98767865,0.90404284,0.91289645,0.97690177,0.97956,0.9886517,0.94233245,0.9251208,0.9722302,0.874551,0.49465355,0.9794534,0.8619505,0.7563539,0.98288596,0.97301596,0.5472438,0.066876,0.94615775
3,57,12,verbal,0.22108622,0.36335817,0.8963834,0.93507195,0.81145734,0.48302698,0.84635276,0.5254152,0.8965077,0.9311167,0.8101707,0.5398633,0.85453176,0.9309043,0.9420696,0.9346955,0.6952495,0.885036,0.92317283,0.22486287,0.9690172,0.89800394,0.6628234,0.97702336,0.9882827,0.62050825,0.23360327,0.85128653
3,57,13,verbal,0.83459157,0.26544034,0.99089485,0.9906802,0.9792991,0.98717433,0.9837171,0.6968295,0.98781645,0.9879086,0.9900147,0.98311573,0.9857149,0.9956566,0.9947743,0.98417515,0.99230164,0.9896853,0.88591397,0.9418655,0.45305482,0.9702811,0.9817635,0.21802571,0.9937019,0.8827581,0.50334954,0.9199061
3,57,14,verbal,0.45422122,0.8405583,0.9880483,0.9911252,0.94171137,0.9418822,0.96853656,0.43511656,0.9912927,0.99274045,0.9600545,0.97595614,0.98487955,0.98257405,0.986466,0.97362673,0.9598606,0.973488,0.86719495,0.8582622,0.9367184,0.98554474,0.9270882,0.9793355,0.9951128,0.19605446,0.39553452,0.25968844
3,57,15,verbal,0.3747858,0.8754187,0.9901915,0.99363834,0.8923019,0.93536997,0.9688326,0.59368694,0.9962077,0.9953774,0.9545657,0.97261906,0.98801994,0.9849864,0.9893544,0.95505905,0.9644568,0.9697822,0.90332735,0.74913627,0.8814176,0.99193263,0.9098481,0.9532599,0.99053615,0.04225361,0.22278252,0.24988483
3,58,1,verbal,0.5452734,0.7582223,0.9540132,0.97218597,0.7232262,0.88071036,0.92851603,0.2737948,0.9781316,0.98185843,0.8263973,0.95029354,0.9653749,0.95757526,0.97081345,0.85233516,0.91826016,0.93802404,0.9000395,0.7525001,0.92918587,0.9403464,0.8879493,0.9718029,0.99192554,0.26171607,0.3321966,0.29557398
3,58,2,verbal,0.5739953,0.5934416,0.8451335,0.7718561,0.51647574,0.6290157,0.62023157,0.0700325,0.93604267,0.8673149,0.78855234,0.83664834,0.8472664,0.7918461,0.71199924,0.5462411,0.6565771,0.6277768,0.22747076,0.76129514,0.8360303,0.93404025,0.724178,0.5222179,0.6709074,0.33250734,0.2976614,0.19118664
3,58,3,verbal,0.7572886,0.9176475,0.9255427,0.9180951,0.84117705,0.80162084,0.8911552,0.6760326,0.9394993,0.9328819,0.8889567,0.861922,0.9241103,0.9419841,0.931161,0.9240121,0.8779723,0.93208766,0.73039305,0.7927226,0.9218832,0.95097756,0.8422139,0.953756,0.92311305,0.07455858,0.23715855,0.20834433
3,58,4,verbal,0.47720534,0.8695651,0.96323997,0.9651902,0.89121747,0.82355446,0.9310745,0.5565108,0.9360332,0.942028,0.8908939,0.8035693,0.90131223,0.9591379,0.9595537,0.94669396,0.9012768,0.9473293,0.8589001,0.8431167,0.8805875,0.9802652,0.904343,0.8964279,0.96590394,0.09495308,0.3290456,0.37229243
3,58,5,verbal,0.6446301,0.06775343,0.96462333,0.9590302,0.7109961,0.8976161,0.9254811,0.2662302,0.97242516,0.9663315,0.7549821,0.9208111,0.94054395,0.9311439,0.92325574,0.52876854,0.8526488,0.86664104,0.6307379,0.8424856,0.26359454,0.9893047,0.86664414,0.4531226,0.96534747,0.749415,0.6335045,0.63662696
3,58,6,verbal,0.47632152,0.5591967,0.9644957,0.9769239,0.9166532,0.8820332,0.94362164,0.22026482,0.9820136,0.9850953,0.9547519,0.9413909,0.9729873,0.97875184,0.9823274,0.96273714,0.93575156,0.9689172,0.8609413,0.95172524,0.4579596,0.9860112,0.97583854,0.7595595,0.9899973,0.5915211,0.5891502,0.4520615
3,58,7,verbal,0.4708807,0.7299324,0.901244,0.9212158,0.8010809,0.38440746,0.7902749,0.4873024,0.9617939,0.97100705,0.9264806,0.7254102,0.90436584,0.96612936,0.9626494,0.92743605,0.8797483,0.93744725,0.84732866,0.65386826,0.9801732,0.89940584,0.95752484,0.96914566,0.961373,0.6512258,0.12462211,0.86350596
3,58,8,verbal,0.41085663,0.64577675,0.8891844,0.92194587,0.5890917,0.13795397,0.7202449,0.36310473,0.96098524,0.9595076,0.8452646,0.6560016,0.9265103,0.9453534,0.9521111,0.8732175,0.78449816,0.9068638,0.78771496,0.6519199,0.95334095,0.8994161,0.86735886,0.91014004,0.89307815,0.59871936,0.07887453,0.895193
3,58,9,verbal,0.6400018,0.7660676,0.7380366,0.8572443,0.42811534,0.20620444,0.48925495,0.3141282,0.87586284,0.9112428,0.7501315,0.2446989,0.7286941,0.9264015,0.9433574,0.8499903,0.56307137,0.8510428,0.9282979,0.69280267,0.96681666,0.9454005,0.87930316,0.97153896,0.9843464,0.55047286,0.18592153,0.8925104
3,58,10,verbal,0.42836237,0.563023,0.9079906,0.9340356,0.7210417,0.21681115,0.8096179,0.35316545,0.971104,0.96955717,0.928332,0.7060621,0.944566,0.92594576,0.92660105,0.8960799,0.6276109,0.89005643,0.9105415,0.65480083,0.9615346,0.95298636,0.86063796,0.9504025,0.9809204,0.7904062,0.12770183,0.89228076
3,58,11,verbal,0.03523736,0.4792732,0.8719489,0.9004781,0.6768482,0.068734884,0.61441,0.44345188,0.8511169,0.88551646,0.65672916,0.15767321,0.6654713,0.9171878,0.919568,0.8307225,0.6134261,0.77271783,0.78895897,0.6156189,0.9678544,0.90566605,0.8542484,0.922371,0.9540798,0.7399071,0.0938421,0.6728005
3,58,12,verbal,0.5742387,0.29276338,0.9449988,0.9444367,0.81516206,0.7795198,0.8747807,0.29880443,0.9650383,0.9535174,0.91539186,0.9015907,0.89161223,0.9517232,0.9550599,0.8957777,0.89071417,0.89457613,0.753736,0.89036816,0.570454,0.8699366,0.94582796,0.76650596,0.96165854,0.4230467,0.23592539,0.32848674
3,58,13,verbal,0.5561031,0.8510917,0.94235075,0.9554574,0.94610935,0.6769295,0.8883571,0.46898687,0.93529886,0.94963413,0.94749427,0.7318168,0.893588,0.959739,0.96639645,0.96378744,0.8505859,0.9432783,0.8876881,0.8024219,0.9271801,0.98239076,0.9216577,0.9407312,0.98949957,0.34006462,0.18464082,0.57758063
3,58,14,verbal,0.42976567,0.8533584,0.96919584,0.9752485,0.61716264,0.8759007,0.9529891,0.52092963,0.9236844,0.9359293,0.64746225,0.79948694,0.9070116,0.95363486,0.9596278,0.7207704,0.88389665,0.94400686,0.8924324,0.5184483,0.93817127,0.938406,0.679274,0.95242447,0.9849836,0.008948636,0.27861127,0.44524425
3,58,15,verbal,0.37718734,0.88507915,0.95168006,0.95685947,0.81993467,0.74314797,0.93623435,0.7815307,0.90441406,0.9139435,0.77515644,0.65252537,0.88198847,0.9397124,0.93929905,0.87578243,0.83495635,0.93655205,0.8276953,0.6869591,0.8954522,0.9476978,0.8559237,0.913744,0.9666059,0.1677024,0.2889121,0.6338263
3,59,1,verbal,0.024554577,0.9448978,0.90126675,0.9061657,0.58386207,0.6040956,0.85605973,0.84656066,0.92936826,0.93430245,0.53050476,0.694277,0.89367527,0.9286872,0.9213946,0.844654,0.80372554,0.92043823,0.88494503,0.5441412,0.8363623,0.9091763,0.68133545,0.93604845,0.9536422,0.10818087,0.17625527,0.4997685
3,59,2,verbal,0.6280791,0.31472713,0.95623577,0.9516394,0.8216099,0.89587176,0.9281467,0.25023937,0.9692459,0.96936595,0.9157073,0.9382299,0.95878375,0.9375114,0.92770064,0.6702773,0.89614946,0.9055092,0.55809987,0.95468426,0.38614538,0.961788,0.9739736,0.5142008,0.9582067,0.77344996,0.80357623,0.45204124
3,59,3,verbal,0.3280251,0.91636246,0.9041077,0.9345034,0.7749429,0.6751105,0.8761478,0.6823766,0.9148946,0.9404569,0.7450778,0.71557647,0.89176,0.9206896,0.93933433,0.8664707,0.7972073,0.9141994,0.8237318,0.26642182,0.88793474,0.9482303,0.49666697,0.92020166,0.9598624,0.19073117,0.02199564,0.55599076
3,59,4,verbal,0.28429246,0.91060966,0.981384,0.98750085,0.53630567,0.89664906,0.96305853,0.6409189,0.9777079,0.981028,0.68206394,0.8679476,0.94752204,0.98984444,0.99069357,0.6421178,0.9685956,0.98436314,0.8124651,0.33664224,0.83479506,0.9478791,0.5592256,0.94630176,0.9916671,0.1910318,0.15661106,0.22526677
3,59,5,verbal,0.4835242,0.794944,0.9485087,0.94355035,0.5800602,0.830013,0.8907667,0.49216202,0.9221589,0.9242906,0.57605666,0.79572064,0.85240656,0.95781314,0.95476085,0.7032407,0.8799495,0.9262382,0.89705783,0.17112172,0.48051244,0.87954664,0.37435457,0.9602402,0.9965298,0.044091806,0.056556176,0.10719097
3,59,6,verbal,0.49539298,0.809746,0.98272115,0.9775794,0.34958354,0.93572366,0.9730584,0.45599687,0.99562556,0.9942892,0.49190584,0.9683523,0.9844427,0.96105283,0.95743006,0.43644157,0.93051857,0.94953007,0.77660584,0.3139617,0.7613188,0.875851,0.37635526,0.854763,0.94626707,0.087515905,0.18894713,0.061212637
3,59,7,verbal,0.18755628,0.87648916,0.9874069,0.9683558,0.096894,0.9246598,0.9676707,0.7665397,0.9810351,0.97555304,0.12249004,0.9033113,0.94782305,0.98817426,0.98141605,0.06818639,0.9576637,0.9797751,0.5991607,0.044968236,0.81197953,0.9640926,0.0598505,0.82533276,0.8711364,0.062188238,0.01115039,0.2607813
3,59,8,verbal,0.5085239,0.8679704,0.96535426,0.9603656,0.53526384,0.90002006,0.91014695,0.5431547,0.9618076,0.9571286,0.4900191,0.8904661,0.90799534,0.9596382,0.9596448,0.5943591,0.9288248,0.93109107,0.76527876,0.008052469,0.8851363,0.84209,0.1445774,0.90358025,0.95187443,0.16063689,0.09367534,0.12882556
3,59,9,verbal,0.2560823,0.9289485,0.92214835,0.91987395,0.75154227,0.8118596,0.89889807,0.8105831,0.9296279,0.92723763,0.8059385,0.8252347,0.91096777,0.95964956,0.9532234,0.82259893,0.9124923,0.94813097,0.836886,0.10185353,0.86622036,0.7481021,0.3637925,0.948613,0.8962668,0.08968511,0.0563631,0.20707633
3,59,10,verbal,0.49113363,0.8649197,0.95955724,0.96369016,0.24082445,0.8558939,0.934593,0.657432,0.9678625,0.967385,0.06201559,0.88796836,0.9279683,0.9705086,0.9750235,0.08576611,0.92693347,0.96514314,0.8893953,0.16712856,0.886904,0.5374553,0.2302794,0.9652519,0.809059,0.09392163,0.39882895,0.25376484
3,59,11,verbal,0.31476048,0.91852367,0.9695855,0.97408926,0.4552794,0.8630581,0.8800994,0.58783495,0.95016754,0.9637219,0.36362907,0.8473168,0.87283605,0.98142004,0.9828061,0.45864505,0.9569826,0.95282334,0.8664654,0.096021324,0.83320355,0.84194857,0.27673724,0.95530814,0.96155417,0.09258535,0.0043636253,0.073866926
3,59,12,verbal,0.24649395,0.8659292,0.98799986,0.99313265,0.6710781,0.9108238,0.94142866,0.3187035,0.960395,0.9682459,0.645327,0.8525344,0.89532846,0.97287947,0.984875,0.7898146,0.922282,0.9392324,0.80888575,0.045203358,0.79315776,0.93466645,0.19431835,0.9116902,0.95217705,0.10097776,0.078397155,0.023806296
3,59,13,verbal,0.63946825,0.2438837,0.9616664,0.95397973,0.37030202,0.9280062,0.938558,0.2656406,0.95905113,0.95342433,0.37006643,0.92537415,0.9394392,0.96546537,0.95891976,0.443491,0.9388119,0.95343596,0.8801296,0.50731635,0.045139853,0.98941565,0.6087997,0.7484568,0.9939622,0.43496504,0.22758155,0.8130952
3,59,14,verbal,0.0044256314,0.24401832,0.93928945,0.9135639,0.4243691,0.73661065,0.81471956,0.3089932,0.85594505,0.8739853,0.5520567,0.59518176,0.6994004,0.9314546,0.92283946,0.2821768,0.8355029,0.8752739,0.69194716,0.524801,0.9346824,0.8315344,0.45793507,0.9213488,0.961159,0.49647924,0.36503524,0.36129257
3,59,15,verbal,0.19919373,0.42805108,0.93938786,0.95378846,0.28104222,0.7956822,0.9006451,0.36008617,0.94689626,0.96032834,0.2791012,0.7797421,0.91689306,0.9479247,0.95918334,0.22381823,0.9083016,0.9349446,0.904452,0.33407512,0.9666177,0.9554643,0.2922575,0.9804795,0.9910378,0.24261633,0.22224805,0.8658881
3,60,1,verbal,0.21300039,0.5632919,0.78894424,0.76113796,0.41773245,0.30754414,0.6041982,0.3553696,0.9161355,0.87847376,0.27112308,0.6463121,0.8280273,0.8534992,0.8104442,0.49988046,0.6672861,0.750153,0.5274301,0.25894222,0.94735086,0.9668311,0.30024877,0.86864156,0.88841534,0.4534102,0.3820853,0.7280111
3,60,2,verbal,0.98379785,0.9856494,0.98778623,0.7534078,0.9528182,0.990398,0.29813957,0.9896336,0.99729717,0.9902655,0.8461041,0.9961694,0.8718604,0.39435348,0.63661927,0.9719195,0.25857154,0.9378366,0.9486576,0.9849614,0.5564878,0.9993812,0.9793592,0.9068183,0.99624366,0.9787531,0.96592337,0.9929006
3,60,3,verbal,0.9966413,0.98864764,0.21152544,0.9466322,0.9677932,0.87620735,0.98473644,0.99461436,0.98445046,0.5378473,0.9085085,0.9795815,0.9569455,0.968,0.9748185,0.9797797,0.97775334,0.9881646,0.98684084,0.9643635,0.9650427,0.99843615,0.9219108,0.97298825,0.99169296,0.9559515,0.3282994,0.99751943
3,60,4,verbal,0.035763305,0.08799414,0.8601984,0.70477295,0.09789139,0.8192278,0.6330669,0.1766296,0.8435544,0.7022702,0.033184893,0.8313769,0.5986827,0.6827065,0.55361974,0.049850103,0.66924727,0.43500674,0.4380903,0.46840498,0.17716955,0.8764006,0.5093194,0.44340137,0.42751202,0.54983723,0.45119584,0.92154425
3,60,5,verbal,0.93967307,0.9755237,0.9226089,0.80140823,0.36795518,0.92847204,0.58625144,0.9887634,0.97123617,0.895991,0.61363834,0.9756794,0.795492,0.5942911,0.45207354,0.22353856,0.64941794,0.06712676,0.38854453,0.75888705,0.814332,0.9975054,0.71800464,0.90939647,0.9635003,0.79830855,0.39856437,0.99793655
3,60,6,verbal,0.89654976,0.6241604,0.8191215,0.7426515,0.42328903,0.85056484,0.6257429,0.8521774,0.89921147,0.84000903,0.4401762,0.9263512,0.841156,0.614167,0.55951756,0.3866026,0.66783327,0.13979284,0.13916765,0.3441217,0.32204327,0.8838028,0.40442264,0.22700821,0.7792745,0.2881617,0.094665565,0.8200744
3,60,7,verbal,0.9931833,0.9874433,0.842149,0.8308546,0.8672511,0.81165546,0.9622584,0.99253565,0.99513716,0.94745463,0.69497633,0.99559075,0.49789467,0.93761176,0.9558552,0.92752147,0.96058446,0.9796302,0.98459864,0.8957501,0.773882,0.9987868,0.83508575,0.9597429,0.99119616,0.88950473,0.7109554,0.99608654
3,60,8,verbal,0.4773189,0.5142633,0.8299985,0.7438904,0.15607004,0.66221946,0.64279276,0.102054164,0.84069467,0.7734441,0.21667343,0.7912802,0.74732286,0.7516672,0.70833164,0.29415235,0.6073024,0.60258925,0.06111258,0.12423048,0.5399456,0.65124416,0.13594656,0.4506809,0.6192341,0.00984958,0.03139087,0.034514397
3,60,9,verbal,0.12548907,0.9305912,0.918217,0.9246214,0.23842125,0.8149978,0.8627869,0.6840174,0.9701132,0.9545195,0.22924045,0.90153724,0.92939717,0.9354896,0.94021153,0.43564758,0.8842693,0.9068966,0.2798023,0.029160265,0.54892915,0.5786879,0.094840564,0.585864,0.6462712,0.022114983,0.036488865,0.2346683
3,60,10,verbal,0.19253649,0.62639993,0.857328,0.72199017,0.16504705,0.8089281,0.7575667,0.37878326,0.8976818,0.8276252,0.020757282,0.8248192,0.8235561,0.8244842,0.7334892,0.20424543,0.7882101,0.74902976,0.105388716,0.29888594,0.48215136,0.69233096,0.15366371,0.15645957,0.4206411,0.28561538,0.19640039,0.22046249
3,60,11,verbal,0.21734858,0.7274187,0.89212173,0.85031533,0.041467957,0.8390047,0.83214706,0.43393138,0.90133554,0.89598876,0.0016731712,0.84059083,0.85405284,0.82395923,0.8018223,0.07622531,0.77730274,0.77935374,0.28517967,0.0642244,0.68311834,0.74081254,0.060809664,0.6021077,0.651585,0.0148739,0.041596975,0.18037023
3,60,12,verbal,0.73572266,0.01161868,0.5641786,0.42026183,0.21776216,0.3401488,0.06790997,0.38314688,0.7925112,0.63903475,0.11160034,0.73463434,0.45622885,0.3702454,0.32862315,0.21624927,0.13133715,0.043934412,0.11883424,0.2621422,0.5761229,0.9665281,0.27747196,0.22952203,0.73609525,0.27186638,0.21895501,0.54742616
3,60,13,verbal,0.6767082,0.18362537,0.53562164,0.19908966,0.6799592,0.41756535,0.13213784,0.49772006,0.75169414,0.4055846,0.70324045,0.74216557,0.26613805,0.26532707,0.107274726,0.6342904,0.09023317,0.16291492,0.44663152,0.75179684,0.5025444,0.9798103,0.7214971,0.1203471,0.41931418,0.7360303,0.71020305,0.8191137
3,60,14,verbal,0.90721875,0.8062848,0.78327584,0.29151908,0.40416417,0.7911718,0.14743489,0.9024437,0.9570148,0.8218951,0.13552351,0.96456885,0.7201825,0.048927322,0.22496986,0.49771813,0.17126703,0.5276133,0.67268336,0.5953552,0.36779892,0.9717819,0.49268055,0.41995803,0.799049,0.6185032,0.44978568,0.91142386
3,60,15,verbal,0.1276879,0.72008896,0.80597794,0.8327708,0.3387241,0.62324727,0.6892468,0.54681766,0.85148895,0.873324,0.38775975,0.6814104,0.76145357,0.85014695,0.8519586,0.4875179,0.7491598,0.77194667,0.46111202,0.074284196,0.662753,0.80502087,0.1473234,0.6504218,0.81002545,0.08491378,0.057118405,0.095231876
4,61,1,verbal,0.99978095,0.9998608,0.99925494,0.9999738,0.99990743,0.9999893,0.9999951,0.99978185,0.9998106,0.99818045,0.9990698,0.9999067,0.99989647,0.99998695,0.99997836,0.99991363,0.9999927,0.9999973,0.9999786,0.99992275,0.9999925,0.99999714,0.96712893,0.9999525,0.9998484,0.99993676,0.9999298,0.98700094
4,61,2,verbal,0.99978095,0.9998608,0.99925494,0.9999738,0.99990743,0.9999893,0.9999951,0.99978185,0.9998106,0.99818045,0.9990698,0.9999067,0.99989647,0.99998695,0.99997836,0.99991363,0.9999927,0.9999973,0.9999786,0.99992275,0.9999925,0.99999714,0.96712893,0.9999525,0.9998484,0.99993676,0.9999298,0.98700094
4,61,3,verbal,0.99978095,0.9998608,0.99925494,0.9999738,0.99990743,0.9999893,0.9999951,0.99978185,0.9998106,0.99818045,0.9990698,0.9999067,0.99989647,0.99998695,0.99997836,0.99991363,0.9999927,0.9999973,0.9999786,0.99992275,0.9999925,0.99999714,0.96712893,0.9999525,0.9998484,0.99993676,0.9999298,0.98700094
4,61,4,verbal,0.99978095,0.9998608,0.99925494,0.9999738,0.99990743,0.9999893,0.9999951,0.99978185,0.9998106,0.99818045,0.9990698,0.9999067,0.99989647,0.99998695,0.99997836,0.99991363,0.9999927,0.9999973,0.9999786,0.99992275,0.9999925,0.99999714,0.96712893,0.9999525,0.9998484,0.99993676,0.9999298,0.98700094
4,61,5,verbal,0.99978095,0.9998608,0.99925494,0.9999738,0.99990743,0.9999893,0.9999951,0.99978185,0.9998106,0.99818045,0.9990698,0.9999067,0.99989647,0.99998695,0.99997836,0.99991363,0.9999927,0.9999973,0.9999786,0.99992275,0.9999925,0.99999714,0.96712893,0.9999525,0.9998484,0.99993676,0.9999298,0.98700094
4,61,6,verbal,0.99978095,0.9998608,0.99925494,0.9999738,0.99990743,0.9999893,0.9999951,0.99978185,0.9998106,0.99818045,0.9990698,0.9999067,0.99989647,0.99998695,0.99997836,0.99991363,0.9999927,0.9999973,0.9999786,0.99992275,0.9999925,0.99999714,0.96712893,0.9999525,0.9998484,0.99993676,0.9999298,0.98700094
4,61,7,verbal,0.99978095,0.9998608,0.99925494,0.9999738,0.99990743,0.9999893,0.9999951,0.99978185,0.9998106,0.99818045,0.9990698,0.9999067,0.99989647,0.99998695,0.99997836,0.99991363,0.9999927,0.9999973,0.9999786,0.99992275,0.9999925,0.99999714,0.96712893,0.9999525,0.9998484,0.99993676,0.9999298,0.98700094
4,61,8,verbal,0.99978095,0.9998608,0.99925494,0.9999738,0.99990743,0.9999893,0.9999951,0.99978185,0.9998106,0.99818045,0.9990698,0.9999067,0.99989647,0.99998695,0.99997836,0.99991363,0.9999927,0.9999973,0.9999786,0.99992275,0.9999925,0.99999714,0.96712893,0.9999525,0.9998484,0.99993676,0.9999298,0.98700094
4,61,9,verbal,0.99978095,0.9998608,0.99925494,0.9999738,0.99990743,0.9999893,0.9999951,0.99978185,0.9998106,0.99818045,0.9990698,0.9999067,0.99989647,0.99998695,0.99997836,0.99991363,0.9999927,0.9999973,0.9999786,0.99992275,0.9999925,0.99999714,0.96712893,0.9999525,0.9998484,0.99993676,0.9999298,0.98700094
4,61,10,verbal,0.99978095,0.9998608,0.99925494,0.9999738,0.99990743,0.9999893,0.9999951,0.99978185,0.9998106,0.99818045,0.9990698,0.9999067,0.99989647,0.99998695,0.99997836,0.99991363,0.9999927,0.9999973,0.9999786,0.99992275,0.9999925,0.99999714,0.96712893,0.9999525,0.9998484,0.99993676,0.9999298,0.98700094
4,61,11,verbal,0.99978095,0.9998608,0.99925494,0.9999738,0.99990743,0.9999893,0.9999951,0.99978185,0.9998106,0.99818045,0.9990698,0.9999067,0.99989647,0.99998695,0.99997836,0.99991363,0.9999927,0.9999973,0.9999786,0.99992275,0.9999925,0.99999714,0.96712893,0.9999525,0.9998484,0.99993676,0.9999298,0.98700094
4,61,12,verbal,0.99978095,0.9998608,0.99925494,0.9999738,0.99990743,0.9999893,0.9999951,0.99978185,0.9998106,0.99818045,0.9990698,0.9999067,0.99989647,0.99998695,0.99997836,0.99991363,0.9999927,0.9999973,0.9999786,0.99992275,0.9999925,0.99999714,0.96712893,0.9999525,0.9998484,0.99993676,0.9999298,0.98700094
4,61,13,verbal,0.99978095,0.9998608,0.99925494,0.9999738,0.99990743,0.9999893,0.9999951,0.99978185,0.9998106,0.99818045,0.9990698,0.9999067,0.99989647,0.99998695,0.99997836,0.99991363,0.9999927,0.9999973,0.9999786,0.99992275,0.9999925,0.99999714,0.96712893,0.9999525,0.9998484,0.99993676,0.9999298,0.98700094
4,61,14,verbal,0.99978095,0.9998608,0.99925494,0.9999738,0.99990743,0.9999893,0.9999951,0.99978185,0.9998106,0.99818045,0.9990698,0.9999067,0.99989647,0.99998695,0.99997836,0.99991363,0.9999927,0.9999973,0.9999786,0.99992275,0.9999925,0.99999714,0.96712893,0.9999525,0.9998484,0.99993676,0.9999298,0.98700094
4,61,15,verbal,0.99978095,0.9998608,0.99925494,0.9999738,0.99990743,0.9999893,0.9999951,0.99978185,0.9998106,0.99818045,0.9990698,0.9999067,0.99989647,0.99998695,0.99997836,0.99991363,0.9999927,0.9999973,0.9999786,0.99992275,0.9999925,0.99999714,0.96712893,0.9999525,0.9998484,0.99993676,0.9999298,0.98700094
4,62,1,verbal,0.99978095,0.9998608,0.99925494,0.9999738,0.99990743,0.9999893,0.9999951,0.99978185,0.9998106,0.99818045,0.9990698,0.9999067,0.99989647,0.99998695,0.99997836,0.99991363,0.9999927,0.9999973,0.9999786,0.99992275,0.9999925,0.99999714,0.96712893,0.9999525,0.9998484,0.99993676,0.9999298,0.98700094
4,62,2,verbal,0.99978095,0.9998608,0.99925494,0.9999738,0.99990743,0.9999893,0.9999951,0.99978185,0.9998106,0.99818045,0.9990698,0.9999067,0.99989647,0.99998695,0.99997836,0.99991363,0.9999927,0.9999973,0.9999786,0.99992275,0.9999925,0.99999714,0.96712893,0.9999525,0.9998484,0.99993676,0.9999298,0.98700094
4,62,3,verbal,0.99978095,0.9998608,0.99925494,0.9999738,0.99990743,0.9999893,0.9999951,0.99978185,0.9998106,0.99818045,0.9990698,0.9999067,0.99989647,0.99998695,0.99997836,0.99991363,0.9999927,0.9999973,0.9999786,0.99992275,0.9999925,0.99999714,0.96712893,0.9999525,0.9998484,0.99993676,0.9999298,0.98700094
4,62,4,verbal,0.99978095,0.9998608,0.99925494,0.9999738,0.99990743,0.9999893,0.9999951,0.99978185,0.9998106,0.99818045,0.9990698,0.9999067,0.99989647,0.99998695,0.99997836,0.99991363,0.9999927,0.9999973,0.9999786,0.99992275,0.9999925,0.99999714,0.96712893,0.9999525,0.9998484,0.99993676,0.9999298,0.98700094
4,62,5,verbal,0.99978095,0.9998608,0.99925494,0.9999738,0.99990743,0.9999893,0.9999951,0.99978185,0.9998106,0.99818045,0.9990698,0.9999067,0.99989647,0.99998695,0.99997836,0.99991363,0.9999927,0.9999973,0.9999786,0.99992275,0.9999925,0.99999714,0.96712893,0.9999525,0.9998484,0.99993676,0.9999298,0.98700094
4,62,6,verbal,0.99978095,0.9998608,0.99925494,0.9999738,0.99990743,0.9999893,0.9999951,0.99978185,0.9998106,0.99818045,0.9990698,0.9999067,0.99989647,0.99998695,0.99997836,0.99991363,0.9999927,0.9999973,0.9999786,0.99992275,0.9999925,0.99999714,0.96712893,0.9999525,0.9998484,0.99993676,0.9999298,0.98700094
4,62,7,verbal,0.99978095,0.9998608,0.99925494,0.9999738,0.99990743,0.9999893,0.9999951,0.99978185,0.9998106,0.99818045,0.9990698,0.9999067,0.99989647,0.99998695,0.99997836,0.99991363,0.9999927,0.9999973,0.9999786,0.99992275,0.9999925,0.99999714,0.96712893,0.9999525,0.9998484,0.99993676,0.9999298,0.98700094
4,62,8,verbal,0.99978095,0.9998608,0.99925494,0.9999738,0.99990743,0.9999893,0.9999951,0.99978185,0.9998106,0.99818045,0.9990698,0.9999067,0.99989647,0.99998695,0.99997836,0.99991363,0.9999927,0.9999973,0.9999786,0.99992275,0.9999925,0.99999714,0.96712893,0.9999525,0.9998484,0.99993676,0.9999298,0.98700094
4,62,9,verbal,0.99978095,0.9998608,0.99925494,0.9999738,0.99990743,0.9999893,0.9999951,0.99978185,0.9998106,0.99818045,0.9990698,0.9999067,0.99989647,0.99998695,0.99997836,0.99991363,0.9999927,0.9999973,0.9999786,0.99992275,0.9999925,0.99999714,0.96712893,0.9999525,0.9998484,0.99993676,0.9999298,0.98700094
4,62,10,verbal,0.99978095,0.9998608,0.99925494,0.9999738,0.99990743,0.9999893,0.9999951,0.99978185,0.9998106,0.99818045,0.9990698,0.9999067,0.99989647,0.99998695,0.99997836,0.99991363,0.9999927,0.9999973,0.9999786,0.99992275,0.9999925,0.99999714,0.96712893,0.9999525,0.9998484,0.99993676,0.9999298,0.98700094
4,62,11,verbal,0.99978095,0.9998608,0.99925494,0.9999738,0.99990743,0.9999893,0.9999951,0.99978185,0.9998106,0.99818045,0.9990698,0.9999067,0.99989647,0.99998695,0.99997836,0.99991363,0.9999927,0.9999973,0.9999786,0.99992275,0.9999925,0.99999714,0.96712893,0.9999525,0.9998484,0.99993676,0.9999298,0.98700094
4,62,12,verbal,0.99978095,0.9998608,0.99925494,0.9999738,0.99990743,0.9999893,0.9999951,0.99978185,0.9998106,0.99818045,0.9990698,0.9999067,0.99989647,0.99998695,0.99997836,0.99991363,0.9999927,0.9999973,0.9999786,0.99992275,0.9999925,0.99999714,0.96712893,0.9999525,0.9998484,0.99993676,0.9999298,0.98700094
4,62,13,verbal,0.99978095,0.9998608,0.99925494,0.9999738,0.99990743,0.9999893,0.9999951,0.99978185,0.9998106,0.99818045,0.9990698,0.9999067,0.99989647,0.99998695,0.99997836,0.99991363,0.9999927,0.9999973,0.9999786,0.99992275,0.9999925,0.99999714,0.96712893,0.9999525,0.9998484,0.99993676,0.9999298,0.98700094
4,62,14,verbal,0.99978095,0.9998608,0.99925494,0.9999738,0.99990743,0.9999893,0.9999951,0.99978185,0.9998106,0.99818045,0.9990698,0.9999067,0.99989647,0.99998695,0.99997836,0.99991363,0.9999927,0.9999973,0.9999786,0.99992275,0.9999925,0.99999714,0.96712893,0.9999525,0.9998484,0.99993676,0.9999298,0.98700094
4,62,15,verbal,0.99978095,0.9998608,0.99925494,0.9999738,0.99990743,0.9999893,0.9999951,0.99978185,0.9998106,0.99818045,0.9990698,0.9999067,0.99989647,0.99998695,0.99997836,0.99991363,0.9999927,0.9999973,0.9999786,0.99992275,0.9999925,0.99999714,0.96712893,0.9999525,0.9998484,0.99993676,0.9999298,0.98700094
4,63,1,verbal,0.99978095,0.9998608,0.99925494,0.9999738,0.99990743,0.9999893,0.9999951,0.99978185,0.9998106,0.99818045,0.9990698,0.9999067,0.99989647,0.99998695,0.99997836,0.99991363,0.9999927,0.9999973,0.9999786,0.99992275,0.9999925,0.99999714,0.96712893,0.9999525,0.9998484,0.99993676,0.9999298,0.98700094
4,63,2,verbal,0.99978095,0.9998608,0.99925494,0.9999738,0.99990743,0.9999893,0.9999951,0.99978185,0.9998106,0.99818045,0.9990698,0.9999067,0.99989647,0.99998695,0.99997836,0.99991363,0.9999927,0.9999973,0.9999786,0.99992275,0.9999925,0.99999714,0.96712893,0.9999525,0.9998484,0.99993676,0.9999298,0.98700094
4,63,3,verbal,0.99978095,0.9998608,0.99925494,0.9999738,0.99990743,0.9999893,0.9999951,0.99978185,0.9998106,0.99818045,0.9990698,0.9999067,0.99989647,0.99998695,0.99997836,0.99991363,0.9999927,0.9999973,0.9999786,0.99992275,0.9999925,0.99999714,0.96712893,0.9999525,0.9998484,0.99993676,0.9999298,0.98700094
4,63,4,verbal,0.99978095,0.9998608,0.99925494,0.9999738,0.99990743,0.9999893,0.9999951,0.99978185,0.9998106,0.99818045,0.9990698,0.9999067,0.99989647,0.99998695,0.99997836,0.99991363,0.9999927,0.9999973,0.9999786,0.99992275,0.9999925,0.99999714,0.96712893,0.9999525,0.9998484,0.99993676,0.9999298,0.98700094
4,63,5,verbal,0.99978095,0.9998608,0.99925494,0.9999738,0.99990743,0.9999893,0.9999951,0.99978185,0.9998106,0.99818045,0.9990698,0.9999067,0.99989647,0.99998695,0.99997836,0.99991363,0.9999927,0.9999973,0.9999786,0.99992275,0.9999925,0.99999714,0.96712893,0.9999525,0.9998484,0.99993676,0.9999298,0.98700094
4,63,6,verbal,0.99978095,0.9998608,0.99925494,0.9999738,0.99990743,0.9999893,0.9999951,0.99978185,0.9998106,0.99818045,0.9990698,0.9999067,0.99989647,0.99998695,0.99997836,0.99991363,0.9999927,0.9999973,0.9999786,0.99992275,0.9999925,0.99999714,0.96712893,0.9999525,0.9998484,0.99993676,0.9999298,0.98700094
4,63,7,verbal,0.99978095,0.9998608,0.99925494,0.9999738,0.99990743,0.9999893,0.9999951,0.99978185,0.9998106,0.99818045,0.9990698,0.9999067,0.99989647,0.99998695,0.99997836,0.99991363,0.9999927,0.9999973,0.9999786,0.99992275,0.9999925,0.99999714,0.96712893,0.9999525,0.9998484,0.99993676,0.9999298,0.98700094
4,63,8,verbal,0.99978095,0.9998608,0.99925494,0.9999738,0.99990743,0.9999893,0.9999951,0.99978185,0.9998106,0.99818045,0.9990698,0.9999067,0.99989647,0.99998695,0.99997836,0.99991363,0.9999927,0.9999973,0.9999786,0.99992275,0.9999925,0.99999714,0.96712893,0.9999525,0.9998484,0.99993676,0.9999298,0.98700094
4,63,9,verbal,0.99978095,0.9998608,0.99925494,0.9999738,0.99990743,0.9999893,0.9999951,0.99978185,0.9998106,0.99818045,0.9990698,0.9999067,0.99989647,0.99998695,0.99997836,0.99991363,0.9999927,0.9999973,0.9999786,0.99992275,0.9999925,0.99999714,0.96712893,0.9999525,0.9998484,0.99993676,0.9999298,0.98700094
4,63,10,verbal,0.99978095,0.9998608,0.99925494,0.9999738,0.99990743,0.9999893,0.9999951,0.99978185,0.9998106,0.99818045,0.9990698,0.9999067,0.99989647,0.99998695,0.99997836,0.99991363,0.9999927,0.9999973,0.9999786,0.99992275,0.9999925,0.99999714,0.96712893,0.9999525,0.9998484,0.99993676,0.9999298,0.98700094
4,63,11,verbal,0.99978095,0.9998608,0.99925494,0.9999738,0.99990743,0.9999893,0.9999951,0.99978185,0.9998106,0.99818045,0.9990698,0.9999067,0.99989647,0.99998695,0.99997836,0.99991363,0.9999927,0.9999973,0.9999786,0.99992275,0.9999925,0.99999714,0.96712893,0.9999525,0.9998484,0.99993676,0.9999298,0.98700094
4,63,12,verbal,0.99978095,0.9998608,0.99925494,0.9999738,0.99990743,0.9999893,0.9999951,0.99978185,0.9998106,0.99818045,0.9990698,0.9999067,0.99989647,0.99998695,0.99997836,0.99991363,0.9999927,0.9999973,0.9999786,0.99992275,0.9999925,0.99999714,0.96712893,0.9999525,0.9998484,0.99993676,0.9999298,0.98700094
4,63,13,verbal,0.99978095,0.9998608,0.99925494,0.9999738,0.99990743,0.9999893,0.9999951,0.99978185,0.9998106,0.99818045,0.9990698,0.9999067,0.99989647,0.99998695,0.99997836,0.99991363,0.9999927,0.9999973,0.9999786,0.99992275,0.9999925,0.99999714,0.96712893,0.9999525,0.9998484,0.99993676,0.9999298,0.98700094
4,63,14,verbal,0.99978095,0.9998608,0.99925494,0.9999738,0.99990743,0.9999893,0.9999951,0.99978185,0.9998106,0.99818045,0.9990698,0.9999067,0.99989647,0.99998695,0.99997836,0.99991363,0.9999927,0.9999973,0.9999786,0.99992275,0.9999925,0.99999714,0.96712893,0.9999525,0.9998484,0.99993676,0.9999298,0.98700094
4,63,15,verbal,0.99978095,0.9998608,0.99925494,0.9999738,0.99990743,0.9999893,0.9999951,0.99978185,0.9998106,0.99818045,0.9990698,0.9999067,0.99989647,0.99998695,0.99997836,0.99991363,0.9999927,0.9999973,0.9999786,0.99992275,0.9999925,0.99999714,0.96712893,0.9999525,0.9998484,0.99993676,0.9999298,0.98700094
4,64,1,verbal,0.99978095,0.9998608,0.99925494,0.9999738,0.99990743,0.9999893,0.9999951,0.99978185,0.9998106,0.99818045,0.9990698,0.9999067,0.99989647,0.99998695,0.99997836,0.99991363,0.9999927,0.9999973,0.9999786,0.99992275,0.9999925,0.99999714,0.96712893,0.9999525,0.9998484,0.99993676,0.9999298,0.98700094
4,64,2,verbal,0.99978095,0.9998608,0.99925494,0.9999738,0.99990743,0.9999893,0.9999951,0.99978185,0.9998106,0.99818045,0.9990698,0.9999067,0.99989647,0.99998695,0.99997836,0.99991363,0.9999927,0.9999973,0.9999786,0.99992275,0.9999925,0.99999714,0.96712893,0.9999525,0.9998484,0.99993676,0.9999298,0.98700094
4,64,3,verbal,0.99978095,0.9998608,0.99925494,0.9999738,0.99990743,0.9999893,0.9999951,0.99978185,0.9998106,0.99818045,0.9990698,0.9999067,0.99989647,0.99998695,0.99997836,0.99991363,0.9999927,0.9999973,0.9999786,0.99992275,0.9999925,0.99999714,0.96712893,0.9999525,0.9998484,0.99993676,0.9999298,0.98700094
4,64,4,verbal,0.99978095,0.9998608,0.99925494,0.9999738,0.99990743,0.9999893,0.9999951,0.99978185,0.9998106,0.99818045,0.9990698,0.9999067,0.99989647,0.99998695,0.99997836,0.99991363,0.9999927,0.9999973,0.9999786,0.99992275,0.9999925,0.99999714,0.96712893,0.9999525,0.9998484,0.99993676,0.9999298,0.98700094
4,64,5,verbal,0.99978095,0.9998608,0.99925494,0.9999738,0.99990743,0.9999893,0.9999951,0.99978185,0.9998106,0.99818045,0.9990698,0.9999067,0.99989647,0.99998695,0.99997836,0.99991363,0.9999927,0.9999973,0.9999786,0.99992275,0.9999925,0.99999714,0.96712893,0.9999525,0.9998484,0.99993676,0.9999298,0.98700094
4,64,6,verbal,0.99978095,0.9998608,0.99925494,0.9999738,0.99990743,0.9999893,0.9999951,0.99978185,0.9998106,0.99818045,0.9990698,0.9999067,0.99989647,0.99998695,0.99997836,0.99991363,0.9999927,0.9999973,0.9999786,0.99992275,0.9999925,0.99999714,0.96712893,0.9999525,0.9998484,0.99993676,0.9999298,0.98700094
4,64,7,verbal,0.99978095,0.9998608,0.99925494,0.9999738,0.99990743,0.9999893,0.9999951,0.99978185,0.9998106,0.99818045,0.9990698,0.9999067,0.99989647,0.99998695,0.99997836,0.99991363,0.9999927,0.9999973,0.9999786,0.99992275,0.9999925,0.99999714,0.96712893,0.9999525,0.9998484,0.99993676,0.9999298,0.98700094
4,64,8,verbal,0.99978095,0.9998608,0.99925494,0.9999738,0.99990743,0.9999893,0.9999951,0.99978185,0.9998106,0.99818045,0.9990698,0.9999067,0.99989647,0.99998695,0.99997836,0.99991363,0.9999927,0.9999973,0.9999786,0.99992275,0.9999925,0.99999714,0.96712893,0.9999525,0.9998484,0.99993676,0.9999298,0.98700094
4,64,9,verbal,0.99978095,0.9998608,0.99925494,0.9999738,0.99990743,0.9999893,0.9999951,0.99978185,0.9998106,0.99818045,0.9990698,0.9999067,0.99989647,0.99998695,0.99997836,0.99991363,0.9999927,0.9999973,0.9999786,0.99992275,0.9999925,0.99999714,0.96712893,0.9999525,0.9998484,0.99993676,0.9999298,0.98700094
4,64,10,verbal,0.99978095,0.9998608,0.99925494,0.9999738,0.99990743,0.9999893,0.9999951,0.99978185,0.9998106,0.99818045,0.9990698,0.9999067,0.99989647,0.99998695,0.99997836,0.99991363,0.9999927,0.9999973,0.9999786,0.99992275,0.9999925,0.99999714,0.96712893,0.9999525,0.9998484,0.99993676,0.9999298,0.98700094
4,64,11,verbal,0.99978095,0.9998608,0.99925494,0.9999738,0.99990743,0.9999893,0.9999951,0.99978185,0.9998106,0.99818045,0.9990698,0.9999067,0.99989647,0.99998695,0.99997836,0.99991363,0.9999927,0.9999973,0.9999786,0.99992275,0.9999925,0.99999714,0.96712893,0.9999525,0.9998484,0.99993676,0.9999298,0.98700094
4,64,12,verbal,0.99978095,0.9998608,0.99925494,0.9999738,0.99990743,0.9999893,0.9999951,0.99978185,0.9998106,0.99818045,0.9990698,0.9999067,0.99989647,0.99998695,0.99997836,0.99991363,0.9999927,0.9999973,0.9999786,0.99992275,0.9999925,0.99999714,0.96712893,0.9999525,0.9998484,0.99993676,0.9999298,0.98700094
4,64,13,verbal,0.99978095,0.9998608,0.99925494,0.9999738,0.99990743,0.9999893,0.9999951,0.99978185,0.9998106,0.99818045,0.9990698,0.9999067,0.99989647,0.99998695,0.99997836,0.99991363,0.9999927,0.9999973,0.9999786,0.99992275,0.9999925,0.99999714,0.96712893,0.9999525,0.9998484,0.99993676,0.9999298,0.98700094
4,64,14,verbal,0.99978095,0.9998608,0.99925494,0.9999738,0.99990743,0.9999893,0.9999951,0.99978185,0.9998106,0.99818045,0.9990698,0.9999067,0.99989647,0.99998695,0.99997836,0.99991363,0.9999927,0.9999973,0.9999786,0.99992275,0.9999925,0.99999714,0.96712893,0.9999525,0.9998484,0.99993676,0.9999298,0.98700094
4,64,15,verbal,0.99978095,0.9998608,0.99925494,0.9999738,0.99990743,0.9999893,0.9999951,0.99978185,0.9998106,0.99818045,0.9990698,0.9999067,0.99989647,0.99998695,0.99997836,0.99991363,0.9999927,0.9999973,0.9999786,0.99992275,0.9999925,0.99999714,0.96712893,0.9999525,0.9998484,0.99993676,0.9999298,0.98700094
4,65,1,verbal,0.99978095,0.9998608,0.99925494,0.9999738,0.99990743,0.9999893,0.9999951,0.99978185,0.9998106,0.99818045,0.9990698,0.9999067,0.99989647,0.99998695,0.99997836,0.99991363,0.9999927,0.9999973,0.9999786,0.99992275,0.9999925,0.99999714,0.96712893,0.9999525,0.9998484,0.99993676,0.9999298,0.98700094
4,65,2,verbal,0.99978095,0.9998608,0.99925494,0.9999738,0.99990743,0.9999893,0.9999951,0.99978185,0.9998106,0.99818045,0.9990698,0.9999067,0.99989647,0.99998695,0.99997836,0.99991363,0.9999927,0.9999973,0.9999786,0.99992275,0.9999925,0.99999714,0.96712893,0.9999525,0.9998484,0.99993676,0.9999298,0.98700094
4,65,3,verbal,0.99978095,0.9998608,0.99925494,0.9999738,0.99990743,0.9999893,0.9999951,0.99978185,0.9998106,0.99818045,0.9990698,0.9999067,0.99989647,0.99998695,0.99997836,0.99991363,0.9999927,0.9999973,0.9999786,0.99992275,0.9999925,0.99999714,0.96712893,0.9999525,0.9998484,0.99993676,0.9999298,0.98700094
4,65,4,verbal,0.99978095,0.9998608,0.99925494,0.9999738,0.99990743,0.9999893,0.9999951,0.99978185,0.9998106,0.99818045,0.9990698,0.9999067,0.99989647,0.99998695,0.99997836,0.99991363,0.9999927,0.9999973,0.9999786,0.99992275,0.9999925,0.99999714,0.96712893,0.9999525,0.9998484,0.99993676,0.9999298,0.98700094
4,65,5,verbal,0.99978095,0.9998608,0.99925494,0.9999738,0.99990743,0.9999893,0.9999951,0.99978185,0.9998106,0.99818045,0.9990698,0.9999067,0.99989647,0.99998695,0.99997836,0.99991363,0.9999927,0.9999973,0.9999786,0.99992275,0.9999925,0.99999714,0.96712893,0.9999525,0.9998484,0.99993676,0.9999298,0.98700094
4,65,6,verbal,0.99978095,0.9998608,0.99925494,0.9999738,0.99990743,0.9999893,0.9999951,0.99978185,0.9998106,0.99818045,0.9990698,0.9999067,0.99989647,0.99998695,0.99997836,0.99991363,0.9999927,0.9999973,0.9999786,0.99992275,0.9999925,0.99999714,0.96712893,0.9999525,0.9998484,0.99993676,0.9999298,0.98700094
4,65,7,verbal,0.99978095,0.9998608,0.99925494,0.9999738,0.99990743,0.9999893,0.9999951,0.99978185,0.9998106,0.99818045,0.9990698,0.9999067,0.99989647,0.99998695,0.99997836,0.99991363,0.9999927,0.9999973,0.9999786,0.99992275,0.9999925,0.99999714,0.96712893,0.9999525,0.9998484,0.99993676,0.9999298,0.98700094
4,65,8,verbal,0.99978095,0.9998608,0.99925494,0.9999738,0.99990743,0.9999893,0.9999951,0.99978185,0.9998106,0.99818045,0.9990698,0.9999067,0.99989647,0.99998695,0.99997836,0.99991363,0.9999927,0.9999973,0.9999786,0.99992275,0.9999925,0.99999714,0.96712893,0.9999525,0.9998484,0.99993676,0.9999298,0.98700094
4,65,9,verbal,0.99978095,0.9998608,0.99925494,0.9999738,0.99990743,0.9999893,0.9999951,0.99978185,0.9998106,0.99818045,0.9990698,0.9999067,0.99989647,0.99998695,0.99997836,0.99991363,0.9999927,0.9999973,0.9999786,0.99992275,0.9999925,0.99999714,0.96712893,0.9999525,0.9998484,0.99993676,0.9999298,0.98700094
4,65,10,verbal,0.99978095,0.9998608,0.99925494,0.9999738,0.99990743,0.9999893,0.9999951,0.99978185,0.9998106,0.99818045,0.9990698,0.9999067,0.99989647,0.99998695,0.99997836,0.99991363,0.9999927,0.9999973,0.9999786,0.99992275,0.9999925,0.99999714,0.96712893,0.9999525,0.9998484,0.99993676,0.9999298,0.98700094
4,65,11,verbal,0.99978095,0.9998608,0.99925494,0.9999738,0.99990743,0.9999893,0.9999951,0.99978185,0.9998106,0.99818045,0.9990698,0.9999067,0.99989647,0.99998695,0.99997836,0.99991363,0.9999927,0.9999973,0.9999786,0.99992275,0.9999925,0.99999714,0.96712893,0.9999525,0.9998484,0.99993676,0.9999298,0.98700094
4,65,12,verbal,0.99978095,0.9998608,0.99925494,0.9999738,0.99990743,0.9999893,0.9999951,0.99978185,0.9998106,0.99818045,0.9990698,0.9999067,0.99989647,0.99998695,0.99997836,0.99991363,0.9999927,0.9999973,0.9999786,0.99992275,0.9999925,0.99999714,0.96712893,0.9999525,0.9998484,0.99993676,0.9999298,0.98700094
4,65,13,verbal,0.99978095,0.9998608,0.99925494,0.9999738,0.99990743,0.9999893,0.9999951,0.99978185,0.9998106,0.99818045,0.9990698,0.9999067,0.99989647,0.99998695,0.99997836,0.99991363,0.9999927,0.9999973,0.9999786,0.99992275,0.9999925,0.99999714,0.96712893,0.9999525,0.9998484,0.99993676,0.9999298,0.98700094
4,65,14,verbal,0.99978095,0.9998608,0.99925494,0.9999738,0.99990743,0.9999893,0.9999951,0.99978185,0.9998106,0.99818045,0.9990698,0.9999067,0.99989647,0.99998695,0.99997836,0.99991363,0.9999927,0.9999973,0.9999786,0.99992275,0.9999925,0.99999714,0.96712893,0.9999525,0.9998484,0.99993676,0.9999298,0.98700094
4,65,15,verbal,0.99978095,0.9998608,0.99925494,0.9999738,0.99990743,0.9999893,0.9999951,0.99978185,0.9998106,0.99818045,0.9990698,0.9999067,0.99989647,0.99998695,0.99997836,0.99991363,0.9999927,0.9999973,0.9999786,0.99992275,0.9999925,0.99999714,0.96712893,0.9999525,0.9998484,0.99993676,0.9999298,0.98700094
4,66,1,verbal,0.99978095,0.9998608,0.99925494,0.9999738,0.99990743,0.9999893,0.9999951,0.99978185,0.9998106,0.99818045,0.9990698,0.9999067,0.99989647,0.99998695,0.99997836,0.99991363,0.9999927,0.9999973,0.9999786,0.99992275,0.9999925,0.99999714,0.96712893,0.9999525,0.9998484,0.99993676,0.9999298,0.98700094
4,66,2,verbal,0.99978095,0.9998608,0.99925494,0.9999738,0.99990743,0.9999893,0.9999951,0.99978185,0.9998106,0.99818045,0.9990698,0.9999067,0.99989647,0.99998695,0.99997836,0.99991363,0.9999927,0.9999973,0.9999786,0.99992275,0.9999925,0.99999714,0.96712893,0.9999525,0.9998484,0.99993676,0.9999298,0.98700094
4,66,3,verbal,0.99978095,0.9998608,0.99925494,0.9999738,0.99990743,0.9999893,0.9999951,0.99978185,0.9998106,0.99818045,0.9990698,0.9999067,0.99989647,0.99998695,0.99997836,0.99991363,0.9999927,0.9999973,0.9999786,0.99992275,0.9999925,0.99999714,0.96712893,0.9999525,0.9998484,0.99993676,0.9999298,0.98700094
4,66,4,verbal,0.99978095,0.9998608,0.99925494,0.9999738,0.99990743,0.9999893,0.9999951,0.99978185,0.9998106,0.99818045,0.9990698,0.9999067,0.99989647,0.99998695,0.99997836,0.99991363,0.9999927,0.9999973,0.9999786,0.99992275,0.9999925,0.99999714,0.96712893,0.9999525,0.9998484,0.99993676,0.9999298,0.98700094
4,66,5,verbal,0.99978095,0.9998608,0.99925494,0.9999738,0.99990743,0.9999893,0.9999951,0.99978185,0.9998106,0.99818045,0.9990698,0.9999067,0.99989647,0.99998695,0.99997836,0.99991363,0.9999927,0.9999973,0.9999786,0.99992275,0.9999925,0.99999714,0.96712893,0.9999525,0.9998484,0.99993676,0.9999298,0.98700094
4,66,6,verbal,0.99978095,0.9998608,0.99925494,0.9999738,0.99990743,0.9999893,0.9999951,0.99978185,0.9998106,0.99818045,0.9990698,0.9999067,0.99989647,0.99998695,0.99997836,0.99991363,0.9999927,0.9999973,0.9999786,0.99992275,0.9999925,0.99999714,0.96712893,0.9999525,0.9998484,0.99993676,0.9999298,0.98700094
4,66,7,verbal,0.99978095,0.9998608,0.99925494,0.9999738,0.99990743,0.9999893,0.9999951,0.99978185,0.9998106,0.99818045,0.9990698,0.9999067,0.99989647,0.99998695,0.99997836,0.99991363,0.9999927,0.9999973,0.9999786,0.99992275,0.9999925,0.99999714,0.96712893,0.9999525,0.9998484,0.99993676,0.9999298,0.98700094
4,66,8,verbal,0.99978095,0.9998608,0.99925494,0.9999738,0.99990743,0.9999893,0.9999951,0.99978185,0.9998106,0.99818045,0.9990698,0.9999067,0.99989647,0.99998695,0.99997836,0.99991363,0.9999927,0.9999973,0.9999786,0.99992275,0.9999925,0.99999714,0.96712893,0.9999525,0.9998484,0.99993676,0.9999298,0.98700094
4,66,9,verbal,0.99978095,0.9998608,0.99925494,0.9999738,0.99990743,0.9999893,0.9999951,0.99978185,0.9998106,0.99818045,0.9990698,0.9999067,0.99989647,0.99998695,0.99997836,0.99991363,0.9999927,0.9999973,0.9999786,0.99992275,0.9999925,0.99999714,0.96712893,0.9999525,0.9998484,0.99993676,0.9999298,0.98700094
4,66,10,verbal,0.99978095,0.9998608,0.99925494,0.9999738,0.99990743,0.9999893,0.9999951,0.99978185,0.9998106,0.99818045,0.9990698,0.9999067,0.99989647,0.99998695,0.99997836,0.99991363,0.9999927,0.9999973,0.9999786,0.99992275,0.9999925,0.99999714,0.96712893,0.9999525,0.9998484,0.99993676,0.9999298,0.98700094
4,66,11,verbal,0.99978095,0.9998608,0.99925494,0.9999738,0.99990743,0.9999893,0.9999951,0.99978185,0.9998106,0.99818045,0.9990698,0.9999067,0.99989647,0.99998695,0.99997836,0.99991363,0.9999927,0.9999973,0.9999786,0.99992275,0.9999925,0.99999714,0.96712893,0.9999525,0.9998484,0.99993676,0.9999298,0.98700094
4,66,12,verbal,0.99978095,0.9998608,0.99925494,0.9999738,0.99990743,0.9999893,0.9999951,0.99978185,0.9998106,0.99818045,0.9990698,0.9999067,0.99989647,0.99998695,0.99997836,0.99991363,0.9999927,0.9999973,0.9999786,0.99992275,0.9999925,0.99999714,0.96712893,0.9999525,0.9998484,0.99993676,0.9999298,0.98700094
4,66,13,verbal,0.99978095,0.9998608,0.99925494,0.9999738,0.99990743,0.9999893,0.9999951,0.99978185,0.9998106,0.99818045,0.9990698,0.9999067,0.99989647,0.99998695,0.99997836,0.99991363,0.9999927,0.9999973,0.9999786,0.99992275,0.9999925,0.99999714,0.96712893,0.9999525,0.9998484,0.99993676,0.9999298,0.98700094
4,66,14,verbal,0.99978095,0.9998608,0.99925494,0.9999738,0.99990743,0.9999893,0.9999951,0.99978185,0.9998106,0.99818045,0.9990698,0.9999067,0.99989647,0.99998695,0.99997836,0.99991363,0.9999927,0.9999973,0.9999786,0.99992275,0.9999925,0.99999714,0.96712893,0.9999525,0.9998484,0.99993676,0.9999298,0.98700094
4,66,15,verbal,0.99978095,0.9998608,0.99925494,0.9999738,0.99990743,0.9999893,0.9999951,0.99978185,0.9998106,0.99818045,0.9990698,0.9999067,0.99989647,0.99998695,0.99997836,0.99991363,0.9999927,0.9999973,0.9999786,0.99992275,0.9999925,0.99999714,0.96712893,0.9999525,0.9998484,0.99993676,0.9999298,0.98700094
4,67,1,verbal,0.99978095,0.9998608,0.99925494,0.9999738,0.99990743,0.9999893,0.9999951,0.99978185,0.9998106,0.99818045,0.9990698,0.9999067,0.99989647,0.99998695,0.99997836,0.99991363,0.9999927,0.9999973,0.9999786,0.99992275,0.9999925,0.99999714,0.96712893,0.9999525,0.9998484,0.99993676,0.9999298,0.98700094
4,67,2,verbal,0.99978095,0.9998608,0.99925494,0.9999738,0.99990743,0.9999893,0.9999951,0.99978185,0.9998106,0.99818045,0.9990698,0.9999067,0.99989647,0.99998695,0.99997836,0.99991363,0.9999927,0.9999973,0.9999786,0.99992275,0.9999925,0.99999714,0.96712893,0.9999525,0.9998484,0.99993676,0.9999298,0.98700094
4,67,3,verbal,0.99978095,0.9998608,0.99925494,0.9999738,0.99990743,0.9999893,0.9999951,0.99978185,0.9998106,0.99818045,0.9990698,0.9999067,0.99989647,0.99998695,0.99997836,0.99991363,0.9999927,0.9999973,0.9999786,0.99992275,0.9999925,0.99999714,0.96712893,0.9999525,0.9998484,0.99993676,0.9999298,0.98700094
4,67,4,verbal,0.99978095,0.9998608,0.99925494,0.9999738,0.99990743,0.9999893,0.9999951,0.99978185,0.9998106,0.99818045,0.9990698,0.9999067,0.99989647,0.99998695,0.99997836,0.99991363,0.9999927,0.9999973,0.9999786,0.99992275,0.9999925,0.99999714,0.96712893,0.9999525,0.9998484,0.99993676,0.9999298,0.98700094
4,67,5,verbal,0.99978095,0.9998608,0.99925494,0.9999738,0.99990743,0.9999893,0.9999951,0.99978185,0.9998106,0.99818045,0.9990698,0.9999067,0.99989647,0.99998695,0.99997836,0.99991363,0.9999927,0.9999973,0.9999786,0.99992275,0.9999925,0.99999714,0.96712893,0.9999525,0.9998484,0.99993676,0.9999298,0.98700094
4,67,6,verbal,0.99978095,0.9998608,0.99925494,0.9999738,0.99990743,0.9999893,0.9999951,0.99978185,0.9998106,0.99818045,0.9990698,0.9999067,0.99989647,0.99998695,0.99997836,0.99991363,0.9999927,0.9999973,0.9999786,0.99992275,0.9999925,0.99999714,0.96712893,0.9999525,0.9998484,0.99993676,0.9999298,0.98700094
4,67,7,verbal,0.99978095,0.9998608,0.99925494,0.9999738,0.99990743,0.9999893,0.9999951,0.99978185,0.9998106,0.99818045,0.9990698,0.9999067,0.99989647,0.99998695,0.99997836,0.99991363,0.9999927,0.9999973,0.9999786,0.99992275,0.9999925,0.99999714,0.96712893,0.9999525,0.9998484,0.99993676,0.9999298,0.98700094
4,67,8,verbal,0.99978095,0.9998608,0.99925494,0.9999738,0.99990743,0.9999893,0.9999951,0.99978185,0.9998106,0.99818045,0.9990698,0.9999067,0.99989647,0.99998695,0.99997836,0.99991363,0.9999927,0.9999973,0.9999786,0.99992275,0.9999925,0.99999714,0.96712893,0.9999525,0.9998484,0.99993676,0.9999298,0.98700094
4,67,9,verbal,0.99978095,0.9998608,0.99925494,0.9999738,0.99990743,0.9999893,0.9999951,0.99978185,0.9998106,0.99818045,0.9990698,0.9999067,0.99989647,0.99998695,0.99997836,0.99991363,0.9999927,0.9999973,0.9999786,0.99992275,0.9999925,0.99999714,0.96712893,0.9999525,0.9998484,0.99993676,0.9999298,0.98700094
4,67,10,verbal,0.99978095,0.9998608,0.99925494,0.9999738,0.99990743,0.9999893,0.9999951,0.99978185,0.9998106,0.99818045,0.9990698,0.9999067,0.99989647,0.99998695,0.99997836,0.99991363,0.9999927,0.9999973,0.9999786,0.99992275,0.9999925,0.99999714,0.96712893,0.9999525,0.9998484,0.99993676,0.9999298,0.98700094
4,67,11,verbal,0.99978095,0.9998608,0.99925494,0.9999738,0.99990743,0.9999893,0.9999951,0.99978185,0.9998106,0.99818045,0.9990698,0.9999067,0.99989647,0.99998695,0.99997836,0.99991363,0.9999927,0.9999973,0.9999786,0.99992275,0.9999925,0.99999714,0.96712893,0.9999525,0.9998484,0.99993676,0.9999298,0.98700094
4,67,12,verbal,0.99978095,0.9998608,0.99925494,0.9999738,0.99990743,0.9999893,0.9999951,0.99978185,0.9998106,0.99818045,0.9990698,0.9999067,0.99989647,0.99998695,0.99997836,0.99991363,0.9999927,0.9999973,0.9999786,0.99992275,0.9999925,0.99999714,0.96712893,0.9999525,0.9998484,0.99993676,0.9999298,0.98700094
4,67,13,verbal,0.99978095,0.9998608,0.99925494,0.9999738,0.99990743,0.9999893,0.9999951,0.99978185,0.9998106,0.99818045,0.9990698,0.9999067,0.99989647,0.99998695,0.99997836,0.99991363,0.9999927,0.9999973,0.9999786,0.99992275,0.9999925,0.99999714,0.96712893,0.9999525,0.9998484,0.99993676,0.9999298,0.98700094
4,67,14,verbal,0.99978095,0.9998608,0.99925494,0.9999738,0.99990743,0.9999893,0.9999951,0.99978185,0.9998106,0.99818045,0.9990698,0.9999067,0.99989647,0.99998695,0.99997836,0.99991363,0.9999927,0.9999973,0.9999786,0.99992275,0.9999925,0.99999714,0.96712893,0.9999525,0.9998484,0.99993676,0.9999298,0.98700094
4,67,15,verbal,0.99978095,0.9998608,0.99925494,0.9999738,0.99990743,0.9999893,0.9999951,0.99978185,0.9998106,0.99818045,0.9990698,0.9999067,0.99989647,0.99998695,0.99997836,0.99991363,0.9999927,0.9999973,0.9999786,0.99992275,0.9999925,0.99999714,0.96712893,0.9999525,0.9998484,0.99993676,0.9999298,0.98700094
4,68,1,verbal,0.99978095,0.9998608,0.99925494,0.9999738,0.99990743,0.9999893,0.9999951,0.99978185,0.9998106,0.99818045,0.9990698,0.9999067,0.99989647,0.99998695,0.99997836,0.99991363,0.9999927,0.9999973,0.9999786,0.99992275,0.9999925,0.99999714,0.96712893,0.9999525,0.9998484,0.99993676,0.9999298,0.98700094
4,68,2,verbal,0.99978095,0.9998608,0.99925494,0.9999738,0.99990743,0.9999893,0.9999951,0.99978185,0.9998106,0.99818045,0.9990698,0.9999067,0.99989647,0.99998695,0.99997836,0.99991363,0.9999927,0.9999973,0.9999786,0.99992275,0.9999925,0.99999714,0.96712893,0.9999525,0.9998484,0.99993676,0.9999298,0.98700094
4,68,3,verbal,0.99978095,0.9998608,0.99925494,0.9999738,0.99990743,0.9999893,0.9999951,0.99978185,0.9998106,0.99818045,0.9990698,0.9999067,0.99989647,0.99998695,0.99997836,0.99991363,0.9999927,0.9999973,0.9999786,0.99992275,0.9999925,0.99999714,0.96712893,0.9999525,0.9998484,0.99993676,0.9999298,0.98700094
4,68,4,verbal,0.99978095,0.9998608,0.99925494,0.9999738,0.99990743,0.9999893,0.9999951,0.99978185,0.9998106,0.99818045,0.9990698,0.9999067,0.99989647,0.99998695,0.99997836,0.99991363,0.9999927,0.9999973,0.9999786,0.99992275,0.9999925,0.99999714,0.96712893,0.9999525,0.9998484,0.99993676,0.9999298,0.98700094
4,68,5,verbal,0.99978095,0.9998608,0.99925494,0.9999738,0.99990743,0.9999893,0.9999951,0.99978185,0.9998106,0.99818045,0.9990698,0.9999067,0.99989647,0.99998695,0.99997836,0.99991363,0.9999927,0.9999973,0.9999786,0.99992275,0.9999925,0.99999714,0.96712893,0.9999525,0.9998484,0.99993676,0.9999298,0.98700094
4,68,6,verbal,0.99978095,0.9998608,0.99925494,0.9999738,0.99990743,0.9999893,0.9999951,0.99978185,0.9998106,0.99818045,0.9990698,0.9999067,0.99989647,0.99998695,0.99997836,0.99991363,0.9999927,0.9999973,0.9999786,0.99992275,0.9999925,0.99999714,0.96712893,0.9999525,0.9998484,0.99993676,0.9999298,0.98700094
4,68,7,verbal,0.99978095,0.9998608,0.99925494,0.9999738,0.99990743,0.9999893,0.9999951,0.99978185,0.9998106,0.99818045,0.9990698,0.9999067,0.99989647,0.99998695,0.99997836,0.99991363,0.9999927,0.9999973,0.9999786,0.99992275,0.9999925,0.99999714,0.96712893,0.9999525,0.9998484,0.99993676,0.9999298,0.98700094
4,68,8,verbal,0.99978095,0.9998608,0.99925494,0.9999738,0.99990743,0.9999893,0.9999951,0.99978185,0.9998106,0.99818045,0.9990698,0.9999067,0.99989647,0.99998695,0.99997836,0.99991363,0.9999927,0.9999973,0.9999786,0.99992275,0.9999925,0.99999714,0.96712893,0.9999525,0.9998484,0.99993676,0.9999298,0.98700094
4,68,9,verbal,0.99978095,0.9998608,0.99925494,0.9999738,0.99990743,0.9999893,0.9999951,0.99978185,0.9998106,0.99818045,0.9990698,0.9999067,0.99989647,0.99998695,0.99997836,0.99991363,0.9999927,0.9999973,0.9999786,0.99992275,0.9999925,0.99999714,0.96712893,0.9999525,0.9998484,0.99993676,0.9999298,0.98700094
4,68,10,verbal,0.99978095,0.9998608,0.99925494,0.9999738,0.99990743,0.9999893,0.9999951,0.99978185,0.9998106,0.99818045,0.9990698,0.9999067,0.99989647,0.99998695,0.99997836,0.99991363,0.9999927,0.9999973,0.9999786,0.99992275,0.9999925,0.99999714,0.96712893,0.9999525,0.9998484,0.99993676,0.9999298,0.98700094
4,68,11,verbal,0.99978095,0.9998608,0.99925494,0.9999738,0.99990743,0.9999893,0.9999951,0.99978185,0.9998106,0.99818045,0.9990698,0.9999067,0.99989647,0.99998695,0.99997836,0.99991363,0.9999927,0.9999973,0.9999786,0.99992275,0.9999925,0.99999714,0.96712893,0.9999525,0.9998484,0.99993676,0.9999298,0.98700094
4,68,12,verbal,0.99978095,0.9998608,0.99925494,0.9999738,0.99990743,0.9999893,0.9999951,0.99978185,0.9998106,0.99818045,0.9990698,0.9999067,0.99989647,0.99998695,0.99997836,0.99991363,0.9999927,0.9999973,0.9999786,0.99992275,0.9999925,0.99999714,0.96712893,0.9999525,0.9998484,0.99993676,0.9999298,0.98700094
4,68,13,verbal,0.99978095,0.9998608,0.99925494,0.9999738,0.99990743,0.9999893,0.9999951,0.99978185,0.9998106,0.99818045,0.9990698,0.9999067,0.99989647,0.99998695,0.99997836,0.99991363,0.9999927,0.9999973,0.9999786,0.99992275,0.9999925,0.99999714,0.96712893,0.9999525,0.9998484,0.99993676,0.9999298,0.98700094
4,68,14,verbal,0.99978095,0.9998608,0.99925494,0.9999738,0.99990743,0.9999893,0.9999951,0.99978185,0.9998106,0.99818045,0.9990698,0.9999067,0.99989647,0.99998695,0.99997836,0.99991363,0.9999927,0.9999973,0.9999786,0.99992275,0.9999925,0.99999714,0.96712893,0.9999525,0.9998484,0.99993676,0.9999298,0.98700094
4,68,15,verbal,0.99978095,0.9998608,0.99925494,0.9999738,0.99990743,0.9999893,0.9999951,0.99978185,0.9998106,0.99818045,0.9990698,0.9999067,0.99989647,0.99998695,0.99997836,0.99991363,0.9999927,0.9999973,0.9999786,0.99992275,0.9999925,0.99999714,0.96712893,0.9999525,0.9998484,0.99993676,0.9999298,0.98700094
4,69,1,verbal,0.99978095,0.9998608,0.99925494,0.9999738,0.99990743,0.9999893,0.9999951,0.99978185,0.9998106,0.99818045,0.9990698,0.9999067,0.99989647,0.99998695,0.99997836,0.99991363,0.9999927,0.9999973,0.9999786,0.99992275,0.9999925,0.99999714,0.96712893,0.9999525,0.9998484,0.99993676,0.9999298,0.98700094
4,69,2,verbal,0.99978095,0.9998608,0.99925494,0.9999738,0.99990743,0.9999893,0.9999951,0.99978185,0.9998106,0.99818045,0.9990698,0.9999067,0.99989647,0.99998695,0.99997836,0.99991363,0.9999927,0.9999973,0.9999786,0.99992275,0.9999925,0.99999714,0.96712893,0.9999525,0.9998484,0.99993676,0.9999298,0.98700094
4,69,3,verbal,0.99978095,0.9998608,0.99925494,0.9999738,0.99990743,0.9999893,0.9999951,0.99978185,0.9998106,0.99818045,0.9990698,0.9999067,0.99989647,0.99998695,0.99997836,0.99991363,0.9999927,0.9999973,0.9999786,0.99992275,0.9999925,0.99999714,0.96712893,0.9999525,0.9998484,0.99993676,0.9999298,0.98700094
4,69,4,verbal,0.99978095,0.9998608,0.99925494,0.9999738,0.99990743,0.9999893,0.9999951,0.99978185,0.9998106,0.99818045,0.9990698,0.9999067,0.99989647,0.99998695,0.99997836,0.99991363,0.9999927,0.9999973,0.9999786,0.99992275,0.9999925,0.99999714,0.96712893,0.9999525,0.9998484,0.99993676,0.9999298,0.98700094
4,69,5,verbal,0.99978095,0.9998608,0.99925494,0.9999738,0.99990743,0.9999893,0.9999951,0.99978185,0.9998106,0.99818045,0.9990698,0.9999067,0.99989647,0.99998695,0.99997836,0.99991363,0.9999927,0.9999973,0.9999786,0.99992275,0.9999925,0.99999714,0.96712893,0.9999525,0.9998484,0.99993676,0.9999298,0.98700094
4,69,6,verbal,0.99978095,0.9998608,0.99925494,0.9999738,0.99990743,0.9999893,0.9999951,0.99978185,0.9998106,0.99818045,0.9990698,0.9999067,0.99989647,0.99998695,0.99997836,0.99991363,0.9999927,0.9999973,0.9999786,0.99992275,0.9999925,0.99999714,0.96712893,0.9999525,0.9998484,0.99993676,0.9999298,0.98700094
4,69,7,verbal,0.99978095,0.9998608,0.99925494,0.9999738,0.99990743,0.9999893,0.9999951,0.99978185,0.9998106,0.99818045,0.9990698,0.9999067,0.99989647,0.99998695,0.99997836,0.99991363,0.9999927,0.9999973,0.9999786,0.99992275,0.9999925,0.99999714,0.96712893,0.9999525,0.9998484,0.99993676,0.9999298,0.98700094
4,69,8,verbal,0.99978095,0.9998608,0.99925494,0.9999738,0.99990743,0.9999893,0.9999951,0.99978185,0.9998106,0.99818045,0.9990698,0.9999067,0.99989647,0.99998695,0.99997836,0.99991363,0.9999927,0.9999973,0.9999786,0.99992275,0.9999925,0.99999714,0.96712893,0.9999525,0.9998484,0.99993676,0.9999298,0.98700094
4,69,9,verbal,0.99978095,0.9998608,0.99925494,0.9999738,0.99990743,0.9999893,0.9999951,0.99978185,0.9998106,0.99818045,0.9990698,0.9999067,0.99989647,0.99998695,0.99997836,0.99991363,0.9999927,0.9999973,0.9999786,0.99992275,0.9999925,0.99999714,0.96712893,0.9999525,0.9998484,0.99993676,0.9999298,0.98700094
4,69,10,verbal,0.99978095,0.9998608,0.99925494,0.9999738,0.99990743,0.9999893,0.9999951,0.99978185,0.9998106,0.99818045,0.9990698,0.9999067,0.99989647,0.99998695,0.99997836,0.99991363,0.9999927,0.9999973,0.9999786,0.99992275,0.9999925,0.99999714,0.96712893,0.9999525,0.9998484,0.99993676,0.9999298,0.98700094
4,69,11,verbal,0.99978095,0.9998608,0.99925494,0.9999738,0.99990743,0.9999893,0.9999951,0.99978185,0.9998106,0.99818045,0.9990698,0.9999067,0.99989647,0.99998695,0.99997836,0.99991363,0.9999927,0.9999973,0.9999786,0.99992275,0.9999925,0.99999714,0.96712893,0.9999525,0.9998484,0.99993676,0.9999298,0.98700094
4,69,12,verbal,0.99978095,0.9998608,0.99925494,0.9999738,0.99990743,0.9999893,0.9999951,0.99978185,0.9998106,0.99818045,0.9990698,0.9999067,0.99989647,0.99998695,0.99997836,0.99991363,0.9999927,0.9999973,0.9999786,0.99992275,0.9999925,0.99999714,0.96712893,0.9999525,0.9998484,0.99993676,0.9999298,0.98700094
4,69,13,verbal,0.99978095,0.9998608,0.99925494,0.9999738,0.99990743,0.9999893,0.9999951,0.99978185,0.9998106,0.99818045,0.9990698,0.9999067,0.99989647,0.99998695,0.99997836,0.99991363,0.9999927,0.9999973,0.9999786,0.99992275,0.9999925,0.99999714,0.96712893,0.9999525,0.9998484,0.99993676,0.9999298,0.98700094
4,69,14,verbal,0.99978095,0.9998608,0.99925494,0.9999738,0.99990743,0.9999893,0.9999951,0.99978185,0.9998106,0.99818045,0.9990698,0.9999067,0.99989647,0.99998695,0.99997836,0.99991363,0.9999927,0.9999973,0.9999786,0.99992275,0.9999925,0.99999714,0.96712893,0.9999525,0.9998484,0.99993676,0.9999298,0.98700094
4,69,15,verbal,0.99978095,0.9998608,0.99925494,0.9999738,0.99990743,0.9999893,0.9999951,0.99978185,0.9998106,0.99818045,0.9990698,0.9999067,0.99989647,0.99998695,0.99997836,0.99991363,0.9999927,0.9999973,0.9999786,0.99992275,0.9999925,0.99999714,0.96712893,0.9999525,0.9998484,0.99993676,0.9999298,0.98700094
4,70,1,verbal,0.99978095,0.9998608,0.99925494,0.9999738,0.99990743,0.9999893,0.9999951,0.99978185,0.9998106,0.99818045,0.9990698,0.9999067,0.99989647,0.99998695,0.99997836,0.99991363,0.9999927,0.9999973,0.9999786,0.99992275,0.9999925,0.99999714,0.96712893,0.9999525,0.9998484,0.99993676,0.9999298,0.98700094
4,70,2,verbal,0.99978095,0.9998608,0.99925494,0.9999738,0.99990743,0.9999893,0.9999951,0.99978185,0.9998106,0.99818045,0.9990698,0.9999067,0.99989647,0.99998695,0.99997836,0.99991363,0.9999927,0.9999973,0.9999786,0.99992275,0.9999925,0.99999714,0.96712893,0.9999525,0.9998484,0.99993676,0.9999298,0.98700094
4,70,3,verbal,0.99978095,0.9998608,0.99925494,0.9999738,0.99990743,0.9999893,0.9999951,0.99978185,0.9998106,0.99818045,0.9990698,0.9999067,0.99989647,0.99998695,0.99997836,0.99991363,0.9999927,0.9999973,0.9999786,0.99992275,0.9999925,0.99999714,0.96712893,0.9999525,0.9998484,0.99993676,0.9999298,0.98700094
4,70,4,verbal,0.99978095,0.9998608,0.99925494,0.9999738,0.99990743,0.9999893,0.9999951,0.99978185,0.9998106,0.99818045,0.9990698,0.9999067,0.99989647,0.99998695,0.99997836,0.99991363,0.9999927,0.9999973,0.9999786,0.99992275,0.9999925,0.99999714,0.96712893,0.9999525,0.9998484,0.99993676,0.9999298,0.98700094
4,70,5,verbal,0.99978095,0.9998608,0.99925494,0.9999738,0.99990743,0.9999893,0.9999951,0.99978185,0.9998106,0.99818045,0.9990698,0.9999067,0.99989647,0.99998695,0.99997836,0.99991363,0.9999927,0.9999973,0.9999786,0.99992275,0.9999925,0.99999714,0.96712893,0.9999525,0.9998484,0.99993676,0.9999298,0.98700094
4,70,6,verbal,0.99978095,0.9998608,0.99925494,0.9999738,0.99990743,0.9999893,0.9999951,0.99978185,0.9998106,0.99818045,0.9990698,0.9999067,0.99989647,0.99998695,0.99997836,0.99991363,0.9999927,0.9999973,0.9999786,0.99992275,0.9999925,0.99999714,0.96712893,0.9999525,0.9998484,0.99993676,0.9999298,0.98700094
4,70,7,verbal,0.99978095,0.9998608,0.99925494,0.9999738,0.99990743,0.9999893,0.9999951,0.99978185,0.9998106,0.99818045,0.9990698,0.9999067,0.99989647,0.99998695,0.99997836,0.99991363,0.9999927,0.9999973,0.9999786,0.99992275,0.9999925,0.99999714,0.96712893,0.9999525,0.9998484,0.99993676,0.9999298,0.98700094
4,70,8,verbal,0.99978095,0.9998608,0.99925494,0.9999738,0.99990743,0.9999893,0.9999951,0.99978185,0.9998106,0.99818045,0.9990698,0.9999067,0.99989647,0.99998695,0.99997836,0.99991363,0.9999927,0.9999973,0.9999786,0.99992275,0.9999925,0.99999714,0.96712893,0.9999525,0.9998484,0.99993676,0.9999298,0.98700094
4,70,9,verbal,0.99978095,0.9998608,0.99925494,0.9999738,0.99990743,0.9999893,0.9999951,0.99978185,0.9998106,0.99818045,0.9990698,0.9999067,0.99989647,0.99998695,0.99997836,0.99991363,0.9999927,0.9999973,0.9999786,0.99992275,0.9999925,0.99999714,0.96712893,0.9999525,0.9998484,0.99993676,0.9999298,0.98700094
4,70,10,verbal,0.99978095,0.9998608,0.99925494,0.9999738,0.99990743,0.9999893,0.9999951,0.99978185,0.9998106,0.99818045,0.9990698,0.9999067,0.99989647,0.99998695,0.99997836,0.99991363,0.9999927,0.9999973,0.9999786,0.99992275,0.9999925,0.99999714,0.96712893,0.9999525,0.9998484,0.99993676,0.9999298,0.98700094
4,70,11,verbal,0.99978095,0.9998608,0.99925494,0.9999738,0.99990743,0.9999893,0.9999951,0.99978185,0.9998106,0.99818045,0.9990698,0.9999067,0.99989647,0.99998695,0.99997836,0.99991363,0.9999927,0.9999973,0.9999786,0.99992275,0.9999925,0.99999714,0.96712893,0.9999525,0.9998484,0.99993676,0.9999298,0.98700094
4,70,12,verbal,0.99978095,0.9998608,0.99925494,0.9999738,0.99990743,0.9999893,0.9999951,0.99978185,0.9998106,0.99818045,0.9990698,0.9999067,0.99989647,0.99998695,0.99997836,0.99991363,0.9999927,0.9999973,0.9999786,0.99992275,0.9999925,0.99999714,0.96712893,0.9999525,0.9998484,0.99993676,0.9999298,0.98700094
4,70,13,verbal,0.99978095,0.9998608,0.99925494,0.9999738,0.99990743,0.9999893,0.9999951,0.99978185,0.9998106,0.99818045,0.9990698,0.9999067,0.99989647,0.99998695,0.99997836,0.99991363,0.9999927,0.9999973,0.9999786,0.99992275,0.9999925,0.99999714,0.96712893,0.9999525,0.9998484,0.99993676,0.9999298,0.98700094
4,70,14,verbal,0.99978095,0.9998608,0.99925494,0.9999738,0.99990743,0.9999893,0.9999951,0.99978185,0.9998106,0.99818045,0.9990698,0.9999067,0.99989647,0.99998695,0.99997836,0.99991363,0.9999927,0.9999973,0.9999786,0.99992275,0.9999925,0.99999714,0.96712893,0.9999525,0.9998484,0.99993676,0.9999298,0.98700094
4,70,15,verbal,0.99978095,0.9998608,0.99925494,0.9999738,0.99990743,0.9999893,0.9999951,0.99978185,0.9998106,0.99818045,0.9990698,0.9999067,0.99989647,0.99998695,0.99997836,0.99991363,0.9999927,0.9999973,0.9999786,0.99992275,0.9999925,0.99999714,0.96712893,0.9999525,0.9998484,0.99993676,0.9999298,0.98700094
4,71,1,verbal,0.99978095,0.9998608,0.99925494,0.9999738,0.99990743,0.9999893,0.9999951,0.99978185,0.9998106,0.99818045,0.9990698,0.9999067,0.99989647,0.99998695,0.99997836,0.99991363,0.9999927,0.9999973,0.9999786,0.99992275,0.9999925,0.99999714,0.96712893,0.9999525,0.9998484,0.99993676,0.9999298,0.98700094
4,71,2,verbal,0.99978095,0.9998608,0.99925494,0.9999738,0.99990743,0.9999893,0.9999951,0.99978185,0.9998106,0.99818045,0.9990698,0.9999067,0.99989647,0.99998695,0.99997836,0.99991363,0.9999927,0.9999973,0.9999786,0.99992275,0.9999925,0.99999714,0.96712893,0.9999525,0.9998484,0.99993676,0.9999298,0.98700094
4,71,3,verbal,0.99978095,0.9998608,0.99925494,0.9999738,0.99990743,0.9999893,0.9999951,0.99978185,0.9998106,0.99818045,0.9990698,0.9999067,0.99989647,0.99998695,0.99997836,0.99991363,0.9999927,0.9999973,0.9999786,0.99992275,0.9999925,0.99999714,0.96712893,0.9999525,0.9998484,0.99993676,0.9999298,0.98700094
4,71,4,verbal,0.99978095,0.9998608,0.99925494,0.9999738,0.99990743,0.9999893,0.9999951,0.99978185,0.9998106,0.99818045,0.9990698,0.9999067,0.99989647,0.99998695,0.99997836,0.99991363,0.9999927,0.9999973,0.9999786,0.99992275,0.9999925,0.99999714,0.96712893,0.9999525,0.9998484,0.99993676,0.9999298,0.98700094
4,71,5,verbal,0.99978095,0.9998608,0.99925494,0.9999738,0.99990743,0.9999893,0.9999951,0.99978185,0.9998106,0.99818045,0.9990698,0.9999067,0.99989647,0.99998695,0.99997836,0.99991363,0.9999927,0.9999973,0.9999786,0.99992275,0.9999925,0.99999714,0.96712893,0.9999525,0.9998484,0.99993676,0.9999298,0.98700094
4,71,6,verbal,0.99978095,0.9998608,0.99925494,0.9999738,0.99990743,0.9999893,0.9999951,0.99978185,0.9998106,0.99818045,0.9990698,0.9999067,0.99989647,0.99998695,0.99997836,0.99991363,0.9999927,0.9999973,0.9999786,0.99992275,0.9999925,0.99999714,0.96712893,0.9999525,0.9998484,0.99993676,0.9999298,0.98700094
4,71,7,verbal,0.99978095,0.9998608,0.99925494,0.9999738,0.99990743,0.9999893,0.9999951,0.99978185,0.9998106,0.99818045,0.9990698,0.9999067,0.99989647,0.99998695,0.99997836,0.99991363,0.9999927,0.9999973,0.9999786,0.99992275,0.9999925,0.99999714,0.96712893,0.9999525,0.9998484,0.99993676,0.9999298,0.98700094
4,71,8,verbal,0.99978095,0.9998608,0.99925494,0.9999738,0.99990743,0.9999893,0.9999951,0.99978185,0.9998106,0.99818045,0.9990698,0.9999067,0.99989647,0.99998695,0.99997836,0.99991363,0.9999927,0.9999973,0.9999786,0.99992275,0.9999925,0.99999714,0.96712893,0.9999525,0.9998484,0.99993676,0.9999298,0.98700094
4,71,9,verbal,0.99978095,0.9998608,0.99925494,0.9999738,0.99990743,0.9999893,0.9999951,0.99978185,0.9998106,0.99818045,0.9990698,0.9999067,0.99989647,0.99998695,0.99997836,0.99991363,0.9999927,0.9999973,0.9999786,0.99992275,0.9999925,0.99999714,0.96712893,0.9999525,0.9998484,0.99993676,0.9999298,0.98700094
4,71,10,verbal,0.99978095,0.9998608,0.99925494,0.9999738,0.99990743,0.9999893,0.9999951,0.99978185,0.9998106,0.99818045,0.9990698,0.9999067,0.99989647,0.99998695,0.99997836,0.99991363,0.9999927,0.9999973,0.9999786,0.99992275,0.9999925,0.99999714,0.96712893,0.9999525,0.9998484,0.99993676,0.9999298,0.98700094
4,71,11,verbal,0.99978095,0.9998608,0.99925494,0.9999738,0.99990743,0.9999893,0.9999951,0.99978185,0.9998106,0.99818045,0.9990698,0.9999067,0.99989647,0.99998695,0.99997836,0.99991363,0.9999927,0.9999973,0.9999786,0.99992275,0.9999925,0.99999714,0.96712893,0.9999525,0.9998484,0.99993676,0.9999298,0.98700094
4,71,12,verbal,0.99978095,0.9998608,0.99925494,0.9999738,0.99990743,0.9999893,0.9999951,0.99978185,0.9998106,0.99818045,0.9990698,0.9999067,0.99989647,0.99998695,0.99997836,0.99991363,0.9999927,0.9999973,0.9999786,0.99992275,0.9999925,0.99999714,0.96712893,0.9999525,0.9998484,0.99993676,0.9999298,0.98700094
4,71,13,verbal,0.99978095,0.9998608,0.99925494,0.9999738,0.99990743,0.9999893,0.9999951,0.99978185,0.9998106,0.99818045,0.9990698,0.9999067,0.99989647,0.99998695,0.99997836,0.99991363,0.9999927,0.9999973,0.9999786,0.99992275,0.9999925,0.99999714,0.96712893,0.9999525,0.9998484,0.99993676,0.9999298,0.98700094
4,71,14,verbal,0.99978095,0.9998608,0.99925494,0.9999738,0.99990743,0.9999893,0.9999951,0.99978185,0.9998106,0.99818045,0.9990698,0.9999067,0.99989647,0.99998695,0.99997836,0.99991363,0.9999927,0.9999973,0.9999786,0.99992275,0.9999925,0.99999714,0.96712893,0.9999525,0.9998484,0.99993676,0.9999298,0.98700094
4,71,15,verbal,0.99978095,0.9998608,0.99925494,0.9999738,0.99990743,0.9999893,0.9999951,0.99978185,0.9998106,0.99818045,0.9990698,0.9999067,0.99989647,0.99998695,0.99997836,0.99991363,0.9999927,0.9999973,0.9999786,0.99992275,0.9999925,0.99999714,0.96712893,0.9999525,0.9998484,0.99993676,0.9999298,0.98700094
4,72,1,verbal,0.99978095,0.9998608,0.99925494,0.9999738,0.99990743,0.9999893,0.9999951,0.99978185,0.9998106,0.99818045,0.9990698,0.9999067,0.99989647,0.99998695,0.99997836,0.99991363,0.9999927,0.9999973,0.9999786,0.99992275,0.9999925,0.99999714,0.96712893,0.9999525,0.9998484,0.99993676,0.9999298,0.98700094
4,72,2,verbal,0.99978095,0.9998608,0.99925494,0.9999738,0.99990743,0.9999893,0.9999951,0.99978185,0.9998106,0.99818045,0.9990698,0.9999067,0.99989647,0.99998695,0.99997836,0.99991363,0.9999927,0.9999973,0.9999786,0.99992275,0.9999925,0.99999714,0.96712893,0.9999525,0.9998484,0.99993676,0.9999298,0.98700094
4,72,3,verbal,0.99978095,0.9998608,0.99925494,0.9999738,0.99990743,0.9999893,0.9999951,0.99978185,0.9998106,0.99818045,0.9990698,0.9999067,0.99989647,0.99998695,0.99997836,0.99991363,0.9999927,0.9999973,0.9999786,0.99992275,0.9999925,0.99999714,0.96712893,0.9999525,0.9998484,0.99993676,0.9999298,0.98700094
4,72,4,verbal,0.99978095,0.9998608,0.99925494,0.9999738,0.99990743,0.9999893,0.9999951,0.99978185,0.9998106,0.99818045,0.9990698,0.9999067,0.99989647,0.99998695,0.99997836,0.99991363,0.9999927,0.9999973,0.9999786,0.99992275,0.9999925,0.99999714,0.96712893,0.9999525,0.9998484,0.99993676,0.9999298,0.98700094
4,72,5,verbal,0.99978095,0.9998608,0.99925494,0.9999738,0.99990743,0.9999893,0.9999951,0.99978185,0.9998106,0.99818045,0.9990698,0.9999067,0.99989647,0.99998695,0.99997836,0.99991363,0.9999927,0.9999973,0.9999786,0.99992275,0.9999925,0.99999714,0.96712893,0.9999525,0.9998484,0.99993676,0.9999298,0.98700094
4,72,6,verbal,0.99978095,0.9998608,0.99925494,0.9999738,0.99990743,0.9999893,0.9999951,0.99978185,0.9998106,0.99818045,0.9990698,0.9999067,0.99989647,0.99998695,0.99997836,0.99991363,0.9999927,0.9999973,0.9999786,0.99992275,0.9999925,0.99999714,0.96712893,0.9999525,0.9998484,0.99993676,0.9999298,0.98700094
4,72,7,verbal,0.99978095,0.9998608,0.99925494,0.9999738,0.99990743,0.9999893,0.9999951,0.99978185,0.9998106,0.99818045,0.9990698,0.9999067,0.99989647,0.99998695,0.99997836,0.99991363,0.9999927,0.9999973,0.9999786,0.99992275,0.9999925,0.99999714,0.96712893,0.9999525,0.9998484,0.99993676,0.9999298,0.98700094
4,72,8,verbal,0.99978095,0.9998608,0.99925494,0.9999738,0.99990743,0.9999893,0.9999951,0.99978185,0.9998106,0.99818045,0.9990698,0.9999067,0.99989647,0.99998695,0.99997836,0.99991363,0.9999927,0.9999973,0.9999786,0.99992275,0.9999925,0.99999714,0.96712893,0.9999525,0.9998484,0.99993676,0.9999298,0.98700094
4,72,9,verbal,0.99978095,0.9998608,0.99925494,0.9999738,0.99990743,0.9999893,0.9999951,0.99978185,0.9998106,0.99818045,0.9990698,0.9999067,0.99989647,0.99998695,0.99997836,0.99991363,0.9999927,0.9999973,0.9999786,0.99992275,0.9999925,0.99999714,0.96712893,0.9999525,0.9998484,0.99993676,0.9999298,0.98700094
4,72,10,verbal,0.99978095,0.9998608,0.99925494,0.9999738,0.99990743,0.9999893,0.9999951,0.99978185,0.9998106,0.99818045,0.9990698,0.9999067,0.99989647,0.99998695,0.99997836,0.99991363,0.9999927,0.9999973,0.9999786,0.99992275,0.9999925,0.99999714,0.96712893,0.9999525,0.9998484,0.99993676,0.9999298,0.98700094
4,72,11,verbal,0.99978095,0.9998608,0.99925494,0.9999738,0.99990743,0.9999893,0.9999951,0.99978185,0.9998106,0.99818045,0.9990698,0.9999067,0.99989647,0.99998695,0.99997836,0.99991363,0.9999927,0.9999973,0.9999786,0.99992275,0.9999925,0.99999714,0.96712893,0.9999525,0.9998484,0.99993676,0.9999298,0.98700094
4,72,12,verbal,0.99978095,0.9998608,0.99925494,0.9999738,0.99990743,0.9999893,0.9999951,0.99978185,0.9998106,0.99818045,0.9990698,0.9999067,0.99989647,0.99998695,0.99997836,0.99991363,0.9999927,0.9999973,0.9999786,0.99992275,0.9999925,0.99999714,0.96712893,0.9999525,0.9998484,0.99993676,0.9999298,0.98700094
4,72,13,verbal,0.99978095,0.9998608,0.99925494,0.9999738,0.99990743,0.9999893,0.9999951,0.99978185,0.9998106,0.99818045,0.9990698,0.9999067,0.99989647,0.99998695,0.99997836,0.99991363,0.9999927,0.9999973,0.9999786,0.99992275,0.9999925,0.99999714,0.96712893,0.9999525,0.9998484,0.99993676,0.9999298,0.98700094
4,72,14,verbal,0.99978095,0.9998608,0.99925494,0.9999738,0.99990743,0.9999893,0.9999951,0.99978185,0.9998106,0.99818045,0.9990698,0.9999067,0.99989647,0.99998695,0.99997836,0.99991363,0.9999927,0.9999973,0.9999786,0.99992275,0.9999925,0.99999714,0.96712893,0.9999525,0.9998484,0.99993676,0.9999298,0.98700094
4,72,15,verbal,0.99978095,0.9998608,0.99925494,0.9999738,0.99990743,0.9999893,0.9999951,0.99978185,0.9998106,0.99818045,0.9990698,0.9999067,0.99989647,0.99998695,0.99997836,0.99991363,0.9999927,0.9999973,0.9999786,0.99992275,0.9999925,0.99999714,0.96712893,0.9999525,0.9998484,0.99993676,0.9999298,0.98700094
4,73,1,verbal,0.99978095,0.9998608,0.99925494,0.9999738,0.99990743,0.9999893,0.9999951,0.99978185,0.9998106,0.99818045,0.9990698,0.9999067,0.99989647,0.99998695,0.99997836,0.99991363,0.9999927,0.9999973,0.9999786,0.99992275,0.9999925,0.99999714,0.96712893,0.9999525,0.9998484,0.99993676,0.9999298,0.98700094
4,73,2,verbal,0.99978095,0.9998608,0.99925494,0.9999738,0.99990743,0.9999893,0.9999951,0.99978185,0.9998106,0.99818045,0.9990698,0.9999067,0.99989647,0.99998695,0.99997836,0.99991363,0.9999927,0.9999973,0.9999786,0.99992275,0.9999925,0.99999714,0.96712893,0.9999525,0.9998484,0.99993676,0.9999298,0.98700094
4,73,3,verbal,0.99978095,0.9998608,0.99925494,0.9999738,0.99990743,0.9999893,0.9999951,0.99978185,0.9998106,0.99818045,0.9990698,0.9999067,0.99989647,0.99998695,0.99997836,0.99991363,0.9999927,0.9999973,0.9999786,0.99992275,0.9999925,0.99999714,0.96712893,0.9999525,0.9998484,0.99993676,0.9999298,0.98700094
4,73,4,verbal,0.99978095,0.9998608,0.99925494,0.9999738,0.99990743,0.9999893,0.9999951,0.99978185,0.9998106,0.99818045,0.9990698,0.9999067,0.99989647,0.99998695,0.99997836,0.99991363,0.9999927,0.9999973,0.9999786,0.99992275,0.9999925,0.99999714,0.96712893,0.9999525,0.9998484,0.99993676,0.9999298,0.98700094
4,73,5,verbal,0.99978095,0.9998608,0.99925494,0.9999738,0.99990743,0.9999893,0.9999951,0.99978185,0.9998106,0.99818045,0.9990698,0.9999067,0.99989647,0.99998695,0.99997836,0.99991363,0.9999927,0.9999973,0.9999786,0.99992275,0.9999925,0.99999714,0.96712893,0.9999525,0.9998484,0.99993676,0.9999298,0.98700094
4,73,6,verbal,0.99978095,0.9998608,0.99925494,0.9999738,0.99990743,0.9999893,0.9999951,0.99978185,0.9998106,0.99818045,0.9990698,0.9999067,0.99989647,0.99998695,0.99997836,0.99991363,0.9999927,0.9999973,0.9999786,0.99992275,0.9999925,0.99999714,0.96712893,0.9999525,0.9998484,0.99993676,0.9999298,0.98700094
4,73,7,verbal,0.99978095,0.9998608,0.99925494,0.9999738,0.99990743,0.9999893,0.9999951,0.99978185,0.9998106,0.99818045,0.9990698,0.9999067,0.99989647,0.99998695,0.99997836,0.99991363,0.9999927,0.9999973,0.9999786,0.99992275,0.9999925,0.99999714,0.96712893,0.9999525,0.9998484,0.99993676,0.9999298,0.98700094
4,73,8,verbal,0.99978095,0.9998608,0.99925494,0.9999738,0.99990743,0.9999893,0.9999951,0.99978185,0.9998106,0.99818045,0.9990698,0.9999067,0.99989647,0.99998695,0.99997836,0.99991363,0.9999927,0.9999973,0.9999786,0.99992275,0.9999925,0.99999714,0.96712893,0.9999525,0.9998484,0.99993676,0.9999298,0.98700094
4,73,9,verbal,0.99978095,0.9998608,0.99925494,0.9999738,0.99990743,0.9999893,0.9999951,0.99978185,0.9998106,0.99818045,0.9990698,0.9999067,0.99989647,0.99998695,0.99997836,0.99991363,0.9999927,0.9999973,0.9999786,0.99992275,0.9999925,0.99999714,0.96712893,0.9999525,0.9998484,0.99993676,0.9999298,0.98700094
4,73,10,verbal,0.99978095,0.9998608,0.99925494,0.9999738,0.99990743,0.9999893,0.9999951,0.99978185,0.9998106,0.99818045,0.9990698,0.9999067,0.99989647,0.99998695,0.99997836,0.99991363,0.9999927,0.9999973,0.9999786,0.99992275,0.9999925,0.99999714,0.96712893,0.9999525,0.9998484,0.99993676,0.9999298,0.98700094
4,73,11,verbal,0.99978095,0.9998608,0.99925494,0.9999738,0.99990743,0.9999893,0.9999951,0.99978185,0.9998106,0.99818045,0.9990698,0.9999067,0.99989647,0.99998695,0.99997836,0.99991363,0.9999927,0.9999973,0.9999786,0.99992275,0.9999925,0.99999714,0.96712893,0.9999525,0.9998484,0.99993676,0.9999298,0.98700094
4,73,12,verbal,0.99978095,0.9998608,0.99925494,0.9999738,0.99990743,0.9999893,0.9999951,0.99978185,0.9998106,0.99818045,0.9990698,0.9999067,0.99989647,0.99998695,0.99997836,0.99991363,0.9999927,0.9999973,0.9999786,0.99992275,0.9999925,0.99999714,0.96712893,0.9999525,0.9998484,0.99993676,0.9999298,0.98700094
4,73,13,verbal,0.99978095,0.9998608,0.99925494,0.9999738,0.99990743,0.9999893,0.9999951,0.99978185,0.9998106,0.99818045,0.9990698,0.9999067,0.99989647,0.99998695,0.99997836,0.99991363,0.9999927,0.9999973,0.9999786,0.99992275,0.9999925,0.99999714,0.96712893,0.9999525,0.9998484,0.99993676,0.9999298,0.98700094
4,73,14,verbal,0.99978095,0.9998608,0.99925494,0.9999738,0.99990743,0.9999893,0.9999951,0.99978185,0.9998106,0.99818045,0.9990698,0.9999067,0.99989647,0.99998695,0.99997836,0.99991363,0.9999927,0.9999973,0.9999786,0.99992275,0.9999925,0.99999714,0.96712893,0.9999525,0.9998484,0.99993676,0.9999298,0.98700094
4,73,15,verbal,0.99978095,0.9998608,0.99925494,0.9999738,0.99990743,0.9999893,0.9999951,0.99978185,0.9998106,0.99818045,0.9990698,0.9999067,0.99989647,0.99998695,0.99997836,0.99991363,0.9999927,0.9999973,0.9999786,0.99992275,0.9999925,0.99999714,0.96712893,0.9999525,0.9998484,0.99993676,0.9999298,0.98700094
4,74,1,verbal,0.99978095,0.9998608,0.99925494,0.9999738,0.99990743,0.9999893,0.9999951,0.99978185,0.9998106,0.99818045,0.9990698,0.9999067,0.99989647,0.99998695,0.99997836,0.99991363,0.9999927,0.9999973,0.9999786,0.99992275,0.9999925,0.99999714,0.96712893,0.9999525,0.9998484,0.99993676,0.9999298,0.98700094
4,74,2,verbal,0.99978095,0.9998608,0.99925494,0.9999738,0.99990743,0.9999893,0.9999951,0.99978185,0.9998106,0.99818045,0.9990698,0.9999067,0.99989647,0.99998695,0.99997836,0.99991363,0.9999927,0.9999973,0.9999786,0.99992275,0.9999925,0.99999714,0.96712893,0.9999525,0.9998484,0.99993676,0.9999298,0.98700094
4,74,3,verbal,0.99978095,0.9998608,0.99925494,0.9999738,0.99990743,0.9999893,0.9999951,0.99978185,0.9998106,0.99818045,0.9990698,0.9999067,0.99989647,0.99998695,0.99997836,0.99991363,0.9999927,0.9999973,0.9999786,0.99992275,0.9999925,0.99999714,0.96712893,0.9999525,0.9998484,0.99993676,0.9999298,0.98700094
4,74,4,verbal,0.99978095,0.9998608,0.99925494,0.9999738,0.99990743,0.9999893,0.9999951,0.99978185,0.9998106,0.99818045,0.9990698,0.9999067,0.99989647,0.99998695,0.99997836,0.99991363,0.9999927,0.9999973,0.9999786,0.99992275,0.9999925,0.99999714,0.96712893,0.9999525,0.9998484,0.99993676,0.9999298,0.98700094
4,74,5,verbal,0.99978095,0.9998608,0.99925494,0.9999738,0.99990743,0.9999893,0.9999951,0.99978185,0.9998106,0.99818045,0.9990698,0.9999067,0.99989647,0.99998695,0.99997836,0.99991363,0.9999927,0.9999973,0.9999786,0.99992275,0.9999925,0.99999714,0.96712893,0.9999525,0.9998484,0.99993676,0.9999298,0.98700094
4,74,6,verbal,0.99978095,0.9998608,0.99925494,0.9999738,0.99990743,0.9999893,0.9999951,0.99978185,0.9998106,0.99818045,0.9990698,0.9999067,0.99989647,0.99998695,0.99997836,0.99991363,0.9999927,0.9999973,0.9999786,0.99992275,0.9999925,0.99999714,0.96712893,0.9999525,0.9998484,0.99993676,0.9999298,0.98700094
4,74,7,verbal,0.99978095,0.9998608,0.99925494,0.9999738,0.99990743,0.9999893,0.9999951,0.99978185,0.9998106,0.99818045,0.9990698,0.9999067,0.99989647,0.99998695,0.99997836,0.99991363,0.9999927,0.9999973,0.9999786,0.99992275,0.9999925,0.99999714,0.96712893,0.9999525,0.9998484,0.99993676,0.9999298,0.98700094
4,74,8,verbal,0.99978095,0.9998608,0.99925494,0.9999738,0.99990743,0.9999893,0.9999951,0.99978185,0.9998106,0.99818045,0.9990698,0.9999067,0.99989647,0.99998695,0.99997836,0.99991363,0.9999927,0.9999973,0.9999786,0.99992275,0.9999925,0.99999714,0.96712893,0.9999525,0.9998484,0.99993676,0.9999298,0.98700094
4,74,9,verbal,0.99978095,0.9998608,0.99925494,0.9999738,0.99990743,0.9999893,0.9999951,0.99978185,0.9998106,0.99818045,0.9990698,0.9999067,0.99989647,0.99998695,0.99997836,0.99991363,0.9999927,0.9999973,0.9999786,0.99992275,0.9999925,0.99999714,0.96712893,0.9999525,0.9998484,0.99993676,0.9999298,0.98700094
4,74,10,verbal,0.99978095,0.9998608,0.99925494,0.9999738,0.99990743,0.9999893,0.9999951,0.99978185,0.9998106,0.99818045,0.9990698,0.9999067,0.99989647,0.99998695,0.99997836,0.99991363,0.9999927,0.9999973,0.9999786,0.99992275,0.9999925,0.99999714,0.96712893,0.9999525,0.9998484,0.99993676,0.9999298,0.98700094
4,74,11,verbal,0.99978095,0.9998608,0.99925494,0.9999738,0.99990743,0.9999893,0.9999951,0.99978185,0.9998106,0.99818045,0.9990698,0.9999067,0.99989647,0.99998695,0.99997836,0.99991363,0.9999927,0.9999973,0.9999786,0.99992275,0.9999925,0.99999714,0.96712893,0.9999525,0.9998484,0.99993676,0.9999298,0.98700094
4,74,12,verbal,0.99978095,0.9998608,0.99925494,0.9999738,0.99990743,0.9999893,0.9999951,0.99978185,0.9998106,0.99818045,0.9990698,0.9999067,0.99989647,0.99998695,0.99997836,0.99991363,0.9999927,0.9999973,0.9999786,0.99992275,0.9999925,0.99999714,0.96712893,0.9999525,0.9998484,0.99993676,0.9999298,0.98700094
4,74,13,verbal,0.99978095,0.9998608,0.99925494,0.9999738,0.99990743,0.9999893,0.9999951,0.99978185,0.9998106,0.99818045,0.9990698,0.9999067,0.99989647,0.99998695,0.99997836,0.99991363,0.9999927,0.9999973,0.9999786,0.99992275,0.9999925,0.99999714,0.96712893,0.9999525,0.9998484,0.99993676,0.9999298,0.98700094
4,74,14,verbal,0.99978095,0.9998608,0.99925494,0.9999738,0.99990743,0.9999893,0.9999951,0.99978185,0.9998106,0.99818045,0.9990698,0.9999067,0.99989647,0.99998695,0.99997836,0.99991363,0.9999927,0.9999973,0.9999786,0.99992275,0.9999925,0.99999714,0.96712893,0.9999525,0.9998484,0.99993676,0.9999298,0.98700094
4,74,15,verbal,0.99978095,0.9998608,0.99925494,0.9999738,0.99990743,0.9999893,0.9999951,0.99978185,0.9998106,0.99818045,0.9990698,0.9999067,0.99989647,0.99998695,0.99997836,0.99991363,0.9999927,0.9999973,0.9999786,0.99992275,0.9999925,0.99999714,0.96712893,0.9999525,0.9998484,0.99993676,0.9999298,0.98700094
4,75,1,verbal,0.99978095,0.9998608,0.99925494,0.9999738,0.99990743,0.9999893,0.9999951,0.99978185,0.9998106,0.99818045,0.9990698,0.9999067,0.99989647,0.99998695,0.99997836,0.99991363,0.9999927,0.9999973,0.9999786,0.99992275,0.9999925,0.99999714,0.96712893,0.9999525,0.9998484,0.99993676,0.9999298,0.98700094
4,75,2,verbal,0.99978095,0.9998608,0.99925494,0.9999738,0.99990743,0.9999893,0.9999951,0.99978185,0.9998106,0.99818045,0.9990698,0.9999067,0.99989647,0.99998695,0.99997836,0.99991363,0.9999927,0.9999973,0.9999786,0.99992275,0.9999925,0.99999714,0.96712893,0.9999525,0.9998484,0.99993676,0.9999298,0.98700094
4,75,3,verbal,0.99978095,0.9998608,0.99925494,0.9999738,0.99990743,0.9999893,0.9999951,0.99978185,0.9998106,0.99818045,0.9990698,0.9999067,0.99989647,0.99998695,0.99997836,0.99991363,0.9999927,0.9999973,0.9999786,0.99992275,0.9999925,0.99999714,0.96712893,0.9999525,0.9998484,0.99993676,0.9999298,0.98700094
4,75,4,verbal,0.99978095,0.9998608,0.99925494,0.9999738,0.99990743,0.9999893,0.9999951,0.99978185,0.9998106,0.99818045,0.9990698,0.9999067,0.99989647,0.99998695,0.99997836,0.99991363,0.9999927,0.9999973,0.9999786,0.99992275,0.9999925,0.99999714,0.96712893,0.9999525,0.9998484,0.99993676,0.9999298,0.98700094
4,75,5,verbal,0.99978095,0.9998608,0.99925494,0.9999738,0.99990743,0.9999893,0.9999951,0.99978185,0.9998106,0.99818045,0.9990698,0.9999067,0.99989647,0.99998695,0.99997836,0.99991363,0.9999927,0.9999973,0.9999786,0.99992275,0.9999925,0.99999714,0.96712893,0.9999525,0.9998484,0.99993676,0.9999298,0.98700094
4,75,6,verbal,0.99978095,0.9998608,0.99925494,0.9999738,0.99990743,0.9999893,0.9999951,0.99978185,0.9998106,0.99818045,0.9990698,0.9999067,0.99989647,0.99998695,0.99997836,0.99991363,0.9999927,0.9999973,0.9999786,0.99992275,0.9999925,0.99999714,0.96712893,0.9999525,0.9998484,0.99993676,0.9999298,0.98700094
4,75,7,verbal,0.99978095,0.9998608,0.99925494,0.9999738,0.99990743,0.9999893,0.9999951,0.99978185,0.9998106,0.99818045,0.9990698,0.9999067,0.99989647,0.99998695,0.99997836,0.99991363,0.9999927,0.9999973,0.9999786,0.99992275,0.9999925,0.99999714,0.96712893,0.9999525,0.9998484,0.99993676,0.9999298,0.98700094
4,75,8,verbal,0.99978095,0.9998608,0.99925494,0.9999738,0.99990743,0.9999893,0.9999951,0.99978185,0.9998106,0.99818045,0.9990698,0.9999067,0.99989647,0.99998695,0.99997836,0.99991363,0.9999927,0.9999973,0.9999786,0.99992275,0.9999925,0.99999714,0.96712893,0.9999525,0.9998484,0.99993676,0.9999298,0.98700094
4,75,9,verbal,0.99978095,0.9998608,0.99925494,0.9999738,0.99990743,0.9999893,0.9999951,0.99978185,0.9998106,0.99818045,0.9990698,0.9999067,0.99989647,0.99998695,0.99997836,0.99991363,0.9999927,0.9999973,0.9999786,0.99992275,0.9999925,0.99999714,0.96712893,0.9999525,0.9998484,0.99993676,0.9999298,0.98700094
4,75,10,verbal,0.99978095,0.9998608,0.99925494,0.9999738,0.99990743,0.9999893,0.9999951,0.99978185,0.9998106,0.99818045,0.9990698,0.9999067,0.99989647,0.99998695,0.99997836,0.99991363,0.9999927,0.9999973,0.9999786,0.99992275,0.9999925,0.99999714,0.96712893,0.9999525,0.9998484,0.99993676,0.9999298,0.98700094
4,75,11,verbal,0.99978095,0.9998608,0.99925494,0.9999738,0.99990743,0.9999893,0.9999951,0.99978185,0.9998106,0.99818045,0.9990698,0.9999067,0.99989647,0.99998695,0.99997836,0.99991363,0.9999927,0.9999973,0.9999786,0.99992275,0.9999925,0.99999714,0.96712893,0.9999525,0.9998484,0.99993676,0.9999298,0.98700094
4,75,12,verbal,0.99978095,0.9998608,0.99925494,0.9999738,0.99990743,0.9999893,0.9999951,0.99978185,0.9998106,0.99818045,0.9990698,0.9999067,0.99989647,0.99998695,0.99997836,0.99991363,0.9999927,0.9999973,0.9999786,0.99992275,0.9999925,0.99999714,0.96712893,0.9999525,0.9998484,0.99993676,0.9999298,0.98700094
4,75,13,verbal,0.99978095,0.9998608,0.99925494,0.9999738,0.99990743,0.9999893,0.9999951,0.99978185,0.9998106,0.99818045,0.9990698,0.9999067,0.99989647,0.99998695,0.99997836,0.99991363,0.9999927,0.9999973,0.9999786,0.99992275,0.9999925,0.99999714,0.96712893,0.9999525,0.9998484,0.99993676,0.9999298,0.98700094
4,75,14,verbal,0.99978095,0.9998608,0.99925494,0.9999738,0.99990743,0.9999893,0.9999951,0.99978185,0.9998106,0.99818045,0.9990698,0.9999067,0.99989647,0.99998695,0.99997836,0.99991363,0.9999927,0.9999973,0.9999786,0.99992275,0.9999925,0.99999714,0.96712893,0.9999525,0.9998484,0.99993676,0.9999298,0.98700094
4,75,15,verbal,0.99978095,0.9998608,0.99925494,0.9999738,0.99990743,0.9999893,0.9999951,0.99978185,0.9998106,0.99818045,0.9990698,0.9999067,0.99989647,0.99998695,0.99997836,0.99991363,0.9999927,0.9999973,0.9999786,0.99992275,0.9999925,0.99999714,0.96712893,0.9999525,0.9998484,0.99993676,0.9999298,0.98700094
4,76,1,verbal,0.99978095,0.9998608,0.99925494,0.9999738,0.99990743,0.9999893,0.9999951,0.99978185,0.9998106,0.99818045,0.9990698,0.9999067,0.99989647,0.99998695,0.99997836,0.99991363,0.9999927,0.9999973,0.9999786,0.99992275,0.9999925,0.99999714,0.96712893,0.9999525,0.9998484,0.99993676,0.9999298,0.98700094
4,76,2,verbal,0.99978095,0.9998608,0.99925494,0.9999738,0.99990743,0.9999893,0.9999951,0.99978185,0.9998106,0.99818045,0.9990698,0.9999067,0.99989647,0.99998695,0.99997836,0.99991363,0.9999927,0.9999973,0.9999786,0.99992275,0.9999925,0.99999714,0.96712893,0.9999525,0.9998484,0.99993676,0.9999298,0.98700094
4,76,3,verbal,0.99978095,0.9998608,0.99925494,0.9999738,0.99990743,0.9999893,0.9999951,0.99978185,0.9998106,0.99818045,0.9990698,0.9999067,0.99989647,0.99998695,0.99997836,0.99991363,0.9999927,0.9999973,0.9999786,0.99992275,0.9999925,0.99999714,0.96712893,0.9999525,0.9998484,0.99993676,0.9999298,0.98700094
4,76,4,verbal,0.99978095,0.9998608,0.99925494,0.9999738,0.99990743,0.9999893,0.9999951,0.99978185,0.9998106,0.99818045,0.9990698,0.9999067,0.99989647,0.99998695,0.99997836,0.99991363,0.9999927,0.9999973,0.9999786,0.99992275,0.9999925,0.99999714,0.96712893,0.9999525,0.9998484,0.99993676,0.9999298,0.98700094
4,76,5,verbal,0.99978095,0.9998608,0.99925494,0.9999738,0.99990743,0.9999893,0.9999951,0.99978185,0.9998106,0.99818045,0.9990698,0.9999067,0.99989647,0.99998695,0.99997836,0.99991363,0.9999927,0.9999973,0.9999786,0.99992275,0.9999925,0.99999714,0.96712893,0.9999525,0.9998484,0.99993676,0.9999298,0.98700094
4,76,6,verbal,0.99978095,0.9998608,0.99925494,0.9999738,0.99990743,0.9999893,0.9999951,0.99978185,0.9998106,0.99818045,0.9990698,0.9999067,0.99989647,0.99998695,0.99997836,0.99991363,0.9999927,0.9999973,0.9999786,0.99992275,0.9999925,0.99999714,0.96712893,0.9999525,0.9998484,0.99993676,0.9999298,0.98700094
4,76,7,verbal,0.99978095,0.9998608,0.99925494,0.9999738,0.99990743,0.9999893,0.9999951,0.99978185,0.9998106,0.99818045,0.9990698,0.9999067,0.99989647,0.99998695,0.99997836,0.99991363,0.9999927,0.9999973,0.9999786,0.99992275,0.9999925,0.99999714,0.96712893,0.9999525,0.9998484,0.99993676,0.9999298,0.98700094
4,76,8,verbal,0.99978095,0.9998608,0.99925494,0.9999738,0.99990743,0.9999893,0.9999951,0.99978185,0.9998106,0.99818045,0.9990698,0.9999067,0.99989647,0.99998695,0.99997836,0.99991363,0.9999927,0.9999973,0.9999786,0.99992275,0.9999925,0.99999714,0.96712893,0.9999525,0.9998484,0.99993676,0.9999298,0.98700094
4,76,9,verbal,0.99978095,0.9998608,0.99925494,0.9999738,0.99990743,0.9999893,0.9999951,0.99978185,0.9998106,0.99818045,0.9990698,0.9999067,0.99989647,0.99998695,0.99997836,0.99991363,0.9999927,0.9999973,0.9999786,0.99992275,0.9999925,0.99999714,0.96712893,0.9999525,0.9998484,0.99993676,0.9999298,0.98700094
4,76,10,verbal,0.99978095,0.9998608,0.99925494,0.9999738,0.99990743,0.9999893,0.9999951,0.99978185,0.9998106,0.99818045,0.9990698,0.9999067,0.99989647,0.99998695,0.99997836,0.99991363,0.9999927,0.9999973,0.9999786,0.99992275,0.9999925,0.99999714,0.96712893,0.9999525,0.9998484,0.99993676,0.9999298,0.98700094
4,76,11,verbal,0.99978095,0.9998608,0.99925494,0.9999738,0.99990743,0.9999893,0.9999951,0.99978185,0.9998106,0.99818045,0.9990698,0.9999067,0.99989647,0.99998695,0.99997836,0.99991363,0.9999927,0.9999973,0.9999786,0.99992275,0.9999925,0.99999714,0.96712893,0.9999525,0.9998484,0.99993676,0.9999298,0.98700094
4,76,12,verbal,0.99978095,0.9998608,0.99925494,0.9999738,0.99990743,0.9999893,0.9999951,0.99978185,0.9998106,0.99818045,0.9990698,0.9999067,0.99989647,0.99998695,0.99997836,0.99991363,0.9999927,0.9999973,0.9999786,0.99992275,0.9999925,0.99999714,0.96712893,0.9999525,0.9998484,0.99993676,0.9999298,0.98700094
4,76,13,verbal,0.99978095,0.9998608,0.99925494,0.9999738,0.99990743,0.9999893,0.9999951,0.99978185,0.9998106,0.99818045,0.9990698,0.9999067,0.99989647,0.99998695,0.99997836,0.99991363,0.9999927,0.9999973,0.9999786,0.99992275,0.9999925,0.99999714,0.96712893,0.9999525,0.9998484,0.99993676,0.9999298,0.98700094
4,76,14,verbal,0.99978095,0.9998608,0.99925494,0.9999738,0.99990743,0.9999893,0.9999951,0.99978185,0.9998106,0.99818045,0.9990698,0.9999067,0.99989647,0.99998695,0.99997836,0.99991363,0.9999927,0.9999973,0.9999786,0.99992275,0.9999925,0.99999714,0.96712893,0.9999525,0.9998484,0.99993676,0.9999298,0.98700094
4,76,15,verbal,0.99978095,0.9998608,0.99925494,0.9999738,0.99990743,0.9999893,0.9999951,0.99978185,0.9998106,0.99818045,0.9990698,0.9999067,0.99989647,0.99998695,0.99997836,0.99991363,0.9999927,0.9999973,0.9999786,0.99992275,0.9999925,0.99999714,0.96712893,0.9999525,0.9998484,0.99993676,0.9999298,0.98700094
4,77,1,verbal,0.99978095,0.9998608,0.99925494,0.9999738,0.99990743,0.9999893,0.9999951,0.99978185,0.9998106,0.99818045,0.9990698,0.9999067,0.99989647,0.99998695,0.99997836,0.99991363,0.9999927,0.9999973,0.9999786,0.99992275,0.9999925,0.99999714,0.96712893,0.9999525,0.9998484,0.99993676,0.9999298,0.98700094
4,77,2,verbal,0.99978095,0.9998608,0.99925494,0.9999738,0.99990743,0.9999893,0.9999951,0.99978185,0.9998106,0.99818045,0.9990698,0.9999067,0.99989647,0.99998695,0.99997836,0.99991363,0.9999927,0.9999973,0.9999786,0.99992275,0.9999925,0.99999714,0.96712893,0.9999525,0.9998484,0.99993676,0.9999298,0.98700094
4,77,3,verbal,0.99978095,0.9998608,0.99925494,0.9999738,0.99990743,0.9999893,0.9999951,0.99978185,0.9998106,0.99818045,0.9990698,0.9999067,0.99989647,0.99998695,0.99997836,0.99991363,0.9999927,0.9999973,0.9999786,0.99992275,0.9999925,0.99999714,0.96712893,0.9999525,0.9998484,0.99993676,0.9999298,0.98700094
4,77,4,verbal,0.99978095,0.9998608,0.99925494,0.9999738,0.99990743,0.9999893,0.9999951,0.99978185,0.9998106,0.99818045,0.9990698,0.9999067,0.99989647,0.99998695,0.99997836,0.99991363,0.9999927,0.9999973,0.9999786,0.99992275,0.9999925,0.99999714,0.96712893,0.9999525,0.9998484,0.99993676,0.9999298,0.98700094
4,77,5,verbal,0.99978095,0.9998608,0.99925494,0.9999738,0.99990743,0.9999893,0.9999951,0.99978185,0.9998106,0.99818045,0.9990698,0.9999067,0.99989647,0.99998695,0.99997836,0.99991363,0.9999927,0.9999973,0.9999786,0.99992275,0.9999925,0.99999714,0.96712893,0.9999525,0.9998484,0.99993676,0.9999298,0.98700094
4,77,6,verbal,0.99978095,0.9998608,0.99925494,0.9999738,0.99990743,0.9999893,0.9999951,0.99978185,0.9998106,0.99818045,0.9990698,0.9999067,0.99989647,0.99998695,0.99997836,0.99991363,0.9999927,0.9999973,0.9999786,0.99992275,0.9999925,0.99999714,0.96712893,0.9999525,0.9998484,0.99993676,0.9999298,0.98700094
4,77,7,verbal,0.99978095,0.9998608,0.99925494,0.9999738,0.99990743,0.9999893,0.9999951,0.99978185,0.9998106,0.99818045,0.9990698,0.9999067,0.99989647,0.99998695,0.99997836,0.99991363,0.9999927,0.9999973,0.9999786,0.99992275,0.9999925,0.99999714,0.96712893,0.9999525,0.9998484,0.99993676,0.9999298,0.98700094
4,77,8,verbal,0.99978095,0.9998608,0.99925494,0.9999738,0.99990743,0.9999893,0.9999951,0.99978185,0.9998106,0.99818045,0.9990698,0.9999067,0.99989647,0.99998695,0.99997836,0.99991363,0.9999927,0.9999973,0.9999786,0.99992275,0.9999925,0.99999714,0.96712893,0.9999525,0.9998484,0.99993676,0.9999298,0.98700094
4,77,9,verbal,0.99978095,0.9998608,0.99925494,0.9999738,0.99990743,0.9999893,0.9999951,0.99978185,0.9998106,0.99818045,0.9990698,0.9999067,0.99989647,0.99998695,0.99997836,0.99991363,0.9999927,0.9999973,0.9999786,0.99992275,0.9999925,0.99999714,0.96712893,0.9999525,0.9998484,0.99993676,0.9999298,0.98700094
4,77,10,verbal,0.99978095,0.9998608,0.99925494,0.9999738,0.99990743,0.9999893,0.9999951,0.99978185,0.9998106,0.99818045,0.9990698,0.9999067,0.99989647,0.99998695,0.99997836,0.99991363,0.9999927,0.9999973,0.9999786,0.99992275,0.9999925,0.99999714,0.96712893,0.9999525,0.9998484,0.99993676,0.9999298,0.98700094
4,77,11,verbal,0.99978095,0.9998608,0.99925494,0.9999738,0.99990743,0.9999893,0.9999951,0.99978185,0.9998106,0.99818045,0.9990698,0.9999067,0.99989647,0.99998695,0.99997836,0.99991363,0.9999927,0.9999973,0.9999786,0.99992275,0.9999925,0.99999714,0.96712893,0.9999525,0.9998484,0.99993676,0.9999298,0.98700094
4,77,12,verbal,0.99978095,0.9998608,0.99925494,0.9999738,0.99990743,0.9999893,0.9999951,0.99978185,0.9998106,0.99818045,0.9990698,0.9999067,0.99989647,0.99998695,0.99997836,0.99991363,0.9999927,0.9999973,0.9999786,0.99992275,0.9999925,0.99999714,0.96712893,0.9999525,0.9998484,0.99993676,0.9999298,0.98700094
4,77,13,verbal,0.99978095,0.9998608,0.99925494,0.9999738,0.99990743,0.9999893,0.9999951,0.99978185,0.9998106,0.99818045,0.9990698,0.9999067,0.99989647,0.99998695,0.99997836,0.99991363,0.9999927,0.9999973,0.9999786,0.99992275,0.9999925,0.99999714,0.96712893,0.9999525,0.9998484,0.99993676,0.9999298,0.98700094
4,77,14,verbal,0.99978095,0.9998608,0.99925494,0.9999738,0.99990743,0.9999893,0.9999951,0.99978185,0.9998106,0.99818045,0.9990698,0.9999067,0.99989647,0.99998695,0.99997836,0.99991363,0.9999927,0.9999973,0.9999786,0.99992275,0.9999925,0.99999714,0.96712893,0.9999525,0.9998484,0.99993676,0.9999298,0.98700094
4,77,15,verbal,0.99978095,0.9998608,0.99925494,0.9999738,0.99990743,0.9999893,0.9999951,0.99978185,0.9998106,0.99818045,0.9990698,0.9999067,0.99989647,0.99998695,0.99997836,0.99991363,0.9999927,0.9999973,0.9999786,0.99992275,0.9999925,0.99999714,0.96712893,0.9999525,0.9998484,0.99993676,0.9999298,0.98700094
4,78,1,verbal,0.99978095,0.9998608,0.99925494,0.9999738,0.99990743,0.9999893,0.9999951,0.99978185,0.9998106,0.99818045,0.9990698,0.9999067,0.99989647,0.99998695,0.99997836,0.99991363,0.9999927,0.9999973,0.9999786,0.99992275,0.9999925,0.99999714,0.96712893,0.9999525,0.9998484,0.99993676,0.9999298,0.98700094
4,78,2,verbal,0.99978095,0.9998608,0.99925494,0.9999738,0.99990743,0.9999893,0.9999951,0.99978185,0.9998106,0.99818045,0.9990698,0.9999067,0.99989647,0.99998695,0.99997836,0.99991363,0.9999927,0.9999973,0.9999786,0.99992275,0.9999925,0.99999714,0.96712893,0.9999525,0.9998484,0.99993676,0.9999298,0.98700094
4,78,3,verbal,0.99978095,0.9998608,0.99925494,0.9999738,0.99990743,0.9999893,0.9999951,0.99978185,0.9998106,0.99818045,0.9990698,0.9999067,0.99989647,0.99998695,0.99997836,0.99991363,0.9999927,0.9999973,0.9999786,0.99992275,0.9999925,0.99999714,0.96712893,0.9999525,0.9998484,0.99993676,0.9999298,0.98700094
4,78,4,verbal,0.99978095,0.9998608,0.99925494,0.9999738,0.99990743,0.9999893,0.9999951,0.99978185,0.9998106,0.99818045,0.9990698,0.9999067,0.99989647,0.99998695,0.99997836,0.99991363,0.9999927,0.9999973,0.9999786,0.99992275,0.9999925,0.99999714,0.96712893,0.9999525,0.9998484,0.99993676,0.9999298,0.98700094
4,78,5,verbal,0.99978095,0.9998608,0.99925494,0.9999738,0.99990743,0.9999893,0.9999951,0.99978185,0.9998106,0.99818045,0.9990698,0.9999067,0.99989647,0.99998695,0.99997836,0.99991363,0.9999927,0.9999973,0.9999786,0.99992275,0.9999925,0.99999714,0.96712893,0.9999525,0.9998484,0.99993676,0.9999298,0.98700094
4,78,6,verbal,0.99978095,0.9998608,0.99925494,0.9999738,0.99990743,0.9999893,0.9999951,0.99978185,0.9998106,0.99818045,0.9990698,0.9999067,0.99989647,0.99998695,0.99997836,0.99991363,0.9999927,0.9999973,0.9999786,0.99992275,0.9999925,0.99999714,0.96712893,0.9999525,0.9998484,0.99993676,0.9999298,0.98700094
4,78,7,verbal,0.99978095,0.9998608,0.99925494,0.9999738,0.99990743,0.9999893,0.9999951,0.99978185,0.9998106,0.99818045,0.9990698,0.9999067,0.99989647,0.99998695,0.99997836,0.99991363,0.9999927,0.9999973,0.9999786,0.99992275,0.9999925,0.99999714,0.96712893,0.9999525,0.9998484,0.99993676,0.9999298,0.98700094
4,78,8,verbal,0.99978095,0.9998608,0.99925494,0.9999738,0.99990743,0.9999893,0.9999951,0.99978185,0.9998106,0.99818045,0.9990698,0.9999067,0.99989647,0.99998695,0.99997836,0.99991363,0.9999927,0.9999973,0.9999786,0.99992275,0.9999925,0.99999714,0.96712893,0.9999525,0.9998484,0.99993676,0.9999298,0.98700094
4,78,9,verbal,0.99978095,0.9998608,0.99925494,0.9999738,0.99990743,0.9999893,0.9999951,0.99978185,0.9998106,0.99818045,0.9990698,0.9999067,0.99989647,0.99998695,0.99997836,0.99991363,0.9999927,0.9999973,0.9999786,0.99992275,0.9999925,0.99999714,0.96712893,0.9999525,0.9998484,0.99993676,0.9999298,0.98700094
4,78,10,verbal,0.99978095,0.9998608,0.99925494,0.9999738,0.99990743,0.9999893,0.9999951,0.99978185,0.9998106,0.99818045,0.9990698,0.9999067,0.99989647,0.99998695,0.99997836,0.99991363,0.9999927,0.9999973,0.9999786,0.99992275,0.9999925,0.99999714,0.96712893,0.9999525,0.9998484,0.99993676,0.9999298,0.98700094
4,78,11,verbal,0.99978095,0.9998608,0.99925494,0.9999738,0.99990743,0.9999893,0.9999951,0.99978185,0.9998106,0.99818045,0.9990698,0.9999067,0.99989647,0.99998695,0.99997836,0.99991363,0.9999927,0.9999973,0.9999786,0.99992275,0.9999925,0.99999714,0.96712893,0.9999525,0.9998484,0.99993676,0.9999298,0.98700094
4,78,12,verbal,0.99978095,0.9998608,0.99925494,0.9999738,0.99990743,0.9999893,0.9999951,0.99978185,0.9998106,0.99818045,0.9990698,0.9999067,0.99989647,0.99998695,0.99997836,0.99991363,0.9999927,0.9999973,0.9999786,0.99992275,0.9999925,0.99999714,0.96712893,0.9999525,0.9998484,0.99993676,0.9999298,0.98700094
4,78,13,verbal,0.99978095,0.9998608,0.99925494,0.9999738,0.99990743,0.9999893,0.9999951,0.99978185,0.9998106,0.99818045,0.9990698,0.9999067,0.99989647,0.99998695,0.99997836,0.99991363,0.9999927,0.9999973,0.9999786,0.99992275,0.9999925,0.99999714,0.96712893,0.9999525,0.9998484,0.99993676,0.9999298,0.98700094
4,78,14,verbal,0.99978095,0.9998608,0.99925494,0.9999738,0.99990743,0.9999893,0.9999951,0.99978185,0.9998106,0.99818045,0.9990698,0.9999067,0.99989647,0.99998695,0.99997836,0.99991363,0.9999927,0.9999973,0.9999786,0.99992275,0.9999925,0.99999714,0.96712893,0.9999525,0.9998484,0.99993676,0.9999298,0.98700094
4,78,15,verbal,0.99978095,0.9998608,0.99925494,0.9999738,0.99990743,0.9999893,0.9999951,0.99978185,0.9998106,0.99818045,0.9990698,0.9999067,0.99989647,0.99998695,0.99997836,0.99991363,0.9999927,0.9999973,0.9999786,0.99992275,0.9999925,0.99999714,0.96712893,0.9999525,0.9998484,0.99993676,0.9999298,0.98700094
4,79,1,verbal,0.99978095,0.9998608,0.99925494,0.9999738,0.99990743,0.9999893,0.9999951,0.99978185,0.9998106,0.99818045,0.9990698,0.9999067,0.99989647,0.99998695,0.99997836,0.99991363,0.9999927,0.9999973,0.9999786,0.99992275,0.9999925,0.99999714,0.96712893,0.9999525,0.9998484,0.99993676,0.9999298,0.98700094
4,79,2,verbal,0.99978095,0.9998608,0.99925494,0.9999738,0.99990743,0.9999893,0.9999951,0.99978185,0.9998106,0.99818045,0.9990698,0.9999067,0.99989647,0.99998695,0.99997836,0.99991363,0.9999927,0.9999973,0.9999786,0.99992275,0.9999925,0.99999714,0.96712893,0.9999525,0.9998484,0.99993676,0.9999298,0.98700094
4,79,3,verbal,0.99978095,0.9998608,0.99925494,0.9999738,0.99990743,0.9999893,0.9999951,0.99978185,0.9998106,0.99818045,0.9990698,0.9999067,0.99989647,0.99998695,0.99997836,0.99991363,0.9999927,0.9999973,0.9999786,0.99992275,0.9999925,0.99999714,0.96712893,0.9999525,0.9998484,0.99993676,0.9999298,0.98700094
4,79,4,verbal,0.99978095,0.9998608,0.99925494,0.9999738,0.99990743,0.9999893,0.9999951,0.99978185,0.9998106,0.99818045,0.9990698,0.9999067,0.99989647,0.99998695,0.99997836,0.99991363,0.9999927,0.9999973,0.9999786,0.99992275,0.9999925,0.99999714,0.96712893,0.9999525,0.9998484,0.99993676,0.9999298,0.98700094
4,79,5,verbal,0.99978095,0.9998608,0.99925494,0.9999738,0.99990743,0.9999893,0.9999951,0.99978185,0.9998106,0.99818045,0.9990698,0.9999067,0.99989647,0.99998695,0.99997836,0.99991363,0.9999927,0.9999973,0.9999786,0.99992275,0.9999925,0.99999714,0.96712893,0.9999525,0.9998484,0.99993676,0.9999298,0.98700094
4,79,6,verbal,0.99978095,0.9998608,0.99925494,0.9999738,0.99990743,0.9999893,0.9999951,0.99978185,0.9998106,0.99818045,0.9990698,0.9999067,0.99989647,0.99998695,0.99997836,0.99991363,0.9999927,0.9999973,0.9999786,0.99992275,0.9999925,0.99999714,0.96712893,0.9999525,0.9998484,0.99993676,0.9999298,0.98700094
4,79,7,verbal,0.99978095,0.9998608,0.99925494,0.9999738,0.99990743,0.9999893,0.9999951,0.99978185,0.9998106,0.99818045,0.9990698,0.9999067,0.99989647,0.99998695,0.99997836,0.99991363,0.9999927,0.9999973,0.9999786,0.99992275,0.9999925,0.99999714,0.96712893,0.9999525,0.9998484,0.99993676,0.9999298,0.98700094
4,79,8,verbal,0.99978095,0.9998608,0.99925494,0.9999738,0.99990743,0.9999893,0.9999951,0.99978185,0.9998106,0.99818045,0.9990698,0.9999067,0.99989647,0.99998695,0.99997836,0.99991363,0.9999927,0.9999973,0.9999786,0.99992275,0.9999925,0.99999714,0.96712893,0.9999525,0.9998484,0.99993676,0.9999298,0.98700094
4,79,9,verbal,0.99978095,0.9998608,0.99925494,0.9999738,0.99990743,0.9999893,0.9999951,0.99978185,0.9998106,0.99818045,0.9990698,0.9999067,0.99989647,0.99998695,0.99997836,0.99991363,0.9999927,0.9999973,0.9999786,0.99992275,0.9999925,0.99999714,0.96712893,0.9999525,0.9998484,0.99993676,0.9999298,0.98700094
4,79,10,verbal,0.99978095,0.9998608,0.99925494,0.9999738,0.99990743,0.9999893,0.9999951,0.99978185,0.9998106,0.99818045,0.9990698,0.9999067,0.99989647,0.99998695,0.99997836,0.99991363,0.9999927,0.9999973,0.9999786,0.99992275,0.9999925,0.99999714,0.96712893,0.9999525,0.9998484,0.99993676,0.9999298,0.98700094
4,79,11,verbal,0.99978095,0.9998608,0.99925494,0.9999738,0.99990743,0.9999893,0.9999951,0.99978185,0.9998106,0.99818045,0.9990698,0.9999067,0.99989647,0.99998695,0.99997836,0.99991363,0.9999927,0.9999973,0.9999786,0.99992275,0.9999925,0.99999714,0.96712893,0.9999525,0.9998484,0.99993676,0.9999298,0.98700094
4,79,12,verbal,0.99978095,0.9998608,0.99925494,0.9999738,0.99990743,0.9999893,0.9999951,0.99978185,0.9998106,0.99818045,0.9990698,0.9999067,0.99989647,0.99998695,0.99997836,0.99991363,0.9999927,0.9999973,0.9999786,0.99992275,0.9999925,0.99999714,0.96712893,0.9999525,0.9998484,0.99993676,0.9999298,0.98700094
4,79,13,verbal,0.99978095,0.9998608,0.99925494,0.9999738,0.99990743,0.9999893,0.9999951,0.99978185,0.9998106,0.99818045,0.9990698,0.9999067,0.99989647,0.99998695,0.99997836,0.99991363,0.9999927,0.9999973,0.9999786,0.99992275,0.9999925,0.99999714,0.96712893,0.9999525,0.9998484,0.99993676,0.9999298,0.98700094
4,79,14,verbal,0.99978095,0.9998608,0.99925494,0.9999738,0.99990743,0.9999893,0.9999951,0.99978185,0.9998106,0.99818045,0.9990698,0.9999067,0.99989647,0.99998695,0.99997836,0.99991363,0.9999927,0.9999973,0.9999786,0.99992275,0.9999925,0.99999714,0.96712893,0.9999525,0.9998484,0.99993676,0.9999298,0.98700094
4,79,15,verbal,0.99978095,0.9998608,0.99925494,0.9999738,0.99990743,0.9999893,0.9999951,0.99978185,0.9998106,0.99818045,0.9990698,0.9999067,0.99989647,0.99998695,0.99997836,0.99991363,0.9999927,0.9999973,0.9999786,0.99992275,0.9999925,0.99999714,0.96712893,0.9999525,0.9998484,0.99993676,0.9999298,0.98700094
4,80,1,verbal,0.99978095,0.9998608,0.99925494,0.9999738,0.99990743,0.9999893,0.9999951,0.99978185,0.9998106,0.99818045,0.9990698,0.9999067,0.99989647,0.99998695,0.99997836,0.99991363,0.9999927,0.9999973,0.9999786,0.99992275,0.9999925,0.99999714,0.96712893,0.9999525,0.9998484,0.99993676,0.9999298,0.98700094
4,80,2,verbal,0.99978095,0.9998608,0.99925494,0.9999738,0.99990743,0.9999893,0.9999951,0.99978185,0.9998106,0.99818045,0.9990698,0.9999067,0.99989647,0.99998695,0.99997836,0.99991363,0.9999927,0.9999973,0.9999786,0.99992275,0.9999925,0.99999714,0.96712893,0.9999525,0.9998484,0.99993676,0.9999298,0.98700094
4,80,3,verbal,0.99978095,0.9998608,0.99925494,0.9999738,0.99990743,0.9999893,0.9999951,0.99978185,0.9998106,0.99818045,0.9990698,0.9999067,0.99989647,0.99998695,0.99997836,0.99991363,0.9999927,0.9999973,0.9999786,0.99992275,0.9999925,0.99999714,0.96712893,0.9999525,0.9998484,0.99993676,0.9999298,0.98700094
4,80,4,verbal,0.99978095,0.9998608,0.99925494,0.9999738,0.99990743,0.9999893,0.9999951,0.99978185,0.9998106,0.99818045,0.9990698,0.9999067,0.99989647,0.99998695,0.99997836,0.99991363,0.9999927,0.9999973,0.9999786,0.99992275,0.9999925,0.99999714,0.96712893,0.9999525,0.9998484,0.99993676,0.9999298,0.98700094
4,80,5,verbal,0.99978095,0.9998608,0.99925494,0.9999738,0.99990743,0.9999893,0.9999951,0.99978185,0.9998106,0.99818045,0.9990698,0.9999067,0.99989647,0.99998695,0.99997836,0.99991363,0.9999927,0.9999973,0.9999786,0.99992275,0.9999925,0.99999714,0.96712893,0.9999525,0.9998484,0.99993676,0.9999298,0.98700094
4,80,6,verbal,0.99978095,0.9998608,0.99925494,0.9999738,0.99990743,0.9999893,0.9999951,0.99978185,0.9998106,0.99818045,0.9990698,0.9999067,0.99989647,0.99998695,0.99997836,0.99991363,0.9999927,0.9999973,0.9999786,0.99992275,0.9999925,0.99999714,0.96712893,0.9999525,0.9998484,0.99993676,0.9999298,0.98700094
4,80,7,verbal,0.99978095,0.9998608,0.99925494,0.9999738,0.99990743,0.9999893,0.9999951,0.99978185,0.9998106,0.99818045,0.9990698,0.9999067,0.99989647,0.99998695,0.99997836,0.99991363,0.9999927,0.9999973,0.9999786,0.99992275,0.9999925,0.99999714,0.96712893,0.9999525,0.9998484,0.99993676,0.9999298,0.98700094
4,80,8,verbal,0.99978095,0.9998608,0.99925494,0.9999738,0.99990743,0.9999893,0.9999951,0.99978185,0.9998106,0.99818045,0.9990698,0.9999067,0.99989647,0.99998695,0.99997836,0.99991363,0.9999927,0.9999973,0.9999786,0.99992275,0.9999925,0.99999714,0.96712893,0.9999525,0.9998484,0.99993676,0.9999298,0.98700094
4,80,9,verbal,0.99978095,0.9998608,0.99925494,0.9999738,0.99990743,0.9999893,0.9999951,0.99978185,0.9998106,0.99818045,0.9990698,0.9999067,0.99989647,0.99998695,0.99997836,0.99991363,0.9999927,0.9999973,0.9999786,0.99992275,0.9999925,0.99999714,0.96712893,0.9999525,0.9998484,0.99993676,0.9999298,0.98700094
4,80,10,verbal,0.99978095,0.9998608,0.99925494,0.9999738,0.99990743,0.9999893,0.9999951,0.99978185,0.9998106,0.99818045,0.9990698,0.9999067,0.99989647,0.99998695,0.99997836,0.99991363,0.9999927,0.9999973,0.9999786,0.99992275,0.9999925,0.99999714,0.96712893,0.9999525,0.9998484,0.99993676,0.9999298,0.98700094
4,80,11,verbal,0.99978095,0.9998608,0.99925494,0.9999738,0.99990743,0.9999893,0.9999951,0.99978185,0.9998106,0.99818045,0.9990698,0.9999067,0.99989647,0.99998695,0.99997836,0.99991363,0.9999927,0.9999973,0.9999786,0.99992275,0.9999925,0.99999714,0.96712893,0.9999525,0.9998484,0.99993676,0.9999298,0.98700094
4,80,12,verbal,0.99978095,0.9998608,0.99925494,0.9999738,0.99990743,0.9999893,0.9999951,0.99978185,0.9998106,0.99818045,0.9990698,0.9999067,0.99989647,0.99998695,0.99997836,0.99991363,0.9999927,0.9999973,0.9999786,0.99992275,0.9999925,0.99999714,0.96712893,0.9999525,0.9998484,0.99993676,0.9999298,0.98700094
4,80,13,verbal,0.99978095,0.9998608,0.99925494,0.9999738,0.99990743,0.9999893,0.9999951,0.99978185,0.9998106,0.99818045,0.9990698,0.9999067,0.99989647,0.99998695,0.99997836,0.99991363,0.9999927,0.9999973,0.9999786,0.99992275,0.9999925,0.99999714,0.96712893,0.9999525,0.9998484,0.99993676,0.9999298,0.98700094
4,80,14,verbal,0.99978095,0.9998608,0.99925494,0.9999738,0.99990743,0.9999893,0.9999951,0.99978185,0.9998106,0.99818045,0.9990698,0.9999067,0.99989647,0.99998695,0.99997836,0.99991363,0.9999927,0.9999973,0.9999786,0.99992275,0.9999925,0.99999714,0.96712893,0.9999525,0.9998484,0.99993676,0.9999298,0.98700094
4,80,15,verbal,0.99978095,0.9998608,0.99925494,0.9999738,0.99990743,0.9999893,0.9999951,0.99978185,0.9998106,0.99818045,0.9990698,0.9999067,0.99989647,0.99998695,0.99997836,0.99991363,0.9999927,0.9999973,0.9999786,0.99992275,0.9999925,0.99999714,0.96712893,0.9999525,0.9998484,0.99993676,0.9999298,0.98700094
5,81,1,verbal,0.024978196,0.618535,0.4350099,0.7142085,0.60038894,0.6941304,0.55930656,0.70604056,0.37218428,0.870317,0.6008179,0.85038525,0.6209512,0.25768238,0.7460685,0.3067803,0.66332537,0.06115775,0.5821247,0.15162775,0.53824663,0.27662298,0.5745269,0.1258426,0.8359651,0.46345943,0.5399867,0.86198324
5,81,2,verbal,0.5868898,0.8643972,0.9634378,0.99499565,0.89546037,0.9905812,0.9313292,0.9265545,0.9348644,0.9829944,0.8762019,0.97282094,0.9201857,0.8357709,0.98968303,0.854999,0.98491687,0.7614747,0.93559074,0.6869684,0.9516349,0.4641695,0.23526803,0.8581812,0.98607296,0.65761954,0.83555585,0.9841894
5,81,3,verbal,0.109368026,0.8777047,0.91472405,0.9569375,0.4265753,0.9493829,0.8363554,0.81466216,0.924523,0.97098887,0.35234958,0.97534144,0.83423406,0.7171252,0.92031974,0.017146116,0.92473304,0.32319042,0.5123001,0.24983054,0.4141657,0.72592306,0.5146213,0.23958729,0.9578022,0.5887359,0.08440936,0.9387431
5,81,4,verbal,0.1702726,0.74962574,0.80382615,0.9466319,0.7337843,0.95162964,0.6724977,0.75014615,0.7605067,0.9587173,0.74705,0.96749306,0.6436171,0.49020752,0.94081736,0.5568824,0.94011587,0.38550526,0.71447265,0.020598864,0.7816715,0.60680383,0.48304373,0.0013153879,0.9461089,0.58153874,0.39279237,0.9457945
5,81,5,verbal,0.08856066,0.6421656,0.8555183,0.9290132,0.7941233,0.9218268,0.74575895,0.53325385,0.75535977,0.9482546,0.7083603,0.92254704,0.66071296,0.45415166,0.89691234,0.6256265,0.9001357,0.26260284,0.75606126,0.21442172,0.718136,0.5084111,0.23981975,0.009725316,0.9118318,0.14644949,0.3539061,0.80494684
5,81,6,verbal,0.060088996,0.6436943,0.7703923,0.84808856,0.85311484,0.84279513,0.31084552,0.65726537,0.7491881,0.9015065,0.54776716,0.9044915,0.259164,0.47790936,0.86232144,0.7123503,0.8847737,0.07987685,0.7184959,0.5780683,0.7100424,0.68606913,0.03197219,0.13666843,0.88724893,0.032820795,0.4412253,0.8385293
5,81,7,verbal,0.28428844,0.6331807,0.8927895,0.946976,0.40852967,0.9447933,0.7240952,0.66231686,0.8599978,0.9601818,0.058503754,0.95288813,0.7867588,0.5793576,0.924436,0.48335364,0.9428132,0.2855558,0.78032815,0.3822166,0.7286638,0.2501724,0.18755044,0.108932205,0.9238178,0.08804598,0.03639209,0.92162204
5,81,8,verbal,0.35002723,0.8691747,0.90660995,0.9577649,0.7247861,0.9582299,0.8629386,0.8057529,0.91976935,0.9517295,0.8102529,0.9479671,0.9100638,0.44829693,0.9527631,0.72850126,0.95442104,0.29187453,0.8379745,0.5487322,0.857983,0.30570847,0.054140672,0.52347594,0.9569057,0.18702748,0.64690477,0.94822943
5,81,9,verbal,0.25970307,0.7498346,0.8933202,0.9537301,0.7663905,0.9486502,0.826123,0.8495992,0.8967795,0.9684099,0.8712666,0.96717954,0.903261,0.63791394,0.9579097,0.55123657,0.9487848,0.5730247,0.7836316,0.016831344,0.8439796,0.609857,0.5042139,0.48592404,0.9729403,0.50088364,0.3565484,0.95880675
5,81,10,verbal,0.30395004,0.85790277,0.863107,0.8922118,0.09644279,0.902259,0.7593483,0.7308986,0.9765596,0.9123973,0.24395388,0.8981189,0.8593675,0.6064849,0.8815862,0.3298961,0.8835161,0.28107443,0.73939335,0.31197754,0.7465979,0.5602596,0.31020102,0.20705734,0.9161699,0.35564962,0.04807335,0.88529766
5,81,11,verbal,0.116777904,0.94724107,0.95811105,0.96347994,0.5270855,0.96116793,0.89172155,0.6316612,0.93148214,0.96315014,0.33806032,0.9673177,0.83323306,0.80088294,0.92448956,0.43855456,0.92812616,0.5142955,0.78886104,0.1756931,0.83288836,0.5613528,0.17278257,0.22307083,0.9909762,0.15289842,0.3936859,0.99134547
5,81,12,verbal,0.15169227,0.82459754,0.9853883,0.9952914,0.94942653,0.9940429,0.95393634,0.65500593,0.93960196,0.9750311,0.84837544,0.97599727,0.86248887,0.7701701,0.94227076,0.7440954,0.94579715,0.56560135,0.91688126,0.55693024,0.9122378,0.41738486,0.4394204,0.107866086,0.9862202,0.47608164,0.617931,0.994582
5,81,13,verbal,0.3260984,0.918845,0.9313124,0.95556444,0.7951852,0.93960565,0.83293736,0.6385552,0.79423577,0.90946954,0.67974716,0.90640765,0.6118902,0.58014774,0.922976,0.41602823,0.9052778,0.46377462,0.8679408,0.07574246,0.8748167,0.5712919,0.5674476,0.0070159496,0.98037505,0.49884737,0.39825037,0.98843193
5,81,14,verbal,0.24726455,0.89905876,0.9808436,0.9877299,0.8353875,0.9805151,0.9272383,0.68804634,0.9516617,0.9755961,0.71611315,0.9658949,0.85873145,0.7394806,0.96217966,0.49913508,0.9428328,0.7296953,0.9244985,0.2804005,0.9000213,0.17266156,0.33516285,0.13845742,0.6994721,0.3803792,0.40846863,0.6439815
5,81,15,verbal,0.09443936,0.64981365,0.84572524,0.9030552,0.80600864,0.8738469,0.7161515,0.5207731,0.9271485,0.9431123,0.86162096,0.93085885,0.78001195,0.7330347,0.89753884,0.65769535,0.869625,0.43005645,0.8032535,0.4787769,0.79532814,0.3525915,0.20665677,0.08131569,0.9695162,0.17251217,0.4788314,0.977998
5,82,1,verbal,0.17138985,0.6571623,0.81270015,0.809782,0.6142297,0.77008367,0.49528185,0.63319695,0.84579676,0.80786,0.59597015,0.7624336,0.46203265,0.63426465,0.7383616,0.39028996,0.6971472,0.05544185,0.66276914,0.086695164,0.5736069,0.7894144,0.4888838,0.11093612,0.95625097,0.45497942,0.54008734,0.95996517
5,82,2,verbal,0.16620478,0.4879403,0.80204487,0.837367,0.66572905,0.8180527,0.47623578,0.612993,0.90402365,0.89228874,0.7858429,0.88672066,0.55006206,0.7624917,0.8350207,0.62560594,0.8213163,0.14643417,0.78896505,0.22834347,0.79903686,0.7654988,0.5082079,0.08548408,0.9771261,0.4840681,0.5153937,0.9842228
5,82,3,verbal,0.11698619,0.51578647,0.7943119,0.81991583,0.14850195,0.78914034,0.24316809,0.583941,0.89508015,0.8967397,0.32887787,0.8655236,0.40812206,0.64060825,0.79819715,0.032938607,0.7684753,0.142439,0.6838569,0.48397323,0.6361516,0.90133715,0.6790457,0.19406834,0.9658039,0.73061943,0.1811051,0.9593309
5,82,4,verbal,0.29165167,0.56803125,0.88681054,0.9164189,0.7186152,0.9022698,0.65963537,0.7857889,0.9345813,0.93581647,0.83154947,0.9309362,0.71236634,0.7437742,0.8766279,0.52954775,0.85981053,0.29104057,0.70571226,0.04287332,0.74509114,0.7674388,0.60891396,0.14394568,0.9132517,0.6437554,0.37681535,0.9337159
5,82,5,verbal,0.24228448,0.5702279,0.8566989,0.9003422,0.6763221,0.8816284,0.5322378,0.7612865,0.9335383,0.9402521,0.598007,0.9370422,0.59766746,0.7755151,0.90149826,0.554387,0.887635,0.1837105,0.84681964,0.16586886,0.83843994,0.8358565,0.32583356,0.05294352,0.9832383,0.2848717,0.31567684,0.9805456
5,82,6,verbal,0.41809252,0.7776255,0.8307774,0.8984202,0.7257078,0.8988153,0.612888,0.4680933,0.8261997,0.96036124,0.7832596,0.9625383,0.6832741,0.50059587,0.8764132,0.5340896,0.87352574,0.20731914,0.89135134,0.4368345,0.9333172,0.6132556,0.6081948,0.13109256,0.9741824,0.6390157,0.7594324,0.9827477
5,82,7,verbal,0.19573335,0.7152467,0.9116621,0.9183173,0.8533983,0.8786009,0.74221,0.59122515,0.9361472,0.9261511,0.83797646,0.8916548,0.7884505,0.67591983,0.8890231,0.8395626,0.8409482,0.6440747,0.8762662,0.77786607,0.7941805,0.34166595,0.45659682,0.2032077,0.36827147,0.5085843,0.4644037,0.26818612
5,82,8,verbal,0.06895501,0.8420438,0.85945404,0.8961717,0.7932661,0.87661225,0.42650327,0.8013752,0.8618976,0.90081173,0.6796884,0.8959189,0.3247747,0.58703566,0.8761638,0.6092195,0.84825677,0.27231625,0.82932836,0.18376678,0.8651456,0.07864279,0.7411551,0.056371532,0.5089559,0.8014808,0.32909772,0.48047334
5,82,9,verbal,0.24136709,0.80713314,0.9033009,0.90709054,0.84658664,0.8982953,0.42149204,0.6329867,0.93667334,0.94445974,0.9071431,0.9375645,0.4192152,0.84812015,0.9097666,0.78111786,0.91354954,0.09633261,0.80955917,0.46021262,0.8396184,0.37506664,0.76858205,0.015970122,0.74177146,0.8105671,0.48678368,0.7457778
5,82,10,verbal,0.63581103,0.66075253,0.81299835,0.8755329,0.7635993,0.83627677,0.27620047,0.84562117,0.9624195,0.9240121,0.87740684,0.9098923,0.19447924,0.50783527,0.76344794,0.46488696,0.69019455,0.68281764,0.745773,0.20311047,0.7098745,0.8473272,0.82226837,0.15988289,0.9016818,0.8532543,0.87068915,0.9387768
5,82,11,verbal,0.507207,0.4620175,0.8978093,0.91989213,0.87511915,0.88225806,0.39518142,0.7748595,0.96595293,0.9412545,0.913462,0.9196243,0.44025344,0.86447245,0.89958,0.8265703,0.87082136,0.076801285,0.8884134,0.6551582,0.82962304,0.3428346,0.82082725,0.2625986,0.79996777,0.7572699,0.69663113,0.8130959
5,82,12,verbal,0.1441406,0.45676562,0.8888054,0.8994513,0.574267,0.8877355,0.3615161,0.32268152,0.9161539,0.9465991,0.7362729,0.94446653,0.3205054,0.83416915,0.8788845,0.47407338,0.85948145,0.20877196,0.7833052,0.14798369,0.7735105,0.49574307,0.7871146,0.0069998456,0.76144534,0.7623732,0.31333998,0.71488273
5,82,13,verbal,0.49533588,0.57032746,0.8771315,0.8908699,0.6621628,0.8395637,0.638232,0.7962877,0.9716993,0.93904525,0.85698825,0.90792406,0.8263396,0.8008302,0.85202444,0.4122682,0.7846834,0.31720135,0.81911916,0.059568074,0.7106688,0.76653445,0.52774125,0.39672428,0.99040604,0.41544318,0.61965144,0.9838795
5,82,14,verbal,0.17827721,0.6975098,0.85245323,0.8935753,0.7876135,0.8742445,0.5154512,0.30741197,0.764975,0.8723732,0.76430935,0.844945,0.43613932,0.79196393,0.89938855,0.73142475,0.8803983,0.19555897,0.8046507,0.37529474,0.77707744,0.79119647,0.819496,0.14306042,0.9769375,0.78340757,0.9807519,0.97255045
5,82,15,verbal,0.39265442,0.6432641,0.82105887,0.89160377,0.8471227,0.8295296,0.6772791,0.78639627,0.9273183,0.9100629,0.90056723,0.87992465,0.7261563,0.56040126,0.79324245,0.6629777,0.6901074,0.28531477,0.8335185,0.6684299,0.77158326,0.17079733,0.57815063,0.39332893,0.70111793,0.44480267,0.5313248,0.67445344
5,83,1,verbal,0.52176505,0.77059674,0.9558299,0.9563395,0.9273641,0.9496492,0.562149,0.51195014,0.9560249,0.969666,0.9393301,0.9656968,0.4320101,0.8272514,0.9416509,0.8817505,0.93119615,0.16427204,0.8493436,0.6150757,0.85773736,0.063493915,0.84022003,0.07390143,0.5544648,0.8513492,0.25022304,0.49877888
5,83,2,verbal,0.34078693,0.9013795,0.9630793,0.9703432,0.9656155,0.96764934,0.8200148,0.67602855,0.9657759,0.98379093,0.97758484,0.98135555,0.7802849,0.7379941,0.9584233,0.9364041,0.95686585,0.46490604,0.93181217,0.9258548,0.96201503,0.14012407,0.7871292,0.1039806,0.842319,0.87869364,0.689602,0.8403976
5,83,3,verbal,0.99944633,0.9385513,0.50602466,0.7855569,0.8350218,0.33449405,0.9941755,0.99902767,0.9998898,0.99899197,0.9947544,0.9581721,0.57713836,0.7844777,0.47444466,0.9260949,0.61708194,0.9962539,0.80318314,0.94179356,0.49854466,0.9978718,0.9906383,0.8858584,0.9981769,0.34184825,0.9894772,0.9665226
5,83,4,verbal,0.99798214,0.40991107,0.030905684,0.24319978,0.40216213,0.07745828,0.94054615,0.99613535,0.99979764,0.9742066,0.9622141,0.7228138,0.30667698,0.1876279,0.21054313,0.50289816,0.12336535,0.9534312,0.25114512,0.6175838,0.18903607,0.99475455,0.94466305,0.50972515,0.98262054,0.20184803,0.9723263,0.7374468
5,83,5,verbal,0.9219419,0.68646646,0.69666296,0.6481792,0.29906943,0.53658694,0.100616984,0.9768461,0.96286887,0.74826056,0.6435029,0.594932,0.53442854,0.57312775,0.5618057,0.11261172,0.43303925,0.13582174,0.5929565,0.14608589,0.44915804,0.5215719,0.83990353,0.037600294,0.8704068,0.60448056,0.5141684,0.7783154
5,83,6,verbal,0.97402364,0.37800384,0.9398917,0.8996804,0.6952434,0.9037609,0.7410477,0.9934589,0.96916366,0.89913845,0.87074375,0.88524425,0.8525426,0.9138266,0.8669715,0.61580807,0.8745973,0.6429626,0.8741591,0.15039161,0.8873986,0.09614207,0.75777704,0.63516545,0.98182124,0.7783409,0.11803074,0.974409
5,83,7,verbal,0.6832778,0.7586396,0.9232509,0.9012584,0.86726475,0.91194445,0.76757085,0.93137723,0.91144425,0.85887,0.89181036,0.8800012,0.77733463,0.72024924,0.83863914,0.767689,0.8597896,0.6141067,0.8396274,0.4989609,0.8731348,0.23728581,0.43627915,0.07707484,0.9229678,0.37837344,0.5297024,0.93033093
5,83,8,verbal,0.27292606,0.75695354,0.94501936,0.9585272,0.8523163,0.9574336,0.7765607,0.79587185,0.9275263,0.9349414,0.8109632,0.93644935,0.85940146,0.8616209,0.9501795,0.71838224,0.9530463,0.64676785,0.9240206,0.1937107,0.9468964,0.33431315,0.65124357,0.20242321,0.94403887,0.6353757,0.33378363,0.95657235
5,83,9,verbal,0.20823188,0.6257075,0.9476816,0.9673138,0.3417391,0.9569049,0.63372946,0.59846795,0.96310604,0.9476078,0.37114877,0.9185587,0.7054195,0.907867,0.9647364,0.20113747,0.941658,0.46411437,0.9329856,0.32317558,0.83585453,0.44318062,0.2830306,0.08798995,0.8644563,0.102229096,0.19726972,0.709152
5,83,10,verbal,0.64614344,0.31188315,0.9298131,0.9109786,0.14514759,0.9585119,0.7487164,0.63786256,0.74927664,0.92738163,0.16252126,0.90184295,0.70903206,0.44675702,0.9397412,0.028191984,0.7272574,0.5241465,0.7852915,0.31425256,0.84711397,0.20721202,0.076333195,0.17210063,0.9520894,0.24432653,0.038320627,0.8202959
5,83,11,verbal,0.1392484,0.6716891,0.9030225,0.95334905,0.5564151,0.9543388,0.7976604,0.57885194,0.95354474,0.9589284,0.5003175,0.9592826,0.73851603,0.84816056,0.93201935,0.62243795,0.9379319,0.4854268,0.7900386,0.59623337,0.81123084,0.42595252,0.48554957,0.28069,0.98314995,0.42871788,0.33346352,0.9888185
5,83,12,verbal,0.40789345,0.7819644,0.89399344,0.9426607,0.3376132,0.9260839,0.49500418,0.39042574,0.8656919,0.9572651,0.19258521,0.9436821,0.37502387,0.9071291,0.96571064,0.22756313,0.9678398,0.12412726,0.87846994,0.22773768,0.918247,0.6443622,0.03180802,0.06278379,0.9244368,0.101683766,0.28944477,0.9404994
5,83,13,verbal,0.20195735,0.89655185,0.88518417,0.97209775,0.65783054,0.95973295,0.872596,0.61305964,0.97509086,0.982625,0.5356192,0.9862491,0.8256426,0.66631895,0.9492454,0.5483582,0.9338072,0.5706338,0.86712843,0.4378978,0.9166308,0.2291705,0.09741578,0.22103621,0.94187075,0.30709952,0.56027985,0.9626232
5,83,14,verbal,0.5224546,0.5319926,0.8834986,0.9609499,0.08232698,0.95949847,0.73311234,0.22502156,0.9480895,0.9764445,0.04033689,0.97562146,0.5763542,0.8333898,0.9414409,0.012770629,0.9428027,0.36433285,0.94498235,0.027486894,0.8882833,0.39238128,0.15773778,0.11569911,0.9187556,0.088944025,0.08444177,0.9467869
5,83,15,verbal,0.49786672,0.7903113,0.79128873,0.81683487,0.31224942,0.69957733,0.44812092,0.61906016,0.849525,0.88277817,0.35065556,0.77879393,0.4441604,0.59636587,0.7649472,0.22417016,0.6075648,0.6912598,0.77751064,0.26297385,0.48614243,0.85453105,0.08043664,0.3302832,0.8909063,0.1389774,0.4104849,0.9040786
5,84,1,verbal,0.020100538,0.7842085,0.82159364,0.8808436,0.25638205,0.8232822,0.4857583,0.6670918,0.9490773,0.9438048,0.26635832,0.90285176,0.64023954,0.7566784,0.8691071,0.13945659,0.7946137,0.07021135,0.8838303,0.059799075,0.75975627,0.65229285,0.18684354,0.28512406,0.93299866,0.128685,0.26514488,0.9131338
5,84,2,verbal,0.19221252,0.8395045,0.9193874,0.9447346,0.07252594,0.9235343,0.755436,0.72421587,0.97123677,0.9790598,0.08130964,0.97361934,0.8950311,0.8075829,0.90480536,0.015421544,0.8966748,0.29708654,0.9302128,0.12394143,0.9277901,0.7297536,0.22711612,0.105261184,0.9740195,0.21634127,0.010353178,0.97302204
5,84,3,verbal,0.04731599,0.7164871,0.8424011,0.8913597,0.5426892,0.83699447,0.34052974,0.6980035,0.90618134,0.92872065,0.5992311,0.8877648,0.4096718,0.6967444,0.8412999,0.57277346,0.76428133,0.09195948,0.8720715,0.5191851,0.8233326,0.84384775,0.2905994,0.36467263,0.96077305,0.38869208,0.6286436,0.95073944
5,84,4,verbal,0.9998943,0.9995556,0.9989099,0.9994207,0.96754944,0.9995253,0.6010483,0.99989337,0.99988663,0.99969184,0.98930836,0.99953556,0.997266,0.7187712,0.9990048,0.9281672,0.9994983,0.9979204,0.99945724,0.93887615,0.999513,0.99965584,0.9101119,0.9988429,0.9997654,0.9840807,0.9733828,0.9996134
5,84,5,verbal,0.298044,0.44841442,0.60351443,0.7849728,0.18133955,0.7125892,0.6247015,0.71743184,0.83681965,0.86369723,0.05879556,0.81546366,0.58185375,0.5774725,0.8033533,0.1469353,0.7308417,0.80103284,0.81287706,0.16829208,0.70720536,0.9087316,0.30510914,0.5249119,0.9549615,0.2876637,0.1787659,0.9599046
5,84,6,verbal,0.09871362,0.83156645,0.9344263,0.9507002,0.47076416,0.93648183,0.57523113,0.76446724,0.98190564,0.9803142,0.36917615,0.97402424,0.69362956,0.754319,0.91735166,0.4214599,0.8749483,0.023636434,0.9395636,0.3862704,0.90367967,0.5076283,0.35053024,0.68416303,0.785903,0.402865,0.6235538,0.76133096
5,84,7,verbal,0.28691518,0.54266226,0.79755676,0.8638416,0.0641099,0.83108395,0.78263843,0.21725371,0.7474841,0.88511777,0.2664275,0.87463725,0.7438046,0.6456419,0.81975883,0.027989363,0.76220477,0.58277947,0.8225569,0.20758271,0.7584081,0.1694439,0.2730064,0.48003665,0.62020946,0.26744005,0.23034424,0.50136185
5,84,8,verbal,0.023233578,0.30206499,0.8132804,0.819704,0.25758904,0.77726746,0.1749879,0.353161,0.90726227,0.8923772,0.15242909,0.8564139,0.021747114,0.68377626,0.81321543,0.013570431,0.7993494,0.50761926,0.7761636,0.04981132,0.7332645,0.8072795,0.16461027,0.43117186,0.8528879,0.20810546,0.16168231,0.87853354
5,84,9,verbal,0.23523693,0.64942527,0.71694684,0.8715205,0.3978694,0.86058074,0.44458172,0.73635495,0.8891724,0.9420053,0.25005102,0.9343192,0.4545626,0.17549278,0.78087974,0.31983998,0.7501248,0.0032483477,0.81714743,0.13695183,0.82978916,0.36256024,0.03129203,0.037168033,0.80072623,0.04352927,0.32865205,0.79128873
5,84,10,verbal,0.51798296,0.6414334,0.84384805,0.88253254,0.078505695,0.8790199,0.48738864,0.8702765,0.92001677,0.9421023,0.064044006,0.9341312,0.7057377,0.6804991,0.84861153,0.03951857,0.86163896,0.16638874,0.8384398,0.07238836,0.89026433,0.41386563,0.13094188,0.27895945,0.7651743,0.099109,0.10820932,0.79630494
5,84,11,verbal,0.1562895,0.27561054,0.7115965,0.8711223,0.3935403,0.80978006,0.18127315,0.4713473,0.89858925,0.9390022,0.4503177,0.9144223,0.3790996,0.6666201,0.8692088,0.4825855,0.80163896,0.13759105,0.8293232,0.38891032,0.7715202,0.65232486,0.13073143,0.33237267,0.89999425,0.18969366,0.555056,0.87395257
5,84,12,verbal,0.9804829,0.7533976,0.04740279,0.11148963,0.22413608,0.4123885,0.96823615,0.9887246,0.993304,0.9735656,0.6471634,0.5061546,0.026540758,0.43273926,0.14102146,0.18321164,0.5667039,0.9809815,0.031283177,0.14052708,0.54716337,0.9924167,0.09530378,0.7662947,0.9848098,0.25410643,0.502825,0.5796124
5,84,13,verbal,0.86986864,0.8892838,0.7363634,0.68082476,0.09935376,0.5604901,0.6221187,0.94717133,0.97655976,0.9153085,0.17675011,0.76216173,0.70736283,0.13955347,0.54580593,0.2741429,0.45496726,0.84210765,0.47275275,0.2988091,0.32966545,0.9480361,0.32034177,0.078609705,0.9248261,0.1998809,0.07723851,0.7693765
5,84,14,verbal,0.7028429,0.6368322,0.90099514,0.9515567,0.5675303,0.93810076,0.70949435,0.06592983,0.92011863,0.97403264,0.53904235,0.9680157,0.6725541,0.8975449,0.9607499,0.46444565,0.96842706,0.4633982,0.94586235,0.30849782,0.96805745,0.6277191,0.011398686,0.00087220257,0.9791216,0.008951817,0.11587625,0.99349046
5,84,15,verbal,0.03045298,0.82608455,0.91738033,0.96035695,0.46779308,0.92953163,0.8789779,0.77182716,0.9833252,0.9873994,0.40425405,0.97695804,0.91262066,0.8658656,0.9581947,0.299553,0.8860586,0.75658387,0.9656782,0.18633698,0.8851151,0.2530789,0.100143395,0.31895345,0.9232659,0.18060383,0.21283591,0.8543352
5,85,1,verbal,0.11132041,0.91144156,0.9717673,0.9731817,0.21602218,0.9778631,0.8629347,0.91463345,0.99488467,0.9906246,0.18456118,0.9936744,0.9404599,0.86101097,0.964567,0.026369736,0.9759618,0.51491696,0.90690726,0.29241025,0.95652497,0.69406503,0.3819889,0.2861582,0.9826405,0.43667462,0.06639813,0.9948315
5,85,2,verbal,0.5082569,0.8339121,0.939301,0.9488527,0.07023156,0.93439734,0.7900562,0.53172636,0.93325824,0.9592085,0.105085105,0.9409071,0.73868394,0.80171394,0.9106963,0.026408449,0.8797051,0.3332286,0.87832636,0.23512948,0.8466819,0.73410714,0.21953239,0.11996112,0.9622908,0.23178287,0.04481343,0.96790344
5,85,3,verbal,0.35156888,0.8520123,0.96386296,0.96880823,0.17842993,0.9584838,0.87825865,0.6471867,0.9875276,0.97435,0.14476797,0.9681228,0.8539266,0.9529407,0.9602227,0.048387628,0.95800126,0.6284863,0.89641523,0.15731767,0.9142374,0.6462818,0.25578323,0.17445546,0.9851775,0.36367705,0.029612284,0.9794115
5,85,4,verbal,0.06546784,0.9257891,0.9704408,0.9788198,0.4518973,0.972797,0.9088922,0.7690509,0.9687582,0.9743028,0.47995922,0.97165257,0.8318046,0.9347314,0.97201765,0.34515852,0.9723132,0.7702754,0.9470625,0.20229477,0.9759716,0.21532333,0.0032568756,0.17518055,0.9347148,0.037081312,0.24355616,0.9449897
5,85,5,verbal,0.60265386,0.78625256,0.9227404,0.9422265,0.6327058,0.89996064,0.6806124,0.5311857,0.95954996,0.95967305,0.6407157,0.94166714,0.56581664,0.8819603,0.938733,0.53280663,0.9049594,0.26102614,0.8832586,0.45266813,0.8888241,0.7489779,0.19857807,0.067329295,0.9545802,0.048744444,0.290031,0.97994506
5,85,6,verbal,0.2610891,0.937794,0.98698235,0.9812738,0.26110145,0.9814447,0.79157245,0.6693798,0.9670593,0.980771,0.03474149,0.98062587,0.8223372,0.93636084,0.9808295,0.09950992,0.98196054,0.37270713,0.9289224,0.20705113,0.9566729,0.67647475,0.23052993,0.042888477,0.9232508,0.28740495,0.0922645,0.93197256
5,85,7,verbal,0.6709786,0.95127964,0.9966989,0.9973033,0.5020705,0.99638313,0.91126823,0.6832583,0.9885208,0.9950545,0.4003167,0.9940152,0.7554572,0.91623765,0.9904144,0.455517,0.98680604,0.39185134,0.9431829,0.34402093,0.90065867,0.60808665,0.1943269,0.1583671,0.9568229,0.1709859,0.48066348,0.9506893
5,85,8,verbal,0.062589504,0.87275285,0.9542441,0.97714496,0.73148805,0.970764,0.86784494,0.7766009,0.9801229,0.98420626,0.63828766,0.9841768,0.8634065,0.69321036,0.9064402,0.58071387,0.9160211,0.18383516,0.88204455,0.46045297,0.94749385,0.6167033,0.09083753,0.18456848,0.97029644,0.18405524,0.29815206,0.98273444
5,85,9,verbal,0.07833669,0.8364997,0.9930565,0.99701196,0.423486,0.9967768,0.95832807,0.74324566,0.9931384,0.9917699,0.655204,0.9927159,0.9154872,0.9732125,0.99569917,0.49764183,0.9961317,0.80221903,0.98159844,0.31113347,0.99286306,0.529009,0.03420444,0.13680014,0.9905577,0.027354714,0.41336468,0.9899048
5,85,10,verbal,0.23583119,0.82382494,0.99378604,0.99610764,0.5282348,0.9936791,0.97551423,0.65124923,0.99484223,0.99271965,0.45959696,0.9922679,0.9535262,0.9029663,0.97617424,0.35190338,0.9717166,0.69335234,0.9735697,0.14389269,0.9784807,0.45159408,0.28399014,0.19107273,0.9984943,0.23357524,0.21608713,0.99931914
5,85,11,verbal,0.7922048,0.87107325,0.9897491,0.9847482,0.16390207,0.98978555,0.9674416,0.20300546,0.9824891,0.97760177,0.20601453,0.990935,0.9127344,0.9725215,0.9918989,0.18122946,0.9989611,0.86466414,0.9484707,0.002123586,0.98451895,0.40813306,0.2545514,0.40861022,0.94947624,0.32898992,0.030723443,1.0
5,85,12,verbal,0.40992567,0.7662508,0.9612287,0.9769245,0.64838994,0.96974814,0.9248765,0.45492646,0.9668301,0.98499554,0.52611166,0.98960775,0.8999628,0.9040953,0.9417939,0.6442405,0.9613112,0.6994527,0.9184218,0.38373736,0.97166806,0.6259164,0.13388106,0.07122696,0.98129106,0.026428973,0.5398572,0.9739826
5,85,13,verbal,0.5277767,0.8414396,0.97763973,0.97424114,0.25560322,0.9739284,0.9103004,0.5130353,0.9939994,0.9903322,0.26493666,0.9908258,0.943748,0.87620145,0.9439023,0.11561058,0.9481578,0.6167175,0.963624,0.009548606,0.97038805,0.74525326,0.14914398,0.012221091,0.9923905,0.21166721,0.034055717,0.99370253
5,85,14,verbal,0.24667244,0.67760867,0.9645513,0.969522,0.10965118,0.9601329,0.8772912,0.5975895,0.9851095,0.98042196,0.03358064,0.97551954,0.8541153,0.94378835,0.96697164,0.16780399,0.9543024,0.72881126,0.9374077,0.24473915,0.9347798,0.61410594,0.32215446,0.4732656,0.97077686,0.3276413,0.07321558,0.9935521
5,85,15,verbal,0.042840753,0.76933205,0.8063487,0.8326037,0.09033494,0.7882749,0.34867713,0.7785092,0.91030157,0.8237748,0.2772483,0.8343019,0.35489956,0.7286843,0.76354116,0.007188242,0.7468368,0.012831867,0.7245342,0.10803561,0.7245842,0.565561,0.30249885,0.37469774,0.5463228,0.2830547,0.22875802,0.90062976
5,86,1,verbal,0.041322336,0.7019499,0.83024824,0.89270675,0.19177675,0.8514619,0.12736583,0.5875103,0.9243499,0.96498156,0.3343313,0.9467331,0.37636402,0.7193976,0.8632887,0.046987917,0.81066734,0.21553956,0.85715824,0.19144692,0.83085924,0.6934954,0.36499253,0.18417503,0.939147,0.42712355,0.029985486,0.9225329
5,86,2,verbal,0.11199055,0.8423651,0.86861295,0.87853765,0.34473047,0.8647449,0.10045684,0.7108867,0.9377908,0.92814916,0.36054853,0.90233535,0.06550268,0.7064808,0.8311156,0.08361375,0.8028187,0.20983793,0.75793326,0.16130297,0.7310946,0.45235953,0.3784841,0.12077433,0.76957005,0.39860225,0.3348596,0.7367747
5,86,3,verbal,0.19196238,0.5805819,0.86462086,0.9107028,0.30130988,0.90501255,0.47516105,0.43746176,0.9030133,0.92210585,0.27659464,0.92734855,0.47530025,0.791032,0.8745005,0.43997666,0.87952864,0.29457575,0.83587915,0.5093387,0.88782406,0.14716156,0.47159132,0.011896413,0.6299753,0.5497035,0.37707195,0.5799664
5,86,4,verbal,0.08554688,0.78670734,0.93718845,0.9499261,0.094347864,0.9338366,0.5846058,0.6051526,0.98441046,0.9853573,0.1700316,0.9816491,0.5837127,0.86840475,0.92443985,0.18601722,0.9067499,0.36519006,0.91638905,0.23251252,0.9336702,0.17239113,0.36224493,0.28810123,0.7121848,0.3498023,0.005576978,0.65663344
5,86,5,verbal,0.1930436,0.71650517,0.88690686,0.90398777,0.38051975,0.8989574,0.062818654,0.15495898,0.7331105,0.8150179,0.49381456,0.8060496,0.010315025,0.8242774,0.8879479,0.21671984,0.9089885,0.33246103,0.8406099,0.036476012,0.87975764,0.57025546,0.274759,0.20104484,0.7900006,0.25983986,0.13431223,0.8405585
5,86,6,verbal,0.39232552,0.48014468,0.6696589,0.81091213,0.18966681,0.65494955,0.33174405,0.6631331,0.8911629,0.88442737,0.40904233,0.7981224,0.18120046,0.6074878,0.80122197,0.104883425,0.6601972,0.5291435,0.8250009,0.09548006,0.6672024,0.76769865,0.1922548,0.47165048,0.74896103,0.008230406,0.061880995,0.79956853
5,86,7,verbal,0.41657582,0.8460978,0.92134905,0.9484674,0.6501397,0.9195452,0.5496747,0.6558552,0.96678954,0.9621793,0.72052926,0.94750607,0.54934317,0.7998006,0.9132293,0.64547944,0.847539,0.20498388,0.92401254,0.5534598,0.8651821,0.50116915,0.01086927,0.29030672,0.82220477,0.19133523,0.52756786,0.8197968
5,86,8,verbal,0.22322945,0.9352063,0.94438475,0.9544667,0.37819833,0.93336445,0.8578896,0.8628564,0.94389474,0.96130717,0.47370172,0.9375768,0.8028915,0.85351986,0.9368837,0.23764294,0.9022717,0.5336765,0.9283647,0.077190146,0.87606347,0.40713638,0.23119672,0.47096667,0.98388106,0.16760716,0.17251037,0.9728309
5,86,9,verbal,0.51462823,0.73471075,0.86330694,0.90404344,0.60007185,0.84161925,0.5571503,0.27421236,0.846818,0.90708566,0.5919626,0.84446645,0.41467246,0.7733991,0.8730485,0.48158836,0.8111437,0.054730278,0.8648406,0.3501532,0.79154336,0.81082,0.047642365,0.40048614,0.984648,0.033999965,0.2940433,0.98770225
5,86,10,verbal,0.2704731,0.6621949,0.8960004,0.931017,0.6273772,0.920674,0.61507714,0.80197674,0.96762353,0.96165097,0.64163095,0.96051574,0.8051178,0.90949744,0.94595057,0.52997893,0.9452761,0.44602045,0.92613995,0.38110968,0.93403757,0.6968226,0.0063483515,0.31397644,0.96513927,0.024777433,0.37833375,0.9666424
5,86,11,verbal,0.31112882,0.9020691,0.94916344,0.9512765,0.028699836,0.91810274,0.8297034,0.7533294,0.9732271,0.9701065,0.06822714,0.9520258,0.83888036,0.8778722,0.9207491,0.1453931,0.880608,0.38920337,0.8837298,0.142163,0.8529225,0.6725872,0.12036059,0.3043701,0.97913533,0.12024702,0.044834927,0.98558486
5,86,12,verbal,0.098886184,0.72954756,0.79092336,0.9073498,0.55589116,0.8725144,0.71052575,0.7400427,0.88922787,0.94654655,0.5460388,0.92363673,0.7601589,0.61986697,0.8825764,0.5204145,0.85619175,0.38340226,0.87859136,0.48452312,0.86772114,0.3696127,0.42402193,0.2064976,0.95588225,0.47795293,0.5255736,0.9850583
5,86,13,verbal,0.48828503,0.8681707,0.92322,0.9248034,0.116619945,0.90139216,0.7239216,0.65464765,0.96198255,0.9559854,0.17176989,0.9369207,0.6935972,0.7754213,0.8904127,0.3153587,0.8615632,0.24406444,0.87009907,0.4418515,0.8347546,0.6941158,0.47717518,0.30016965,0.9340335,0.47366858,0.22216219,0.9340475
5,86,14,verbal,0.41210914,0.89543253,0.9473249,0.94732946,0.39386004,0.93012106,0.71958196,0.70044315,0.976304,0.9648731,0.32367316,0.9552064,0.71321166,0.7902844,0.91525185,0.20746443,0.8883876,0.20296834,0.86050254,0.024056217,0.85591674,0.65084755,0.14267991,0.15428928,0.9503183,0.15015067,0.10833945,0.9696079
5,86,15,verbal,0.68260604,0.6816583,0.8463747,0.87368935,0.20847738,0.8228909,0.47017437,0.33959973,0.87641335,0.9050168,0.15992656,0.8629581,0.4159498,0.83656263,0.8764863,0.3798407,0.84373486,0.12768485,0.8418878,0.49933955,0.80930066,0.7728014,0.5463846,0.25238073,0.9745723,0.5816361,0.34989658,0.9857325
5,87,1,verbal,0.03528057,0.6671027,0.76622254,0.8207824,0.10825094,0.6702783,0.024089431,0.6120221,0.89684427,0.8934687,0.12726907,0.78993154,0.17862605,0.68259233,0.8250792,0.09145689,0.62284756,0.3976615,0.8252934,0.05113246,0.5440456,0.7411446,0.20229355,0.38322383,0.9496873,0.0028000344,0.4519584,0.94686496
5,87,2,verbal,0.44114748,0.8808357,0.96780056,0.9794322,0.1875956,0.97229236,0.9420303,0.7240857,0.97474515,0.98398036,0.26361516,0.99072856,0.9115794,0.9325044,0.9698989,0.00014589437,0.97916996,0.80245733,0.9507815,0.14740428,0.97610205,0.30563933,0.2297882,0.11057103,0.97967726,0.39182425,0.007464311,0.97505873
5,87,3,verbal,0.78619325,0.9345795,0.99193007,0.9882898,0.3594629,0.9915464,0.7925262,0.5744497,0.98589134,0.9830927,0.32137066,0.99014175,0.60346806,0.97200924,0.98373693,0.286576,0.9870901,0.31121126,0.9768939,0.058435336,0.98741215,0.74185824,0.31934687,0.13057992,0.95560414,0.31791386,0.29377627,0.94698656
5,87,4,verbal,0.027050247,0.940619,0.9950302,0.9954301,0.35334748,0.9946629,0.9632049,0.7803341,0.966761,0.9850354,0.2187459,0.9772639,0.88926923,0.8450372,0.9560329,0.5744731,0.9609875,0.40082815,0.97750306,0.4700631,0.9768088,0.63880485,0.44377804,0.019646563,0.9947775,0.42817456,0.14615804,0.99554706
5,87,5,verbal,0.9477263,0.3292112,0.8042244,0.7570138,0.62317395,0.7983434,0.14576818,0.9816489,0.9691204,0.82270104,0.8965506,0.8277745,0.5547302,0.72917485,0.6699714,0.5711226,0.7242063,0.089491926,0.71672493,0.31818858,0.7649583,0.74380034,0.15893184,0.2835173,0.9683949,0.27578157,0.5560309,0.96654576
5,87,6,verbal,0.98398024,0.3846022,0.7916843,0.69711226,0.7539833,0.6106646,0.18637684,0.9997113,0.9818582,0.8015272,0.5989509,0.6954958,0.7329452,0.7305589,0.629168,0.79691684,0.5188691,0.023000855,0.61062026,0.853937,0.46842334,0.6647388,0.698331,0.25792465,0.9219799,0.60111755,0.68569726,0.83186334
5,87,7,verbal,0.42475834,0.6752364,0.5854119,0.8471314,0.12152679,0.8704731,0.56181043,0.54142976,0.69870156,0.6481348,0.041081645,0.8738255,0.25116244,0.3272436,0.7974127,0.0925179,0.6347277,0.57121044,0.5963417,0.19877529,0.77245873,0.43779355,0.19472046,0.0442803,0.87715006,0.36809844,0.1449562,0.73141384
5,87,8,verbal,0.5605319,0.81725776,0.9423726,0.9650928,0.043419715,0.9376898,0.92104363,0.10081909,0.69580597,0.8887319,0.106665686,0.8423872,0.52621984,0.8693982,0.9490268,0.09337967,0.911911,0.72121185,0.94674397,0.2329577,0.8883337,0.15313049,0.45709443,0.23549931,0.91741246,0.33323187,0.11090253,0.8293561
5,87,9,verbal,0.6654357,0.5866646,0.91783357,0.9698082,0.47089338,0.93304026,0.88800997,0.1874152,0.925664,0.97839963,0.32044816,0.9500974,0.8855357,0.880889,0.96459126,0.37322924,0.92924374,0.7727139,0.97709215,0.04320506,0.9697063,0.13125588,0.18532161,0.26297513,0.99869585,0.20572287,0.20995454,0.9872593
5,87,10,verbal,0.22202966,0.84038436,0.9661514,0.9839306,0.3852914,0.975016,0.94653744,0.64020276,0.99353456,0.9977247,0.34963664,0.9946426,0.9907449,0.8594804,0.9547878,0.44807795,0.94474375,0.820143,0.98989576,0.22946663,0.9908825,0.12290013,0.15160458,0.1942062,0.9675147,0.022356685,0.21531206,0.9662548
5,87,11,verbal,0.58567345,0.9135224,0.95238054,0.9781323,0.03129787,0.9196871,0.86798817,0.62426656,0.946205,0.975986,0.030069914,0.9239611,0.8227044,0.9379723,0.9887002,0.02109241,0.94021356,0.81162274,0.9670041,0.22774664,0.86288786,0.52026874,0.42908952,0.375881,0.9783345,0.26378486,0.0506129,0.96545863
5,87,12,verbal,0.43392903,0.8216861,0.98870325,0.9940463,0.40058702,0.9881639,0.9472242,0.4358149,0.9751842,0.99184704,0.24194801,0.98662156,0.8098132,0.9056308,0.9915209,0.17859496,0.97234565,0.8303686,0.9824784,0.0072235903,0.9506185,0.32699648,0.34375855,0.2895889,0.98733765,0.32447714,0.13377877,0.98516196
5,87,13,verbal,0.6209514,0.89713186,0.9726278,0.9843126,0.23487668,0.9711749,0.93845046,0.3306195,0.95346016,0.986704,0.18494815,0.9760536,0.8939211,0.97666055,0.9877979,0.26425752,0.98270506,0.8859652,0.97239643,0.4432718,0.91248775,0.5911894,0.49139455,0.41180098,0.9809309,0.5347792,0.42720407,0.9961231
5,87,14,verbal,0.41092196,0.9268726,0.9950383,0.99835193,0.40041324,0.9958956,0.915875,0.7170623,0.9958683,0.9984976,0.5476731,0.9964093,0.80900395,0.94965875,0.9962289,0.3982146,0.99141157,0.6581796,0.99337816,0.26864114,0.97668725,0.3706733,0.07183602,0.3451431,0.9521273,0.009074658,0.09330018,0.97311884
5,87,15,verbal,0.19171154,0.9615924,0.99308527,0.9964623,0.58930403,0.99575007,0.9675224,0.7279817,0.9922107,1.0,0.49656677,0.99997693,0.96084064,0.9554753,0.9967586,0.59114146,0.98446685,0.7750028,0.97065616,0.40885943,0.97372144,0.46205032,0.08139024,0.08013683,0.9819903,0.14393513,0.46412575,0.95238674
5,88,1,verbal,0.26777717,0.93565553,0.8241263,0.9501377,0.6467428,0.8077672,0.58845574,0.86640155,0.9317407,0.9758794,0.5703418,0.87250423,0.69392645,0.572786,0.93865865,0.5333707,0.7335567,0.09847589,0.9809312,0.3069757,0.776198,0.56415224,0.04991034,0.80123454,0.9917946,0.010946455,0.4235623,0.9532517
5,88,2,verbal,0.087026894,0.84833795,0.93712246,0.968174,0.64071065,0.90771496,0.7708375,0.6787102,0.9564864,0.9644478,0.63836044,0.90959984,0.73300815,0.8521552,0.93602693,0.5706227,0.84222376,0.50046015,0.94596505,0.40883824,0.8334892,0.32128617,0.18852691,0.47480813,0.97803795,0.11742302,0.3465965,0.95871305
5,88,3,verbal,0.81808764,0.32373038,0.6964535,0.8813028,0.26428,0.7536163,0.4693386,0.96546865,0.9584307,0.85249096,0.46374866,0.7712023,0.77700406,0.61084235,0.82974,0.15522277,0.6622389,0.22625647,0.8624304,0.040503997,0.6761157,0.414238,0.31738716,0.69614196,0.95905906,0.27785128,0.04457975,0.9307599
5,88,4,verbal,0.7018627,0.77707124,0.81121993,0.8410799,0.43671742,0.7326812,0.5091537,0.9551941,0.8792059,0.774963,0.5946854,0.7127684,0.5890887,0.5569599,0.7299536,0.32586625,0.6003872,0.21146153,0.85484123,0.06751705,0.62776184,0.4358284,0.31072554,0.60863996,0.9768929,0.3436046,0.107392624,0.9428943
5,88,5,verbal,0.5051804,0.75020564,0.88678056,0.9314029,0.32163662,0.8032202,0.67640793,0.9138528,0.9001951,0.9220575,0.35503364,0.74264807,0.71058124,0.75158364,0.9073451,0.12536007,0.6914368,0.3868098,0.9445642,0.048587132,0.7369818,0.5961258,0.48581597,0.38136506,0.96634156,0.17761286,0.09473888,0.85224926
5,88,6,verbal,0.5006812,0.64935213,0.83223003,0.9234025,0.1883434,0.7473036,0.44122958,0.83274907,0.9583288,0.9706301,0.45292932,0.8846364,0.72197145,0.7318899,0.9184928,0.0022737768,0.6738633,0.014874066,0.97359556,0.15193713,0.7058495,0.819921,0.50699013,0.83210605,0.98874635,0.15617616,0.27390355,0.95202106
5,88,7,verbal,0.9940321,0.9909052,0.98975176,0.9948162,0.9179578,0.99548626,0.9330252,0.9988162,0.9991731,0.99869937,0.95310277,0.99696004,0.99208087,0.7963611,0.993552,0.85041827,0.9942631,0.9272109,0.9930865,0.8360366,0.9953282,0.99028504,0.27816668,0.9623149,0.9983468,0.93632144,0.913734,0.9980421
5,88,8,verbal,0.25529027,0.8553459,0.8233769,0.95515555,0.2111939,0.8040623,0.490067,0.7065017,0.81354016,0.95247304,0.36769927,0.779878,0.37790927,0.6833095,0.95381314,0.33219486,0.76406115,0.023911623,0.9682277,0.4368276,0.67521954,0.78938186,0.446005,0.7966804,0.97009623,0.5714846,0.20511806,0.949559
5,88,9,verbal,0.07222278,0.66204774,0.8827609,0.976876,0.24555509,0.88850087,0.49909508,0.4195015,0.9390265,0.9909141,0.1649204,0.9367606,0.40502387,0.93773335,0.99232143,0.23974258,0.9429849,0.38493025,0.98318356,0.0025678722,0.9073316,0.6330525,0.58938986,0.79058814,0.9668954,0.18433449,0.36541253,0.9348251
5,88,10,verbal,0.068327904,0.911815,0.8145254,0.9626169,0.24054788,0.8550495,0.03295913,0.7251067,0.9221394,0.9835468,0.3359168,0.9259759,0.095395885,0.55188847,0.965524,0.09582755,0.7853222,0.436076,0.9835071,0.04235641,0.86234945,0.648988,0.28343186,0.6657273,0.92631733,0.29321104,0.31726524,0.8487003
5,88,11,verbal,0.54938114,0.7102712,0.82227516,0.94560546,0.3355922,0.86795235,0.5291478,0.8437565,0.9614394,0.97823954,0.40849832,0.90809965,0.7041925,0.8058125,0.96422225,0.3545267,0.87848186,0.2827958,0.9788835,0.15237103,0.83815074,0.40705016,0.36035508,0.34986892,0.9639806,0.17856428,0.41915178,0.8536696
5,88,12,verbal,0.3376227,0.9085948,0.96897984,0.98627853,0.022001004,0.96674925,0.89387834,0.8826395,0.98789394,0.9956371,0.11988793,0.98689693,0.9413672,0.93840414,0.99016315,0.22659354,0.9665143,0.5994641,0.98855066,0.39542374,0.9526297,0.659157,0.5836791,0.5978504,0.99572504,0.47347984,0.040525604,0.99044716
5,88,13,verbal,0.077937335,0.8764124,0.9580386,0.98410404,0.65109134,0.9550356,0.8378671,0.7273914,0.9593146,0.9825785,0.6354778,0.94522595,0.7816043,0.86573774,0.97924227,0.41109523,0.9200346,0.40661043,0.9936486,0.31532645,0.9287831,0.6686305,0.2554696,0.62309384,0.99483997,0.11644278,0.3305837,0.99830914
5,88,14,verbal,0.0007610924,0.69987124,0.8630967,0.9404679,0.89282995,0.8906136,0.7203195,0.41029048,0.59773374,0.64329475,0.6560416,0.7037581,0.49248195,0.73272055,0.940102,0.87231946,0.8579448,0.36694223,0.9549345,0.80074924,0.9046635,0.6770904,0.2667771,0.6997805,0.9869812,0.5346992,0.76903415,0.9853975
5,88,15,verbal,0.5543587,0.6383037,0.688202,0.8934431,0.2945818,0.6974187,0.23448229,0.11666098,0.31064525,0.63532007,0.19186603,0.5618381,0.012368557,0.58318865,0.91047716,0.3924398,0.6769262,0.19570053,0.9677311,0.5176202,0.72756726,0.8570783,0.60027957,0.6370709,0.9942363,0.58176535,0.3191361,0.9481537
5,89,1,verbal,0.100901924,0.9356203,0.9602942,0.97966087,0.41804138,0.9494927,0.818232,0.9138289,0.9876252,0.9915971,0.4657583,0.96817976,0.868162,0.9069275,0.9781935,0.22588435,0.9217515,0.30730623,0.9753873,0.08898843,0.91163975,0.8084171,0.21020332,0.50477284,0.97642225,0.07170677,0.2691919,0.9689228
5,89,2,verbal,0.41698432,0.74340916,0.9465347,0.98341674,0.12048184,0.967558,0.8494397,0.52267814,0.98282063,0.9977803,0.008459008,0.99453527,0.92519873,0.93217486,0.9905704,0.21644202,0.9804958,0.6931445,0.9796219,0.43017435,0.9832951,0.8228128,0.4891782,0.61161774,0.98409015,0.52241904,0.35502282,0.99167305
5,89,3,verbal,0.20659705,0.91707355,0.9569668,0.9727545,0.10387013,0.9536949,0.8943475,0.748257,0.9868874,0.98973805,0.22738528,0.97016835,0.94489264,0.902623,0.97435933,0.025438739,0.9488935,0.6680812,0.9878219,0.008004038,0.8921263,0.53108686,0.2987963,0.29280835,0.97246945,0.23989317,0.008859709,0.96248394
5,89,4,verbal,0.093575254,0.64947927,0.93027055,0.97066426,0.36117032,0.9524124,0.80587876,0.77514696,0.94830513,0.954761,0.29618517,0.93307614,0.7580702,0.7566422,0.9202604,0.11543449,0.86265266,0.36806408,0.9678654,0.08726705,0.93618363,0.58826965,0.048221435,0.43554127,0.9867892,0.1450941,0.09616305,0.9809201
5,89,5,verbal,0.5347494,0.95373636,0.97665673,0.9853174,0.66616476,0.97711486,0.86038953,0.92348945,0.98211527,0.98613983,0.7032146,0.97812223,0.91185874,0.95095944,0.9834487,0.5466315,0.97352564,0.62106586,0.98169875,0.2813738,0.9745377,0.53476804,0.22525525,0.4163288,0.98165214,0.1916366,0.3135428,0.9770702
5,89,6,verbal,0.6992382,0.67087364,0.9000827,0.9357221,0.3951528,0.8850064,0.70368063,0.956336,0.92875594,0.8802071,0.50343925,0.8487682,0.73099434,0.70907027,0.8480264,0.37371725,0.75342757,0.30602401,0.92902976,0.1932463,0.84675306,0.51738334,0.29793188,0.4284653,0.95734674,0.18359734,0.26644844,0.9719004
5,89,7,verbal,0.5298441,0.8711692,0.90642905,0.9006104,0.017958773,0.8743745,0.62447107,0.9558604,0.9034482,0.8557349,0.007321943,0.82195044,0.535837,0.66498023,0.7774745,0.26403117,0.7325018,0.017450629,0.8606038,0.43640864,0.8041884,0.8608556,0.59507275,0.45860177,0.99384445,0.5434395,0.131238,0.98432416
5,89,8,verbal,0.14885229,0.6564386,0.97632855,0.99173754,0.50177,0.9597028,0.9271534,0.79210615,0.95240885,0.96346295,0.38075364,0.9166261,0.8116003,0.95014113,0.97211885,0.25035027,0.9033207,0.74131376,0.97554576,0.007646876,0.8783363,0.48385563,0.32566386,0.48708966,0.9885443,0.22432041,0.25984484,0.97392154
5,89,9,verbal,0.10685268,0.9362886,0.9885588,0.9882339,0.3463765,0.9885168,0.9759213,0.9273319,0.9757528,0.9755273,0.28890812,0.97502667,0.9225764,0.86622596,0.9589056,0.060150966,0.96238434,0.744332,0.96701896,0.08720421,0.9906242,0.52551186,0.42232612,0.10613321,0.99520123,0.27097562,0.061529793,0.9992143
5,89,10,verbal,0.547527,0.944163,0.9870697,0.993746,0.61266106,0.99066746,0.9744875,0.71919024,0.99600714,0.9968714,0.62075394,0.9950305,0.98720104,0.95527905,0.99289465,0.49813578,0.9862372,0.9054272,0.9933448,0.25992966,0.97724634,0.4948444,0.24576159,0.2441434,0.99034256,0.075774744,0.38246796,0.9773157
5,89,11,verbal,0.23401998,0.9232919,0.9859432,0.991854,0.13485995,0.9893902,0.95998406,0.81337196,0.9913939,0.9977421,0.1251213,0.9952985,0.98486274,0.9629955,0.9852426,0.011196606,0.98461366,0.79718786,0.9642906,0.07489928,0.9939018,0.58900464,0.2521752,0.09377828,0.981049,0.247311,0.06318387,0.989986
5,89,12,verbal,0.2816014,0.86801726,0.94434154,0.96881235,0.3488156,0.9345885,0.85125685,0.8836768,0.98806125,0.9811067,0.42575175,0.9594978,0.916517,0.9148161,0.97075397,0.31273192,0.9183118,0.5970055,0.9529601,0.14794278,0.8631959,0.47934848,0.29331607,0.51591325,0.9501928,0.06428825,0.16870835,0.77700216
5,89,13,verbal,0.5552433,0.74023765,0.9270885,0.96311444,0.42511907,0.9308584,0.81009233,0.19031857,0.94923216,0.98013777,0.41226783,0.9594723,0.83015203,0.9104989,0.9735281,0.36012536,0.90705377,0.57205534,0.98762584,0.17760208,0.8757168,0.62359375,0.13260017,0.43572223,0.9954297,0.037477788,0.21571042,0.98218924
5,89,14,verbal,0.69931954,0.9513405,0.9904814,0.99403554,0.6782051,0.9903011,0.9794779,0.5271617,0.98491704,0.9943439,0.5422321,0.98807806,0.96016055,0.95349294,0.99748206,0.6435811,0.9866063,0.8275852,0.9917635,0.447737,0.9848279,0.5346977,0.049365308,0.51684314,0.9966035,0.082534015,0.44820535,0.9994551
5,89,15,verbal,0.6232133,0.8304614,0.9943786,0.9944808,0.32134682,0.97790456,0.8606757,0.37642807,0.97341776,0.97934467,0.32197264,0.9683665,0.7903617,0.9525134,0.9931021,0.21504536,0.9565269,0.6650719,0.97429323,0.061561354,0.87887293,0.46950823,0.36902452,0.5259776,0.92873883,0.07035694,0.24239518,0.92802566
5,90,1,verbal,0.60229844,0.8724209,0.86880547,0.9491044,0.30533674,0.87951005,0.76105493,0.4643143,0.79326767,0.94209963,0.2560325,0.8591346,0.628716,0.70245534,0.9436255,0.20719226,0.80684274,0.39216232,0.9845141,0.13763231,0.82723224,0.20169216,0.14691906,0.54244846,0.9638554,0.10875836,0.17656012,0.858756
5,90,2,verbal,0.42007515,0.80385965,0.8852022,0.9624755,0.029700879,0.88945556,0.7873795,0.4703548,0.9044344,0.9723665,0.041640803,0.9219355,0.7955246,0.74900585,0.96790653,0.04039137,0.8347229,0.5205382,0.97719777,0.30489215,0.8181158,0.11381378,0.43864504,0.4875683,0.9444336,0.4000894,0.32645243,0.7889471
5,90,3,verbal,0.3208001,0.6291168,0.86907816,0.96228075,0.10722438,0.89415956,0.7322985,0.56628036,0.8246922,0.953778,0.0048203347,0.8792704,0.64539695,0.803733,0.97511005,0.220409,0.8618656,0.48081338,0.98050475,0.27735266,0.85084003,0.28549352,0.49359125,0.5913215,0.9445406,0.29242352,0.050065212,0.87123877
5,90,4,verbal,0.15901603,0.58206075,0.84733593,0.95065296,0.07014458,0.8435287,0.50442,0.65438414,0.8815855,0.97181845,0.031202009,0.8785604,0.55286855,0.83771205,0.97997874,0.05725549,0.8338161,0.31023484,0.9873268,0.05465671,0.8485707,0.4258479,0.26185906,0.58558434,0.9242358,0.10478197,0.22913708,0.9099071
5,90,5,verbal,0.07621452,0.81315607,0.9432469,0.95677674,0.31012833,0.9321021,0.8557337,0.80664134,0.9335556,0.92717993,0.46628478,0.9324359,0.8090911,0.8620433,0.9441612,0.26177445,0.89857775,0.5721566,0.91773784,0.07212373,0.9212504,0.50580406,0.30724704,0.38527796,0.9106223,0.16774751,0.14350124,0.9593776
5,90,6,verbal,0.018598458,0.67979515,0.8698251,0.9469912,0.14871176,0.8048954,0.48542315,0.697902,0.8132083,0.9133019,0.23227024,0.7288861,0.37775218,0.8031226,0.94048333,0.1248253,0.745801,0.19343986,0.98095256,0.06882683,0.7257207,0.691301,0.2682604,0.633884,0.97258246,0.30297452,0.034586184,0.8590013
5,90,7,verbal,0.014944903,0.9191679,0.9309778,0.97504306,0.049632862,0.942588,0.8685476,0.60635483,0.94061226,0.97649556,0.16835612,0.95516247,0.79392636,0.8582201,0.98180705,0.02949913,0.93621945,0.65306556,0.9876545,0.14269672,0.9453221,0.61171645,0.5673539,0.39857057,0.9926146,0.27469835,0.100294776,0.97905535
5,90,8,verbal,0.56545335,0.69626087,0.71382225,0.8881728,0.34032106,0.7323505,0.25865573,0.8825511,0.9154031,0.94758564,0.022374922,0.8756758,0.67515653,0.39201462,0.82843244,0.48389784,0.6094697,0.2757078,0.90383136,0.5189683,0.68706554,0.8004328,0.6726705,0.7207358,0.94631165,0.46518433,0.11601042,0.89038265
5,90,9,verbal,0.18114644,0.8381938,0.8879512,0.96705145,0.5962495,0.90178597,0.746154,0.67488045,0.89516985,0.956692,0.5437484,0.8973946,0.7030922,0.77889466,0.9746202,0.46629193,0.85732865,0.36093318,0.96067077,0.26926443,0.8730698,0.6497433,0.11626476,0.4466708,0.95988834,0.059853125,0.31704798,0.97302777
5,90,10,verbal,0.12747313,0.6771809,0.91032207,0.9682186,0.71083283,0.8761327,0.3390308,0.6558051,0.9728219,0.9907515,0.6401408,0.95086044,0.5240729,0.9118048,0.9780532,0.69782025,0.9034423,0.076118015,0.98151845,0.61056095,0.8834497,0.81622064,0.30068257,0.7471621,0.9671356,0.4176027,0.46034005,0.97612244
5,90,11,verbal,0.18973489,0.7743493,0.8704357,0.9704547,0.5539708,0.8961749,0.7600184,0.54993665,0.96154755,0.9898875,0.46622187,0.96771044,0.8676247,0.7603895,0.97918266,0.52722675,0.8836608,0.48994362,0.98314697,0.1653034,0.9137747,0.5601479,0.06668357,0.59050906,0.97960097,0.04229937,0.26821762,0.99005544
5,90,12,verbal,0.4017916,0.8188921,0.8981967,0.94625854,0.5757645,0.92654896,0.80394906,0.8672255,0.97856325,0.9794376,0.65655744,0.9624206,0.9016854,0.80128807,0.93842864,0.40146053,0.8839229,0.41470093,0.9233809,0.20751359,0.8681982,0.5968371,0.22100118,0.50908464,0.9627915,0.12794074,0.44444248,0.9568291
5,90,13,verbal,0.3730182,0.6591573,0.79089904,0.91172564,0.5909644,0.77999204,0.4770969,0.28065604,0.88451797,0.94408745,0.57026,0.8562922,0.5777283,0.73587966,0.9274476,0.4397637,0.775194,0.24546711,0.8931256,0.21958105,0.77147406,0.60877705,0.17283711,0.35098723,0.92491,0.10317319,0.3077616,0.9296284
5,90,14,verbal,0.076957084,0.9064787,0.86203504,0.9565293,0.78873646,0.8817913,0.775439,0.7854734,0.943834,0.98248273,0.67140865,0.95507,0.88600796,0.7288093,0.9707354,0.72312456,0.8588072,0.43104324,0.9850194,0.4774472,0.8839593,0.41749427,0.25884476,0.4927975,0.98675454,0.15897079,0.47228336,0.95916116
5,90,15,verbal,0.37724492,0.72866476,0.85219574,0.9411209,0.47393802,0.8423886,0.42181566,0.47768718,0.9337947,0.97303295,0.40555853,0.9155242,0.41914096,0.79852366,0.96847045,0.39920342,0.8031889,0.018300513,0.99061775,0.14459164,0.77332383,0.73842293,0.13581719,0.6379855,0.9754325,0.080302216,0.40406662,0.90188444
5,91,1,verbal,0.061421357,0.5960225,0.69088525,0.8934846,0.13876167,0.6988292,0.05676804,0.66873413,0.854698,0.949456,0.12810235,0.80592996,0.20407414,0.6617745,0.92347306,0.08702795,0.6760204,0.24895293,0.9613828,0.057730906,0.67038023,0.7560431,0.3037298,0.42627707,0.9726247,0.26027212,0.116811186,0.9011625
5,91,2,verbal,0.6393737,0.95300406,0.9786479,0.99169636,0.4081071,0.98126817,0.935382,0.5924536,0.9944659,0.9974834,0.3415309,0.99251986,0.91559106,0.95669127,0.9957311,0.25300694,0.98109376,0.7334534,0.9979255,0.0328418,0.9854549,0.28251386,0.25682366,0.6309678,0.9826835,0.26006553,0.18264228,0.97722507
5,91,3,verbal,0.31011382,0.9865194,0.99327385,0.9935848,0.5772546,0.99549466,0.98902917,0.86150044,0.9965968,0.9929105,0.45103073,0.9933571,0.9579599,0.9838042,0.9967981,0.49894422,0.99677026,0.8938522,0.99049264,0.2090335,0.9796592,0.46858788,0.17949809,0.43163756,0.98309535,0.0588917,0.3087761,0.9937122
5,91,4,verbal,0.17062394,0.9831302,0.9390395,0.98268545,0.10988014,0.96727544,0.9316517,0.9166431,0.93803614,0.98592275,0.024474116,0.9608416,0.8775082,0.66713995,0.9827787,0.20306244,0.934149,0.64861935,0.99496126,0.22971901,0.95790684,0.18377385,0.4707465,0.6821924,0.95574635,0.29831856,0.12786779,0.91205245
5,91,5,verbal,0.54637444,0.7065579,0.97164464,0.99164695,0.5606294,0.9709113,0.81189483,0.21246326,0.8883163,0.9914563,0.4752762,0.9784826,0.7833603,0.9620764,0.9908899,0.40419003,0.9774016,0.52119297,0.99433714,0.22905913,0.98974353,0.40430734,0.006993603,0.59815145,0.9277695,0.058386173,0.02917831,0.9374163
5,91,6,verbal,0.46104166,0.9696176,0.9708881,0.99047023,0.51254016,0.9745184,0.9733055,0.75449246,0.99043536,0.995416,0.53352904,0.988463,0.9797332,0.8894141,0.9891671,0.5012211,0.9450663,0.8881444,0.9913212,0.28725764,0.9298865,0.046060674,0.052538697,0.4908804,0.9893972,0.07813968,0.25052375,0.9395204
5,91,7,verbal,0.39509588,0.9489791,0.9833028,0.99407464,0.30023226,0.98471814,0.966189,0.70849824,0.9859178,0.9968402,0.4551981,0.97961795,0.91590434,0.95879054,0.99544924,0.2692446,0.97437865,0.8173974,0.9946274,0.26170957,0.9536765,0.28182316,0.32133546,0.45632577,0.9806667,0.030618712,0.29986736,0.98773944
5,91,8,verbal,0.16749395,0.9236233,0.97195345,0.9915336,0.7838423,0.9797234,0.9288294,0.70455444,0.9963833,0.98935825,0.63591784,0.9946165,0.962961,0.8917745,0.9808664,0.7393732,0.97364753,0.60973346,0.9060412,0.5090898,0.96622235,0.5732216,0.019182924,0.3422326,0.94652325,0.19142401,0.35856232,0.9875458
5,91,9,verbal,0.7265339,0.98027885,0.9895526,0.9963443,0.62079656,0.9934028,0.983248,0.45767733,0.992833,0.9981352,0.49770683,0.9971235,0.96514773,0.89428407,0.99470526,0.6243385,0.96378785,0.678064,0.9972182,0.41414368,0.9850983,0.43749827,0.12859403,0.5842353,0.9956865,0.15621226,0.41919357,0.975811
5,91,10,verbal,0.33387476,0.9785581,0.9604796,0.9884469,0.09586738,0.97042626,0.90131813,0.69065815,0.8503632,0.94972765,0.25523588,0.92542434,0.7051948,0.8670157,0.9864032,0.12849328,0.9532969,0.573909,0.9949889,0.2349432,0.9604198,0.4763981,0.22173288,0.6200104,0.99581516,0.23853807,0.086305656,1.0
5,91,11,verbal,0.0938421,0.91982603,0.9393986,0.41745475,0.5995063,0.9109892,0.8637849,0.7531803,0.97161937,0.43236256,0.41906935,0.9392902,0.86632794,0.8936895,0.22564723,0.4266747,0.8944553,0.7049717,0.15173274,0.1478446,0.85587835,0.44645613,0.54677206,0.12726027,0.3320559,0.17098661,0.30235392,0.883962
5,91,12,verbal,0.5049114,0.96766657,0.99565095,0.9542547,0.4588881,0.99175084,0.98829716,0.68442225,0.9965035,0.9298404,0.38607404,0.9965511,0.9828556,0.98059815,0.9510471,0.36986652,0.98369855,0.8597727,0.8713068,0.18111174,0.9417426,0.5062827,0.21299344,0.4025205,0.87899536,0.053633172,0.20067461,0.9745372
5,91,13,verbal,0.5084123,0.96483177,0.9911465,0.9939858,0.2781518,0.987846,0.9373518,0.8072448,0.99738604,0.9992776,0.36001402,0.9965076,0.94405293,0.9500616,0.99130183,0.20342238,0.9778189,0.6800914,0.99181515,0.20500478,0.9702894,0.5379233,0.059517812,0.42804253,0.98325074,0.08141749,0.33399484,0.9811719
5,91,14,verbal,0.3817111,0.9744202,0.9944689,0.99768835,0.27383128,0.99475,0.9885738,0.55903643,0.895432,0.9647684,0.21485329,0.93924004,0.78363883,0.98799914,0.9993911,0.25766596,0.9980291,0.9096462,0.99050844,0.009956851,0.99319607,0.48752102,0.4508708,0.47421932,0.99668455,0.23106714,0.12230125,0.9989351
5,91,15,verbal,0.79824173,0.9331166,0.9764818,0.99305344,0.5623438,0.95563954,0.9560596,0.56018525,0.9908412,0.9967408,0.52563316,0.9695565,0.9597567,0.9551531,0.99481577,0.5302001,0.9388038,0.8550982,0.9880579,0.29023132,0.8566172,0.46737581,0.04649884,0.6318006,0.9840686,0.05522347,0.1838529,0.9340793
5,92,1,verbal,0.16422741,0.78551215,0.7120537,0.8539169,0.51851815,0.67313904,0.24630618,0.67761284,0.86990505,0.84553385,0.38063252,0.7673921,0.35915858,0.5332778,0.84656346,0.37540329,0.6421441,0.2700592,0.7988578,0.20200852,0.65586406,0.8182178,0.18479535,0.5653275,0.81502295,0.0065258862,0.10692195,0.92628706
5,92,2,verbal,0.13044201,0.7695014,0.81936514,0.95402396,0.37903145,0.83289576,0.4300647,0.672186,0.95854187,0.9837479,0.3732238,0.932874,0.68441635,0.73103124,0.9693911,0.32431272,0.81500006,0.0790292,0.98787016,0.12019375,0.8611741,0.6848169,0.17394182,0.67911553,0.97267526,0.15141264,0.07707537,0.95756656
5,92,3,verbal,0.010439428,0.7933721,0.7606184,0.9413434,0.086056575,0.71603924,0.34788045,0.82727635,0.896414,0.9674949,0.13368653,0.8374308,0.4883652,0.7129833,0.94316334,0.0051275184,0.7079783,0.051269166,0.94116306,0.14592795,0.7026448,0.8027822,0.20656474,0.7399512,0.968636,0.36244372,0.004036239,0.9711113
5,92,4,verbal,0.296086,0.79375315,0.858851,0.9587342,0.048203208,0.8633587,0.70763457,0.815272,0.96877193,0.9903566,0.27186924,0.94209194,0.8583608,0.7844814,0.9692944,0.18293403,0.8593625,0.49474737,0.9580395,0.24316321,0.9019443,0.5279176,0.6725323,0.44648314,0.9619789,0.3062124,0.023649992,0.9734494
5,92,5,verbal,0.2779393,0.857767,0.8933725,0.9658683,0.85656065,0.9127347,0.6558976,0.75760394,0.92526996,0.9772008,0.81595063,0.9430785,0.6673553,0.8055639,0.9678773,0.79293734,0.8907245,0.16079992,0.98841757,0.63626444,0.94411993,0.865618,0.28642654,0.5499798,0.9907214,0.24446133,0.69518435,0.9914698
5,92,6,verbal,0.6201902,0.67798066,0.91019917,0.97451794,0.4176744,0.8854359,0.75359374,0.44653893,0.94628507,0.9875815,0.33263654,0.9265685,0.76192826,0.9268359,0.9877574,0.2972841,0.89923656,0.67512035,0.9903724,0.0387449,0.86910474,0.6061518,0.15288745,0.54833597,0.9758173,0.22896016,0.07789281,0.9870188
5,92,7,verbal,0.09033542,0.91696113,0.8689001,0.9681393,0.14154135,0.8583308,0.6450253,0.91890144,0.95810235,0.98917115,0.14352648,0.92058724,0.7468997,0.75266314,0.97721374,0.2187587,0.8097047,0.26606166,0.98205286,0.39814645,0.8250738,0.6489663,0.63407993,0.4090331,0.988286,0.44083825,0.16993532,0.9569582
5,92,8,verbal,0.07160541,0.60797757,0.8329361,0.95969766,0.011740657,0.82429475,0.33923954,0.6578351,0.92907864,0.983454,0.098136954,0.89449584,0.50558466,0.81929874,0.9787623,0.091373086,0.8371941,0.008013439,0.9954908,0.206284,0.85502505,0.83251595,0.55995804,0.7239475,0.9892824,0.40203452,0.03298042,0.97421616
5,92,9,verbal,0.022272447,0.6019465,0.82001996,0.95588565,0.045562472,0.79329735,0.39950615,0.6844641,0.9301875,0.9820898,0.104853615,0.8870559,0.53755635,0.8080515,0.9734774,0.20615356,0.7893426,0.025152158,0.990534,0.33975175,0.78306395,0.768133,0.49478516,0.76515996,0.984246,0.47421324,0.22274151,0.97564274
5,92,10,verbal,0.028299838,0.8989379,0.84173596,0.9656851,0.10828577,0.8280883,0.60378456,0.75733304,0.94843024,0.991374,0.08755177,0.9202795,0.776639,0.7232342,0.97607213,0.0077725374,0.80271316,0.13964322,0.995677,0.2214438,0.80582225,0.759045,0.47046235,0.7617654,0.99339736,0.39580563,0.00023337797,0.9721328
5,92,11,verbal,0.14277735,0.9444296,0.92295676,0.9793809,0.60857093,0.9075676,0.83296204,0.8680087,0.9597097,0.9939226,0.5799006,0.93496984,0.87405604,0.8672647,0.9893135,0.5194123,0.8811332,0.575272,0.9990496,0.2931977,0.8956233,0.52746946,0.19218418,0.7294792,0.9981488,0.04066545,0.3471298,0.9815788
5,92,12,verbal,0.041334856,0.89722764,0.8772672,0.96372885,0.0036034195,0.8599677,0.6039652,0.8310844,0.9487204,0.9874704,0.118908696,0.9316972,0.73122704,0.8218094,0.9761948,0.055143267,0.83723974,0.15594304,0.9899504,0.059371423,0.85664946,0.67596406,0.3831123,0.6561176,0.99050814,0.11010653,0.15474382,0.9631416
5,92,13,verbal,0.26709077,0.8476001,0.78328544,0.96272546,0.7191564,0.7641717,0.68926257,0.61717665,0.8880059,0.98153293,0.59822285,0.86614996,0.76707584,0.55755407,0.9731542,0.6719349,0.66076475,0.35677743,0.9925468,0.48091567,0.6559806,0.30336437,0.09817794,0.64591134,0.97462434,0.1889713,0.44756925,0.89043534
5,92,14,verbal,0.12667185,0.60977536,0.5740192,0.95235324,0.18814397,0.6304263,0.03774278,0.6241208,0.83246917,0.98660004,0.15651315,0.76613826,0.104416765,0.3972257,0.96512944,0.22142811,0.5809719,0.39165077,0.9884353,0.23668356,0.6693041,0.80365896,0.6808199,0.7609217,0.98677236,0.26098338,0.15747763,0.9590835
5,92,15,verbal,0.13632287,0.8369524,0.806516,0.94575006,0.2636927,0.77533376,0.5187412,0.83291656,0.8915047,0.9723989,0.25038695,0.83327,0.5869294,0.67720836,0.9500995,0.25534278,0.7265359,0.1051831,0.9888557,0.32088137,0.7512551,0.75254744,0.39331046,0.76004934,0.98959833,0.42969966,0.21506405,0.95249075
5,93,1,verbal,0.34692827,0.68265384,0.8026902,0.9310411,0.667127,0.7567471,0.33605704,0.58719665,0.8825574,0.9598724,0.70481676,0.8337723,0.3778288,0.7905231,0.95275736,0.60079336,0.734752,0.053233642,0.9704363,0.4563772,0.65885425,0.856804,0.16691023,0.58532846,0.97612953,0.12140203,0.43905467,0.9538154
5,93,2,verbal,0.34165156,0.7442973,0.91717535,0.9303227,0.6839483,0.90452415,0.7800607,0.6314317,0.94963104,0.9548633,0.64901936,0.9297443,0.8087081,0.9277731,0.9490832,0.5777264,0.93626285,0.62253493,0.8956321,0.41399458,0.9173413,0.46786168,0.12283117,0.32637784,0.8610451,0.08411651,0.38400275,0.9779609
5,93,3,verbal,0.40884933,0.91650033,0.965121,0.9878253,0.3299647,0.96798444,0.8564367,0.5286528,0.98856825,0.99619496,0.38030916,0.99078405,0.8588136,0.90677834,0.9891929,0.28004313,0.9606963,0.4728885,0.9932392,0.17949603,0.96967006,0.59578407,0.34534353,0.6378141,0.99119353,0.0346251,0.25981507,0.99513125
5,93,4,verbal,0.30006704,0.9067412,0.9361597,0.9813548,0.22647345,0.92843634,0.83734524,0.7306827,0.978347,0.9936223,0.36082396,0.9701806,0.9115137,0.86555994,0.98748475,0.15871148,0.8766876,0.54436654,0.98916364,0.07865043,0.7901912,0.6634052,0.30878395,0.58298033,0.9883527,0.15934281,0.17964436,0.9211919
5,93,5,verbal,0.44718933,0.9309306,0.9667844,0.98806345,0.6532644,0.9680906,0.89452356,0.8311844,0.98697203,0.996543,0.6316573,0.9813709,0.9201311,0.963282,0.99590075,0.60155636,0.97519886,0.727623,0.9936209,0.45255664,0.94442856,0.46125773,0.11144001,0.5626419,0.98971426,0.13530685,0.44666332,0.99226564
5,93,6,verbal,0.04377478,0.8549279,0.91179657,0.95562065,0.2678981,0.91992164,0.78331774,0.7578739,0.96412003,0.9772452,0.32214364,0.9472079,0.8429328,0.8692758,0.96802974,0.17390914,0.90215987,0.5221668,0.9790245,0.12856942,0.8699356,0.57855505,0.12585625,0.5388198,0.975847,0.061862092,0.27611113,0.9599655
5,93,7,verbal,0.483886,0.9647121,0.97867084,0.98746556,0.36390013,0.9751689,0.92891836,0.7734807,0.9880095,0.99045837,0.40159357,0.977909,0.90540034,0.9482952,0.98450184,0.26240006,0.957691,0.7131329,0.9915377,0.20451893,0.9565392,0.66828096,0.24541406,0.5220742,0.9960586,0.023770852,0.29746994,0.98506975
5,93,8,verbal,0.65957993,0.9616165,0.99848306,0.9981748,0.20775242,0.9969031,0.9890471,0.60394377,0.998481,0.9993025,0.26601702,0.99745333,0.9819579,0.99094564,0.99877435,0.08521602,0.9957085,0.9386997,0.9935397,0.095600255,0.95713603,0.43340552,0.1994978,0.5617608,0.992117,0.2904253,0.030653065,0.98244405
5,93,9,verbal,0.47441798,0.9370812,0.98503727,0.98599213,0.7341373,0.98868006,0.9547922,0.46620768,0.9722968,0.98939997,0.638351,0.9852443,0.9125675,0.96942925,0.9883113,0.6722284,0.9858934,0.8342128,0.97551036,0.344159,0.9917205,0.56112576,0.083018266,0.40763164,0.9894143,0.105014145,0.5060974,0.9902758
5,93,10,verbal,0.4879433,0.9364334,0.8763731,0.93394697,0.15283805,0.86658394,0.46375048,0.7112629,0.94715255,0.93380445,0.1612892,0.9084151,0.45243964,0.7886368,0.9265433,0.09765643,0.8376817,0.06786092,0.8346668,0.01810038,0.8421648,0.6705692,0.6210581,0.47997198,0.8650135,0.12371886,0.10449881,0.96524745
5,93,11,verbal,0.3231794,0.93254673,0.9583585,0.9831937,0.13150418,0.9572355,0.90625376,0.71696043,0.9805199,0.9935166,0.17051128,0.9744806,0.8807973,0.88152933,0.9810699,0.060504936,0.9256252,0.64519286,0.9976823,0.20839578,0.9540134,0.4380467,0.5581915,0.56895095,0.99105656,0.40011823,0.022972774,0.9799805
5,93,12,verbal,0.2932171,0.9199447,0.976756,0.9919025,0.74572206,0.978317,0.93148434,0.80035037,0.99420005,0.99766314,0.6871063,0.9927082,0.97231805,0.97321296,0.99347025,0.64693457,0.9781851,0.7742614,0.9945055,0.40929788,0.9632573,0.5866229,0.072885856,0.6448281,0.9920622,0.022026746,0.410324,0.987984
5,93,13,verbal,0.945255,0.9866124,0.9869383,0.9843603,0.8660486,0.99234045,0.7641831,0.9835748,0.99878657,0.99459225,0.85218024,0.99052095,0.98900026,0.81427455,0.9777284,0.82655257,0.9876441,0.508991,0.9787434,0.76834553,0.9882483,0.9453952,0.50047016,0.8409161,0.9934206,0.3735733,0.71050483,0.99034
5,93,14,verbal,0.6326703,0.9240636,0.9590922,0.9895093,0.4889753,0.93608904,0.7676007,0.5686189,0.9711674,0.9912231,0.5263369,0.9336245,0.67720073,0.965397,0.99481606,0.37692314,0.933889,0.49296752,0.97640336,0.20123188,0.80728865,0.73614365,0.25026911,0.5789669,0.9601347,0.045231428,0.45914546,0.8901457
5,93,15,verbal,0.16537155,0.9614922,0.9787621,0.991576,0.24969596,0.9842983,0.97430056,0.76769817,0.9939745,0.9956784,0.28750697,0.9926441,0.94615793,0.94358814,0.9957456,0.17099746,0.97443724,0.8840498,0.9806781,0.10676538,0.9639323,0.20515518,0.11026443,0.3250326,0.95221657,0.077317275,0.05806181,0.8982306
5,94,1,verbal,0.6541378,0.76796114,0.3357685,0.9527611,0.07662678,0.49572268,0.20904498,0.92202765,0.78055406,0.99321747,0.1773703,0.7347801,0.021070555,0.119954,0.9660067,0.032894555,0.34285668,0.5797953,0.9704091,0.03851914,0.61396545,0.840309,0.43699044,0.87054294,0.9797676,0.18404092,0.2549837,0.9355684
5,94,2,verbal,0.29771155,0.8409025,0.62306535,0.8403119,0.10655489,0.71164495,0.24330454,0.90079814,0.83777934,0.87000644,0.2399899,0.824742,0.42783856,0.31199336,0.8132239,0.032761626,0.6154435,0.2573361,0.8510707,0.04439547,0.66067505,0.78674734,0.3051095,0.56937593,0.88435173,0.18438658,0.29261997,0.9284776
5,94,3,verbal,0.23832788,0.8156101,0.7714646,0.9330339,0.18629079,0.80807686,0.25041658,0.83701485,0.9337407,0.97429156,0.31988797,0.91598916,0.48047662,0.6567651,0.9330065,0.009013699,0.77645224,0.26594087,0.94609207,0.097325735,0.79673046,0.8503266,0.35905576,0.73848665,0.95871025,0.3112877,0.10825597,0.9470727
5,94,4,verbal,0.38178962,0.91638684,0.77607054,0.9114986,0.42254645,0.8956393,0.25834334,0.8402576,0.907382,0.9435414,0.4756894,0.9223283,0.59196746,0.32117006,0.87651074,0.20197017,0.85393214,0.45399615,0.8491028,0.20307606,0.9034241,0.8958752,0.25695598,0.12328493,0.9353103,0.3286081,0.49921176,0.9716308
5,94,5,verbal,0.7185737,0.8754285,0.68609214,0.95383906,0.40412033,0.856859,0.40542042,0.95862705,0.93082875,0.9805049,0.6141231,0.90102774,0.6978775,0.20380123,0.9663171,0.24818102,0.84131795,0.15821956,0.98442405,0.28278473,0.85310453,0.65315557,0.39454386,0.27515867,0.9905389,0.15970196,0.40074015,0.92823577
5,94,6,verbal,0.12784536,0.7910399,0.91135293,0.9760022,0.74829316,0.9119189,0.76980734,0.6679418,0.9747915,0.99463737,0.7193392,0.9615627,0.86649233,0.8651618,0.9671853,0.64584315,0.9010053,0.42914718,0.936847,0.42873603,0.92392015,0.5642125,0.11318198,0.5066808,0.9423199,0.017612474,0.36924484,0.98112047
5,94,7,verbal,0.70471394,0.9435822,0.90216315,0.97063494,0.56926394,0.8917269,0.685965,0.6603045,0.867482,0.97596014,0.47499204,0.8719671,0.5269176,0.78957254,0.9707386,0.46021202,0.8458401,0.1848959,0.96982807,0.24354783,0.83702105,0.7149158,0.011870748,0.50729626,0.98629963,0.100029066,0.33825994,0.9906566
5,94,8,verbal,0.021841181,0.8695481,0.85331327,0.96030146,0.15481558,0.81712097,0.6494121,0.80150455,0.9641323,0.9883505,0.04297394,0.93871796,0.842596,0.7698819,0.97608024,0.22643924,0.7833748,0.18536092,0.9846376,0.20054355,0.7430632,0.73013973,0.5773263,0.7629988,0.9923001,0.15624253,0.10185028,0.98112494
5,94,9,verbal,0.610834,0.73674643,0.8940905,0.97871983,0.28391284,0.9146354,0.70147306,0.2262948,0.96423036,0.9950155,0.4373762,0.98097646,0.8302179,0.7782333,0.9793371,0.07641346,0.87361854,0.26633212,0.98771507,0.0068351654,0.9355697,0.69011986,0.29701307,0.6491915,0.97262496,0.24730375,0.056651782,0.99767
5,94,10,verbal,0.15438205,0.92800355,0.8687165,0.96518105,0.49359,0.8830446,0.75881845,0.84245014,0.95436335,0.98528326,0.27905738,0.95170015,0.867987,0.7021369,0.97520274,0.5928002,0.8265008,0.27928886,0.9799809,0.56323695,0.8886961,0.70502645,0.7244691,0.68328184,0.98209316,0.5685392,0.41370654,0.9743215
5,94,11,verbal,0.4005388,0.8212178,0.9077796,0.9697277,0.2377095,0.8925809,0.6736778,0.4309254,0.92860943,0.9832902,0.22210903,0.9270213,0.6768616,0.8266294,0.9816113,0.14849089,0.8588901,0.2839236,0.9904527,0.059401724,0.88691306,0.6512921,0.6395594,0.6475472,0.9719134,0.37164837,0.23978257,0.98538303
5,94,12,verbal,0.43618724,0.9625497,0.9472379,0.98191404,0.7603852,0.9431224,0.84823734,0.7766637,0.9846003,0.9929728,0.7458791,0.96912116,0.9079907,0.91325957,0.9905658,0.6332962,0.9346701,0.535539,0.9919341,0.4727309,0.89924556,0.78437257,0.1463875,0.5654225,0.98847735,0.025007755,0.48603272,0.94589984
5,94,13,verbal,0.22360313,0.8319232,0.8241977,0.9402626,0.41930375,0.8823351,0.568571,0.75595725,0.9223957,0.9726477,0.3620361,0.950728,0.64317733,0.592308,0.9454833,0.27268147,0.82392156,0.06390652,0.97798336,0.079028286,0.93368286,0.7702778,0.03912596,0.54305536,0.97532237,0.17491809,0.045244563,0.9803765
5,94,14,verbal,0.3633486,0.8549607,0.91618395,0.9678228,0.5246119,0.9230257,0.71415085,0.53724146,0.95743746,0.98847896,0.55260557,0.96791905,0.7824435,0.8168039,0.97286594,0.40194446,0.8911519,0.2841065,0.99145824,0.19677475,0.93852454,0.7472387,0.31834012,0.615096,0.9825251,0.09088296,0.3693984,0.979805
5,94,15,verbal,0.6690541,0.83930737,0.90025824,0.95019704,0.84376115,0.8954043,0.646048,0.4775125,0.88298607,0.96826506,0.85341024,0.90938765,0.5377931,0.9010007,0.97959286,0.76546997,0.92260283,0.36022305,0.98512155,0.69212866,0.8685969,0.60425407,0.14689665,0.60243034,0.9732575,0.24025126,0.6136563,0.9888451
5,95,1,verbal,0.07565144,0.9311111,0.84788746,0.94807595,0.53299373,0.8563717,0.7146916,0.93734187,0.94658834,0.9831765,0.5569039,0.91886157,0.8300438,0.6937724,0.944937,0.40903908,0.81014305,0.33026016,0.9853689,0.28056946,0.86189264,0.5135388,0.27105644,0.5407528,0.99309564,0.06833337,0.36440426,0.9597221
5,95,2,verbal,0.45536262,0.98079485,0.9783254,0.98884565,0.5395571,0.9816815,0.9534329,0.83355516,0.9943441,0.9927241,0.49452093,0.9929575,0.9504136,0.8908396,0.98014516,0.32501552,0.96589977,0.7278186,0.9890461,0.18771712,0.9795927,0.44906804,0.13387363,0.54487246,0.9833064,0.09601661,0.27031478,0.9890111
5,95,3,verbal,0.23911248,0.8932319,0.94095874,0.9840362,0.06314731,0.9591058,0.84048134,0.7421729,0.98264784,0.9942792,0.0628392,0.97992414,0.88097996,0.8142382,0.97619843,0.0670235,0.93687755,0.5003319,0.9942531,0.14989103,0.96829104,0.45167264,0.21811621,0.47060862,0.99161065,0.2068672,0.18182825,0.9867586
5,95,4,verbal,0.6675461,0.94758654,0.9799297,0.9586654,0.5251639,0.9766962,0.936285,0.27770832,0.8673201,0.95166457,0.44414136,0.94214,0.70486164,0.95873237,0.9255483,0.37029535,0.96406126,0.7546658,0.82195723,0.097494036,0.951932,0.7309299,0.31489465,0.07567683,0.90956336,0.13497995,0.09729163,0.9864749
5,95,5,verbal,0.6466803,0.9806938,0.9966396,0.99566793,0.61415905,0.9947625,0.9219352,0.7421258,0.9903181,0.99446315,0.5475998,0.99161613,0.82649964,0.92299294,0.9930218,0.5749947,0.98677355,0.61425185,0.9748896,0.38059354,0.9790185,0.38338727,0.054961875,0.33659616,0.9772518,0.12923996,0.28872758,0.9834115
5,95,6,verbal,0.16229405,0.8623938,0.89440364,0.9235488,0.27892107,0.899604,0.6659871,0.793497,0.9848529,0.960114,0.14747453,0.95052385,0.7622645,0.72206277,0.8819332,0.25341937,0.84318566,0.33419064,0.859255,0.061376624,0.8146353,0.67590654,0.37457666,0.13251954,0.97041744,0.38872176,0.31265703,0.9622884
5,95,7,verbal,0.9058626,0.9612488,0.9732994,0.97745043,0.09432364,0.95601565,0.9042987,0.65704733,0.9781816,0.98144716,0.14027551,0.9707714,0.88694865,0.9560725,0.96185124,0.024431821,0.93634486,0.74852675,0.9121729,0.023510061,0.88260996,0.5709665,0.11622141,0.21080531,0.9319735,0.09763828,0.023009075,0.9806282
5,95,8,verbal,0.25523868,0.93391335,0.9569696,0.94896555,0.5414989,0.9180206,0.82203245,0.85043573,0.9708143,0.94574386,0.4443412,0.910845,0.77034765,0.89046663,0.88857627,0.44534668,0.84395313,0.37434015,0.80871665,0.28239533,0.7925359,0.65038884,0.15507603,0.026149238,0.9186572,0.19323273,0.06430423,0.92136747
5,95,9,verbal,0.734706,0.9663018,0.9775997,0.9819496,0.117551066,0.9824628,0.80683625,0.3969543,0.9690576,0.9793953,0.083857276,0.982279,0.73683053,0.86120176,0.9214179,0.16114579,0.9419592,0.27590117,0.86049944,0.2193265,0.9684384,0.5742426,0.201382,0.043778587,0.928503,0.26428923,0.19600475,0.98112327
5,95,10,verbal,0.6389082,0.9633285,0.9798582,0.9845761,0.06410789,0.9782326,0.9161931,0.71130997,0.98391616,0.98737216,0.065180264,0.98212826,0.90498245,0.9584185,0.97948,0.12597418,0.9703921,0.73228973,0.972197,0.04061649,0.9672276,0.4646839,0.14266115,0.20828608,0.99460804,0.07642108,0.02838097,0.9935913
5,95,11,verbal,0.4935473,0.9501179,0.9652889,0.9727508,0.24691112,0.9421337,0.924706,0.6320148,0.9888413,0.98995835,0.24835327,0.9787074,0.95036584,0.92636544,0.9612569,0.19521976,0.91179556,0.67107236,0.95002156,0.008264721,0.83407325,0.47895092,0.11978062,0.26538908,0.9561182,0.011146094,0.2228012,0.9465788
5,95,12,verbal,0.5492134,0.96328294,0.9716975,0.97783196,0.42584175,0.9658828,0.93593913,0.73592633,0.9749117,0.9872075,0.31311026,0.9826584,0.931669,0.93530947,0.9780717,0.2921026,0.9667375,0.78583145,0.98154354,0.13707858,0.9794776,0.42039335,0.10089717,0.37038073,0.99069846,0.14398125,0.17863159,0.9937093
5,95,13,verbal,0.37427405,0.992613,0.9926461,0.9947102,0.42191502,0.99310213,0.9898494,0.90769273,0.9764294,0.9878175,0.41975492,0.9870855,0.9433183,0.9854424,0.99532515,0.26422745,0.99489063,0.9156043,0.98609036,0.09144608,0.99252105,0.5702861,0.18817165,0.25542015,0.98410654,0.17759037,0.1025549,0.9887462
5,95,14,verbal,0.55757934,0.97251517,0.9762939,0.9844892,0.51800895,0.9670057,0.9154333,0.7880287,0.9929119,0.995187,0.46397236,0.98803484,0.9470441,0.96224505,0.98279005,0.38250923,0.96109843,0.72474164,0.97090596,0.14080791,0.9595259,0.55017877,0.19825873,0.03928882,0.9824306,0.13349642,0.2581067,0.9860452
5,95,15,verbal,0.4568802,0.95257485,0.9780826,0.9817703,0.6045199,0.9719002,0.9645665,0.6870688,0.97871166,0.98009425,0.64793336,0.9707898,0.9571877,0.92182285,0.97364473,0.3998987,0.96273434,0.88502055,0.9520503,0.3029238,0.9406064,0.29476643,0.012528041,0.32958925,0.96289694,0.054006796,0.30136123,0.9609676
5,96,1,verbal,0.048441377,0.8619557,0.74644357,0.8609159,0.48898074,0.7308122,0.4611627,0.86015475,0.8658731,0.90351164,0.4737991,0.8087179,0.5725712,0.5910862,0.8361248,0.43057477,0.66887474,0.064580224,0.90470445,0.32926312,0.65810806,0.5677385,0.23980418,0.6042063,0.90973413,0.02571957,0.28863603,0.85659254
5,96,2,verbal,0.02166385,0.8122355,0.92349315,0.9333653,0.0007475305,0.8772584,0.8057688,0.75625914,0.9745239,0.96270615,0.07171885,0.93109524,0.8899465,0.8906327,0.921079,0.09258331,0.8668047,0.6209416,0.90052724,0.088185444,0.78273076,0.71182877,0.19971156,0.52772313,0.97572666,0.19270866,0.060651567,0.9691937
5,96,3,verbal,0.19183263,0.67414534,0.7465455,0.8140647,0.32343498,0.6734534,0.48933947,0.4760662,0.87524533,0.8891383,0.38503945,0.79860073,0.57534057,0.6557197,0.7912179,0.26617724,0.5875096,0.23003155,0.8347915,0.108023405,0.55986375,0.5416644,0.03735925,0.44102108,0.9485607,0.06695957,0.2511776,0.8139897
5,96,4,verbal,0.15266214,0.9353646,0.9073325,0.85702026,0.6336072,0.91644037,0.7411686,0.8247484,0.95345813,0.89611715,0.6205898,0.95543826,0.80743396,0.72134477,0.85905427,0.5233159,0.8898982,0.32695866,0.8149252,0.41903841,0.9210198,0.6151548,0.04102092,0.39934242,0.9051181,0.12338366,0.31605458,0.9950726
5,96,5,verbal,0.47992,0.913703,0.91344327,0.9152852,0.4650058,0.90154463,0.8075841,0.6600999,0.96964836,0.9594181,0.40839818,0.9551479,0.8620531,0.8041558,0.86509573,0.37051284,0.853783,0.4068199,0.7798767,0.22986563,0.8691859,0.63003653,0.052768797,0.08431826,0.8707392,0.025539074,0.29347876,0.93673366
5,96,6,verbal,0.15113387,0.85304093,0.85640526,0.81698984,0.25375193,0.8687331,0.69521457,0.7059376,0.9166339,0.8671622,0.15301822,0.91370356,0.7590726,0.7536138,0.7688108,0.31689855,0.81423855,0.27097943,0.7002087,0.28334817,0.85256433,0.5833874,0.22000462,0.19824876,0.87075776,0.35055473,0.1739982,0.9667365
5,96,7,verbal,0.20020035,0.58999205,0.6322895,0.6192848,0.06302133,0.62583154,0.0954526,0.5331976,0.7737976,0.7248768,0.06382781,0.7401846,0.05652608,0.5107551,0.6192302,0.10792557,0.5892775,0.51264304,0.61045164,0.23307021,0.6696968,0.91720307,0.35279435,0.24871086,0.9133149,0.2654394,0.10210833,0.9841565
5,96,8,verbal,0.49763897,0.7262092,0.79787487,0.86112565,0.1665461,0.7314289,0.4351263,0.29875687,0.8330157,0.90180784,0.22389817,0.78144103,0.3810922,0.78544873,0.867538,0.15538481,0.71834433,0.111570254,0.88371354,0.050205264,0.6619463,0.7378234,0.15977466,0.5787134,0.96159637,0.046297953,0.28233674,0.90920705
5,96,9,verbal,0.32329676,0.95396006,0.9653628,0.9671424,0.4540723,0.9641445,0.8826097,0.8827809,0.98972756,0.98613334,0.43602586,0.9868808,0.9292194,0.93359375,0.9494747,0.3372684,0.94543594,0.57262516,0.9312171,0.19977576,0.92477876,0.41837904,0.051061537,0.3050194,0.9721439,0.03486947,0.26245886,0.9794687
5,96,10,verbal,0.49176785,0.964772,0.93746954,0.956989,0.21080212,0.9491298,0.86060756,0.5883571,0.8951525,0.9418367,0.16419749,0.9409884,0.8342098,0.77581245,0.9292271,0.18004191,0.92403376,0.44027448,0.9494694,0.07738265,0.96115834,0.5432142,0.063491926,0.11842344,0.9794579,0.052115712,0.13935016,0.9842468
5,96,11,verbal,0.45562792,0.92805094,0.9421848,0.9530553,0.117272414,0.9403285,0.83815295,0.72902143,0.9823033,0.98503697,0.15348907,0.9839332,0.9174568,0.87707937,0.9352217,0.012035056,0.91468596,0.52991915,0.9459801,0.033733834,0.9331218,0.63800955,0.18111295,0.26340258,0.99650097,0.15099607,0.03727219,0.9950766
5,96,12,verbal,0.32796285,0.8462536,0.9095529,0.9381462,0.3125977,0.92743266,0.7314923,0.7436186,0.97772974,0.97879684,0.23177832,0.97803277,0.89045364,0.8411982,0.9180771,0.29164234,0.9131695,0.40296116,0.9396176,0.30626717,0.94326204,0.62238663,0.22912176,0.032926727,0.987421,0.20953387,0.24899243,0.9903248
5,96,13,verbal,0.7305322,0.9580336,0.952571,0.90648293,0.106663786,0.95891327,0.81952035,0.8424497,0.9621507,0.916672,0.1258792,0.9645542,0.76439494,0.8966791,0.86349404,0.12969176,0.9521167,0.44757333,0.80229723,0.22182404,0.94603693,0.5950139,0.16711554,0.32394668,0.9440554,0.2713205,0.034381673,0.97678214
5,96,14,verbal,0.38562694,0.8065818,0.92190826,0.9375052,0.38605115,0.9069389,0.7663015,0.5242386,0.95897436,0.9743891,0.3764709,0.96062225,0.8642141,0.829133,0.9063156,0.3866895,0.84272027,0.3297969,0.9309791,0.22738715,0.887228,0.7120609,0.07343847,0.36123142,0.9866271,0.09302693,0.26815432,0.9820738
5,96,15,verbal,0.23686096,0.9279418,0.89094055,0.9237723,0.06289482,0.8535184,0.71224505,0.8877597,0.97247195,0.96001136,0.06618102,0.93690145,0.8772099,0.8254073,0.92599064,0.022076104,0.81708866,0.35458934,0.9120662,0.07898159,0.7284199,0.5514024,0.097796686,0.36577198,0.97412175,0.31641912,0.04683544,0.93254304
5,97,1,verbal,0.022939323,0.87835324,0.8732661,0.9053876,0.028463067,0.8447727,0.4923782,0.7905973,0.9511598,0.9520837,0.081582345,0.9195325,0.7103811,0.82257605,0.900252,0.035497844,0.8257975,0.0022951302,0.8960279,0.113460235,0.8086634,0.88415533,0.10989932,0.45245266,0.9803527,0.050767604,0.04047627,0.98030967
5,97,2,verbal,0.5911436,0.9520053,0.99033695,0.99375904,0.48303345,0.99265856,0.96587026,0.3930392,0.91795033,0.96399605,0.40701348,0.9607515,0.8451486,0.9640917,0.9811137,0.36812484,0.9838567,0.812292,0.9809225,0.26038307,0.9915485,0.47240055,0.09111896,0.20203748,0.99753827,0.08287336,0.18082717,0.99990106
5,97,3,verbal,0.52612567,0.965555,0.97788906,0.9828578,0.57657313,0.9634517,0.96111524,0.78679436,0.9924861,0.9902914,0.5686713,0.97164893,0.9813857,0.9316903,0.9632361,0.47926006,0.92027575,0.811048,0.947702,0.36798817,0.88495696,0.5540066,0.15810668,0.3187728,0.9786565,0.08815653,0.38524768,0.92087567
5,97,4,verbal,0.7439434,0.94943976,0.97266,0.9798642,0.67035604,0.9771715,0.84434104,0.9571304,0.9936483,0.9803758,0.678479,0.9783014,0.9185853,0.9080224,0.9683959,0.5976103,0.977173,0.16004698,0.93909305,0.547346,0.9756626,0.852231,0.06714156,0.8701849,0.97526556,0.24312237,0.561858,0.9857285
5,97,5,verbal,0.8484374,0.9195629,0.9818725,0.8939821,0.33600453,0.972098,0.9641468,0.49565518,0.9861321,0.906752,0.3151763,0.9798692,0.96505296,0.9393654,0.81069213,0.31116688,0.93654394,0.77814376,0.70051116,0.22130646,0.83249766,0.5676537,0.15160376,0.1367976,0.7272924,0.07548023,0.369772,0.90696305
5,97,6,verbal,0.19073083,0.98296803,0.9651297,0.9743181,0.08620924,0.9692255,0.93306065,0.83632874,0.9848179,0.98452604,0.16343355,0.9828595,0.93032974,0.91566,0.96065086,0.01024299,0.95093405,0.67710906,0.9629649,0.009425029,0.958453,0.63975096,0.15040219,0.6223104,0.9920869,0.092551105,0.13071221,0.9927668
5,97,7,verbal,0.074792616,0.8862069,0.9979626,0.9983063,0.26813194,0.99770856,0.9817431,0.73945683,0.99916756,0.995618,0.19697033,0.99932694,0.98140526,0.92563635,0.97145176,0.15221049,0.97628313,0.77807593,0.9433998,0.033898022,0.9987588,0.5141354,0.17933892,0.37220937,0.9434464,0.2215437,0.041225716,0.9913655
5,97,8,verbal,0.59585,0.9496641,0.9770587,0.986189,0.49036068,0.9837671,0.934198,0.60635936,0.98917097,0.99197024,0.43750012,0.99185497,0.9349126,0.92029667,0.9666256,0.26424515,0.9648229,0.5918831,0.9752955,0.109034896,0.9788297,0.7393223,0.20488895,0.6204038,0.9940636,0.17928544,0.2245217,0.99048686
5,97,9,verbal,0.6405696,0.9855211,0.9841153,0.98861045,0.112826906,0.98740274,0.94989777,0.91721225,0.989124,0.9935173,0.27404445,0.990648,0.96429837,0.8668879,0.9860429,0.08553098,0.9864821,0.3859185,0.9839589,0.13152128,0.9824335,0.78209263,0.31013015,0.8053586,0.99041754,0.3587842,0.08066259,0.99002194
5,97,10,verbal,0.29571986,0.9210362,0.9863824,0.97954303,0.72884333,0.98521274,0.9501784,0.87054807,0.99628544,0.98442,0.68339986,0.99462146,0.9585278,0.97570837,0.94670945,0.68443817,0.982158,0.749307,0.81896865,0.49331364,0.96725726,0.63341284,0.18509425,0.098294474,0.8952892,0.15150616,0.4507142,0.9903313
5,97,11,verbal,0.14465718,0.98551404,0.98348117,0.92265123,0.70872635,0.9814894,0.9525178,0.86681056,0.9776762,0.9256483,0.64925176,0.9886094,0.9126814,0.9370484,0.80491394,0.62098014,0.9690607,0.72458696,0.6418256,0.36442178,0.9853668,0.38709643,0.28842196,0.12043241,0.62277216,0.019737618,0.4046286,0.9827234
5,97,12,verbal,0.39517283,0.9801579,0.9767149,0.98917323,0.63695055,0.98051643,0.9243304,0.78393954,0.9720948,0.9860088,0.701638,0.9779219,0.8837074,0.932559,0.98229474,0.56769806,0.9756706,0.631535,0.9662606,0.5269359,0.97113377,0.4914311,0.3178174,0.1952785,0.97611207,0.3842249,0.46475333,0.98414874
5,97,13,verbal,0.024456982,0.9477821,0.9744975,0.97912234,0.51114064,0.97068834,0.8954029,0.44634974,0.80626744,0.891324,0.6837776,0.85061973,0.6579282,0.96548444,0.9775615,0.41793293,0.9667045,0.70041734,0.9791938,0.17149718,0.9440276,0.47392493,0.14857142,0.09005748,0.9927802,0.16156527,0.20458128,0.9970284
5,97,14,verbal,0.68473047,0.9864918,0.9912599,0.9676274,0.7742133,0.98402774,0.9602125,0.6141441,0.97112495,0.95275223,0.7395749,0.9870718,0.89653593,0.9590329,0.92820835,0.7431221,0.9759899,0.73197216,0.8294852,0.5597041,0.9724619,0.51183075,0.072953105,0.09564998,0.9363993,0.2795771,0.47496617,0.9714046
5,97,15,verbal,0.00095019845,0.9898313,0.9851431,0.98276377,0.59454113,0.98329,0.93342876,0.630546,0.91732043,0.9743478,0.1710432,0.97672534,0.9005179,0.91929656,0.9436291,0.53030723,0.96704185,0.62197626,0.85582566,0.35252553,0.9643801,0.51901156,0.056802336,0.013956028,0.89462954,0.06476329,0.15320815,0.992569
5,98,1,verbal,0.55245465,0.93340427,0.93022436,0.91674334,0.1997198,0.92940414,0.87910485,0.6398367,0.95892394,0.93155164,0.16670008,0.94983745,0.8646951,0.88944024,0.8600861,0.07641273,0.91556585,0.6584944,0.79394466,0.042248312,0.9073566,0.51076484,0.279789,0.050427206,0.8609184,0.18399718,0.000621979,0.95109487
5,98,2,verbal,0.26784867,0.8705102,0.90322447,0.92772573,0.7201689,0.88332695,0.750518,0.6318224,0.9664287,0.98303896,0.6378246,0.9657016,0.80067456,0.8147514,0.8916031,0.6409342,0.8236508,0.4492838,0.91244274,0.47524232,0.8560188,0.58258027,0.11356953,0.15669808,0.9365292,0.1148654,0.49584126,0.9348326
5,98,3,verbal,0.67340124,0.9294446,0.9305856,0.9355349,0.370274,0.92402285,0.6827749,0.57656837,0.9559806,0.9588808,0.40582326,0.9505309,0.676161,0.841287,0.9080763,0.2741414,0.9044539,0.02408528,0.8992906,0.08599807,0.90163946,0.8849518,0.11955888,0.04225498,0.97393453,0.194047,0.13433583,0.97984946
5,98,4,verbal,0.6717553,0.9571906,0.96455115,0.94592035,0.34711933,0.961196,0.8717392,0.7264939,0.9804138,0.96048266,0.29611087,0.9821414,0.8907234,0.7875297,0.8165045,0.26379424,0.9028585,0.23640689,0.7932087,0.08222374,0.9419458,0.79346853,0.119672924,0.23001589,0.94355917,0.07808097,0.020531053,0.99529684
5,98,5,verbal,0.40848652,0.8637191,0.93524176,0.95424324,0.36499754,0.93203443,0.8347798,0.74068576,0.97530466,0.97620314,0.3026921,0.9686396,0.87534595,0.92698777,0.9593671,0.26347336,0.9502243,0.6686684,0.93735796,0.13239571,0.92878336,0.4270714,0.09152229,0.3095625,0.98494035,0.104305476,0.19024152,0.9807963
5,98,6,verbal,0.047188405,0.7737813,0.7482649,0.7975407,0.4560277,0.7700339,0.26552644,0.6694554,0.8963887,0.8564493,0.38198897,0.8852694,0.37624523,0.54020405,0.72552025,0.33811527,0.72320795,0.20989838,0.6951128,0.16725023,0.76980364,0.83810896,0.13561003,0.08113179,0.8595792,0.13241175,0.23922448,0.89963305
5,98,7,verbal,0.049020253,0.9318565,0.8998113,0.9381463,0.110324316,0.91240585,0.74773604,0.8747763,0.9680142,0.9701965,0.17846103,0.95942193,0.8756611,0.78716165,0.9316744,0.16061907,0.8995417,0.42959213,0.923471,0.37703544,0.90920895,0.57585704,0.3644378,0.25222227,0.97843575,0.4690183,0.35944888,0.9796134
5,98,8,verbal,0.47364926,0.8687735,0.85219264,0.90862226,0.247681,0.87347585,0.7619883,0.8988522,0.9666342,0.9637322,0.22538039,0.9530813,0.9264377,0.7041012,0.86395305,0.38624993,0.83058155,0.36815518,0.8998815,0.46004793,0.90740937,0.59024215,0.45379752,0.13358153,0.9718635,0.5149136,0.37937722,0.9753649
5,98,9,verbal,0.48909557,0.8589301,0.9162154,0.92716956,0.71470064,0.8946527,0.7123848,0.5985756,0.947905,0.94499093,0.6538839,0.9240225,0.6649701,0.8524043,0.89649224,0.63141924,0.8473097,0.2901177,0.90100944,0.42234322,0.86416894,0.72088635,0.014620039,0.15624979,0.9922872,0.08712557,0.41086984,0.9930005
5,98,10,verbal,0.39334887,0.93603116,0.88825864,0.92020243,0.8448413,0.9031125,0.7560144,0.8568822,0.9484846,0.94911546,0.8621175,0.94297004,0.82090366,0.6888867,0.88549805,0.7590461,0.8642359,0.3330717,0.8958857,0.692918,0.8712968,0.5411228,0.22792567,0.07070831,0.9901691,0.24843377,0.62705934,0.9906811
5,98,11,verbal,0.4074195,0.8184772,0.8574382,0.9110776,0.09172908,0.8492825,0.49069196,0.582301,0.9456412,0.9576793,0.117111154,0.9286941,0.61194754,0.809304,0.9171671,0.03459357,0.85020727,0.062493034,0.8803415,0.23327994,0.76876813,0.79558635,0.3198529,0.44288644,0.9903558,0.37933213,0.029802758,0.98608935
5,98,12,verbal,0.0027160314,0.8247475,0.71741503,0.83559155,0.54321545,0.7125025,0.40010306,0.7790654,0.8782042,0.89936924,0.42458454,0.80581117,0.5215659,0.56373537,0.80599487,0.47914347,0.65235126,0.07180095,0.8441152,0.23678681,0.66743106,0.8013847,0.09510909,0.6743995,0.9676341,0.0122699095,0.33553812,0.9313685
5,98,13,verbal,0.44732675,0.8867796,0.8818516,0.9252885,0.23742819,0.8534458,0.6584107,0.70271116,0.8836087,0.92332006,0.06890226,0.8690637,0.5733911,0.75094765,0.89044625,0.15264155,0.8040825,0.10529124,0.9223145,0.06615113,0.81609416,0.7300371,0.060054835,0.44628745,0.96190155,0.014565177,0.018297512,0.94340616
5,98,14,verbal,0.15545583,0.86157537,0.87925893,0.9265302,0.58115315,0.88162446,0.7416046,0.482541,0.7909306,0.87845445,0.59480137,0.8460256,0.6327304,0.7818336,0.9253224,0.5306999,0.87197113,0.44539726,0.94155085,0.5232233,0.87630105,0.5653633,0.2226814,0.5343634,0.9928611,0.24129216,0.48898163,0.9859273
5,98,15,verbal,0.69399834,0.9483562,0.9723238,0.9837143,0.5311701,0.9714606,0.89210856,0.6692727,0.980572,0.9874743,0.45003033,0.9804115,0.8676042,0.97305363,0.9812025,0.533955,0.9660426,0.62309057,0.9645905,0.5184371,0.93832403,0.6942669,0.44144207,0.49917048,0.997253,0.39865828,0.34163505,0.9996522
5,99,1,verbal,0.11783043,0.9130182,0.8917786,0.9279954,0.58791965,0.8856091,0.7407547,0.8057986,0.9353934,0.9404583,0.3910215,0.9158891,0.7870492,0.81066996,0.91025347,0.5175785,0.8497622,0.37440565,0.9226067,0.3945725,0.8769389,0.6427888,0.25999787,0.4471354,0.9861201,0.15684621,0.2775031,0.9888085
5,99,2,verbal,0.5667596,0.9812143,0.9957651,0.99849254,0.41031292,0.997849,0.97330064,0.674721,0.9788624,0.994761,0.45466748,0.98941565,0.9275446,0.96975315,0.99438906,0.3733406,0.9908115,0.8366669,0.9988264,0.19066541,0.9984815,0.6168539,0.13026994,0.24006067,0.9979038,0.015911346,0.2776813,0.99978334
5,99,3,verbal,0.19339061,0.9175647,0.9417364,0.97139865,0.022309607,0.95820767,0.8837877,0.7741259,0.98654556,0.99082124,0.00024726024,0.9871079,0.97192496,0.85819334,0.9597784,0.09573257,0.93915564,0.5831745,0.98022884,0.20553298,0.9749696,0.65656596,0.23968795,0.2847713,0.98258275,0.25726503,0.09579453,0.9935557
5,99,4,verbal,0.054375336,0.80142623,0.95321226,0.97392726,0.22418569,0.9541777,0.8301338,0.7353131,0.97988415,0.9888668,0.036841847,0.9792488,0.88824123,0.94178754,0.9714158,0.16024362,0.95486945,0.6451561,0.97858405,0.18408728,0.9695633,0.6628251,0.16727945,0.3448714,0.9879534,0.18089138,0.06328345,0.99044764
5,99,5,verbal,0.7039047,0.9843816,0.99235207,0.9894061,0.41992414,0.9805941,0.9818938,0.85318786,0.99502903,0.9880982,0.27968976,0.98142344,0.9818702,0.9816526,0.9820242,0.35657984,0.965631,0.89451116,0.9510396,0.13068788,0.8799011,0.39471006,0.024245514,0.31420282,0.9547237,0.042907912,0.15328039,0.90947014
5,99,6,verbal,0.54904425,0.9709664,0.9761126,0.98624337,0.6068116,0.9675579,0.9527917,0.7383187,0.97933036,0.9888185,0.5844893,0.9778335,0.9342759,0.9560566,0.9838092,0.49603933,0.96116173,0.8509726,0.9532849,0.31751025,0.96187454,0.516284,0.05872493,0.15289123,0.98979443,0.08345346,0.2608429,0.9922806
5,99,7,verbal,0.06211985,0.96459234,0.97929716,0.9824638,0.39294347,0.93903947,0.8961755,0.89790684,0.98186743,0.95000106,0.26454487,0.9828186,0.8957103,0.97023255,0.9671403,0.39936116,0.93710965,0.6828119,0.9207669,0.25035837,0.8779567,0.65762055,0.20118928,0.16501212,0.93416864,0.042874254,0.28555766,0.95119786
5,99,8,verbal,0.61165434,0.9342394,0.9893864,0.9926122,0.21265635,0.9898981,0.9372131,0.71534646,0.99447876,0.994863,0.21888506,0.9939012,0.9571947,0.95704746,0.9844966,0.106841296,0.97984594,0.625686,0.98698527,0.027733706,0.99021614,0.5677786,0.1439996,0.018146565,0.99490494,0.14989077,0.09260558,0.99655956
5,99,9,verbal,0.3911676,0.9560312,0.9861153,0.987677,0.57731414,0.98199296,0.947696,0.77833796,0.99174315,0.9883298,0.6385915,0.9842374,0.9494631,0.98021156,0.98464096,0.5470681,0.9764409,0.81131625,0.9729509,0.3420326,0.9601143,0.72856027,0.0036581587,0.31490457,0.98243326,0.06999252,0.47125572,0.9850788
5,99,10,verbal,0.29697886,0.97794104,0.99193203,0.9866924,0.7000262,0.9779538,0.93387157,0.7753808,0.9913937,0.9897121,0.6103717,0.97653705,0.93272156,0.9820907,0.9819282,0.5811099,0.95605606,0.65495783,0.9481091,0.4491011,0.8914911,0.52610576,0.318507,0.18985881,0.94623,0.01092392,0.29343733,0.9529376
5,99,11,verbal,0.37503478,0.8261045,0.9861968,0.9860221,0.666965,0.97795707,0.88247305,0.5891882,0.9895798,0.9936695,0.65062237,0.99248385,0.89065045,0.9917765,0.9901565,0.57905716,0.9880473,0.7212514,0.9848734,0.38568625,0.9718661,0.48629057,0.05113389,0.25709957,0.97619724,0.10935826,0.39823666,0.9877226
5,99,12,verbal,0.5030861,0.986936,0.9941498,0.9915221,0.38958243,0.9914258,0.97617143,0.73431236,0.9812629,0.98851067,0.3831801,0.98747385,0.95208406,0.97451925,0.9739214,0.3544927,0.98374707,0.8725624,0.9451328,0.1947684,0.97170633,0.40713608,0.07305578,0.13465063,0.93864113,0.08621952,0.16280432,0.9603854
5,99,13,verbal,0.84434,0.9853552,0.99224085,0.99415654,0.12020597,0.9954496,0.97004414,0.81261677,0.99744165,0.99705106,0.03402069,0.9988415,0.9713297,0.9578212,0.9850924,0.1533567,0.9895645,0.7201122,0.985572,0.22486724,0.99513,0.5808086,0.30754712,0.23670572,0.98805285,0.30534616,0.05392186,0.9910204
5,99,14,verbal,0.3347493,0.947536,0.98145354,0.97629523,0.41147617,0.9763168,0.9467825,0.53371024,0.9688234,0.9637976,0.3614507,0.9787456,0.8906891,0.97502023,0.96373963,0.2418852,0.98255956,0.7716207,0.9155282,0.091806784,0.95113105,0.6961968,0.08180296,0.12884636,0.95479834,0.075421326,0.056048047,0.9759519
5,99,15,verbal,0.43145975,0.9399142,0.972151,0.97844905,0.47811204,0.96953696,0.8603787,0.7519367,0.99228466,0.9906374,0.57551974,0.9861394,0.8943812,0.89982176,0.9566107,0.38173613,0.95287,0.4627538,0.96705234,0.1771846,0.968728,0.67021257,0.20216474,0.26931015,0.9833936,0.093680725,0.40349054,0.9970208
5,100,1,verbal,0.25002205,0.78998744,0.7641299,0.83695275,0.44135478,0.73421556,0.38638908,0.93262017,0.92855304,0.9033848,0.40634945,0.84288657,0.637554,0.7011046,0.81511545,0.48429835,0.7019964,0.122320466,0.8352712,0.46929,0.73584557,0.7740625,0.3376308,0.37357557,0.9330863,0.42865068,0.327886,0.9291021
5,100,2,verbal,0.006089916,0.874601,0.8750452,0.913112,0.55317307,0.82211983,0.61294496,0.8254944,0.9613172,0.95355195,0.45391664,0.9012667,0.80940634,0.75307393,0.8749581,0.55303967,0.7506384,0.19856435,0.8499315,0.49098405,0.76510257,0.7119519,0.29079512,0.28040197,0.9274201,0.39578834,0.369902,0.85667807
5,100,3,verbal,0.5021294,0.87237996,0.9020387,0.9360777,0.6765631,0.89442515,0.74812037,0.59136695,0.9188119,0.9527892,0.65645546,0.9259203,0.7294445,0.8721067,0.92979276,0.683692,0.88900495,0.45510155,0.93491346,0.5530384,0.9048826,0.59782636,0.26517615,0.3712246,0.9756211,0.36301047,0.5373724,0.97459006
5,100,4,verbal,0.20184156,0.80671173,0.87337095,0.8887621,0.659378,0.866784,0.60297936,0.65317816,0.9003428,0.9171022,0.6470997,0.887612,0.5754518,0.8222737,0.8683337,0.6832699,0.85040057,0.25369263,0.8142327,0.44364345,0.86298805,0.6035115,0.22990063,0.1186375,0.9305899,0.21097073,0.40358293,0.97392714
5,100,5,verbal,0.61366147,0.7857116,0.86040175,0.92058676,0.01291449,0.8369063,0.298215,0.18068244,0.86401004,0.9426407,0.07526372,0.8766818,0.1335399,0.82714987,0.9073633,0.02785363,0.8263849,0.19582999,0.9064678,0.16214894,0.8215806,0.8007919,0.19122557,0.5453094,0.9436015,0.24021092,0.23049249,0.9735395
5,100,6,verbal,0.58959687,0.90174437,0.86010885,0.9184639,0.083002664,0.8780942,0.6848602,0.3927034,0.74804646,0.92968404,0.08753345,0.88609135,0.53393465,0.76693845,0.89768726,0.14124157,0.8525685,0.27047244,0.90257233,0.18437052,0.8623713,0.77589524,0.2737039,0.4888488,0.9689629,0.2560341,0.016325092,0.9708291
5,100,7,verbal,0.10311343,0.8254653,0.8591014,0.9287481,0.18225928,0.7657847,0.4237264,0.7279459,0.94006366,0.95583904,0.25545993,0.8251644,0.47294766,0.8235539,0.93056554,0.16826989,0.7209584,0.02164177,0.9357706,0.0122558875,0.6696469,0.7479677,0.00088377105,0.5225476,0.9681904,0.1257636,0.19552544,0.91316974
5,100,8,verbal,0.19249782,0.9484673,0.931974,0.95468473,0.514525,0.94189733,0.75031173,0.8981437,0.94360006,0.9566331,0.5637462,0.94729054,0.7356808,0.86729836,0.92959964,0.5937693,0.92564887,0.23960792,0.9035539,0.5965262,0.94815063,0.707475,0.5303586,0.1702434,0.9669585,0.5288313,0.3380152,0.9727813
5,100,9,verbal,0.25321364,0.9250574,0.941374,0.96796733,0.5261784,0.92979974,0.49113128,0.7118439,0.9809042,0.9911783,0.4847256,0.9753871,0.6607926,0.8988467,0.9594252,0.41867924,0.9115156,0.020852933,0.9421359,0.23590627,0.9276181,0.63577265,0.00578966,0.30156782,0.90594316,0.019913126,0.12036955,0.88215107
5,100,10,verbal,0.073010124,0.93459827,0.9369493,0.9580645,0.07657405,0.9276428,0.6730214,0.9420275,0.9757695,0.97094274,0.10563551,0.952713,0.7509546,0.92272013,0.9574452,0.1556467,0.92538327,0.20204753,0.9461946,0.16530278,0.8877848,0.66134423,0.2258011,0.5919089,0.9699798,0.15952107,0.13824213,0.9519016
5,100,11,verbal,0.10031253,0.87651575,0.89827305,0.9292372,0.27143717,0.911205,0.80347335,0.67462325,0.9439233,0.9589231,0.33470276,0.92994505,0.8026551,0.77202034,0.90226626,0.30346048,0.83241916,0.57152385,0.9346105,0.40156415,0.8403217,0.01542734,0.38654804,0.3511694,0.6842837,0.41129512,0.4101701,0.5082714
5,100,12,verbal,0.5560678,0.46040383,0.6812002,0.8605511,0.016863728,0.702516,0.1887355,0.7932391,0.91137856,0.9339866,0.036276333,0.83322877,0.52056926,0.61458385,0.8519244,0.05208692,0.66219866,0.1185972,0.92319286,0.11810956,0.71741194,0.78902894,0.20346686,0.62131494,0.9799252,0.16427286,0.093516916,0.94189256
5,100,13,verbal,0.0046903035,0.88118374,0.84794366,0.92721015,0.6390918,0.7644247,0.57566327,0.8768526,0.94338226,0.9573595,0.6042264,0.86983067,0.73291487,0.7173581,0.9261831,0.54949266,0.6284016,0.07508116,0.90325814,0.49443278,0.56704015,0.8010206,0.00017000709,0.608428,0.9261394,0.33916277,0.6060197,0.801681
5,100,14,verbal,0.49950987,0.89448136,0.9174663,0.96563673,0.44676873,0.92908895,0.72188616,0.34827754,0.85137814,0.94625694,0.43548703,0.9103393,0.5399587,0.805398,0.94601464,0.25624484,0.8939802,0.31794575,0.92634356,0.064731576,0.87427515,0.5757219,0.054463413,0.42315716,0.9054273,0.036635336,0.023355383,0.89246035
5,100,15,verbal,0.2827861,0.83605945,0.7848835,0.912723,0.22727677,0.78309345,0.40107286,0.90681535,0.92646194,0.96087396,0.28764278,0.8902125,0.57501805,0.6181128,0.9052292,0.097466566,0.73024094,0.07396306,0.94705665,0.13712336,0.7629863,0.65156716,0.39632732,0.647814,0.9810149,0.44857407,0.071388796,0.9526476
6,101,1,visual,0.9920894,0.6941006,0.9853716,0.89709693,0.5915021,0.29107514,0.66754884,0.99649525,0.6766753,0.9875788,0.27753824,0.9848078,0.9329271,0.99089384,0.9122228,0.48267668,0.27578166,0.5164439,0.98868936,0.40760794,0.9884454,0.9764448,0.105039984,0.911802,0.4551396,0.60502505,0.48186186,0.67859614
6,101,2,visual,0.95647085,0.69008505,0.97202843,0.8328425,0.5602059,0.47197366,0.6648129,0.99624443,0.5322034,0.99694824,0.30534333,0.99637836,0.9597031,0.9922268,0.8799323,0.19890624,0.36220706,0.47419253,0.9887902,0.314677,0.98913187,0.9800198,0.014459614,0.9240642,0.4332539,0.35086286,0.048651498,0.6837762
6,101,3,visual,0.9072647,0.71267444,0.87939954,0.7985545,0.16109085,0.5624611,0.858231,0.9779796,0.47309178,0.9655637,0.4106219,0.99957114,0.979361,0.96815866,0.8331488,0.08462281,0.01904322,0.8166112,0.9667145,0.4064494,0.9931973,0.9532991,0.12804884,0.97426164,0.5926068,0.22034124,0.04788803,0.75425667
6,101,4,visual,0.9819604,0.9810794,0.99152493,0.9867052,0.9199703,0.61722684,0.9946368,0.9993493,0.95831776,0.026803931,0.45859203,0.99445456,0.75808704,0.9997533,0.99327725,0.9216329,0.96578526,0.99404204,0.74854416,0.26787016,0.99717605,0.9629999,0.44784907,0.9922821,0.8976259,0.8535861,0.7088051,0.98537815
6,101,5,visual,0.91365176,0.97569877,0.96395904,0.9821834,0.57747036,0.7347539,0.97880507,0.999008,0.9356899,0.6723665,0.18463777,0.93657917,0.018696351,0.99884015,0.9912947,0.8078952,0.9825514,0.99194396,0.23888312,0.5354767,0.9807404,0.8241725,0.6819968,0.9920765,0.92539454,0.39010078,0.21031266,0.9493151
6,101,6,visual,0.9887738,0.99627304,0.99576217,0.99461216,0.76415133,0.85962284,0.997523,0.99806434,0.9841398,0.78730226,0.5315426,0.9944436,0.18987612,0.99814105,0.9979781,0.8945691,0.99490225,0.99869955,0.69926393,0.3146332,0.9983759,0.98458296,0.35314345,0.9988673,0.9634406,0.76297027,0.5473495,0.993628
6,101,7,visual,0.9714844,0.99234045,0.9923683,0.99101895,0.82049835,0.78311694,0.99370253,0.99954575,0.9856702,0.80563724,0.5545319,0.98158175,0.43061626,0.9996992,0.9979343,0.91807586,0.9922348,0.9973135,0.038292702,0.093523815,0.9983874,0.9743082,0.09997063,0.9988244,0.954176,0.804821,0.43066922,0.989657
6,101,8,visual,0.9994979,0.5231869,0.99964327,0.9992845,0.99705195,0.9980581,0.99936205,0.99982667,0.9971913,0.8725842,0.3514305,0.9983694,0.97584426,0.9998799,0.99943125,0.9906194,0.99895346,0.99918157,0.9778338,0.7244005,0.99959993,0.9978764,0.6973468,0.98470706,0.9985628,0.9240488,0.9464493,0.7257653
6,101,9,visual,0.9740211,0.7747622,0.98354775,0.9387529,0.47400188,0.57115376,0.91270566,0.9962732,0.45171165,0.9746219,0.16133407,0.9914248,0.9986359,0.99620664,0.93901545,0.26643655,0.04053876,0.8877989,0.9910284,0.1812493,0.9913304,0.996555,0.0047403183,0.88909906,0.7901514,0.345198,0.2250035,0.81540734
6,101,10,visual,0.99020594,0.73870707,0.9878836,0.78554505,0.21520643,0.34233806,0.8100788,0.9979021,0.6278426,0.86000377,0.42189485,0.99794203,0.9755866,0.9962883,0.6912393,0.04457299,0.32699242,0.7253309,0.9122017,0.463592,0.99375886,0.9832442,0.11623623,0.83279526,0.5195177,0.2459244,0.08607942,0.830568
6,101,11,visual,1.0,0.87328017,1.0,0.97865087,0.49674508,0.24203263,0.8755728,1.0,0.3293311,0.98980314,0.39012924,0.9991596,0.985234,0.99954116,0.8619342,0.35701787,0.5054634,0.6611849,0.99612707,0.43887958,0.9974844,0.9924254,0.08962309,0.9101742,0.09981756,0.25908378,0.19139664,0.9262412
6,101,12,visual,0.99378407,0.8616086,0.9980243,0.9453989,0.78527147,0.63863134,0.7977416,0.99886054,0.67150545,0.9967665,0.41895002,0.9987422,0.9790321,0.9989768,0.92802906,0.5681594,0.23953785,0.31380382,0.9878515,0.56757534,0.99298257,0.96752286,0.2478089,0.9617706,0.57028955,0.70966667,0.41042337,0.7290426
6,101,13,visual,0.9891435,0.8932721,0.9946619,0.9705484,0.7569158,0.93195325,0.9810502,0.99913377,0.7721438,0.9843974,0.3479903,0.990681,0.99658346,0.9983153,0.97307026,0.61324966,0.69136745,0.94944316,0.99438477,0.4247487,0.99088883,0.9982879,0.21100116,0.9263688,0.8939217,0.46009222,0.56638443,0.04480185
6,101,14,visual,0.99898493,0.90291655,0.99707526,0.9845407,0.034395248,0.67160434,0.9692842,0.9999443,0.417753,0.98666674,0.28622133,0.9977892,0.9985124,0.99811476,0.9526283,0.06960283,0.1716597,0.9233355,0.9810176,0.26906052,0.9955311,0.9972085,0.17537695,0.9093966,0.5728025,0.11171177,0.12164598,0.86759615
6,101,15,visual,0.99008536,0.826605,0.9930323,0.95978796,0.03360761,0.69655824,0.96204937,0.9992069,0.6239428,0.9972127,0.22443569,0.994487,0.9953322,0.99446404,0.93873566,0.13552779,0.1820052,0.8975869,0.9978128,0.23015879,0.9873949,0.9987771,0.13728955,0.869549,0.82006,0.14973287,0.008117785,0.5294279
6,102,1,visual,0.9834082,0.6000553,0.9936862,0.9720525,0.25318995,0.7257998,0.9222572,0.9999255,0.69491893,0.96722007,0.2707733,0.98351824,0.98817474,0.99949926,0.96711934,0.17175409,0.29777104,0.9275893,0.9725895,0.23213312,0.96402025,0.976549,0.03330406,0.90367764,0.624417,0.28057602,0.13756944,0.8373636
6,102,2,visual,0.9839028,0.8842414,0.9771175,0.9373352,0.6484193,0.6863363,0.89907587,0.9985112,0.74226433,0.99049723,0.28015375,0.9909705,0.96705896,0.9976708,0.963111,0.4179249,0.21520849,0.8735817,0.99620813,0.4296394,0.98142797,0.9732952,0.03324573,0.9104512,0.21613833,0.34208214,0.27331567,0.8210525
6,102,3,visual,0.99533904,0.89513844,0.99481356,0.950335,0.42260408,0.7099611,0.92215043,0.9963651,0.5774093,0.9968549,0.43959996,0.99204993,0.9998699,0.9966864,0.8947486,0.21812901,0.07351028,0.7770762,0.99779093,0.51191705,0.9862735,0.99933827,0.09232333,0.8618857,0.33500895,0.19559588,0.028932955,0.76373804
6,102,4,visual,0.99334234,0.8557913,0.9837615,0.9518096,0.45241967,0.5117159,0.9138744,0.99826515,0.7334517,0.99842364,0.45663604,0.9935029,0.9868961,0.98474634,0.910384,0.098711886,0.1981691,0.71202576,0.9967606,0.5262212,0.9840154,0.98970157,0.25640857,0.849044,0.5337781,0.13677923,0.34438452,0.7018114
6,102,5,visual,0.991956,0.8898612,0.98831636,0.95254624,0.09680771,0.6253523,0.89720154,0.9995749,0.6183104,0.9968299,0.04740169,0.9972573,0.9936886,0.99155796,0.91036433,0.1595726,0.12766558,0.8085513,0.998123,0.010648019,0.988595,0.98600686,0.26108986,0.909689,0.5794662,0.33394545,0.03239731,0.6978969
6,102,6,visual,0.9908515,0.9017524,0.9895183,0.9329495,0.3886143,0.6018924,0.8450091,1.0,0.568817,1.0,0.2910996,0.9997775,0.99470365,0.99926776,0.9077525,0.25895038,0.14863451,0.57872754,1.0,0.32872105,0.99524146,0.99031705,0.060770743,0.9070283,0.5088887,0.35715201,0.023822,0.8393253
6,102,7,visual,0.989554,0.8762121,0.98401713,0.9465644,0.26443362,0.65262514,0.91125655,0.99920535,0.7005592,1.0,0.10415483,0.99556184,0.99951994,0.9969517,0.9272783,0.1587009,0.18374552,0.8490423,1.0,0.12326161,0.9965955,0.9999822,0.017268565,0.8529724,0.59793717,0.1127351,0.15827495,0.7805151
6,102,8,visual,0.9966802,0.8084156,0.99331754,0.9547513,0.37605911,0.58824325,0.9342924,0.9998883,0.6108228,1.0,0.3663502,0.99934137,0.99525565,0.9985769,0.9276229,0.2566689,0.02818098,0.8056902,0.9976865,0.4270815,0.9895453,0.99237907,0.16665143,0.8528863,0.5674814,0.2840544,0.0125342375,0.79031837
6,102,9,visual,0.9929084,0.83355117,0.9882116,0.9514507,0.45259312,0.65786195,0.826377,0.99848455,0.68741924,0.9980643,0.54084545,0.99589354,0.9939459,0.99534595,0.89881045,0.16245608,0.071004964,0.6172857,0.9980776,0.6519953,0.99727196,0.9849326,0.40365973,0.8957284,0.57545334,0.054677967,0.029993953,0.7286089
6,102,10,visual,0.9286013,0.45357403,0.94238883,0.79685336,0.060889095,0.4550731,0.67857224,1.0,0.6449762,1.0,0.25749296,0.9988618,0.94962996,0.99619967,0.88480735,0.06734684,0.27443108,0.5083812,0.9985035,0.17324647,0.9992596,0.98302686,0.042649195,0.9162212,0.182285,0.38772205,0.16854319,0.5800414
6,102,11,visual,0.99973494,0.9635488,0.9968638,0.9731869,0.6377503,0.78160137,0.949585,0.9998395,0.006900462,0.9627909,0.21126649,0.9767122,0.9939901,0.9975785,0.95378244,0.5790353,0.48104885,0.8898813,0.899653,0.18413852,0.9328499,0.9983385,0.2152354,0.78272897,0.6168331,0.36327532,0.17787781,0.55519766
6,102,12,visual,0.9912993,0.7559454,0.98885757,0.91702,0.649308,0.4489888,0.88528913,0.9983626,0.6202954,1.0,0.056376163,0.9970851,0.9989917,0.9983326,0.8812054,0.54964185,0.027518535,0.8027698,0.99915874,0.0060114413,0.99861467,0.9951049,0.2320829,0.8420834,0.3965624,0.21852422,0.2723279,0.72964615
6,102,13,visual,0.9882991,0.81413215,0.9905538,0.89398223,0.5849455,0.54361403,0.7500908,1.0,0.5817649,0.9996069,0.29891464,0.998869,0.9994196,0.99909157,0.89200413,0.31879514,0.016230803,0.6918776,0.9996751,0.35643107,0.998562,0.9927261,0.17908032,0.8848036,0.32580733,0.07216754,0.0284077,0.72885525
6,102,14,visual,0.980748,0.5650367,0.9789521,0.94604385,0.61679626,0.58799934,0.8859387,0.99814403,0.4422534,1.0,0.039114747,0.9984077,0.99740887,0.9990561,0.9206546,0.41200513,0.031146001,0.8138511,0.9905694,0.01827808,0.99697727,0.9986014,0.16062665,0.8540935,0.41434056,0.2341529,0.2710662,0.79972625
6,102,15,visual,0.99847335,0.792267,0.99496627,0.96268356,0.6070347,0.45908698,0.9241742,0.99987876,0.59047425,1.0,0.21531878,0.9977206,0.9989325,0.99905,0.921536,0.39207122,0.2764559,0.82890207,0.99898744,0.24963644,0.9969092,0.9960634,0.254464,0.8752455,0.4235809,0.29107636,0.15570316,0.83835244
6,103,1,visual,0.99885094,0.7931734,0.9997381,0.9776074,0.5367913,0.55515677,0.89900345,1.0,0.51646954,1.0,0.42465094,0.9999477,0.9986873,1.0,0.93585974,0.34894106,0.069542974,0.8483983,0.99958587,0.47335926,0.99835294,0.99596894,0.03371514,0.8894506,0.44161087,0.24307817,0.13979492,0.6755793
6,103,2,visual,0.992617,0.506489,0.99247056,0.93189543,0.2543219,0.4730991,0.70084435,0.99935913,0.4059783,0.9999236,0.28440875,0.9890778,0.9780312,0.9982153,0.8649302,0.0937159,0.027104612,0.49910536,0.99197507,0.34445277,0.9867484,0.97455966,0.037446897,0.79545516,0.44037426,0.04770592,0.008831997,0.5246394
6,103,3,visual,0.96270746,0.11192941,0.97205126,0.8544508,0.48869514,0.09937478,0.26775587,0.9942665,0.4788825,0.99001974,0.16095331,0.98885953,0.97117436,0.98939586,0.81836367,0.3802971,0.047244165,0.25365865,0.99345976,0.21703668,0.98100877,0.9745894,0.16732003,0.6970714,0.5885699,0.48832452,0.10682083,0.24916205
6,103,4,visual,0.99082726,0.63044435,0.99068666,0.88880026,0.52659625,0.358455,0.79223347,0.99930143,0.507464,1.0,0.5341855,0.995317,1.0,0.9971318,0.86799437,0.1971491,0.21644135,0.7239742,0.9962455,0.53740335,0.98976195,0.9977501,0.10470138,0.79505736,0.34166956,0.12574051,0.11482378,0.6219145
6,103,5,visual,1.0,0.804304,0.99987817,0.93334454,0.36436832,0.4567678,0.91171193,1.0,0.5269508,0.99994,0.46403643,0.9996223,0.9995142,0.99989176,0.89199847,0.23113738,0.19879629,0.8785986,0.99974597,0.48172426,0.9984815,0.99908066,0.026256934,0.88636,0.2549929,0.29483047,0.044613622,0.84885967
6,103,6,visual,0.99822474,0.7432805,0.99575657,0.93681496,0.5383009,0.3884347,0.87404317,1.0,0.5856606,1.0,0.4674996,1.0,1.0,0.998859,0.8630533,0.41044262,0.27973416,0.69329756,0.998376,0.5355936,0.9999419,0.9988942,0.12891829,0.8905989,0.25678423,0.28200552,0.25976515,0.7779395
6,103,7,visual,1.0,0.7811146,0.99987876,0.9202225,0.27642706,0.4471189,0.8941082,0.9999103,0.58728033,0.9999917,0.2303018,0.99652463,0.99920356,1.0,0.7692573,0.30032742,0.22637379,0.68830717,0.9998332,0.18412349,0.99890155,0.9979306,0.053738806,0.8199612,0.29567114,0.24551414,0.055917423,0.7183367
6,103,8,visual,0.99849856,0.70036376,0.9993536,0.96710217,0.78287905,0.4677401,0.88226277,0.99882925,0.17243153,0.99095553,0.46185905,0.986632,0.99382013,0.9997003,0.8493164,0.46261495,0.10757277,0.67049927,0.9706646,0.55155593,0.97079366,0.98443204,0.2842263,0.87379175,0.35589355,0.54355794,0.30125868,0.702911
6,103,9,visual,0.9146354,0.16512252,0.93415284,0.7633998,0.6047738,0.31144148,0.71609175,0.9975655,0.41197976,0.9648512,0.32937005,0.9942379,0.96328825,0.9977439,0.9115889,0.54825586,0.12533401,0.7173796,0.95072716,0.41158345,0.9948515,0.96744335,0.19137107,0.9110562,0.28110468,0.3741075,0.37680697,0.7237507
6,103,10,visual,0.82055426,0.9665961,0.9312883,0.5990304,0.64454824,0.1292323,0.8320248,0.99778587,0.8423807,0.93312496,0.26489365,0.9788198,0.79537576,0.9994867,0.98042643,0.7793061,0.8176854,0.952072,0.99414915,0.51463544,0.98356795,0.9454537,0.39990184,0.8530809,0.18393318,0.6792373,0.34857297,0.801878
6,103,11,visual,0.87614334,0.3117733,0.91827023,0.5240472,0.47036302,0.06149552,0.756341,0.99743444,0.5387093,0.99935997,0.3507554,0.9987146,0.9627117,0.9925047,0.83488846,0.5184051,0.19435857,0.8697528,0.99241817,0.59555423,0.99170417,0.97275877,0.1713218,0.87568617,0.046472773,0.4717872,0.2606359,0.852258
6,103,12,visual,0.93828005,0.107509784,0.96662873,0.7059341,0.5438817,0.15487747,0.8350652,0.9999435,0.46781933,1.0,0.3459575,0.9999755,0.9992221,0.9996388,0.85441685,0.43141672,0.029986814,0.87237763,0.99545604,0.4381563,0.9977803,0.99455667,0.06478804,0.92915654,0.23083414,0.4059561,0.11321714,0.8336224
6,103,13,visual,0.9004039,0.36550987,0.94725555,0.71968365,0.5400479,0.09532151,0.8475249,0.9996306,0.44944796,0.99098384,0.4227901,0.9696569,0.9385368,1.0,0.8368578,0.42941314,0.04984009,0.7901143,0.98099136,0.441795,0.97555614,0.96568805,0.065802805,0.65440136,0.19890022,0.5547654,0.12484144,0.679372
6,103,14,visual,0.931286,0.9982628,0.99072653,0.8440892,0.9785175,0.43742687,0.9752563,0.99969465,0.9843867,0.86492515,0.8841755,0.9810933,0.13933009,0.99986666,0.9985373,0.9909705,0.98565894,0.996552,0.98727757,0.7755936,0.9937763,0.95407873,0.95634925,0.9776558,0.70208913,0.9877726,0.9622279,0.96341664
6,103,15,visual,0.8886193,0.9207024,0.957468,0.58857137,0.82924306,0.40027976,0.7216957,0.99899143,0.9178906,0.9604688,0.54527336,0.9230128,0.84598047,0.9952481,0.9428661,0.88824964,0.8200187,0.9254103,0.99882716,0.84951633,0.97869843,0.97598577,0.6246488,0.19074938,0.23526,0.5892466,0.6932196,0.093815416
6,104,1,visual,0.38041234,0.9734825,0.82838166,0.055009462,0.46449834,0.5366807,0.7139814,0.9983028,0.9278058,0.8870411,0.040129624,0.9292066,0.09929948,0.99945503,0.9883323,0.9514414,0.9654458,0.9929694,0.9760186,0.5381192,0.9701934,0.70294374,0.54825544,0.79328287,0.66514444,0.74117804,0.15488786,0.88052356
6,104,2,visual,0.75113064,0.9056999,0.80561376,0.27195966,0.14510171,0.32597786,0.71404,0.99668086,0.5036658,0.97304004,0.60470945,0.99322134,0.71173745,0.99781424,0.88657886,0.6291592,0.7120397,0.97153515,0.9666972,0.63980436,0.9858515,0.7687811,0.17409258,0.8999797,0.5811445,0.50624007,0.091318585,0.9517776
6,104,3,visual,0.9308827,0.20642848,0.94554794,0.7035318,0.7368699,0.086250715,0.71104646,0.9986849,0.69993836,0.985095,0.41445303,0.9925302,0.9921404,0.9987433,0.91835964,0.8368552,0.19225201,0.9231458,0.9985777,0.56467974,0.9970773,0.99862486,0.4676069,0.8718089,0.16579524,0.7666608,0.5469719,0.8862901
6,104,4,visual,0.9931446,0.3814427,0.9928544,0.7836148,0.58228326,0.38091862,0.8506477,0.99986935,0.6586305,0.99978316,0.26249567,0.9981697,0.9985633,0.99849504,0.84605193,0.60183823,0.0092710955,0.87068826,0.999436,0.4654338,0.9991612,0.99935126,0.46969306,0.87301517,0.19158758,0.6103933,0.4017969,0.9012261
6,104,5,visual,0.99738497,0.35110712,0.99735296,0.83646923,0.2651206,0.040051293,0.8281887,1.0,0.5291921,0.99993104,0.2754234,0.9944039,1.0,1.0,0.8434129,0.33443245,0.22397263,0.84233123,0.9989989,0.31003305,0.99719363,0.99970835,0.1674742,0.80455595,0.101002194,0.31542298,0.2906349,0.8177337
6,104,6,visual,0.99940044,0.46358556,0.997823,0.8208288,0.6262667,0.1888792,0.84737056,0.9997874,0.5065439,0.98512805,0.7212725,0.9984713,0.9938778,0.9988566,0.8403331,0.56716835,0.31021053,0.8105889,0.9742248,0.7805605,0.9972162,0.98969895,0.25647098,0.86569333,0.27349508,0.6082934,0.2118111,0.8966976
6,104,7,visual,0.9952692,0.13143525,0.99353325,0.9003441,0.8230744,0.1666826,0.83656687,0.9996761,0.7547531,0.99970317,0.5986603,0.9889003,0.999856,0.99749523,0.83890676,0.69707453,0.047050998,0.83424854,0.99962896,0.7678761,0.9901517,0.9988637,0.543138,0.7737016,0.3510711,0.686004,0.56235605,0.80293816
6,104,8,visual,0.99641806,0.5163122,0.99294055,0.9042904,0.8497272,0.31387734,0.8432176,1.0,0.6197349,0.9992826,0.75133526,0.99956036,1.0,0.9965984,0.8661428,0.7555883,0.07023263,0.7981938,0.9997223,0.8801305,0.99887085,0.99993867,0.50175285,0.87381345,0.054092694,0.8169434,0.34770054,0.8629646
6,104,9,visual,0.99788296,0.26584303,0.99956465,0.9416859,0.2721231,0.28955293,0.81974816,0.9956801,0.50735027,0.9924323,0.5820293,0.99383616,0.95815086,1.0,0.8056904,0.2092443,0.032956827,0.7072973,0.9987184,0.6840161,0.99509746,0.9994324,0.15952933,0.77586365,0.037677456,0.42392063,0.021530928,0.77676433
6,104,10,visual,0.9997511,0.46432728,0.9982392,0.89251536,0.5077848,0.36831322,0.8725572,0.9996713,0.5287341,0.9827936,0.56133676,0.9907608,0.9785136,0.9994989,0.8256219,0.4190372,0.024978405,0.8042374,0.9991668,0.5095322,0.99339277,0.9984039,0.2541908,0.7625421,0.103811234,0.61100864,0.28418112,0.7681135
6,104,11,visual,0.99438524,0.28668377,0.9927802,0.87757695,0.7329124,0.21476516,0.88027024,0.99973935,0.7100759,1.0,0.6511668,0.9944564,1.0,0.9966684,0.8322052,0.6458284,0.13707921,0.83556867,0.9992381,0.7556397,0.9949899,0.9995101,0.30119783,0.8955523,0.26959053,0.6360037,0.38425818,0.9154306
6,104,12,visual,0.99799,0.10329619,0.99526733,0.8746058,0.63793606,0.20274416,0.8691071,0.9995636,0.74226433,0.99505436,0.6681583,1.0,1.0,0.99704623,0.8121071,0.6143953,0.05092479,0.80449325,0.9980892,0.801562,0.9978797,0.99899083,0.28031996,0.7682129,0.1630543,0.5134294,0.07495411,0.87204194
6,104,13,visual,0.997535,0.013703276,0.99715084,0.7669807,0.51239735,0.13858613,0.8830068,1.0,0.6428625,0.9966566,0.6999662,0.99679536,0.9961317,0.99804276,0.7673578,0.5467692,0.035979528,0.8129912,0.9930054,0.81720716,0.9970584,0.9987838,0.09536078,0.7208687,0.24139157,0.29754072,0.0064089675,0.8293002
6,104,14,visual,0.9995749,0.3020176,0.99945265,0.8528383,0.63007003,0.14444983,0.85929203,1.0,0.6404682,0.9980332,0.58742136,0.99954665,1.0,1.0,0.8291991,0.48542875,0.064796105,0.81757313,0.99787563,0.6650818,0.99780816,0.9975929,0.21178707,0.8842519,0.08436726,0.44219294,0.30213463,0.93981165
6,104,15,visual,0.9938809,0.32810083,0.9941295,0.88131744,0.7607689,0.25584257,0.86298573,0.998925,0.7438367,0.9984327,0.24757299,0.9973809,0.9997211,0.9992801,0.7638887,0.65541613,0.18224776,0.7890277,0.9998706,0.42242065,0.9979222,1.0,0.41965464,0.8324045,0.262652,0.5840821,0.37339744,0.8662229
6,105,1,visual,0.99087876,0.050283983,0.99489486,0.74480945,0.64034504,0.02273621,0.74998045,0.99974304,0.63430274,1.0,0.38836515,0.99707556,0.9978623,0.9997734,0.8027916,0.47213134,0.20183185,0.7508879,0.99995863,0.44027206,0.9987113,0.99560785,0.1077954,0.84156626,0.009564913,0.4584158,0.29723,0.81832105
6,105,2,visual,0.9999757,0.2180081,0.99856764,0.81949365,0.6032615,0.15152574,0.8328833,0.9999542,0.61644876,0.9994162,0.5945107,0.9996353,1.0,0.9995823,0.7277051,0.62101436,0.2557932,0.76814014,0.9999075,0.5412589,0.999939,1.0,0.306326,0.7246585,0.3007083,0.52721673,0.21126406,0.8869737
6,105,3,visual,0.99952203,0.039596714,0.99959517,0.8471606,0.0066252165,0.35828725,0.9124511,1.0,0.032160603,1.0,0.646056,1.0,1.0,1.0,0.7995758,0.101532556,0.31656417,0.91761595,1.0,0.64106995,0.9989614,0.9958189,0.15901096,0.69872314,0.5096516,0.052827984,0.21963696,0.9577889
6,105,4,visual,0.99974734,0.3427257,0.99924344,0.7804682,0.43312445,0.08100628,0.733338,1.0,0.5851768,0.9998158,0.69881475,0.9935209,0.9974086,0.9998207,0.73935914,0.22680144,0.3418649,0.6889257,1.0,0.68786454,0.9987629,1.0,0.11454832,0.79525506,0.08684486,0.5110033,0.015687881,0.8452596
6,105,5,visual,0.9997113,0.34936863,0.9951619,0.7669411,0.22822428,0.0025808671,0.71995705,1.0,0.6695021,0.9961424,0.5310825,0.999755,0.9851704,0.9995196,0.674463,0.37534228,0.4030734,0.5777462,0.99885845,0.53073066,0.9992817,0.98636824,0.05182111,0.8009248,0.09088733,0.54070127,0.25651413,0.66883105
6,105,6,visual,0.9910619,0.08475692,0.9943303,0.64308584,0.47294924,0.06451219,0.68842,0.99970853,0.666787,0.7391823,0.5284489,0.9982494,1.0,0.9946279,0.44678205,0.46716514,0.2146154,0.77534074,0.86940897,0.6333057,0.99906623,0.9941125,0.069628984,0.56306744,0.05346208,0.25913858,0.019304208,0.7468507
6,105,7,visual,0.99402064,0.25062582,0.9909356,0.70705193,0.6928242,0.23576505,0.77533036,0.99859405,0.649951,0.6668548,0.34327343,0.9875526,1.0,0.9929826,0.40373206,0.5398379,0.06573308,0.6836616,0.7969721,0.4979666,0.99330676,0.99715394,0.11398899,0.62035054,0.08751742,0.5520131,0.34200442,0.69876146
6,105,8,visual,0.99834055,0.04499766,0.99657804,0.6075665,0.18777055,0.10852118,0.772629,1.0,0.6086902,0.8476976,0.42423713,0.9912408,0.9995872,0.99974686,0.40944824,0.24498618,0.23468615,0.7522847,0.89062166,0.43414488,0.9965712,0.9983246,0.12184577,0.6017333,0.07489741,0.43515256,0.25075975,0.7711314
6,105,9,visual,0.96916986,0.0030796705,0.96027917,0.5395135,0.5973185,0.10954698,0.6901238,0.99906707,0.5934921,0.9475426,0.5191457,1.0,0.9997061,0.99680364,0.6090301,0.39958292,0.121384665,0.7466768,0.9725149,0.45199442,0.99976325,0.9998769,0.28950363,0.77061,0.063378595,0.06096233,0.121688135,0.8592954
6,105,10,visual,0.9364878,0.0054904204,0.94691473,0.504671,0.43465838,0.09698617,0.52692413,0.99835545,0.5910883,0.99973583,0.39792573,0.998951,1.0,1.0,0.56242687,0.21171539,0.146388,0.6956259,0.9983298,0.48708218,0.99915206,1.0,0.119480126,0.86074483,0.0064112353,0.18025893,0.13373993,0.84593666
6,105,11,visual,0.8972587,0.24533585,0.9143268,0.46633977,0.061768238,0.009140763,0.50662494,0.9977788,0.56231254,0.9848097,0.44491372,0.99732447,1.0,0.9994183,0.6374003,0.22808334,0.12340219,0.7834667,0.99044377,0.45819554,0.99765277,1.0,0.25528595,0.7578884,0.18544295,0.43890175,0.18666644,0.84157175
6,105,12,visual,0.9967431,0.31025156,0.9970373,0.71154636,0.0148213245,0.051751044,0.7896328,1.0,0.537064,1.0,0.49951458,1.0,1.0,0.9999795,0.7091375,0.15982439,0.530717,0.6652286,0.99994946,0.50850046,0.99931496,0.9975723,0.07749351,0.9276749,0.010622414,0.50226945,0.10810285,0.87031484
6,105,13,visual,0.9996794,0.018155802,0.9988231,0.6046833,0.47313166,0.10896499,0.7829262,1.0,0.5974584,0.9943949,0.3128071,1.0,1.0,0.99997187,0.6015632,0.4848688,0.31080016,0.74508184,0.99902105,0.4942042,0.99953604,0.9984669,0.11583143,0.7861446,0.062811315,0.4090394,0.22900099,0.9283861
6,105,14,visual,0.9989931,0.28293285,0.9963718,0.78927183,0.17246817,0.03533107,0.7996435,1.0,0.6521145,0.9988389,0.31732178,1.0,1.0,1.0,0.6607024,0.08626361,0.3424565,0.7500129,0.996012,0.30435866,0.99992144,1.0,0.05812981,0.73812026,0.19556773,0.0442461,0.10746002,0.9030888
6,105,15,visual,0.9976344,0.2209206,0.9943269,0.70911276,0.25835916,0.067746475,0.6862585,0.99949783,0.6598993,0.9996527,0.36624673,0.9985052,0.99755454,0.99947727,0.7611231,0.35015914,0.26147532,0.78112894,0.99889195,0.32118088,0.9968149,0.99704576,0.2480533,0.82841915,0.15522996,0.26600522,0.16308859,0.8811283
6,106,1,visual,0.99898905,0.16185075,0.9857241,0.70252484,0.5029607,0.14762065,0.8517118,0.99983716,0.099426545,0.94315493,0.3717066,0.9997952,0.9961979,0.9993042,0.75235254,0.47692457,0.35909566,0.88417983,0.9240392,0.34636733,0.99291897,0.96003586,0.19185887,0.65161556,0.07890411,0.45872003,0.26358524,0.85391873
6,106,2,visual,0.9839987,0.26521257,0.98912185,0.73642015,0.297636,0.07479255,0.7869635,0.99999917,0.7212006,0.9818307,0.3188348,0.9878241,0.99727565,0.9977985,0.76060784,0.31900308,0.031793132,0.8484253,0.9947593,0.46004722,0.9829449,0.9977476,0.12563817,0.5904667,0.00834042,0.19873838,0.11918268,0.6995992
6,106,3,visual,0.9908049,0.21810603,0.9856924,0.7729035,0.038371664,0.16760373,0.73588973,0.99756813,0.79721093,0.61554265,0.66460973,0.99338764,0.9952404,0.9963673,0.7860343,0.25406405,0.31888866,0.8215834,0.92965883,0.7322163,0.9983676,0.9944452,0.2400008,0.73398674,0.38012338,0.033241235,0.15895487,0.8321678
6,106,4,visual,0.9794056,0.3281102,0.9836629,0.49064746,0.57736695,0.26891097,0.4677836,0.999869,0.45736372,0.9976987,0.25613058,0.991717,0.969401,0.9997694,0.697227,0.58740455,0.054770157,0.623765,0.99235153,0.41318846,0.9852323,0.97093767,0.29006556,0.6105377,0.16644599,0.43870142,0.35246757,0.68365043
6,106,5,visual,0.98223096,0.21278122,0.97957456,0.67305034,0.594602,0.1408019,0.5576498,0.994998,0.61855656,1.0,0.18632486,0.99724627,0.9767401,0.98899734,0.5627159,0.34428015,0.35736996,0.36299732,0.99855113,0.4120712,0.9943844,0.99073017,0.39658886,0.72428757,0.2869946,0.39500627,0.072452866,0.63958406
6,106,6,visual,1.0,0.0007994283,1.0,0.77877134,0.16146481,0.13757108,0.76076823,1.0,0.6695658,0.99766296,0.34020853,0.99711084,1.0,0.9993379,0.6674594,0.2567823,0.064498745,0.6999916,0.9974286,0.35285264,0.9950549,1.0,0.11413814,0.6659612,0.28330997,0.3780668,0.16101868,0.830515
6,106,7,visual,0.9998479,0.054841902,0.99913514,0.80647624,0.46384335,0.22673029,0.7390867,1.0,0.6224535,0.99723417,0.25704917,1.0,0.99978393,0.99971104,0.76894313,0.4269521,0.30282515,0.73093367,0.9987456,0.38152272,0.99613625,0.9990606,0.31962842,0.7862781,0.018200403,0.3202238,0.16554224,0.87727743
6,106,8,visual,0.9996691,0.093324766,0.99926645,0.77058023,0.4435417,0.009558366,0.7309143,0.99783397,0.6565245,0.99787104,0.087468274,0.9960688,0.99751765,0.9984926,0.4797927,0.17064822,0.27530873,0.5149596,0.99991554,0.11734036,0.9965223,1.0,0.38571513,0.79226565,0.28144157,0.42252827,0.3440285,0.8596909
6,106,9,visual,1.0,0.203237,0.99970156,0.73584336,0.59329504,0.10471079,0.7000458,0.99923474,0.77321255,0.99885875,0.27499005,0.99723464,0.9978373,0.99933684,0.6416625,0.5231714,0.24268712,0.586985,0.9996883,0.50799596,0.9987783,0.99826276,0.38165238,0.74979377,0.17921786,0.41014117,0.27741164,0.73127097
6,106,10,visual,0.9687713,0.1709361,0.96723986,0.73866886,0.41937378,0.07322613,0.63012767,0.9982119,0.5736402,1.0,0.34980556,1.0,0.99408513,0.9980064,0.6437802,0.16859648,0.07323954,0.5752909,0.99837875,0.47564092,0.99929476,0.9919796,0.25001484,0.8514801,0.15236321,0.28928006,0.16936177,0.84078836
6,106,11,visual,0.99739945,0.05485196,0.99530876,0.72183454,0.3202578,0.10912363,0.7576762,0.9988191,0.61142385,0.9973619,0.27395242,0.9956585,0.9954395,0.9965758,0.6565952,0.29994905,0.24407488,0.6361029,0.99838793,0.49162602,0.9939257,0.99636185,0.15093777,0.69950986,0.057096094,0.23989737,0.1383549,0.6105032
6,106,12,visual,0.99521345,0.5008647,0.9993676,0.8146878,0.51874864,0.22501317,0.832828,0.9998129,0.2345679,0.99136287,0.2593458,0.98903245,1.0,0.99662304,0.76561683,0.42429417,0.4193952,0.85362226,0.97677636,0.38479802,0.9866276,0.99771374,0.044335917,0.7669158,0.020603146,0.21780732,0.1228728,0.8364784
6,106,13,visual,0.99887383,0.09866014,0.9980431,0.5943264,0.23187737,0.059123896,0.8063969,1.0,0.620316,0.9961688,0.31452933,0.99915445,0.99924076,0.99965066,0.5685019,0.09968622,0.2584228,0.69345146,0.9946717,0.40925536,0.99632466,0.99642277,0.039223254,0.54952174,0.4885966,0.071305,0.02098646,0.8582044
6,106,14,visual,0.9694246,0.19824609,0.96411747,0.53012204,0.25085065,0.2777693,0.5814166,1.0,0.50028497,0.99956894,0.3970437,0.99710286,0.98608226,0.9996764,0.5003525,0.082293205,0.44752893,0.45698464,0.99453676,0.26700157,0.98988503,0.9870933,0.2300714,0.6927193,0.031677477,0.10725576,0.09581436,0.81391776
6,106,15,visual,0.8722831,0.49657854,0.87620515,0.27262154,0.45805067,0.029136904,0.5265594,0.9963019,0.48421645,0.99995875,0.029920468,0.99954736,0.97118056,0.9948104,0.5423216,0.16976407,0.060009997,0.7733071,0.9971742,0.015226261,0.99762535,0.9903185,0.23993133,0.7766793,0.2423234,0.36153728,0.30012488,0.7822961
6,107,1,visual,0.14237729,0.9852594,0.12415184,0.75191563,0.45298734,0.8955439,0.508108,0.99871695,0.7321076,0.927599,0.3006771,0.9391221,0.50871795,0.9995972,0.90845174,0.6859772,0.9014892,0.9891193,0.9555282,0.21316472,0.9682016,0.81324506,0.54444516,0.06880003,0.6724761,0.6177469,0.52667046,0.91518795
6,107,2,visual,0.9888387,0.99972177,0.999112,0.98458934,0.9437837,0.9832451,0.99113065,1.0,0.9980956,0.99988467,0.8232533,0.9993927,0.9686128,1.0,0.9985144,0.9931989,0.9984145,0.9998222,0.9998895,0.9780915,0.99989855,0.99969095,0.96606576,0.15846942,0.9954463,0.969694,0.8661663,0.9985866
6,107,3,visual,0.36040512,0.9956603,0.88841945,0.91014296,0.212744,0.9442534,0.13130508,0.99987644,0.9757353,0.99294513,0.116328515,0.97852457,0.5240682,0.9999319,0.9765656,0.9402591,0.9689622,0.9970413,0.99490803,0.56547314,0.99827325,0.9327912,0.82732016,0.17643777,0.94698143,0.79005367,0.2915069,0.99393636
6,107,4,visual,0.33517006,0.9905514,0.9194599,0.96089625,0.43357185,0.865363,0.5953439,0.99984926,0.984674,0.99201494,0.28016996,0.97644025,0.754362,0.99959594,0.9969599,0.95269316,0.99727243,0.99589926,0.99763286,0.34344125,0.99322164,0.98097235,0.8850462,0.74521273,0.9813831,0.81539345,0.6263814,0.913994
6,107,5,visual,0.9599244,0.9671761,0.9907603,0.80268544,0.96076006,0.19021463,0.93808097,0.9973414,0.97118384,0.99490756,0.09770143,0.94648886,0.77228373,0.9978141,0.957901,0.9755513,0.9359264,0.9776539,0.9942237,0.5826112,0.98997784,0.9896995,0.93436724,0.78012073,0.94778943,0.9021749,0.73401743,0.9187863
6,107,6,visual,0.9862465,0.6792687,0.99025494,0.37104616,0.4047794,0.3072979,0.5634359,0.9975957,0.30498734,0.96954495,0.33086944,0.9994719,0.9991074,0.996771,0.55524105,0.26931208,0.04145046,0.78687435,0.9717418,0.28433147,0.9964603,0.9956143,0.07042045,0.6616265,0.15233737,0.3042144,0.1414595,0.95314485
6,107,7,visual,0.91850203,0.4747504,0.9355071,0.27565736,0.11422059,0.13410948,0.4760087,0.99636185,0.6209394,0.9343751,0.720483,0.9960114,0.9973702,0.99708015,0.56296843,0.4048947,0.1375145,0.7495927,0.97775644,0.7733932,0.9894205,0.98888683,0.08433842,0.63921434,0.0781081,0.20721816,0.20271352,0.84833986
6,107,8,visual,0.9345452,0.47989762,0.94518083,0.48347187,0.3785035,0.05520538,0.5214953,0.9787748,0.6219065,0.9446201,0.77799094,0.9912037,0.9879371,0.9799583,0.62151897,0.55202305,0.19832455,0.7710384,0.96820974,0.782131,0.9960111,0.9909863,0.30688548,0.65949285,0.001955188,0.59938127,0.14260629,0.72872066
6,107,9,visual,0.9941389,0.6884185,0.9918041,0.51668495,0.69327897,4.648959e-06,0.737127,0.994545,0.48594737,0.99192566,0.37456578,0.9977133,0.9982185,0.992181,0.6365004,0.7785853,0.21920553,0.76007664,0.9881141,0.46495923,0.9957399,0.9953167,0.37712157,0.44888118,0.44723094,0.6088438,0.31332213,0.9736715
6,107,10,visual,0.9975397,0.3896713,1.0,0.373947,0.2900695,0.49521312,0.67722386,0.9988003,0.41589245,0.98812735,0.5610622,0.99186283,0.9949907,0.9936697,0.5199268,0.38562542,0.2990832,0.6371262,0.99273235,0.6249495,0.9953907,1.0,0.35009852,0.5493469,0.37344372,0.5114546,0.17333555,0.88559914
6,107,11,visual,0.9707082,0.66200733,0.9995981,0.75642055,0.3026945,0.47355258,0.649866,0.9849075,0.4279038,0.7487231,0.54498,0.9578441,0.9300588,0.9996257,0.84613514,0.24655902,0.24354167,0.8544821,0.92501324,0.74628735,0.99735135,0.99276453,0.33677757,0.7937693,0.24402443,0.00079073163,0.29355788,0.9240184
6,107,12,visual,0.99454194,0.18716365,0.9938386,0.19378115,0.39343485,0.49187717,0.681724,0.9929001,0.559969,0.97453886,0.3394213,0.9917709,0.99889755,0.9936663,0.41626483,0.24511388,0.13689372,0.632822,0.9776484,0.33146322,0.9929484,0.99796504,0.16974793,0.47318932,0.37266713,0.5467179,0.31309664,0.8583332
6,107,13,visual,0.99644387,0.3980465,0.9993076,0.54497874,0.33591047,0.5158073,0.7018693,0.99837303,0.54998696,0.96405506,0.5173973,0.9925506,0.99595714,0.9984041,0.61970264,0.38207203,0.26460907,0.7441214,0.97402346,0.55134857,0.9922506,0.9959056,0.17503953,0.66806,0.071140446,0.43092716,0.018408325,0.90044194
6,107,14,visual,1.0,0.3591168,0.9989047,0.5046751,0.26302415,0.52152145,0.7132692,0.99912065,0.5568377,0.97390807,0.45586288,0.9964596,1.0,0.99111253,0.419475,0.32855996,0.2993056,0.6753751,0.99606204,0.5977671,0.9948979,1.0,0.08859398,0.6562124,0.226229,0.36838463,0.092060946,0.9253471
6,107,15,visual,0.99817663,0.16480006,0.99023324,0.50642025,0.34207338,0.37696722,0.5979796,0.9987562,0.6246406,0.95586854,0.26997924,0.9986078,0.99499005,0.99559367,0.48729545,0.36679032,0.4224042,0.65069467,0.9844836,0.28434777,0.9971564,0.9859444,0.32482302,0.7836635,0.22012661,0.38366258,0.015858827,0.88945735
6,108,1,visual,0.9937892,0.56404656,0.9895696,0.35658544,0.4158254,0.28771937,0.7483459,0.9996054,0.69298047,0.978923,0.1043593,0.9826769,0.98638785,0.9976983,0.6841572,0.44829336,0.18394768,0.81554276,0.98560834,0.20634781,0.9946344,0.99111164,0.4909396,0.41390914,0.5625038,0.6450396,0.47170797,0.893581
6,108,2,visual,0.9931581,0.4819837,0.99051493,0.07194081,0.14511713,0.5475629,0.63229704,0.9978304,0.6180775,0.99525595,0.19337368,0.9991914,0.9998577,0.99395597,0.41829872,0.10760136,0.22383896,0.69374484,0.99187225,0.0318616,0.98722243,0.9952156,0.20414576,0.6043872,0.655562,0.34445316,0.258294,0.88907266
6,108,3,visual,0.94046164,0.7300453,0.986509,0.47991747,0.508966,0.5297172,0.42751583,0.992859,0.8127081,0.67458665,0.43772724,0.97773117,0.98205894,0.99135256,0.7767055,0.6653124,0.076369174,0.8014841,0.9388797,0.6307046,0.98749936,0.9951506,0.43615904,0.6757428,0.11213499,0.74139386,0.4720055,0.8574353
6,108,4,visual,0.9946068,0.7652872,0.99346715,0.6543929,0.19768554,0.47541624,0.5459343,0.99917006,0.7174686,0.90363413,0.6862179,0.997889,0.99956244,0.9920409,0.80227345,0.38372838,0.09828746,0.81034774,0.9693912,0.68641526,0.9966883,0.9959107,0.07094803,0.7785647,0.13711119,0.48107463,0.112345,0.8657586
6,108,5,visual,0.9268999,0.32893574,0.9456142,0.009163837,0.28443888,0.40268576,0.25313276,0.96161526,0.53475577,0.9484056,0.5933053,0.9816666,0.94699746,0.971491,0.06798086,0.2863463,0.535543,0.19839087,0.984755,0.7105274,0.9976708,0.9747294,0.15186265,0.59365624,0.37038124,0.39329484,0.0026700555,0.8258992
6,108,6,visual,0.71130127,0.94454384,0.94295144,0.85558796,0.73120433,0.2965752,0.51597905,0.99205655,0.87549734,0.9855155,0.122741155,0.91799927,0.7978065,0.97948974,0.6463395,0.84439313,0.7486304,0.97206867,0.9801157,0.64166415,0.9495159,0.9650198,0.8061537,0.5746645,0.9404439,0.61076885,0.53408194,0.76954633
6,108,7,visual,0.8549184,0.9428705,0.99114406,0.6303305,0.8172904,0.25741348,0.43571517,0.995147,0.96740884,0.98773444,0.36800736,0.9154904,0.85233974,0.995662,0.87704057,0.9781438,0.8479652,0.9780321,0.99224883,0.6351578,0.9706928,0.98304534,0.9794898,0.53810334,0.9565658,0.89144456,0.79933435,0.75534546
6,108,8,visual,0.9131014,0.97257465,0.9934424,0.924614,0.97694033,0.8145784,0.9624988,0.9901915,0.9975063,0.9674479,0.3018737,0.6526651,0.5192275,0.99469036,0.7593885,0.98640656,0.96006894,0.97797966,0.98460716,0.9623193,0.9951191,0.99413925,0.9713869,0.89296705,0.9463683,0.8017749,0.72538286,0.71371305
6,108,9,visual,0.98591363,0.79111445,0.97841686,0.29170597,0.6487778,0.045887876,0.84200525,0.99744284,0.39596778,0.99945253,0.397301,0.9966325,0.99124575,0.99850017,0.5138984,0.7718981,0.52273566,0.88153297,0.9894848,0.19051792,0.97645605,0.9650878,0.61087966,0.019863496,0.7813216,0.72637916,0.5200553,0.86841005
6,108,10,visual,0.9594494,0.69458383,0.98829514,0.21746336,0.3988839,0.35961896,0.48298702,0.99967855,0.43833315,0.9885082,0.47060335,0.9989265,0.99681497,0.99975365,0.46389928,0.53094673,0.043058775,0.5906651,0.9943089,0.5360589,0.99874294,0.99957573,0.21485342,0.4559583,0.007489957,0.39042225,0.30477175,0.37339517
6,108,11,visual,0.9419179,0.5649333,0.9637781,0.35603508,0.47621384,0.27444172,0.37616363,0.9990151,0.61257935,1.0,0.483496,0.9968308,0.9979587,0.9982863,0.07407882,0.59783727,0.06643574,0.8810508,0.99944156,0.58975434,0.99801403,0.99957204,0.38610944,0.3724753,0.7267444,0.4010425,0.2538752,0.7975265
6,108,12,visual,0.9712309,0.5599775,0.982007,0.10844493,0.049857825,0.31413954,0.51765615,0.99954003,0.33442566,0.99925345,0.72851694,1.0,1.0,0.99919385,0.47974586,0.2993846,0.1685908,0.8776506,0.9997026,0.6741164,1.0,1.0,0.07736596,0.5296999,0.6308463,0.42330247,0.026878294,0.97596157
6,108,13,visual,1.0,0.46450397,1.0,0.07386097,0.30709422,0.8524616,0.6908481,1.0,0.22670126,0.99966794,0.8324782,1.0,1.0,1.0,0.37729883,0.5599289,0.37466955,0.6948266,0.9988354,0.8267661,1.0,1.0,0.3790702,0.68226576,0.6106076,0.5834115,0.068994924,0.98991346
6,108,14,visual,0.9034672,0.5438481,0.8895561,0.056474444,0.17022039,0.6875565,0.38485068,0.98443055,0.11888067,0.9937385,0.6714783,1.0,0.98577404,0.981244,0.25586635,0.48160145,0.50339687,0.78398246,0.9840477,0.6460963,1.0,0.9812143,0.062042687,0.51842934,0.38001123,0.604073,0.09092897,0.92975724
6,108,15,visual,0.040146753,0.7093681,0.042436384,0.55788326,0.24232471,0.8507406,0.57952845,0.48064908,0.495055,0.38279912,0.3136227,0.99278885,0.4729878,0.47551507,0.15380086,0.09049971,0.699215,0.1403067,0.44340408,0.35147947,0.99616474,0.5040411,0.13258056,0.8187686,0.06482517,0.60162395,0.06121772,0.9218432
6,109,1,visual,0.9759002,0.42580715,0.97608536,0.011884527,0.29705897,0.58234936,0.46174943,1.0,0.07257479,0.9530475,0.8304544,1.0,1.0,1.0,0.13121772,0.27768955,0.4574929,0.7107012,0.9589124,0.8756524,1.0,1.0,0.5276151,0.30327472,0.38348916,0.64175713,0.1203208,0.92774236
6,109,2,visual,1.0,0.33552197,1.0,0.040395964,0.36800322,0.8056023,0.55000126,0.9958916,0.10249565,0.9998576,0.843524,1.0,1.0,0.99626136,0.03550541,0.5356055,0.41198865,0.69193584,1.0,0.8499626,1.0,1.0,0.35454258,0.5077618,0.55127114,0.60104537,0.15638003,0.9700811
6,109,3,visual,1.0,0.4316339,0.99967843,0.013608221,0.26325536,0.79835474,0.62699425,1.0,0.15413877,0.9981764,0.5614959,1.0,1.0,1.0,0.27775806,0.284313,0.27524304,0.7258754,1.0,0.60151994,1.0,1.0,0.19152467,0.46210346,0.4313771,0.36257768,0.09727269,0.9895872
6,109,4,visual,0.98609865,0.37805605,0.9784158,0.1175649,0.2053761,0.6969245,0.37870523,0.9995369,0.17309539,0.99950725,0.5111676,1.0,1.0,0.9951148,0.25093246,0.33188638,0.3839233,0.66254383,0.9996876,0.53363824,0.99986786,0.99976313,0.29871556,0.5993059,0.48414227,0.43428907,0.11374439,0.95237035
6,109,5,visual,1.0,0.41177654,0.99948895,0.0348981,0.34697238,0.7728514,0.7280842,0.9991233,0.031256765,0.99780226,0.4356936,1.0,1.0,0.9994276,0.017482037,0.3342614,0.41114005,0.7152948,0.99920857,0.34131238,1.0,1.0,0.28243744,0.511682,0.53103626,0.42589253,0.2546862,0.993537
6,109,6,visual,0.96980184,0.47529337,0.9780316,0.056800358,0.27513498,0.7348912,0.5115137,0.9999723,0.30926272,0.9943361,0.7303353,1.0,0.9982319,0.9995826,0.20500977,0.35639173,0.29979047,0.7690268,0.9933293,0.7693977,1.0,0.9979074,0.066910625,0.6655125,0.3413594,0.41570103,0.08167394,0.95539206
6,109,7,visual,1.0,0.27752385,0.9994874,0.087496966,0.22357966,0.8828532,0.58105,1.0,0.046029747,0.9832636,0.6369846,1.0,1.0,1.0,0.06668476,0.1491966,0.60393584,0.5539469,0.9909616,0.6689599,1.0,1.0,0.4988334,0.3827571,0.5119289,0.46245176,0.08827385,0.9673526
6,109,8,visual,0.98362774,0.38900506,0.9878036,0.2467568,0.15701042,0.656795,0.4694793,0.98880917,0.04415008,0.9785911,0.63431203,1.0,1.0,0.9934986,0.16906637,0.32964876,0.36648852,0.64286524,0.98382115,0.596793,1.0,1.0,0.4748856,0.46044573,0.46845514,0.4991939,0.13190515,0.9545709
6,109,9,visual,1.0,0.45896608,1.0,0.097888246,0.46670508,0.7926315,0.6573207,1.0,0.0056398786,1.0,0.6392881,1.0,1.0,1.0,0.0077820704,0.35588235,0.6386498,0.7127149,1.0,0.60318166,1.0,1.0,0.3696232,0.6325582,0.47331575,0.52766436,0.3490354,0.96585
6,109,10,visual,0.63718724,0.30309808,0.6682451,0.45527497,0.78474844,0.942126,0.5563006,0.413071,0.017835056,0.9304595,0.33552617,0.9989523,0.98933065,0.45304447,0.47885874,0.64462143,0.8976891,0.41851485,0.93672454,0.30287746,0.99821615,0.9933376,0.6999571,0.8924777,0.14851272,0.8692888,0.7282734,0.9602652
6,109,11,visual,0.99933296,0.51485324,1.0,0.24953969,0.36698222,0.76216197,0.78481674,0.999178,0.29447797,0.9960546,0.61924535,0.99830806,0.9984815,0.9997402,0.17737098,0.3402021,0.446573,0.7713113,0.9954383,0.63957167,1.0,1.0,0.35345134,0.31462625,0.6587975,0.46943337,0.15090244,0.9799339
6,109,12,visual,0.9991991,0.51656115,0.9999794,0.1916525,0.34571275,0.7897217,0.46288982,0.99985707,0.09480505,0.99737114,0.61116666,1.0,1.0,0.99968237,0.18919085,0.45514488,0.41625398,0.75722426,0.99905884,0.67144626,1.0,1.0,0.35843384,0.5156301,0.572458,0.51254296,0.22567509,0.9896452
6,109,13,visual,0.99870837,0.43081728,0.99856794,0.20791817,0.28206185,0.71723574,0.5588213,1.0,0.10341196,0.9935922,0.71270055,1.0,1.0,0.9997403,0.019204827,0.45661265,0.500268,0.700184,0.9934961,0.79886335,1.0,0.9999178,0.27189836,0.40383318,0.5305915,0.4723048,0.044615187,0.9424104
6,109,14,visual,1.0,0.25701213,0.99675864,0.16976504,0.21450217,0.7526335,0.64789844,1.0,0.059696198,0.9997224,0.36523288,1.0,1.0,0.99979496,0.066863745,0.1657708,0.584173,0.5707139,0.9976506,0.39800212,1.0,1.0,0.2523991,0.5258834,0.38673314,0.26804623,0.12486891,0.9244443
6,109,15,visual,1.0,0.34702796,1.0,0.083167545,0.1106651,0.88290167,0.62763464,1.0,0.02950154,0.9997123,0.52800095,1.0,1.0,0.9979933,0.11369397,0.12951423,0.46801588,0.5130589,0.9988692,0.52750295,1.0,1.0,0.26308313,0.60475427,0.5333898,0.2975306,0.054247845,0.9851828
6,110,1,visual,0.9851164,0.58533424,0.9900621,0.321422,0.18423413,0.43748194,0.47039488,0.9988198,0.48969343,0.89243793,0.75756186,0.98660076,0.9908744,0.9992536,0.5016736,0.20483056,0.07343261,0.7543387,0.99298304,0.71576977,0.9975225,0.99316156,0.24789302,0.5525206,0.16999057,0.23696668,0.20599732,0.89220124
6,110,2,visual,1.0,0.4033603,0.997647,0.10416202,0.17826968,0.85232264,0.5638435,0.9999466,0.021844475,0.96663755,0.532713,0.99996746,0.9988482,0.99987054,0.25242192,0.27019805,0.5380391,0.7287018,0.93759435,0.59258634,0.99785024,0.9914087,0.08731052,0.43434376,0.35816437,0.38896653,0.013886537,0.99072236
6,110,3,visual,0.9998735,0.31351215,0.9998654,0.121199295,0.0063232994,0.7068791,0.65511155,1.0,0.067305006,0.99985605,0.5604131,1.0,1.0,1.0,0.11656736,0.016641034,0.5303289,0.7200535,0.9996668,0.5977994,1.0,1.0,0.06129201,0.47518983,0.5710245,0.11345521,0.08440684,0.9682011
6,110,4,visual,1.0,0.29062125,1.0,0.14735502,0.25873202,0.80444777,0.53657496,1.0,0.075406626,0.9993718,0.44024217,1.0,1.0,1.0,0.009754944,0.3024679,0.70085436,0.7392143,0.9993562,0.5046018,1.0,1.0,0.15634999,0.5343154,0.557183,0.34235987,0.13454567,0.98657703
6,110,5,visual,0.99109775,0.39756352,0.9870594,0.122309074,0.22290573,0.6651018,0.3528172,1.0,0.03953174,0.99765205,0.724284,1.0,1.0,0.99672997,0.08480367,0.30328786,0.57521176,0.65204006,0.9973743,0.7150062,1.0,0.9991797,0.4207676,0.55328745,0.39559755,0.47188494,0.021550598,0.8997355
6,110,6,visual,1.0,0.4771356,1.0,0.15217604,0.34406203,0.91256356,0.5939506,1.0,0.04777642,0.9944575,0.687935,1.0,1.0,1.0,0.047768813,0.37574145,0.6768551,0.750593,0.99538153,0.682217,1.0,1.0,0.22553684,0.4954561,0.3956624,0.52474505,0.21351738,0.9982393
6,110,7,visual,0.985316,0.22015253,0.9880993,0.05086553,0.38394934,0.6974352,0.4819827,1.0,0.029768784,0.99852276,0.46048266,1.0,1.0,1.0,0.06620183,0.41301155,0.62355626,0.7104898,0.99546504,0.46544084,1.0,1.0,0.5039779,0.5078208,0.43366143,0.523512,0.27218467,0.95730263
6,110,8,visual,0.992043,0.3652356,0.98819655,0.01993793,0.33552775,0.81575125,0.5951417,0.99952924,0.123535745,0.99751973,0.745132,1.0,1.0,1.0,0.06561263,0.3886439,0.68480563,0.83968896,0.99649405,0.7184126,1.0,1.0,0.21812749,0.49335304,0.46539944,0.536685,0.24772355,0.985847
6,110,9,visual,0.9752084,0.42728457,0.96976197,0.33911827,0.23851071,0.60445887,0.33542326,0.99817216,0.19263972,1.0,0.78077793,1.0,0.99566454,0.9970617,0.041554395,0.37245312,0.4067297,0.6391792,0.99814695,0.75164396,1.0,0.99261814,0.33495206,0.43293405,0.63972855,0.5804042,0.24965522,0.9008219
6,110,10,visual,0.9915318,0.48496917,0.9924008,0.21966526,0.12728195,0.78718823,0.4417001,0.99994,0.25202775,0.9936784,0.61549175,0.99897856,0.9988926,1.0,0.06429679,0.11617578,0.4317351,0.6675124,0.99704635,0.585245,0.9987966,0.99804795,0.21839917,0.38288867,0.5659211,0.37585714,0.052385673,0.95511705
6,110,11,visual,1.0,0.4308255,1.0,0.36697248,0.35692707,0.9228664,0.54278105,1.0,0.19872269,0.99713314,0.7113677,1.0,1.0,0.9998935,0.039388888,0.49348858,0.51660204,0.6287524,0.9990572,0.7332427,1.0,1.0,0.6203783,0.3158654,0.6913453,0.6033602,0.21559545,0.95094365
6,110,12,visual,1.0,0.5495527,1.0,0.304357,0.013199796,0.9113724,0.7433603,1.0,0.13522746,0.99807227,0.5545792,1.0,1.0,1.0,0.04970207,0.23428753,0.58912337,0.7509648,0.996962,0.52034587,1.0,1.0,0.093970336,0.53966445,0.6947458,0.23223904,0.10334575,0.9809511
6,110,13,visual,0.9671205,0.2054377,0.9757175,0.059132103,0.2928831,0.49050537,0.48298106,0.9944121,0.04827219,0.99216956,0.31019643,1.0,0.995356,0.9978235,0.12400539,0.19282056,0.34851548,0.62935334,0.99622464,0.22571194,1.0,0.99964386,0.16455264,0.36341488,0.5028174,0.122846045,0.11702101,0.7775412
6,110,14,visual,0.9904746,0.33584076,0.9966488,0.24510092,0.2932666,0.7172066,0.56102496,1.0,0.1950053,1.0,0.2387507,1.0,1.0,0.99757683,0.13192207,0.39213634,0.50472456,0.7138866,0.9990178,0.21209107,0.99935585,0.9995551,0.18294369,0.37635595,0.5179691,0.29499176,0.21314274,0.94913983
6,110,15,visual,0.9998607,0.37578356,0.9981258,0.30047277,0.15744558,0.89626443,0.5787378,0.99973285,0.17524885,0.9969066,0.10738441,1.0,1.0,0.9983021,0.03894753,0.14723282,0.5226148,0.6682596,0.9949158,0.12493225,1.0,1.0,0.1604643,0.29081926,0.60744476,0.20249712,0.1251243,0.9876717
6,111,1,visual,1.0,0.47884408,1.0,0.3310238,0.17969628,0.9345607,0.6388353,1.0,0.034780603,1.0,0.24035142,1.0,1.0,0.99920404,0.035108317,0.20582843,0.6620364,0.70240366,1.0,0.23729654,1.0,1.0,0.03497321,0.5693157,0.658237,0.22379269,0.22349443,0.9579702
6,111,2,visual,1.0,0.31843916,1.0,0.26641548,0.06958839,0.88843876,0.70613545,1.0,0.06750479,0.998769,0.29939672,1.0,1.0,1.0,0.009585438,0.1614131,0.7294187,0.6032054,0.9992681,0.23627757,1.0,1.0,0.0316561,0.36575022,0.56208366,0.10444996,0.10719848,0.97178394
6,111,3,visual,0.9996035,0.42676392,0.99676466,0.36771214,0.06529158,0.91022706,0.5526392,1.0,0.24614422,0.9995327,0.41179016,1.0,1.0,1.0,0.18409537,0.01918287,0.5531877,0.58602464,1.0,0.4402931,1.0,1.0,0.06632879,0.37696597,0.5989087,0.2553397,0.037529513,0.986579
6,111,4,visual,0.9992345,0.4344461,0.999786,0.1409587,0.023784215,0.9352947,0.67883253,1.0,0.046269435,0.98369664,0.42628825,1.0,1.0,0.9984271,0.032899424,0.011372662,0.6281075,0.6718042,0.98670614,0.43415654,0.99905914,0.9986729,0.14036837,0.36015457,0.46347737,0.14616545,0.024216777,0.9883847
6,111,5,visual,0.9976377,0.41193053,0.9965875,0.23376895,0.004548608,0.9143174,0.49091315,0.99885863,0.01823164,0.9991786,0.46095368,0.9998106,0.9999305,0.9975292,0.052969318,0.11727785,0.61564505,0.6391723,0.99751294,0.47183615,0.9990552,0.999398,0.20538032,0.3261536,0.5361856,0.27162197,0.052097794,0.9920131
6,111,6,visual,0.9966178,0.41830143,0.9959797,0.16793904,0.14691418,0.7898605,0.32799366,1.0,0.026267318,0.9983628,0.244678,1.0,1.0,1.0,0.03066946,0.11361675,0.4672547,0.72850996,0.99647576,0.19879013,1.0,1.0,0.25756478,0.41925564,0.38838166,0.16800481,0.09421581,0.9305581
6,111,7,visual,0.99127007,0.47601956,0.9890527,0.24396056,0.28381875,0.8714749,0.40193328,1.0,0.06701472,0.993063,0.09847048,0.9989286,0.9985251,0.99848676,0.17799021,0.44980264,0.43782547,0.61436373,0.9944833,0.015199178,0.99827373,0.9935258,0.3711945,0.55005133,0.5558836,0.37142113,0.22618125,0.98081416
6,111,8,visual,0.96433,0.39086732,0.9486276,0.15204667,0.058530036,0.51027197,0.32697228,0.99617964,0.1047249,0.9896725,0.24036159,1.0,0.99742615,0.9888109,0.19405931,0.19285773,0.4350178,0.5582461,0.98641574,0.2782613,1.0,0.9916905,0.04528615,0.3113373,0.46695963,0.20023648,0.053976662,0.84914213
6,111,9,visual,1.0,0.34448186,1.0,0.4380154,0.276649,0.89003813,0.58342177,1.0,0.042343747,0.99940425,0.3178789,1.0,1.0,0.99970025,0.15954255,0.19728339,0.66341364,0.51640797,0.99926627,0.2578016,1.0,1.0,0.19178176,0.36216336,0.7028196,0.2029568,0.22073065,0.96321064
6,111,10,visual,1.0,0.29981017,1.0,0.30132484,0.07865086,0.88778067,0.66547686,1.0,0.097361796,0.99996775,0.37962928,1.0,1.0,1.0,0.0827711,0.049176354,0.71333975,0.6268361,1.0,0.40649816,1.0,1.0,0.26543203,0.43131015,0.55281836,0.2596242,0.019937104,0.98979586
6,111,11,visual,1.0,0.32117453,1.0,0.28344208,0.1938216,0.95162344,0.5755814,1.0,0.11969566,0.99824077,0.43098447,1.0,1.0,0.9966231,0.09324784,0.41603383,0.5569006,0.4893887,0.99898106,0.46568313,1.0,1.0,0.00379874,0.46808738,0.63435465,0.31218392,0.045240536,0.98802364
6,111,12,visual,0.99339134,0.38672012,0.9920432,0.28627026,0.051607326,0.82709444,0.4701247,1.0,0.32561857,0.9988505,0.52067596,1.0,1.0,1.0,0.12511559,0.15372425,0.65080297,0.6209414,0.9960157,0.49327192,1.0,1.0,0.056687895,0.22828805,0.6202374,0.14345291,0.047840696,0.9801494
6,111,13,visual,1.0,0.3888408,1.0,0.3764979,0.27199462,0.90136206,0.6316606,1.0,0.11153972,1.0,0.4049494,1.0,1.0,0.9994823,0.038003817,0.32972366,0.5611506,0.6045909,1.0,0.40861493,1.0,1.0,0.24475467,0.45107868,0.65834886,0.24708432,0.13084885,0.9899136
6,111,14,visual,1.0,0.1932542,1.0,0.4447424,0.2087428,0.8930197,0.6347449,1.0,0.15072194,0.9976577,0.13965026,1.0,1.0,1.0,0.28666097,0.28063717,0.6661527,0.5442063,0.99798685,0.11918414,1.0,1.0,0.43026966,0.30889982,0.6813275,0.28043887,0.16885208,0.9800907
6,111,15,visual,1.0,0.50699013,1.0,0.36754748,0.06501506,0.7888989,0.49103415,1.0,0.18447682,1.0,0.27949435,1.0,1.0,1.0,0.28425488,0.16216841,0.6001183,0.6723755,1.0,0.25953293,1.0,1.0,0.07218596,0.42985618,0.7098825,0.18113609,0.035334866,0.9723086
6,112,1,visual,0.98833257,0.11131819,0.974568,0.27886748,0.07251914,0.6829247,0.5132791,0.99974346,0.06347942,0.998874,0.31680253,1.0,0.99970585,0.9931917,0.119869016,0.1496099,0.6542501,0.55261654,0.998367,0.34219107,1.0,0.99231905,0.27607998,0.42351392,0.59596735,0.29024833,0.1193011,0.93538696
6,112,2,visual,0.97887784,0.35465577,0.9867169,0.42159218,0.28686422,0.6593387,0.6255529,0.99900126,0.2183059,0.992228,0.37047535,1.0,0.9935744,0.9995497,0.25179335,0.27416012,0.6171038,0.6904873,0.99609405,0.34063202,1.0,0.99722195,0.2611884,0.24468026,0.6626202,0.26591974,0.1883747,0.8838134
6,112,3,visual,0.9997806,0.4704943,0.9934324,0.2830969,0.20560648,0.745722,0.5164728,1.0,0.17448333,0.9927296,0.37888154,1.0,1.0,0.9989886,0.020257283,0.16181351,0.6000308,0.71809065,0.9931997,0.2950214,1.0,1.0,0.05578311,0.42972046,0.4745657,0.20075469,0.17578748,0.91422594
6,112,4,visual,0.99540967,0.49938682,0.9971558,0.012322018,0.21237072,0.9400524,0.5689189,1.0,0.09054357,0.9293777,0.3492454,0.99501854,0.9949456,1.0,0.13404554,0.18114084,0.47895113,0.73192203,0.9584367,0.37537628,0.99637234,0.9967364,0.0021888136,0.5016291,0.3488881,0.2769869,0.06800139,0.978495
6,112,5,visual,1.0,0.30145088,1.0,0.47487712,0.005255817,0.83645576,0.57978886,1.0,0.20672786,0.9984391,0.5048704,1.0,1.0,0.99976474,0.19639093,0.15624638,0.7517241,0.479193,0.9971423,0.475048,1.0,1.0,0.022369748,0.33024383,0.726083,0.30399528,0.07983915,0.96544045
6,112,6,visual,0.9998455,0.33248568,0.99938875,0.45846972,0.088822916,0.87876153,0.6011837,1.0,0.022084352,0.9997094,0.45603514,1.0,1.0,0.99504644,0.32284877,0.28193423,0.7101262,0.47292748,0.9994855,0.43086064,1.0,0.9999579,0.12444211,0.2591806,0.56232446,0.29741386,0.07373885,0.89734703
6,112,7,visual,1.0,0.36834142,1.0,0.46813026,0.14025465,0.8974741,0.6238507,1.0,0.14482617,1.0,0.5135042,1.0,1.0,1.0,0.31061193,0.2057414,0.6410056,0.62906104,1.0,0.4907661,1.0,1.0,0.120138764,0.41849115,0.6731075,0.19959058,0.019167647,0.934948
6,112,8,visual,1.0,0.49658713,1.0,0.4047886,0.24107529,0.8763315,0.59704953,1.0,0.14349073,1.0,0.41561183,1.0,1.0,1.0,0.17109522,0.18951018,0.61867964,0.65547615,0.99960303,0.37834257,1.0,1.0,0.14889337,0.264555,0.753515,0.34246585,0.121689305,0.95582575
6,112,9,visual,1.0,0.2237378,0.99974453,0.32317787,0.069951124,0.8883468,0.56157964,1.0,0.096510746,0.99643,0.2549757,0.9995513,0.9996221,1.0,0.20215574,0.12663272,0.7143522,0.5349281,0.9976196,0.3956993,0.9999816,1.0,0.05865086,0.33976942,0.6821496,0.1557274,0.038748126,0.9245534
6,112,10,visual,0.9318783,0.92303663,0.972955,0.8696377,0.49305433,0.20406443,0.7969658,0.99886763,0.6416204,0.9907583,0.08982593,0.95910907,0.80552125,0.9992202,0.6864226,0.5441553,0.7608068,0.9516712,0.9942671,0.07479558,0.96626043,0.913334,0.5764052,0.8040858,0.96069366,0.45839795,0.3904627,0.975004
6,112,11,visual,0.9301691,0.8834816,0.9830484,0.91228396,0.15916678,0.6506011,0.87607855,0.99371237,0.70582044,0.99046886,0.09410098,0.9561177,0.78187156,0.98847216,0.81903017,0.31703976,0.601886,0.9217075,0.9857963,0.143664,0.9773719,0.94511694,0.3548857,0.77151865,0.94435155,0.297598,0.08435078,0.96775967
6,112,12,visual,1.0,0.4289907,1.0,0.5778968,0.16462864,0.8736138,0.46577698,1.0,0.46312934,1.0,0.29791036,1.0,1.0,1.0,0.4117758,0.14410616,0.7306952,0.70644426,1.0,0.24539879,1.0,1.0,0.3279082,0.26255688,0.790585,0.2693923,0.07781307,0.9364391
6,112,13,visual,0.9024993,0.12539534,0.93484145,0.50917774,0.52416855,0.11754299,0.16728313,0.9710124,0.12723151,0.9661565,0.4495466,0.9933631,0.9518575,0.9752473,0.40415716,0.42713663,0.26533347,0.40291864,0.9556164,0.5360542,0.9686931,0.9470721,0.4389228,0.20305966,0.68819886,0.24750583,0.31788665,0.5662298
6,112,14,visual,1.0,0.3304359,1.0,0.51800436,0.033607606,0.8453593,0.5364362,1.0,0.195704,0.99953485,0.53680176,1.0,1.0,0.9992897,0.36377624,0.029130576,0.48744634,0.7143504,0.9979595,0.55850476,1.0,1.0,0.1618291,0.16697352,0.6983931,0.14452907,0.057833355,0.9741614
6,112,15,visual,1.0,0.32460964,0.99814975,0.3592564,0.1160831,0.9083339,0.5475279,1.0,0.17502089,0.9989014,0.32121646,1.0,1.0,1.0,0.16092676,0.09023005,0.74901384,0.67213935,0.99988663,0.18881007,0.9991925,1.0,0.050231796,0.3217086,0.6813758,0.19834857,0.1016503,0.94057375
6,113,1,visual,1.0,0.4727463,1.0,0.34453195,0.10608995,0.9110099,0.54745704,1.0,0.43252552,1.0,0.34254697,1.0,1.0,1.0,0.18802756,0.20202921,0.72967213,0.7599529,0.9993104,0.252311,1.0,1.0,0.08528511,0.29735908,0.77077746,0.17641242,0.027819721,0.9860691
6,113,2,visual,1.0,0.41596735,1.0,0.3893832,0.04978971,0.8427128,0.5632335,1.0,0.4186145,1.0,0.44874185,1.0,1.0,1.0,0.2358125,0.043843016,0.73730505,0.6145375,0.99986917,0.39464775,1.0,1.0,0.10883419,0.2662396,0.70203364,0.11096958,0.045089055,0.96261287
6,113,3,visual,1.0,0.27295128,0.9994956,0.44077832,0.0142859295,0.86275274,0.46032548,1.0,0.37152123,0.9921536,0.34100756,1.0,1.0,0.99964464,0.34815553,0.07824427,0.82115924,0.45821804,0.9936377,0.31921318,0.99980134,0.999153,0.058497477,0.15531416,0.7227784,0.16314034,0.060153548,0.98166686
6,113,4,visual,1.0,0.39066765,0.9980613,0.62954134,0.17286077,0.90449744,0.51157016,1.0,0.3401364,0.97874427,0.35130057,1.0,1.0,0.99931383,0.32117853,0.16332786,0.6926575,0.53084725,0.9903754,0.27615485,1.0,0.99867266,0.21358177,0.01473013,0.7149618,0.32719922,0.06362661,0.96233535
6,113,5,visual,1.0,0.19852072,1.0,0.53730077,0.14752942,0.91671216,0.5246137,1.0,0.43072402,1.0,0.3821354,1.0,1.0,1.0,0.21855314,0.18919812,0.6607796,0.37506184,1.0,0.38531676,1.0,1.0,0.39859733,0.23440085,0.7607803,0.33458143,0.13049623,0.96242887
6,113,6,visual,1.0,0.35041705,1.0,0.47072706,0.040055558,0.938677,0.526411,1.0,0.4594926,0.99817544,0.3876202,1.0,1.0,1.0,0.40322238,0.012424464,0.8507042,0.6885215,0.9992309,0.3183669,1.0,1.0,0.043569114,0.20539169,0.6870377,0.15974967,0.020273918,0.9731761
6,113,7,visual,0.99876416,0.29636115,0.99706286,0.2202634,0.10757424,0.8740269,0.27095953,1.0,0.3125825,0.9341657,0.19337882,0.9994794,0.99922127,0.9998088,0.053552963,0.12861824,0.6153337,0.29534638,0.92953855,0.16899829,0.9983043,0.99131256,0.4163709,0.3188885,0.60026807,0.24562791,0.06687222,0.8828169
6,113,8,visual,1.0,0.087051176,1.0,0.39864036,0.057947148,0.8712916,0.6033983,0.99916506,0.39617604,0.98733115,0.34323713,0.9999754,1.0,0.99817234,0.34437448,0.10566875,0.70837784,0.6126129,0.9948616,0.3981954,0.9999634,1.0,0.13195175,0.19715469,0.6849299,0.17109555,0.040691596,0.9734036
6,113,9,visual,1.0,0.35403314,1.0,0.57878715,0.023935849,0.9619099,0.516914,1.0,0.49988312,0.9983499,0.47827405,1.0,1.0,1.0,0.49036154,0.071682125,0.88519335,0.62050515,0.99854195,0.45051223,1.0,1.0,0.05530856,0.22231829,0.71293855,0.17573969,0.05485966,0.95843416
6,113,10,visual,1.0,0.4148981,1.0,0.66199994,0.033456575,0.9669159,0.66001636,1.0,0.62641513,1.0,0.5811547,1.0,1.0,1.0,0.5217121,0.13074769,0.9305205,0.6941719,1.0,0.529089,1.0,1.0,0.46732888,0.19600907,0.7888249,0.27561074,0.0129721295,0.99464357
6,113,11,visual,1.0,0.42738497,1.0,0.5712815,0.109148555,0.90518266,0.4097365,1.0,0.49242517,0.9923309,0.39062,1.0,1.0,0.99991286,0.31511396,0.15541157,0.45133,0.54651517,0.99167305,0.39175606,1.0,1.0,0.19687766,0.014470721,0.7601324,0.08398926,0.06281568,0.955321
6,113,12,visual,1.0,0.29181755,1.0,0.586908,0.17225714,0.9443637,0.57042754,1.0,0.5313832,0.9992456,0.23105645,1.0,1.0,1.0,0.51168925,0.076068275,0.8100058,0.54225475,0.99903667,0.24355906,1.0,1.0,0.04273783,0.055942934,0.7306551,0.19545722,0.13613045,0.96483755
6,113,13,visual,1.0,0.33934674,1.0,0.497826,0.014462937,0.8921198,0.5869625,1.0,0.60827476,0.99861234,0.23870659,1.0,1.0,0.9993395,0.3799412,0.1058952,0.6458714,0.6176264,0.9970158,0.29143327,1.0,1.0,0.03313485,0.0038376702,0.6923533,0.11268098,0.008754626,0.9551732
6,113,14,visual,1.0,0.19476858,0.999904,0.46026868,0.15138176,0.907413,0.46247196,1.0,0.3221413,0.99324876,0.35647893,1.0,1.0,1.0,0.41276106,0.20604889,0.62016493,0.53635085,0.9945532,0.35848498,0.999891,0.99978185,0.17832948,0.07514994,0.6481918,0.10002295,0.019417843,0.96291804
6,113,15,visual,0.98577034,0.27457732,1.0,0.59804183,0.007542877,0.9346559,0.53615355,0.994536,0.24333078,0.9815221,0.42770672,0.9970398,0.9817849,1.0,0.47088683,0.10991765,0.67865616,0.4772197,1.0,0.30097148,1.0,1.0,0.3335477,0.054524742,0.7551015,0.17600091,0.04492435,0.9517339
6,114,1,visual,0.98423094,0.440952,0.99034756,0.3738844,0.040753145,0.9398531,0.3461154,0.99617165,0.055016488,0.91809803,0.45756525,0.98753566,0.9951582,0.9981577,0.053962268,0.0847485,0.632871,0.6004471,0.9688239,0.46663177,0.99404216,0.9946828,0.13543786,0.25100452,0.4655244,0.11806988,0.02744458,0.93146634
6,114,2,visual,0.9989362,0.40479627,0.9957269,0.42949277,0.04052263,0.9081099,0.40515804,0.99974465,0.0703028,0.99395263,0.16244856,1.0,1.0,0.9980025,0.14274058,0.2570101,0.71225774,0.606725,0.99819416,0.17178455,0.9995889,0.9990067,0.26600844,0.23277614,0.61779577,0.22886285,0.16188335,0.9603444
6,114,3,visual,1.0,0.16779254,1.0,0.6284689,0.10727116,0.8694752,0.5822225,1.0,0.33900306,0.99924105,0.39428025,1.0,1.0,0.9996396,0.52079326,0.14351356,0.68329495,0.51202863,0.99962145,0.3886325,1.0,1.0,0.0115931835,0.038166516,0.7435602,0.017856397,0.13567075,0.98024595
6,114,4,visual,0.9953171,0.35835448,0.99966735,0.50245875,0.016389662,0.81326735,0.59060687,0.9977545,0.17746119,0.99800086,0.16222766,1.0,0.9939969,0.99913454,0.48287278,0.16633669,0.71697444,0.6380938,0.99949956,0.26767382,0.9998411,0.99955446,0.22851454,0.14845286,0.67292106,0.20083258,0.034263574,0.94006395
6,114,5,visual,1.0,0.27411038,1.0,0.66028744,0.02002404,0.8739722,0.48073465,1.0,0.59852606,1.0,0.32020557,1.0,1.0,1.0,0.50844485,0.09450364,0.79863137,0.48733196,0.9990498,0.39138025,0.99993086,0.9996726,0.06788111,0.08338942,0.85054666,0.18204907,0.014706912,0.9630886
6,114,6,visual,1.0,0.2592991,1.0,0.55131596,0.07729776,0.8987603,0.43084824,1.0,0.5117662,1.0,0.23007336,1.0,1.0,1.0,0.3249956,0.01706422,0.8646213,0.5146383,0.9999093,0.24551049,1.0,1.0,0.20813003,0.23860951,0.66260564,0.13670342,0.03491676,0.95085984
6,114,7,visual,1.0,0.3524096,1.0,0.49166214,0.01286393,0.95416164,0.50499105,1.0,0.41288227,0.99921614,0.41181737,1.0,1.0,1.0,0.3740006,0.03819743,0.6699957,0.5890337,0.99860895,0.42484745,1.0,1.0,0.080044016,0.17949249,0.739272,0.10829001,0.037944097,0.97731125
6,114,8,visual,1.0,0.29753,1.0,0.5525801,0.20244779,0.85462445,0.46590862,1.0,0.56099975,0.9992272,0.23940483,1.0,1.0,1.0,0.37609932,0.18542014,0.78334844,0.55091655,0.9983613,0.08826064,1.0,1.0,0.050364166,0.071339265,0.7039599,0.15544266,0.08470018,0.99335605
6,114,9,visual,0.99769413,0.3035931,0.9993059,0.54889685,0.22580239,0.9296381,0.48971465,0.9994923,0.37656382,0.9998007,0.14405017,0.9983648,0.99891925,0.9994509,0.4284479,0.18098418,0.6204443,0.63704824,0.9987547,0.17812756,1.0,0.99985135,0.35837075,0.07111273,0.78749573,0.24661765,0.100559436,0.9800723
6,114,10,visual,1.0,0.29742306,1.0,0.63686764,0.23843496,0.93462414,0.41764864,1.0,0.23062132,0.9976236,0.12151835,1.0,1.0,0.997918,0.3425307,0.21853244,0.72130173,0.499577,0.99552774,0.26317632,1.0,1.0,0.5569823,0.02437303,0.8019153,0.30959886,0.1749279,0.94067144
6,114,11,visual,1.0,0.28725472,1.0,0.49818733,0.06064127,0.7520911,0.49948043,1.0,0.5414448,0.9967134,0.3596257,1.0,1.0,0.9997845,0.3414208,0.047585364,0.7387416,0.63171864,0.998901,0.3111515,1.0,1.0,0.101329885,0.04965952,0.6446693,0.00641272,0.031673953,0.94591385
6,114,12,visual,1.0,0.2126941,1.0,0.6196554,0.1358111,0.84927094,0.4758618,1.0,0.41657564,1.0,0.2793577,1.0,1.0,1.0,0.50074846,0.04365062,0.7498938,0.44531584,0.9996315,0.27325755,1.0,1.0,0.097841255,0.021401057,0.83481634,0.11985863,0.034868583,0.978917
6,114,13,visual,0.9878805,0.27208042,0.99919564,0.5755645,0.038837016,0.84728926,0.33351266,0.99057144,0.39427388,0.99515307,0.3759746,0.99620026,0.98839486,0.99641335,0.6229386,0.1416612,0.540856,0.40752628,0.9968285,0.24040644,0.99959004,0.9989465,0.08167681,0.08986522,0.807315,0.21732785,0.10997877,0.98384243
6,114,14,visual,1.0,0.3040554,1.0,0.5527255,0.13683476,0.88991153,0.45273662,1.0,0.4447866,0.99661386,0.30752158,1.0,1.0,1.0,0.49379572,0.09331678,0.8262489,0.5299419,0.9934391,0.2595184,1.0,1.0,0.16410527,0.050642844,0.6723008,0.087428115,0.11900396,0.8737396
6,114,15,visual,1.0,0.10018482,1.0,0.6447663,0.106704734,0.913075,0.3326225,1.0,0.643554,0.99998385,0.35996136,1.0,1.0,1.0,0.61856,0.1071379,0.8886574,0.6389773,1.0,0.33285612,1.0,1.0,0.024287874,0.03442117,0.8011231,0.083045915,0.09246465,0.96119505
6,115,1,visual,1.0,0.019757306,1.0,0.43679538,0.075266354,0.8736615,0.60359013,0.9996327,0.39957556,0.99181175,0.2940871,0.99862146,0.99479,0.9999284,0.5659261,0.089299716,0.7316301,0.5047275,0.99313337,0.28681594,0.99977076,0.9999439,0.19764133,0.14802113,0.7392748,0.24369226,0.079019696,0.9741791
6,115,2,visual,1.0,0.037496313,1.0,0.6896317,0.15483342,0.7543601,0.5142561,1.0,0.5381671,1.0,0.43637064,1.0,1.0,1.0,0.74106807,0.18283139,0.836887,0.55355716,0.9998132,0.35406828,1.0,1.0,0.28306317,0.030621719,0.8673298,0.31557184,0.12377753,0.97388726
6,115,3,visual,1.0,0.26111543,0.9988685,0.6863356,0.051776998,0.9453214,0.47599438,1.0,0.41220614,0.99973404,0.37788412,1.0,1.0,1.0,0.65071553,0.002612171,0.80103785,0.62089926,0.9980171,0.28553376,0.9996645,0.99972576,0.12412646,0.12961076,0.7920472,0.11554643,0.070792794,0.9924253
6,115,4,visual,1.0,0.30142474,1.0,0.57836235,0.14878559,0.8051521,0.47628158,1.0,0.6062783,0.99437493,0.19961525,1.0,1.0,0.99834436,0.62605244,0.2332322,0.6519759,0.4482038,0.9916221,0.14420953,1.0,1.0,0.04072906,0.038836814,0.75821453,0.2763126,0.1229186,0.9879081
6,115,5,visual,1.0,0.23846886,1.0,0.43098333,0.08019481,0.91354257,0.47836414,1.0,0.54303676,0.9951955,0.3509027,1.0,1.0,1.0,0.3042072,0.08559941,0.71932185,0.5078765,0.99518263,0.37925452,1.0,1.0,0.066115275,0.12105432,0.7155497,0.12691839,0.04524095,0.9726069
6,115,6,visual,1.0,0.21606837,1.0,0.52707607,0.12445763,0.89422685,0.5185651,1.0,0.70914966,0.99924177,0.2898155,1.0,1.0,1.0,0.2526467,0.1201032,0.7752797,0.38912836,0.9982571,0.20012283,1.0,1.0,0.24953555,0.042985827,0.7193737,0.13266096,0.11311194,0.9623749
6,115,7,visual,1.0,0.13391952,1.0,0.6699519,0.09100913,0.870332,0.39039716,1.0,0.7856982,0.99827516,0.25297636,1.0,1.0,1.0,0.5673237,0.073417395,0.72401404,0.47075912,0.9972859,0.23522194,1.0,1.0,0.17403969,0.018573103,0.81600654,0.24825193,0.073404595,0.9626707
6,115,8,visual,1.0,0.43087834,1.0,0.50722516,0.12780102,0.8885898,0.47129565,1.0,0.4796178,1.0,0.28030926,1.0,1.0,0.9997927,0.3257311,0.13356116,0.7348344,0.53982073,0.9982976,0.27716723,1.0,1.0,0.24452095,0.119407244,0.78361255,0.2668942,0.13871501,0.965093
6,115,9,visual,1.0,0.07690001,1.0,0.51823926,0.09547236,0.912475,0.46155405,1.0,0.6796395,0.99107945,0.21369451,1.0,1.0,0.9975961,0.47775635,0.08243566,0.6813791,0.36994988,0.9882604,0.25771433,1.0,1.0,0.04760141,0.040664237,0.6073646,0.19130303,0.09330765,0.9923161
6,115,10,visual,1.0,0.22070776,1.0,0.38190183,0.053153235,0.96187896,0.40887436,1.0,0.5611785,0.99251163,0.3548017,1.0,1.0,1.0,0.4197463,0.09188234,0.8384913,0.53221667,0.9892478,0.3421782,1.0,1.0,0.08218133,0.08617561,0.5464819,0.09884744,0.056655914,0.9675599
6,115,11,visual,1.0,0.30288395,1.0,0.63644606,0.074724294,0.86108065,0.34306762,1.0,0.472085,0.99409664,0.34389645,1.0,1.0,0.99932534,0.51661706,0.04545508,0.71308726,0.5132019,0.992373,0.32551157,1.0,1.0,0.18292615,0.070132144,0.82431895,0.20742136,0.069881395,0.9814276
6,115,12,visual,1.0,0.11202882,1.0,0.49443376,0.01178132,0.9151467,0.4129434,1.0,0.62381846,0.9954024,0.3383345,1.0,1.0,1.0,0.31876254,0.03837415,0.6968846,0.433348,0.9931448,0.19742638,1.0,1.0,0.12111566,0.09186235,0.6177324,0.16606055,0.040478285,0.96942306
6,115,13,visual,1.0,0.21155001,1.0,0.63423884,0.18426274,0.9045859,0.50965524,1.0,0.6241342,1.0,0.5423437,1.0,1.0,1.0,0.5801183,0.12232703,0.86080176,0.48992395,0.9987232,0.46906257,1.0,1.0,0.14960285,0.013096321,0.77672374,0.0945467,0.1756827,0.95810384
6,115,14,visual,1.0,0.2905284,1.0,0.6887751,0.033434756,0.890268,0.46008763,1.0,0.7448142,1.0,0.36455047,1.0,1.0,0.99995595,0.6118219,0.054855805,0.767029,0.49072906,0.9984087,0.36827248,1.0,1.0,0.17396152,0.060685884,0.80020106,0.12819758,0.010936815,0.9244598
6,115,15,visual,1.0,0.09971532,1.0,0.63234043,0.13473767,0.9078315,0.65115523,1.0,0.80421275,0.99917996,0.37435278,1.0,1.0,1.0,0.54301476,0.003926384,0.8133568,0.5433267,0.9987601,0.30172694,1.0,1.0,0.28742617,0.07688185,0.7513243,0.18147838,0.07123178,0.984199
6,116,1,visual,1.0,0.15225361,1.0,0.7326605,0.077362664,0.9104905,0.4839611,1.0,0.6498809,1.0,0.3093344,1.0,1.0,1.0,0.61155003,0.05646003,0.86254144,0.5309881,1.0,0.25422204,1.0,1.0,0.19183776,0.055235133,0.8684319,0.14292347,0.045471683,0.98328865
6,116,2,visual,1.0,0.19068278,0.9991404,0.57963234,0.006148639,0.7447327,0.2048088,1.0,0.54217345,0.99349266,0.5451966,1.0,1.0,0.9995317,0.6090889,0.039855197,0.7166587,0.48458272,0.9910689,0.54935175,1.0,1.0,0.44566897,0.19274193,0.8006506,0.029627675,0.04453474,0.97889066
6,116,3,visual,0.99715835,0.36740276,0.9968043,0.67339057,0.22317624,0.8518152,0.2808781,0.99926823,0.6469948,0.99416053,0.8191413,0.9992511,0.9994609,0.9964333,0.6607744,0.4038857,0.6649378,0.49911952,0.98979443,0.74389327,0.99716026,0.9970576,0.4839596,0.17799303,0.8013581,0.5528791,0.13129427,0.98041457
6,116,4,visual,0.9912499,0.10782773,0.9812636,0.54383796,0.48897335,0.36494777,0.26457426,0.99830824,0.59107333,0.9970418,0.8704633,1.0,0.9974316,0.99382126,0.5942735,0.45346665,0.5471046,0.42576882,0.9942183,0.86664563,1.0,0.9902768,0.5692675,0.19523191,0.81294787,0.43523672,0.30155185,0.7892186
6,116,5,visual,0.9993553,0.4863251,0.9985003,0.71033746,0.023992486,0.7397344,0.4065962,1.0,0.6515226,1.0,0.66486925,1.0,1.0,1.0,0.6808505,0.29715902,0.62471795,0.58557963,0.9991818,0.57343596,1.0,1.0,0.3600519,0.22103432,0.850381,0.40483844,0.06397183,0.9189422
6,116,6,visual,0.99921876,0.097756565,1.0,0.46596536,0.04028474,0.8120602,0.297715,0.99947184,0.7786593,0.9995032,0.44151565,0.9998232,0.9990326,0.9999042,0.52420527,0.033434685,0.70892894,0.360057,1.0,0.3586981,1.0,0.9995075,0.43268698,0.07546705,0.7754388,0.31484696,0.12416264,0.9762507
6,116,7,visual,1.0,0.21449098,1.0,0.67564124,0.18543848,0.85637003,0.38868672,1.0,0.6147018,0.9990694,0.5695223,1.0,1.0,0.9970415,0.56244737,0.045732554,0.7120314,0.46158344,0.999897,0.511988,1.0,1.0,0.032500196,0.15357815,0.7953738,0.14266562,0.15255149,0.9768322
6,116,8,visual,0.95212305,0.2620606,0.97404087,0.12859237,0.33332977,0.32117262,0.15284826,0.9984745,0.43101904,0.96664745,0.431233,0.9974233,0.9831668,0.9992197,0.4944009,0.26675746,0.7910434,0.080218025,0.95991015,0.31776962,0.99948335,0.99630785,0.2461893,0.14180435,0.51570183,0.26705316,0.18111865,0.80051214
6,116,9,visual,0.99711263,0.17051181,0.9885229,0.6615629,0.13733752,0.7615156,0.507986,1.0,0.5805045,0.99951905,0.2737151,1.0,1.0,1.0,0.6027285,0.2265769,0.6847033,0.46784735,0.9961406,0.22151704,1.0,0.9983714,0.15326497,0.11006783,0.89035374,0.2512287,0.009802237,0.9481581
6,116,10,visual,1.0,0.14662129,1.0,0.766326,0.05261022,0.91506946,0.3950776,1.0,0.7176656,1.0,0.64854395,1.0,1.0,1.0,0.6427708,0.028249161,0.89689195,0.43565872,0.99859226,0.59617054,1.0,1.0,0.21789347,0.044385433,0.8794625,0.21949269,0.044329904,0.9861811
6,116,11,visual,0.88291305,0.59874207,0.93870467,0.8907612,0.25130442,0.2706197,0.21769169,0.9965195,0.0024018954,0.99595046,0.6668166,0.97981155,0.9729135,0.99353796,0.8861037,0.4159433,0.0055638915,0.8004149,0.99424297,0.66526496,0.9813529,0.98698896,0.7062237,0.736328,0.9301507,0.35071862,0.15483803,0.6764427
6,116,12,visual,1.0,0.37846628,0.99533427,0.47377056,0.17692174,0.7833354,0.3720289,1.0,0.687801,0.99428934,0.6335175,1.0,1.0,0.99797094,0.50550747,0.2233809,0.69830006,0.47020137,0.9919981,0.6099803,1.0,1.0,0.3999426,0.12302381,0.7514323,0.3850396,0.093153805,0.9696751
6,116,13,visual,1.0,0.15084796,0.9989667,0.3781456,0.14290313,0.8764619,0.4161881,0.99940205,0.74138254,0.98262656,0.5472936,1.0,1.0,1.0,0.25683197,0.080702536,0.67199755,0.45384857,0.98027164,0.4948267,1.0,1.0,0.363956,0.021140685,0.5891631,0.39846644,0.23201978,0.98441964
6,116,14,visual,1.0,0.014486469,0.9993872,0.3212649,0.0027044096,0.7570048,0.47530973,1.0,0.77486885,0.8853943,0.68542343,1.0,1.0,0.9973424,0.23193014,0.0022617423,0.75533164,0.41988364,0.8401083,0.58256143,1.0,1.0,0.11811349,0.013876751,0.3746027,0.22192053,0.035844393,0.9227693
6,116,15,visual,1.0,0.1767277,1.0,0.65006447,0.16146906,0.88471335,0.46099433,1.0,0.71380407,0.9564977,0.4760495,1.0,1.0,1.0,0.51319623,0.13520531,0.91900814,0.48622683,0.96263564,0.37443468,1.0,1.0,0.48382202,0.03479444,0.6900442,0.30914778,0.15222207,0.9369438
6,117,1,visual,1.0,0.15279227,0.9985862,0.38917452,0.2762243,0.7801812,0.62761563,0.99211323,0.7452543,0.90569854,0.43376458,0.9998309,0.99924076,0.9826788,0.417876,0.015647927,0.5943728,0.4368635,0.89233565,0.33265644,0.99947166,0.9973213,0.30627108,0.013074801,0.4722799,0.36306712,0.26034105,0.91576535
6,117,2,visual,1.0,0.06597513,1.0,0.4171406,0.2062267,0.9216702,0.360353,1.0,0.7391342,0.96219116,0.4851247,1.0,1.0,1.0,0.3963356,0.19070648,0.7431948,0.32581824,0.95181525,0.3345113,1.0,1.0,0.09972581,0.14410636,0.5221563,0.3181029,0.17081721,0.98261267
6,117,3,visual,1.0,0.06822887,1.0,0.47070676,0.16047695,0.8218702,0.44341835,0.9987354,0.67702365,0.9990794,0.57910424,0.99856997,0.99702656,0.99896514,0.3454143,0.24843049,0.6912328,0.3305747,0.99446744,0.4773832,1.0,1.0,0.19517812,0.03377965,0.6376188,0.3427684,0.023675162,0.9743381
6,117,4,visual,0.8247487,0.98163927,0.97773933,0.99499804,0.8868725,0.939189,0.096299216,0.9993043,0.91939723,0.99992484,0.6015769,0.9665534,0.8756562,0.99996805,0.99108964,0.91099226,0.9183769,0.9890217,0.99990696,0.3935756,0.994198,0.9871117,0.9425706,0.98469514,0.9961821,0.89992344,0.85991514,0.98717934
6,117,5,visual,0.98631823,0.27679572,0.98694277,0.6252702,0.091352746,0.8599522,0.22359642,0.99740976,0.515451,0.9597564,0.63269794,0.9968053,0.99563146,0.998573,0.52694666,0.14871812,0.7396223,0.48111045,0.9820027,0.5732783,0.9982261,0.9965429,0.24396452,0.23013142,0.7360888,0.3430471,0.123546265,0.9988275
6,117,6,visual,1.0,0.113323845,1.0,0.7348156,0.12389779,0.8865967,0.25905788,1.0,0.7409819,1.0,0.6408911,1.0,1.0,1.0,0.6300872,0.18705794,0.7617714,0.3062547,0.99980253,0.531155,1.0,1.0,0.34090102,0.09714704,0.7217756,0.32652277,0.10995442,0.96451026
6,117,7,visual,1.0,0.20330141,1.0,0.6703225,0.22072038,0.95413727,0.30925715,1.0,0.87920475,1.0,0.45385328,1.0,1.0,0.9984326,0.46662018,0.26311636,0.73741823,0.4166349,1.0,0.3047691,1.0,1.0,0.30582952,0.06471759,0.7744086,0.3346021,0.2152891,0.9937221
6,117,8,visual,0.9932678,0.8162086,0.99533385,0.716144,0.7115488,0.8746505,0.9204813,1.0,0.6764778,0.99802786,0.67863435,0.9951445,0.9974208,0.9997546,0.919655,0.32158425,0.6192159,0.24806178,0.9967034,0.7426957,0.99725056,0.9982879,0.54856074,0.85813016,0.9276887,0.24630691,0.4053311,0.6719432
6,117,9,visual,0.9811803,0.3246512,0.98108,0.7539728,0.21098231,0.3337273,0.28753138,1.0,0.87557304,0.9986019,0.6480376,1.0,1.0,1.0,0.73337257,0.19021618,0.8682137,0.061625678,0.9987767,0.56420076,1.0,1.0,0.5192843,0.31559253,0.7511997,0.3257952,0.0554496,0.9247147
6,117,10,visual,0.8859699,0.03623907,0.85816306,0.38868183,0.16744764,0.24649493,0.24850589,0.99968517,0.9206017,1.0,0.44185984,1.0,0.99923044,0.99924827,0.8179815,0.2442552,0.8585305,0.115907505,0.99972916,0.36065876,1.0,0.99943143,0.40547842,0.3075006,0.7783475,0.29291725,0.14264935,0.8806563
6,117,11,visual,0.85286856,0.10397271,0.8260082,0.566965,0.24404325,0.2311328,0.41778907,0.9842208,0.8597751,0.99972993,0.49057087,0.9998416,0.99245626,0.97828263,0.7889805,0.20662124,0.58266175,0.5319519,0.9986104,0.49534467,0.9999703,0.98806506,0.57156205,0.43368325,0.82551986,0.38991073,0.11081295,0.86579454
6,117,12,visual,0.86461735,0.5132284,0.87964773,0.7369315,0.18689913,0.3543098,0.3038702,0.99979544,0.7424806,0.9983805,0.54184395,0.9993735,0.9909146,0.9999012,0.447472,0.17876086,0.4221291,0.62051576,0.99916506,0.58794856,0.99907637,0.9929787,0.021883596,0.31914172,0.86677575,0.13375363,0.100832544,0.8355354
6,117,13,visual,0.99771386,0.24128725,0.99417824,0.5078701,0.12679878,0.3799098,0.49170375,0.9981055,0.77858484,0.99892616,0.65729225,1.0,1.0,0.9949702,0.6279571,0.050165378,0.71920353,0.17570283,0.9949338,0.5921467,1.0,1.0,0.26638687,0.16407396,0.7697027,0.28630784,0.03167743,0.96871066
6,117,14,visual,1.0,0.39524275,1.0,0.66947633,0.27763668,0.5674181,0.6459419,0.9997824,0.9216745,0.9971326,0.6811232,1.0,1.0,0.99852115,0.6406173,0.21398713,0.7969015,0.048299048,0.99505574,0.55973375,1.0,1.0,0.3384771,0.38770106,0.80863035,0.3808708,0.13674432,0.9595623
6,117,15,visual,1.0,0.21335784,1.0,0.48933616,0.29672208,0.5697703,0.8505231,1.0,0.84984875,1.0,0.4746512,1.0,1.0,0.99816537,0.628276,0.2392135,0.6604518,0.23839186,0.9990075,0.333863,1.0,1.0,0.37766644,0.22301586,0.78881955,0.31959423,0.2354045,0.9659706
6,118,1,visual,0.9998796,0.5656667,0.9995468,0.47795317,0.2207663,0.5235828,0.7975039,0.9996564,0.5962321,0.9967658,0.3992381,0.9995738,0.9993399,0.9975764,0.72709507,0.088232234,0.87060636,0.09337361,0.997159,0.34029326,1.0,0.99973017,0.27282125,0.20510271,0.7608927,0.24925578,0.11767088,0.9301549
6,118,2,visual,1.0,0.53643966,1.0,0.64463764,0.26988843,0.66968423,0.7593276,1.0,0.837612,1.0,0.3918531,1.0,1.0,1.0,0.73079693,0.2151507,0.8803242,0.14831266,0.99816895,0.3047913,1.0,1.0,0.32917243,0.24556154,0.84236664,0.29513383,0.11580315,0.9513768
6,118,3,visual,0.9987778,0.38505885,0.99268156,0.55316764,0.27036333,0.5221339,0.63123184,1.0,0.80491084,0.9984541,0.3590045,1.0,0.99962854,0.9992932,0.61117744,0.09908862,0.7451131,0.08952211,0.9940403,0.2825606,1.0,0.99954945,0.31954327,0.25087294,0.7251246,0.23212585,0.022640914,0.8429558
6,118,4,visual,1.0,0.53725356,1.0,0.42584524,0.33791935,0.6411425,0.6956429,1.0,0.8429198,1.0,0.56766266,1.0,1.0,1.0,0.6826518,0.24886979,0.90051097,0.21793841,0.9982718,0.5223858,1.0,1.0,0.47030374,0.23011398,0.7713718,0.3749871,0.11327379,0.9850645
6,118,5,visual,1.0,0.61667967,0.9989551,0.59623444,0.32963276,0.541693,0.81549263,1.0,0.8770519,1.0,0.39378703,1.0,1.0,1.0,0.8292154,0.2948667,0.9168683,0.2952853,1.0,0.3305892,1.0,1.0,0.50165284,0.29311246,0.8915727,0.3698889,0.25623935,0.96429014
6,118,6,visual,0.99756014,0.63957375,0.9913664,0.2271217,0.3038931,0.44983485,0.75767463,0.99673074,0.6691966,0.8628028,0.7015681,0.99882406,0.99822575,0.9898479,0.326996,0.21016106,0.68717635,0.19813952,0.79962105,0.6055964,0.99848694,0.9875562,0.0480137,0.07274436,0.45873848,0.27520335,0.13141854,0.79060054
6,118,7,visual,0.9999412,0.52718776,0.9991428,0.30952054,0.10475651,0.2813924,0.70683306,0.9993606,0.8201495,0.92685163,0.7606892,1.0,0.99883217,0.9980535,0.4057335,0.15335968,0.79677963,0.2154752,0.9106356,0.6936011,0.99999636,0.99834275,0.17301755,0.1691445,0.57118547,0.24746455,0.06526763,0.9114913
6,118,8,visual,0.9740287,0.3009015,0.97131807,0.4920907,0.35689187,0.12665944,0.49418977,0.9970708,0.81426007,0.9606607,0.571765,0.9992284,0.9964637,0.9929871,0.53552544,0.22417054,0.7713242,0.28245822,0.96362656,0.4781029,0.9973586,0.9940571,0.4830141,0.27734035,0.6081985,0.4411746,0.23422648,0.77506703
6,118,9,visual,0.99982744,0.032812037,0.9981582,0.5631817,0.093125544,0.75546575,0.43469468,1.0,0.87430274,0.9914542,0.71924585,1.0,1.0,1.0,0.5717759,0.22014329,0.7644379,0.3663411,0.9825726,0.6701858,1.0,1.0,0.29048187,0.26973787,0.7310714,0.23073548,0.024691474,0.9646312
6,118,10,visual,0.9888035,0.16422974,0.9799724,0.54114336,0.18972348,0.48260882,0.3503231,1.0,0.8532614,0.9973664,0.645545,0.9994613,0.9997483,1.0,0.64075536,0.12122618,0.81714016,0.27520868,0.9982487,0.67753893,0.9987158,1.0,0.032794602,0.27785674,0.7387016,0.10899364,0.18695493,0.8847422
6,118,11,visual,0.9932051,0.11890065,0.9789744,0.4292621,0.2335788,0.62067646,0.43141305,1.0,0.7961402,0.999001,0.65590316,1.0,1.0,0.99713117,0.469171,0.071646035,0.79758304,0.25595596,0.9953075,0.6367753,1.0,0.99913955,0.42580876,0.108458206,0.7069743,0.3552586,0.0374503,0.92290306
6,118,12,visual,1.0,0.07366054,1.0,0.82505816,0.07759623,0.95848835,0.5372041,1.0,0.77081156,1.0,0.6835843,1.0,1.0,1.0,0.7795579,0.21778768,0.85064256,0.30035648,1.0,0.56725746,1.0,1.0,0.43149382,0.18098333,0.8756982,0.3969358,0.0038397058,0.98636013
6,118,13,visual,0.99753416,0.06516274,0.99582505,0.764801,0.07113187,0.89961636,0.32066563,0.9999622,0.8364952,0.9999672,0.5900058,0.99980474,0.999266,0.9981102,0.80563235,0.15794972,0.73147845,0.27809882,0.99965954,0.5136869,0.9964114,0.9975603,0.43325046,0.362413,0.79613024,0.25588048,0.04749572,0.9346606
6,118,14,visual,0.9980716,0.23293883,0.99178714,0.7129347,0.10614898,0.50707257,0.59554833,0.999211,0.8559394,0.9995649,0.48696306,0.99952596,0.99897265,0.9975899,0.7834991,0.11040744,0.818456,0.27227572,0.99814016,0.5189512,0.999497,0.9975363,0.24200474,0.45056325,0.88513434,0.14508832,0.09359006,0.9343976
6,118,15,visual,0.9956808,0.17532174,0.98986137,0.69707096,0.21183698,0.8302504,0.48139328,1.0,0.9073069,1.0,0.58809716,1.0,1.0,0.9997903,0.8306046,0.140185,0.9238679,0.25990948,0.9980753,0.51769614,1.0,0.99904907,0.05747675,0.22295536,0.85223335,0.2012713,0.10567856,0.98062766
6,119,1,visual,1.0,0.051296573,1.0,0.74762946,0.12862782,0.9106074,0.53425854,1.0,0.8683631,1.0,0.49900037,1.0,1.0,1.0,0.71746206,0.02824413,0.8844146,0.34052032,0.99869454,0.37140825,1.0,1.0,0.19139484,0.21583089,0.7964835,0.26273817,0.10871871,0.95649385
6,119,2,visual,1.0,0.0402242,0.99979585,0.7243592,0.081464574,0.9297105,0.34586594,1.0,0.91316617,1.0,0.5435178,1.0,1.0,0.9982288,0.7366132,0.14203621,0.78054506,0.11140522,0.99808437,0.47470137,0.9998104,0.99851054,0.41741696,0.26882073,0.78261435,0.30790228,0.011821361,0.93332314
6,119,3,visual,1.0,0.08603769,0.99989563,0.7435208,0.12487277,0.76121914,0.35008815,1.0,0.9570159,1.0,0.25957865,1.0,1.0,0.9997772,0.7185903,0.3303365,0.7900046,0.33594602,0.99922305,0.16108723,1.0,1.0,0.2790258,0.20590873,0.82991284,0.3229194,0.19402812,0.95161146
6,119,4,visual,0.9899578,0.025366323,0.98641014,0.51007307,0.25590113,0.4024596,0.28833652,0.9999009,0.9365144,0.998689,0.7538402,0.99951786,0.9992932,0.99900556,0.7639561,0.16464378,0.80249643,0.38255784,0.997922,0.6068294,0.9996776,0.99574584,0.50199413,0.3052285,0.7907231,0.427179,0.20624457,0.8541823
6,119,5,visual,0.99930614,0.086037,0.9963331,0.68373954,0.15900376,0.72484463,0.4597124,1.0,0.91640496,0.99762607,0.77003974,1.0,1.0,0.99662894,0.75216275,0.058137126,0.7090291,0.3668769,0.9926291,0.75183624,1.0,1.0,0.41026273,0.33379382,0.7911738,0.39032537,0.12535602,0.9871458
6,119,6,visual,1.0,0.09198066,1.0,0.7478911,0.12714665,0.80021864,0.3180203,1.0,0.906478,1.0,0.40229225,1.0,1.0,0.9992681,0.7506931,0.08543466,0.8122064,0.16752689,1.0,0.21239717,1.0,1.0,0.12237393,0.28905383,0.8811225,0.22617213,0.08300673,0.9610643
6,119,7,visual,0.99845827,0.063996874,0.99471855,0.6433179,0.053829294,0.6796153,0.28162506,1.0,0.73842126,1.0,0.36947292,1.0,1.0,1.0,0.66136813,0.035556972,0.8423404,0.1735827,0.99261934,0.40527996,1.0,1.0,0.06609726,0.33227706,0.8303077,0.11294727,0.12668136,0.9531692
6,119,8,visual,0.99055374,0.07638787,0.9837164,0.60419333,0.078096665,0.45523363,0.45006007,0.9993387,0.730713,0.99988294,0.54760647,1.0,1.0,0.99387366,0.7569131,0.14310437,0.73650396,0.27002072,0.99573183,0.38723448,0.9998405,0.99737746,0.020952856,0.25666952,0.77575564,0.1546052,0.07418792,0.88885117
6,119,9,visual,0.99450946,0.058093704,0.9899369,0.6366773,0.035511337,0.5849375,0.40066186,0.99922013,0.7388213,1.0,0.4052961,1.0,1.0,0.9921631,0.69105905,0.1969058,0.7479187,0.24791636,0.99938565,0.27289397,0.99991584,0.9978492,0.24432623,0.32641596,0.8327578,0.20116547,0.0070382757,0.94023085
6,119,10,visual,1.0,0.20680983,1.0,0.8286204,0.07645081,0.9642391,0.4058883,1.0,0.78370154,1.0,0.366077,1.0,1.0,0.99933124,0.8540139,0.0347576,0.8473128,0.14870735,0.99900573,0.2583056,1.0,1.0,0.049129732,0.31418255,0.8785631,0.093744874,0.0447833,0.9918276
6,119,11,visual,0.99575156,0.036298096,1.0,0.74785155,0.01304331,0.92529184,0.33370206,0.99855036,0.86116093,1.0,0.47251573,0.99946386,0.9976058,0.99968493,0.735879,0.035940226,0.7555864,0.29801276,1.0,0.33820227,1.0,0.99956614,0.17219432,0.2910254,0.84517485,0.113503456,0.053128872,0.9273779
6,119,12,visual,0.9942354,0.10955,0.9956227,0.64656806,0.0058141286,0.75478613,0.48825496,0.9977848,0.84054697,1.0,0.4632697,0.9994497,0.9961872,1.0,0.7349392,0.0891494,0.8920589,0.18877119,1.0,0.42604238,1.0,0.9988231,0.30509236,0.31775638,0.8204928,0.21793485,0.059065115,0.93107
6,119,13,visual,0.9951537,0.16322473,0.99171925,0.7425879,0.046475083,0.7700578,0.41100967,1.0,0.9827395,1.0,0.31477395,1.0,1.0,1.0,0.788512,0.14437664,0.9073317,0.17774424,0.9991106,0.28093192,1.0,1.0,0.04982961,0.32186243,0.85196584,0.20601147,0.07566416,0.9542915
6,119,14,visual,1.0,0.033893928,1.0,0.87570393,0.12566437,0.9051077,0.5406295,1.0,0.8565044,1.0,0.38140985,1.0,1.0,1.0,0.87476486,0.19149895,0.9254809,0.343614,0.9998134,0.381521,1.0,1.0,0.336599,0.48944604,0.95086193,0.23327394,0.07008606,0.9797375
6,119,15,visual,1.0,0.012462287,1.0,0.7570736,0.06273819,0.93367046,0.5047417,1.0,0.92936724,1.0,0.4714722,1.0,1.0,0.99903935,0.7918782,0.07640991,0.860441,0.28020033,0.9986992,0.45443195,1.0,1.0,0.28918555,0.3816863,0.8522836,0.2752073,0.065793745,0.9964545
6,120,1,visual,1.0,0.081850775,1.0,0.7626656,0.005474025,0.95320106,0.5254506,1.0,0.92148525,0.999898,0.41426167,1.0,1.0,0.9995126,0.6976085,0.16113934,0.8223282,0.3329434,0.99706477,0.29225525,1.0,1.0,0.06722681,0.3329445,0.8340516,0.1269419,0.07812609,0.988067
6,120,2,visual,1.0,0.13420454,1.0,0.79491,0.018878454,0.8893503,0.4384206,0.9998144,0.9311669,0.99925137,0.43537527,0.9998586,1.0,0.99970156,0.84425807,0.07958158,0.691815,0.39311665,0.99911875,0.340327,1.0,1.0,0.32745898,0.40730616,0.89200944,0.15632115,0.006694544,0.9414078
6,120,3,visual,0.98443276,0.01429252,1.0,0.61929405,0.18946898,0.89418,0.48420635,0.9786623,0.7842758,0.99526495,0.36572543,0.9954254,0.9922757,0.99993473,0.7290674,0.17960745,0.84944,0.31982633,0.9966327,0.23165452,1.0,1.0,0.49749878,0.38241908,0.79586107,0.24618694,0.13779762,0.98902065
6,120,4,visual,1.0,0.06774743,1.0,0.6091273,0.08505655,0.84611696,0.53874457,1.0,0.9551548,1.0,0.61062235,1.0,1.0,0.9966949,0.60595775,0.053059377,0.8089081,0.23614107,1.0,0.48034415,1.0,1.0,0.046581082,0.24082828,0.860979,0.17359303,0.0896841,0.9541452
6,120,5,visual,1.0,0.16030389,1.0,0.77937615,0.016545326,0.91954094,0.5115259,1.0,0.8931823,0.9987829,0.5000636,1.0,1.0,0.99944645,0.805862,0.053195044,0.8703348,0.28343642,0.99487954,0.44830287,1.0,1.0,0.26351792,0.31831244,0.91221267,0.16844644,0.09929661,0.96811056
6,120,6,visual,0.99539894,0.2076471,0.99506533,0.82053834,0.032216944,0.8061163,0.40477535,1.0,0.8809218,1.0,0.53783655,1.0,1.0,0.9989371,0.87648976,0.0076537146,0.8715056,0.24068752,1.0,0.49190715,1.0,0.9999376,0.21935466,0.46436158,0.9068496,0.1921035,0.097525455,0.9666497
6,120,7,visual,0.99537045,0.023013271,0.9867885,0.5822785,0.04337494,0.687638,0.35486636,0.99890876,0.94127905,1.0,0.57737607,1.0,1.0,0.99423933,0.61816543,0.09599726,0.7595186,0.16063595,0.99647605,0.4970066,1.0,0.99662983,0.34598058,0.24820991,0.77855355,0.28024495,0.012769629,0.9114423
6,120,8,visual,0.9023798,0.58596253,0.73805124,0.44672573,0.17934704,0.49075237,0.104079925,0.9914624,0.9072217,0.99870235,0.7778363,1.0,0.9996083,0.97175926,0.6142573,0.17215851,0.5424536,0.15793912,0.99178654,0.6423197,0.9995405,0.9967999,0.39594465,0.38591334,0.7201744,0.3678545,0.1782523,0.8989611
6,120,9,visual,0.8399056,0.68360996,0.7312483,0.6414489,0.4597351,0.41146082,0.024691014,0.9781055,0.93920696,0.9960291,0.38470837,1.0,0.99032205,0.9723163,0.7037052,0.45804328,0.4328072,0.40967616,0.9897215,0.2317659,0.9985618,0.9808184,0.43064347,0.55860555,0.7796049,0.4889779,0.40078533,0.89043605
6,120,10,visual,0.68296534,0.9925568,0.892898,0.98444426,0.18051863,0.9025319,0.5323497,0.99044555,0.8922002,0.9996993,0.5785461,0.955513,0.90320027,0.99761504,0.991212,0.84596974,0.6710821,0.9413644,0.9985394,0.7668027,0.98499084,0.97523177,0.98430914,0.9884817,0.99125093,0.7150664,0.38666978,0.9547896
6,120,11,visual,0.8964558,0.78272027,0.95262355,0.9546105,0.0963807,0.8731763,0.43977022,0.9805933,0.31395295,0.99685705,0.6325598,0.9894492,0.970268,0.9907956,0.95753366,0.5127077,0.7372639,0.6697396,0.99150133,0.5763423,0.9915661,0.97224236,0.86934525,0.911064,0.96443576,0.653327,0.208886,0.95453167
6,120,12,visual,0.95123345,0.13341114,0.9279232,0.8311489,0.5503177,0.48475334,0.28383568,0.9990038,0.896436,0.99712604,0.32271695,0.9915609,0.9861846,0.99536085,0.9056556,0.5325918,0.6407661,0.38276616,0.99120384,0.1302864,0.9843717,0.9681821,0.53679174,0.60500693,0.8931208,0.5725053,0.4809266,0.77085716
6,120,13,visual,0.93995494,0.29748183,0.94809675,0.8793084,0.12833562,0.8702814,0.040699173,0.9898021,0.77836204,0.9982132,0.74910337,0.99408245,0.9771864,0.99450535,0.88364935,0.124304004,0.7811249,0.23088387,0.9959272,0.70216364,0.9914845,0.9728211,0.6103154,0.69906896,0.91788495,0.28733942,0.003459786,0.95607346
6,120,14,visual,0.99050444,0.212249,0.9987089,0.78582466,0.15312709,0.54962647,0.44179484,1.0,0.8131413,0.9990486,0.70554286,1.0,1.0,0.9997948,0.78483695,0.033056833,0.9126555,0.1489915,0.9983851,0.6804272,0.99965805,1.0,0.7360008,0.41461846,0.87492055,0.3333384,0.007688312,0.93072766
6,120,15,visual,0.99947363,0.18187225,0.99845576,0.8184328,0.12144551,0.7384236,0.36416784,1.0,0.9830216,1.0,0.76536363,1.0,1.0,0.999139,0.74025756,0.05042067,0.76282334,0.13273208,0.99826807,0.63854593,1.0,1.0,0.55684394,0.38890266,0.850171,0.28373447,0.036710583,0.9382165
7,121,1,visual,0.93704975,0.78818697,0.40320155,0.6856593,0.4258737,0.6112713,0.017810958,0.9824111,0.97746795,0.94837546,0.9134384,0.894998,0.9700742,0.76507086,0.40761542,0.6833077,0.46021718,0.77898955,0.6708637,0.50523067,0.593505,0.2877196,0.5923704,0.058924966,0.85359716,0.44517094,0.106660046,0.8217568
7,121,2,visual,0.9477567,0.4433967,0.3439311,0.42236617,0.15833269,0.55132157,0.060601432,0.98627055,0.97561693,0.968361,0.35614088,0.9110123,0.9881007,0.7522369,0.45765808,0.25562397,0.5212267,0.439721,0.6470482,0.113593325,0.6056982,0.35635248,0.13652124,0.03735556,0.73140883,0.34221157,0.15638515,0.7616158
7,121,3,visual,0.98716456,0.837259,0.3841595,0.9476881,0.69877255,0.90610045,0.86725354,0.9947688,0.98032564,0.989508,0.9053274,0.96130383,0.9971948,0.9851495,0.911587,0.17330599,0.81595105,0.19946644,0.98626184,0.7053743,0.878866,0.90943366,0.5563155,0.6584134,0.9855692,0.4815878,0.15679534,0.9048733
7,121,4,visual,0.81906825,0.48806643,0.005270848,0.47206736,0.3061833,0.6249532,0.36858648,0.91485775,0.81779164,0.9589432,0.30709592,0.89734614,0.9399694,0.77038777,0.58009326,0.06107885,0.29604125,0.37117594,0.7396177,0.11175614,0.44915968,0.32089913,0.47028843,0.010942365,0.8317618,0.006236766,0.058740754,0.59273195
7,121,5,visual,0.6435311,0.6957472,0.67494553,0.3685617,0.5601069,0.48773426,0.4383949,0.90098083,0.93044525,0.54945993,0.6019643,0.74298656,0.7183985,0.78432393,0.070406444,0.045233067,0.23247904,0.53111947,0.20593524,0.44102326,0.18270515,0.10469552,0.34538907,0.33347324,0.6710391,0.2902352,0.106608346,0.63723737
7,121,6,visual,0.9541944,0.412249,0.1885425,0.12002091,0.36814293,0.72987586,0.12845908,0.90893805,0.91644055,0.8773814,0.87899274,0.7764205,0.7901843,0.788713,0.21921861,0.5769917,0.65330184,0.41119286,0.27412704,0.3413693,0.8128229,0.064450786,0.2296704,0.49388346,0.7271408,0.50657976,0.18037044,0.8112623
7,121,7,visual,0.29532164,0.2452798,0.2579886,0.45145416,0.15417689,0.24938424,0.069787905,0.10293468,0.30278695,0.5842477,0.49321645,0.8416136,0.30405807,0.9252187,0.7723412,0.23360191,0.47679955,0.32166338,0.871192,0.37046686,0.58087504,0.70768553,0.5517549,0.105753414,0.8873231,0.15212363,0.091147125,0.71337855
7,121,8,visual,0.8835248,0.63809633,0.13600042,0.30785006,0.7391669,0.44340327,0.019686408,0.9530466,0.9190195,0.9408454,0.2870354,0.9032039,0.9513108,0.8824362,0.2937242,0.54593825,0.195842,0.718299,0.40097174,0.5378613,0.6000084,0.13148046,0.18338458,0.20392174,0.7866715,0.18541238,0.27950907,0.81408656
7,121,9,visual,0.7075635,0.84381866,0.7870071,0.4697,0.630675,0.5423516,0.5636156,0.9206008,0.9067613,0.79626095,0.9055188,0.91022,0.9253673,0.7755775,0.18384342,0.01484445,0.16863328,0.7108754,0.0035960493,0.07493781,0.18764745,0.28480443,0.27877077,0.14350824,0.42622122,0.2938181,0.36763313,0.74415845
7,121,10,visual,0.9910699,0.5782829,0.08707883,0.7381549,0.66331387,0.64045465,0.3199461,0.9510151,0.94932073,0.97080314,0.5401329,0.96530986,0.9624077,0.8932429,0.56596386,0.4799288,0.10291361,0.7718809,0.84475976,0.51317614,0.8639215,0.71029073,0.30095273,0.41243723,0.9470438,0.5316398,0.62673956,0.88526285
7,121,11,visual,0.77242106,0.00028088523,0.20010978,0.39579085,0.33381075,0.20977418,0.0062703555,0.802391,0.65338624,0.98167354,0.3800848,0.8251727,0.94498605,0.8179994,0.60941213,0.4099777,0.19826116,0.34587285,0.82182324,0.17965609,0.2721257,0.477033,0.51701385,4.3529173e-05,0.9538745,0.0862345,0.21742049,0.4585558
7,121,12,visual,0.8059859,0.8242601,0.06185088,0.91805196,0.3879701,0.74296004,0.63376814,0.9654215,0.92736965,0.97654223,0.06853721,0.92457104,0.9810508,0.71231526,0.36279616,0.611984,0.46643797,0.5446776,0.6539358,0.5862464,0.53668785,0.23222604,0.55565095,0.18696883,0.8069728,0.035285126,0.3559283,0.5951114
7,121,13,visual,0.82527107,0.4466582,0.26252836,0.6138299,0.14885525,0.39514932,0.10715495,0.9601714,0.9467086,0.8901343,0.31561497,0.9136176,0.92886436,0.73909366,0.40980643,0.37278458,0.26379997,0.53901434,0.5599909,0.14900756,0.4344061,0.059925012,0.64790744,0.14766775,0.83344585,0.009743165,0.07075275,0.6431889
7,121,14,visual,0.90401024,0.9088797,0.8838924,0.925215,0.45040283,0.7931793,0.8299487,0.96881926,0.9846888,0.9506773,0.5091913,0.9505494,0.965834,0.67555285,0.4980478,0.10701382,0.47240973,0.66915464,0.40128022,0.03906621,0.74717164,0.00035261002,0.0038620285,0.17009452,0.7974109,0.49360803,0.029749922,0.85357744
7,121,15,visual,0.88631785,0.593092,0.60995287,0.6084636,0.04313697,0.7553264,0.3068491,0.9526119,0.97651356,0.97796094,0.6120362,0.8804152,0.950943,0.5566959,0.571944,0.06058931,0.7440134,0.23670527,0.64211017,0.11009343,0.79603213,0.027888542,0.32873657,0.40666524,0.9287666,0.4907972,0.09568665,0.8081668
7,122,1,visual,0.5886667,0.34638533,0.52570856,0.60857934,0.18542238,0.15873013,0.18884157,0.7611464,0.44901913,0.91570216,0.26655316,0.80852824,0.87421453,0.643692,0.85090756,0.099441804,0.17739408,0.1514585,0.86213446,0.23390403,0.5868358,0.65232223,0.049567595,0.22492807,0.8737471,0.110032156,0.20561628,0.36666766
7,122,2,visual,0.9191943,0.714824,0.2097014,0.7620721,0.405308,0.7312118,0.47621807,0.95680404,0.91122705,0.90495753,0.6020535,0.9360311,0.96376884,0.85633504,0.6272728,0.25170547,0.71838677,0.56498474,0.8630575,0.23740618,0.80189407,0.48197705,0.2091655,0.22444886,0.9099673,0.36772263,0.023874162,0.9276139
7,122,3,visual,0.9974495,0.8573131,0.5210655,0.7589329,0.5009905,0.88290256,0.4494692,0.9979447,0.9980976,0.98247725,0.9000254,0.9598215,0.9642035,0.96918255,0.44310424,0.9293834,0.82692116,0.5043048,0.9306623,0.4511429,0.9006143,0.7031733,0.89096737,0.64554226,0.9147961,0.8478256,0.68057185,0.936419
7,122,4,visual,0.9343158,0.78986263,0.13922504,0.3285246,0.11382712,0.3853058,0.03280573,0.9794016,0.9677222,0.945089,0.5736625,0.9795328,0.9862834,0.90677714,0.13269988,0.24511346,0.046384797,0.7895326,0.8173972,0.034994878,0.65001065,0.26588356,0.5831527,0.1628081,0.87300986,0.20342137,0.053174153,0.79875934
7,122,5,visual,0.419575,0.7788095,0.63309175,0.70995796,0.13013087,0.5724493,0.48038673,0.8185616,0.8601506,0.71280783,0.24215248,0.8334863,0.79545724,0.7586016,0.20342039,0.117698565,0.35426024,0.5397077,0.68597245,0.056506727,0.661636,0.4223761,0.50469154,0.065336935,0.7582868,0.11656235,0.31084892,0.629234
7,122,6,visual,0.7430824,0.78785574,0.13878101,0.43619704,0.08994536,0.7812666,0.4919509,0.9448781,0.95950055,0.89989364,0.56768024,0.93822825,0.95735955,0.91337484,0.15530479,0.3164316,0.15460634,0.61679476,0.71274894,0.54821944,0.73305225,0.6693473,0.007661173,0.04254458,0.76999074,0.32412246,0.13612753,0.767122
7,122,7,visual,0.98986304,0.44402704,0.6142452,0.14151336,0.40120915,0.5767976,0.58959347,0.98961145,0.9649251,0.98258513,0.9245135,0.9847855,0.9935285,0.97989184,0.13605182,0.9290999,0.16705997,0.974591,0.9852914,0.09075903,0.8207547,0.6180185,0.9347258,0.08569141,0.97556996,0.66987276,0.40197468,0.9189848
7,122,8,visual,0.92363405,0.7551412,0.25474116,0.7895164,0.26497528,0.60724694,0.26060602,0.9406269,0.9271853,0.9703101,0.32509324,0.91683483,0.9446298,0.8323553,0.45513192,0.57735,0.36309722,0.77685565,0.77488726,0.20591478,0.63992774,0.03653252,0.4379763,0.14462148,0.8881765,0.36021146,0.032642942,0.826208
7,122,9,visual,0.8669522,0.79024994,0.57562757,0.6256106,0.4780983,0.64141476,0.20065598,0.8323527,0.9639887,0.8998955,0.38965338,0.84530324,0.88973224,0.6924327,0.23974986,0.06219521,0.39175835,0.6048235,0.6579186,0.43550402,0.5352817,0.19288918,0.005956796,0.010991958,0.8410363,0.02622972,0.15738194,0.7471367
7,122,10,visual,0.79049784,0.65885514,0.0002745688,0.83650684,0.76309574,0.5605745,0.31293678,0.913615,0.9619221,0.97271895,0.002279669,0.9068502,0.9499319,0.72659314,0.53246355,0.8751767,0.39304465,0.5029765,0.92609876,0.7943257,0.6797394,0.38881168,0.7286107,0.031048946,0.8834334,0.37304208,0.54502606,0.77138937
7,122,11,visual,0.90174043,0.84237635,0.4102117,0.71340704,0.24518579,0.701973,0.2616437,0.9275611,0.973098,0.957427,0.21344787,0.91465694,0.96347624,0.7297934,0.2545277,0.3447141,0.5748668,0.75162315,0.9535727,0.06624446,0.89942867,0.40472972,0.38365227,0.4336341,0.87355196,0.31225777,0.23415805,0.9434578
7,122,12,visual,0.8121796,0.6353701,0.16130278,0.8174603,0.5492018,0.6825176,0.48356828,0.83540314,0.93243545,0.92878574,0.08733103,0.9085155,0.9001705,0.5097011,0.53205884,0.49072766,0.3024182,0.21251051,0.882193,0.24420033,0.8586075,0.38449016,0.05890296,0.048035953,0.91499096,0.27564174,0.34761664,0.82135665
7,122,13,visual,0.9191579,0.62816656,0.0816953,0.6469198,0.5512074,0.8147686,0.15180075,0.8001768,0.9481543,0.9167915,0.010288436,0.88797253,0.91186994,0.7826052,0.3725834,0.23037517,0.61109257,0.38264173,0.8800231,0.5004969,0.93552476,0.4778602,0.23456837,0.20609327,0.862165,0.27964953,0.2300859,0.9169941
7,122,14,visual,0.72444767,0.24526007,0.17487837,0.67456686,0.59863985,0.5756367,0.14457217,0.73787254,0.93881804,0.9294732,0.5356414,0.8033486,0.85925686,0.4267674,0.30641273,0.63096625,0.34013024,0.39103547,0.83125436,0.42963442,0.7941158,0.22965215,0.23508461,0.17981724,0.9336165,0.104231134,0.47790533,0.8079653
7,122,15,visual,0.8807549,0.86428696,0.35710973,0.7423991,0.6939004,0.8993536,0.39690092,0.95996773,0.93659925,0.91395533,0.71163034,0.93894273,0.958836,0.73245394,0.5146303,0.77621347,0.8012232,0.6528798,0.81206566,0.44342786,0.9058388,0.3417833,0.30943564,0.26342234,0.81936324,0.679674,0.39773244,0.9610945
7,123,1,visual,0.71766543,0.7370356,0.6196427,0.8357219,0.67757046,0.70289296,0.6516351,0.90215236,0.9183614,0.88063127,0.85670143,0.89422315,0.92073166,0.5114844,0.59693485,0.05993397,0.39460495,0.4425275,0.6576312,0.34031332,0.71730053,0.36792228,0.2086563,0.07358403,0.8082839,0.15800309,0.3333432,0.8191776
7,123,2,visual,0.8876371,0.7994466,0.31867078,0.6971998,0.38612825,0.7040067,0.19733883,0.94182175,0.9544571,0.97055256,0.27650863,0.9316124,0.9794248,0.8539923,0.38880736,0.2562963,0.34865612,0.63722146,0.74600345,0.069434755,0.7742877,0.35337934,0.28737336,0.12995897,0.8629214,0.10231718,0.14156607,0.84768325
7,123,3,visual,0.7967239,0.07690007,0.15089463,0.4233549,0.49870023,0.6838155,0.20688422,0.8370816,0.95327336,0.79504776,0.081769615,0.7155122,0.7971437,0.18524507,0.3020988,0.070262425,0.6657544,0.23296247,0.38120463,0.29652587,0.7253916,0.051786713,0.26380444,0.13927144,0.7092641,0.10864484,0.12848438,0.72999203
7,123,4,visual,0.6604102,0.28834218,0.29380023,0.8900789,0.10054883,0.69277734,0.52566624,0.7747744,0.8531681,0.93047893,0.09691445,0.6596256,0.8589838,0.5391229,0.4303026,0.1793972,0.63862306,0.2617367,0.8437583,0.28023967,0.7780609,0.37666136,0.052036528,0.13867655,0.7289121,0.07398913,0.121447146,0.7943832
7,123,5,visual,0.7337783,0.61975014,0.02559884,0.78681177,0.12689899,0.73951393,0.56443435,0.82174975,0.8663596,0.7940596,0.39210874,0.89477634,0.8756276,0.68351,0.51705056,0.2640992,0.4919713,0.22189434,0.89393985,0.1613989,0.85555124,0.57993954,0.3528978,0.11065692,0.8438806,0.21809477,0.089908876,0.8442896
7,123,6,visual,0.13607697,0.21424286,0.30485022,0.61690927,0.21033902,0.62082356,0.1768242,0.06974595,0.1355027,0.028744632,0.19059533,0.14273058,0.112494156,0.78702694,0.54008514,0.14846726,0.5769615,0.33123612,0.8065809,0.14469166,0.8869175,0.5507583,0.052400842,0.02686043,0.8380673,0.045293596,0.11545106,0.7469352
7,123,7,visual,0.7136806,0.6434598,0.007039155,0.8437539,0.19718866,0.74507034,0.5058468,0.8247299,0.86305314,0.92499167,0.42425606,0.9033386,0.92032933,0.82497984,0.6084757,0.080159634,0.52536905,0.2689147,0.9354195,0.12051699,0.9243599,0.76961285,0.56927913,0.04125224,0.93316036,0.36859366,0.09506478,0.8690507
7,123,8,visual,0.9564133,0.7739227,0.2020532,0.91515446,0.08769691,0.8405931,0.7198931,0.95690745,0.9630919,0.9756765,0.8734255,0.90331185,0.9653196,0.6618416,0.8730907,0.34443673,0.72749823,0.31908768,0.98194075,0.35656917,0.92804813,0.9100253,0.81790197,0.44417337,0.9809261,0.6305073,0.5624846,0.8522592
7,123,9,visual,0.9977274,0.4846836,0.9826271,0.54128915,0.301014,0.397085,0.8589049,0.9978077,0.9985322,0.99830943,0.958549,0.99483746,0.99814063,0.9898315,0.7149062,0.3982229,0.5231858,0.90093887,0.9900698,0.87120295,0.98610353,0.9724542,0.016176179,0.17974064,0.99067336,0.003240765,0.7062311,0.9756405
7,123,10,visual,0.8824768,0.68487656,0.30715623,0.6529978,0.50880986,0.4931522,0.29453424,0.92753804,0.9695368,0.9547092,0.2190431,0.93130744,0.9591096,0.8756399,0.43909267,0.44321698,0.2287571,0.55519277,0.96426964,0.33048627,0.85137147,0.7036101,0.032647196,0.028323399,0.96279275,0.13476758,0.38064587,0.83710444
7,123,11,visual,0.9358917,0.8004781,0.99732476,0.7549088,0.5260715,0.94515145,0.7269812,0.9337495,0.6482848,0.9370697,0.87459624,0.95672554,0.9762003,0.9970656,0.49446318,0.70550245,0.9437593,0.8300908,0.9947915,0.4237369,0.982913,0.96286696,0.7038024,0.9466431,0.8847429,0.8804253,0.19854847,0.95180523
7,123,12,visual,0.98888105,0.98337674,0.99516183,0.96773005,0.7244816,0.98676956,0.88312256,0.9945607,0.7039707,0.9901426,0.96122336,0.99180794,0.93817204,0.9978945,0.82894313,0.94281995,0.9813035,0.99232,0.9967696,0.8695084,0.99277407,0.97666985,0.97494775,0.98590094,0.99802816,0.9920817,0.19253054,0.9947817
7,123,13,visual,0.99777585,0.9290259,0.99702656,0.8469223,0.5106483,0.96321,0.9170151,0.9983143,0.79981065,0.9939592,0.98638004,0.98392993,0.8711171,0.9975679,0.45954514,0.7722666,0.94972426,0.99831164,0.99586076,0.99724656,0.9836064,0.9646522,0.7911808,0.95000833,0.9991345,0.9406832,0.9731375,0.98779696
7,123,14,visual,0.051892426,0.45456883,0.7520409,0.7692236,0.26584485,0.68182606,0.6131177,0.12862794,0.0062697907,0.52883744,0.5958747,0.6041367,0.062075187,0.27453104,0.6125726,0.3784297,0.50930387,0.18395345,0.6747984,0.119385965,0.61061573,0.29878998,0.39998636,0.044734955,0.89761484,0.027026588,0.2605154,0.6946796
7,123,15,visual,0.6098717,0.28395152,0.20554495,0.72658116,0.0689122,0.6943029,0.17501622,0.49039254,0.49163127,0.76567876,0.1035237,0.75105065,0.5430343,0.407282,0.7553022,0.2157961,0.80242705,0.20574993,0.8193057,0.055198763,0.84868115,0.21570875,0.13251266,0.16978484,0.9631549,0.1288374,0.09240655,0.91808826
7,124,1,visual,0.14798318,0.10592347,0.00450976,0.76696527,0.5054676,0.3904209,0.17021266,0.019030305,0.17563124,0.71064883,0.101571545,0.29139236,0.10867843,0.5594849,0.7685986,0.15506886,0.2263564,0.41569203,0.8539216,0.311355,0.36599353,0.1045828,0.2396962,0.2070714,0.97470665,0.125843,0.3573329,0.40214422
7,124,2,visual,0.27538428,0.41723293,0.3170609,0.75193673,0.25022215,0.82078815,0.43420178,0.3267232,0.15106621,0.7351799,0.7713873,0.55159265,0.24907756,0.19698593,0.818377,0.20298658,0.50574154,0.21739067,0.8948664,0.055562384,0.6000399,0.14865173,0.5234945,0.075455956,0.92093647,0.19889647,0.015563451,0.7057459
7,124,3,visual,0.20978688,0.28795114,0.06168051,0.48266715,0.928819,0.21797286,0.19373304,0.4421407,0.40081367,0.7949504,0.4846994,0.48911598,0.21008979,0.42495105,0.52053475,0.81545866,0.104464106,0.6408433,0.7200869,0.8208492,0.43970326,0.33171704,0.28179836,0.043503515,0.9135229,0.7171992,0.71675295,0.62668866
7,124,4,visual,0.22896373,0.64898735,0.25952893,0.76111114,0.60873705,0.5456494,0.47464803,0.6314528,0.43405473,0.77500373,0.6296863,0.6817906,0.45915332,0.82766926,0.54213023,0.365071,0.33793402,0.49393106,0.8139732,0.5569326,0.56684077,0.31865114,0.120772675,0.15215284,0.90915567,0.073189095,0.41112822,0.67346805
7,124,5,visual,0.34969237,0.3456898,0.34422854,0.53734404,0.21982718,0.4781336,0.041905027,0.050530303,0.32623577,0.61029375,0.29266325,0.6474157,0.0030841148,0.8560655,0.30540794,0.030805135,0.30600956,0.55924475,0.8017921,0.5069516,0.77976227,0.4656957,0.020163048,0.0070357798,0.8566433,0.15214568,0.22362952,0.8102067
7,124,6,visual,0.12017902,0.64866304,0.16622637,0.84897906,0.13605754,0.81001204,0.5706666,0.5999685,0.36649513,0.9026902,0.26785335,0.82497364,0.7163611,0.7136592,0.5521919,0.37573355,0.52298844,0.29021183,0.7742209,0.05016971,0.66811156,0.42248735,0.12386478,0.23201147,0.87578267,0.2023807,0.05610973,0.81810915
7,124,7,visual,0.08855255,0.62341946,0.29166114,0.6558154,0.019171607,0.9064916,0.6667032,0.22564906,0.08725859,0.43015546,0.6763897,0.5308299,0.01488892,0.4222883,0.53367907,0.110900685,0.80732685,0.028716745,0.68988156,0.14509973,0.71061206,0.4217184,0.45873475,0.18648674,0.7779648,0.0017388295,0.091387905,0.7389241
7,124,8,visual,0.11081784,0.7193836,0.28527972,0.8087239,0.52192974,0.63483834,0.46415368,0.87308705,0.5216653,0.899883,0.44808608,0.71066463,0.5922107,0.83697677,0.63442093,0.057999633,0.36892286,0.52950585,0.8831635,0.026283946,0.5658563,0.34109956,0.35231578,0.24567206,0.92208445,0.046876293,0.10138134,0.70328933
7,124,9,visual,0.9959899,0.9944724,0.99864846,0.9818215,0.9064824,0.983873,0.94323564,0.9976126,0.68243235,0.9979526,0.7765855,0.99264026,0.92622805,0.9997227,0.836058,0.9866049,0.9733386,0.99623954,0.9991865,0.9497403,0.9940913,0.996286,0.9849209,0.9676957,0.9996463,0.9874424,0.35316354,0.9924826
7,124,10,visual,0.99778444,0.9987272,0.9980989,0.99815226,0.9398934,0.9993459,0.977815,0.99934316,0.25595096,0.99892163,0.9937157,0.9993787,0.9987045,0.9993932,0.9947294,0.9903774,0.9993318,0.70346427,0.99914175,0.9952705,0.9994077,0.9992873,0.9984089,0.99932337,0.99799526,0.99927336,0.9826106,0.9994383
7,124,11,visual,0.21748738,0.6773437,0.062000345,0.6941856,0.14750025,0.6425552,0.31969002,0.46110597,0.41421118,0.75673026,0.09515423,0.6756888,0.45640966,0.71197295,0.31332076,0.08282061,0.037850376,0.6473,0.90347666,0.019491265,0.7302016,0.41835648,0.26491365,0.34465155,0.9246432,0.047287274,0.10274845,0.758703
7,124,12,visual,0.2986903,0.23458984,0.029748384,0.6571976,0.4883461,0.24987523,0.07764738,0.1790994,0.046191033,0.75373536,0.38637128,0.38657302,0.0887901,0.53927267,0.6036677,0.23528133,0.19051987,0.47873423,0.81104046,0.24149029,0.46606845,0.15950023,0.025543422,0.36932376,0.90702623,0.08450143,0.18470657,0.5727958
7,124,13,visual,0.17079274,0.58481956,0.13042997,0.7219837,0.40996772,0.49114153,0.12753014,0.5921491,0.3991643,0.7594591,0.28548482,0.5943961,0.32840902,0.71823364,0.4493058,0.72318137,0.26546142,0.5982052,0.8473023,0.4058925,0.7337152,0.11850633,0.6534614,0.22015181,0.906751,0.3600343,0.35044003,0.7873581
7,124,14,visual,0.7712696,0.11392344,0.18596298,0.26509148,0.1449286,0.5611255,0.0031496638,0.52262616,0.57869047,0.75292295,0.016064208,0.7201766,0.5916299,0.4650613,0.03142212,0.24125287,0.24094851,0.39515954,0.27105662,0.40110257,0.67270535,0.047601454,0.3944633,0.09245645,0.7500055,0.09435059,0.06393138,0.81419116
7,124,15,visual,0.2016128,0.7424206,0.21481422,0.8173428,0.5182664,0.8216874,0.70017713,0.6122826,0.3558406,0.8374876,0.029865103,0.8462995,0.7011331,0.7768448,0.66216636,0.3671381,0.68261087,0.114480935,0.9173291,0.27135333,0.87494284,0.7778236,0.23118015,0.47438872,0.93725914,0.1126054,0.0040172986,0.8507851
7,125,1,visual,0.35295126,0.23222962,0.2851974,0.72324866,0.10778424,0.6027056,0.35921434,0.3457093,0.7050093,0.8772966,0.11200043,0.5892828,0.5520357,0.15751988,0.7891085,0.051288653,0.551373,0.23719242,0.87050563,0.13746485,0.68978065,0.20420545,0.60790086,0.008163881,0.9517397,0.1488149,0.021803621,0.6976135
7,125,2,visual,0.40923524,0.7626674,0.17209557,0.2908183,0.5862235,0.62639433,0.23129767,0.7299001,0.2108294,0.68940395,0.37697253,0.4661016,0.45808682,0.9386587,0.61938626,0.17658272,0.4206146,0.77545893,0.62660545,0.58816725,0.6830523,0.50663155,0.22893944,0.47368214,0.2770591,0.2943318,0.36250383,0.7219094
7,125,3,visual,0.30983192,0.5641925,0.4345451,0.05423442,0.14542164,0.4221828,0.34695873,0.80101174,0.3175729,0.53759295,0.2951733,0.7386206,0.5537927,0.5331741,0.12600419,0.116686106,0.6017934,0.29597357,0.37153667,0.31846827,0.68568367,0.31641003,0.20045042,0.13047135,0.3266901,0.30729786,0.09529706,0.70892096
7,125,4,visual,0.057779167,0.57711786,0.7431936,0.82512766,0.12403483,0.3969107,0.0004992387,0.222455,0.19498599,0.7849615,0.2535818,0.43436313,0.17025866,0.797999,0.76793355,0.12577187,0.19953789,0.50259733,0.95158535,0.27770054,0.3616613,0.60940814,0.57348436,0.1048309,0.9541954,0.13216244,0.09958254,0.33318928
7,125,5,visual,0.20557128,0.69039255,0.3027684,0.7380302,0.09629393,0.7122941,0.47172967,0.47229418,0.36510348,0.35253197,0.2511011,0.614472,0.2155231,0.13367788,0.25937185,0.42884338,0.4203113,0.5125622,0.49469665,0.09960896,0.69858325,0.043489803,0.11478226,0.057269655,0.88662595,0.23261707,0.031060863,0.64846784
7,125,6,visual,0.7808617,0.3239611,0.21878469,0.24252939,0.4715337,0.556374,0.1516341,0.7897518,0.75027746,0.6895837,0.09826981,0.7651949,0.7252201,0.3911194,0.42878574,0.44194356,0.49644428,0.13433364,0.57208955,0.19602029,0.6679614,0.17591214,0.3700792,0.14528267,0.7541432,0.18332006,0.2862853,0.71783954
7,125,7,visual,0.15398337,0.009834449,0.50048226,0.42224124,0.490742,0.4259382,0.48168617,0.26449648,0.7227246,0.31308344,0.20868477,0.69417685,0.5191347,0.20433003,0.5395769,0.31068155,0.52709776,0.2684558,0.16238384,0.27243078,0.021486113,0.03754421,0.4309443,0.08484007,0.48782587,0.0067106616,0.19767733,0.5494646
7,125,8,visual,0.90947443,0.20053236,0.48719087,0.6391754,0.34936014,0.43442222,0.10361682,0.77173877,0.47257662,0.6310905,0.5889164,0.6700036,0.79161054,0.39109528,0.6551908,0.21868913,0.36977816,0.20618892,0.7889655,0.44827127,0.4582156,0.46967664,0.091341116,0.12796272,0.8578125,0.4138266,0.12206239,0.617827
7,125,9,visual,0.38653287,0.07461788,0.329423,0.800878,0.04000044,0.5243766,0.29542187,0.49372503,0.7416932,0.8932631,0.3209332,0.7454225,0.6104003,0.013726213,0.7829665,0.02676654,0.28490043,0.115030296,0.84238356,0.12290363,0.62621164,0.1498765,0.45564306,0.05111106,0.9303807,0.023009183,0.07552643,0.64428914
7,125,10,visual,0.11129842,0.8950572,0.29494008,0.8563408,0.45131606,0.8370416,0.6880246,0.18372446,0.72025055,0.9154177,0.030037751,0.8706831,0.5524635,0.35760722,0.49904782,0.0008558242,0.46145022,0.1647965,0.6949054,0.11200965,0.8820701,0.3436709,0.39272088,0.24237134,0.93996054,0.03374935,0.07959432,0.83232176
7,125,11,visual,0.23334324,0.7575397,0.030527096,0.7807051,0.20184661,0.4276414,0.42269623,0.6173905,0.32002893,0.84581643,0.19412588,0.5695834,0.71300954,0.69308215,0.52030516,0.026120463,0.12318953,0.2949882,0.8474162,0.14045104,0.66721904,0.4561247,0.5362631,0.17959324,0.8833592,0.0353178,0.11689313,0.5244808
7,125,12,visual,0.010903456,0.5619484,0.26809713,0.78465784,0.3171971,0.75606745,0.40488842,0.61813724,0.5538846,0.8663136,0.17728095,0.60068077,0.4920415,0.52853227,0.37089634,0.13695294,0.5812648,0.4907905,0.8819476,0.30019444,0.6777183,0.35702947,0.44360152,0.054927245,0.8596027,0.052958887,0.04276541,0.6880394
7,125,13,visual,0.22317052,0.50974846,0.66620153,0.9206241,0.39281788,0.5923326,0.67334527,0.7458863,0.7214287,0.8843001,0.25374958,0.822249,0.8078654,0.019497633,0.7004439,0.0057673706,0.50423527,0.07174673,0.6972717,0.0039808876,0.643874,0.15736687,0.3841948,0.17936507,0.85210353,0.33591485,0.054823738,0.71642154
7,125,14,visual,0.04240363,0.55503345,0.121949814,0.9163296,0.07928597,0.66294205,0.58118767,0.67289156,0.46103692,0.9792913,0.0954745,0.7686504,0.72982895,0.73478466,0.7989121,0.018862028,0.45302534,0.1389637,0.9677612,0.009803728,0.6540739,0.5756828,0.40953997,0.12875839,0.926808,0.080345295,0.037399884,0.7344837
7,125,15,visual,0.77259195,0.56028897,0.6821615,0.6088977,0.021607589,0.4124088,0.03580009,0.8848798,0.514726,0.8605848,0.35979444,0.4463822,0.58378756,0.8537263,0.41199762,0.23809533,0.10407587,0.57510805,0.8556361,0.30188215,0.36210164,0.38509268,0.2534688,0.23961926,0.95243496,0.0116639,0.109345324,0.36648887
7,126,1,visual,0.90243727,0.6547227,0.4705729,0.5761533,0.21515216,0.58750415,0.01501351,0.97067094,0.6637938,0.9524482,0.5025193,0.5788121,0.76483655,0.9616331,0.20084327,0.6519565,0.3560369,0.8600085,0.85160196,0.15749162,0.46293113,0.31972724,0.54802656,0.053495143,0.82074815,0.18895945,0.03194738,0.51756006
7,126,2,visual,0.9147751,0.6974461,0.96398234,0.3297192,0.5920747,0.046832733,0.7433522,0.9870639,0.78336614,0.5028022,0.37192345,0.38160798,0.15190199,0.9787477,0.543867,0.7281146,0.21430366,0.88975674,0.9802003,0.09472052,0.56324524,0.66400963,0.5835909,0.07874289,0.88991225,0.2255516,0.20309421,0.5801678
7,126,3,visual,0.06671743,0.84584635,0.04426084,0.9023314,0.37219745,0.6093131,0.30854166,0.72945994,0.17440554,0.959822,0.014527895,0.6556049,0.38187402,0.7572491,0.71011955,0.0051998403,0.3625238,0.57034457,0.983356,0.11498252,0.7830857,0.4777083,0.34563127,0.095734574,0.9426247,0.124003336,0.043375082,0.7424039
7,126,4,visual,0.62946886,0.5432281,0.69690347,0.7341125,0.81583226,0.6138758,0.24502663,0.8012682,0.05370142,0.6062506,0.7375949,0.47504428,0.38741896,0.9559585,0.5759058,0.53003275,0.37236923,0.7319958,0.8806558,0.7538104,0.74595696,0.52783585,0.014959084,0.13273829,0.85884595,0.01518868,0.6063334,0.6678246
7,126,5,visual,0.7636669,0.015659647,0.5218692,0.6991722,0.18243153,0.7273121,0.05945583,0.7273376,0.23222189,0.8808002,0.05770637,0.81925017,0.5377453,0.7962999,0.7463698,0.14208145,0.5535732,0.47208577,0.8820513,0.1681116,0.8426986,0.5051351,0.02745502,0.09624419,0.9024239,0.18859404,0.11990642,0.833445
7,126,6,visual,0.56313956,0.6471581,0.22756754,0.7537183,0.6218722,0.7450115,0.27547082,0.74785024,0.23329999,0.85419106,0.57926995,0.69342995,0.51089734,0.7832718,0.52310306,0.660576,0.50124776,0.4435401,0.9049041,0.5238992,0.6867982,0.4528364,0.6962197,0.12565276,0.9480582,0.38617283,0.47408253,0.79269606
7,126,7,visual,0.016405309,0.748471,0.14043114,0.8592147,0.09296726,0.3972132,0.07956798,0.7531569,0.102121055,0.9351745,0.1412582,0.560049,0.31541914,0.77886754,0.83503276,0.22488745,0.13712898,0.59131974,0.9308195,0.19507419,0.6168832,0.2447473,0.5724472,0.20135859,0.9121429,0.09656844,0.12313963,0.697837
7,126,8,visual,0.38363245,0.29206526,0.13732514,0.5610933,0.6351371,0.82359505,0.30691117,0.7633761,0.48626977,0.82130885,0.3191855,0.9298411,0.7395039,0.6137439,0.4210988,0.28079706,0.75243723,0.24767517,0.7189045,0.33678013,0.8578768,0.3843771,0.051538084,0.33820236,0.88603556,0.22779983,0.22476031,0.8677329
7,126,9,visual,0.15648386,0.7603845,0.19053504,0.8995822,0.38480082,0.5654721,0.4604709,0.80708367,0.22366905,0.93439424,0.44675145,0.53983426,0.57169944,0.86868453,0.7283278,0.0021019643,0.3991264,0.4055071,0.9682984,0.24084817,0.6916948,0.653146,0.33892217,0.1326329,0.959746,0.12594879,0.16493258,0.6801415
7,126,10,visual,0.0784046,0.7201174,0.2604467,0.8969404,0.36192328,0.5994998,0.48217788,0.7158682,0.5631154,0.9598701,0.14966749,0.67181736,0.6743729,0.60379124,0.7922895,0.19141926,0.36247694,0.18935096,0.943457,0.26272163,0.8107421,0.54221237,0.24494311,0.05556242,0.9301253,0.15973012,0.1459746,0.70614403
7,126,11,visual,0.030031221,0.56138116,0.07426022,0.8775893,0.5452583,0.7980427,0.61163497,0.5651939,0.3749114,0.8762707,0.30525786,0.73877025,0.6447518,0.7229064,0.67249316,0.41941312,0.6009249,0.1658135,0.9784534,0.15570463,0.8307366,0.7335189,0.3186474,0.3044031,0.9446532,0.32210398,0.22297087,0.778475
7,126,12,visual,0.14579342,0.55735856,0.1310725,0.84774023,0.61953706,0.4906862,0.4400326,0.5632472,0.22089325,0.87478703,0.59418243,0.5865192,0.3895069,0.5653782,0.6495386,0.19841108,0.40922138,0.26667118,0.9158976,0.408763,0.72381735,0.567345,0.36218786,0.16133691,0.89707386,0.03229793,0.37361026,0.6016587
7,126,13,visual,0.43621275,0.7396804,0.25678277,0.90463763,0.4564482,0.6029022,0.72885525,0.44513798,0.13003294,0.9016438,0.08340801,0.55277264,0.47596568,0.6378143,0.5983812,0.04679304,0.30798984,0.3189951,0.8906599,0.13104096,0.62779623,0.54565996,0.58920807,0.14967787,0.84237266,0.13906285,0.053993687,0.57368624
7,126,14,visual,0.47886813,0.4825241,0.47192952,0.8947112,0.0573354,0.71782553,0.72726125,0.2874373,0.29266092,0.8310227,0.430035,0.7138388,0.60511255,0.07129158,0.77313465,0.037888467,0.5826346,0.22124934,0.8592552,0.20307587,0.73210037,0.47268543,0.54737955,0.07198851,0.7893872,0.056365527,0.02707401,0.7887124
7,126,15,visual,0.57292575,0.80552596,0.09340116,0.8490642,0.23275992,0.47437322,0.4329277,0.34293747,0.34567985,0.7517026,0.34035233,0.53002954,0.03151055,0.8327912,0.42409402,0.2949666,0.23024583,0.6456131,0.9004066,0.07533335,0.4957776,0.44590062,0.4784934,0.18296307,0.904973,0.053841017,0.14795528,0.4552273
7,127,1,visual,0.27526906,0.3492146,0.4776508,0.874284,0.10516235,0.6152871,0.58527243,0.3290588,0.65643275,0.91730875,0.013334915,0.7203819,0.56819826,0.124130465,0.76054096,0.27650845,0.42490447,0.038592283,0.9025822,0.27228695,0.77626985,0.24162732,0.3777754,0.23867711,0.9472189,0.306009,0.1932356,0.6891023
7,127,2,visual,0.43710142,0.8072517,0.15351544,0.8480331,0.494867,0.6236602,0.588846,0.8380347,0.6000833,0.95766014,0.5608275,0.73320144,0.8277303,0.78210247,0.53191805,0.09984991,0.33483717,0.13809007,0.9304333,0.53202605,0.7760671,0.63948417,0.21524197,0.18839487,0.7240924,0.208509,0.010698591,0.6022631
7,127,3,visual,0.027458237,0.3076423,0.17468193,0.87389636,0.1559853,0.7706275,0.648013,0.42229035,0.6234052,0.9734725,0.30088454,0.6776963,0.6894974,0.4271181,0.7418573,0.32720518,0.48960558,0.0560523,0.9840004,0.33105737,0.6853565,0.46272653,0.5503613,0.18719429,0.89381796,0.114735015,0.2785436,0.7263488
7,127,4,visual,0.42282632,0.5404958,0.096338145,0.84502304,0.12849961,0.673075,0.41348612,0.7650881,0.5906188,0.9630134,0.29533884,0.728781,0.7067336,0.84983176,0.81034076,0.19059998,0.40542507,0.31980464,0.97465694,0.16752975,0.6997796,0.409483,0.55179805,0.059434846,0.96826553,0.0399977,0.15133978,0.71239424
7,127,5,visual,0.50479454,0.5327285,0.11116876,0.8336969,0.3294759,0.7300962,0.6279716,0.02966383,0.14577577,0.8255241,0.05403,0.71852726,0.40928033,0.5064316,0.6242501,0.25053802,0.47611278,0.100026675,0.96424836,0.21425463,0.86366576,0.71795565,0.5388935,0.20491408,0.9028474,0.26935333,0.25502297,0.7721578
7,127,6,visual,0.19412199,0.34730908,0.37843317,0.8072525,0.4471563,0.8648074,0.4251409,0.46551666,0.027207362,0.81666225,0.47372463,0.7085148,0.37534204,0.92511904,0.59372,0.6379803,0.6752544,0.32068756,0.95803607,0.36332038,0.81591773,0.62249035,0.6358693,0.3131739,0.9674671,0.26435056,0.2938482,0.7609832
7,127,7,visual,0.20656629,0.32187313,0.15482488,0.89077127,0.6770326,0.7034982,0.4564608,0.7635016,0.7253595,0.9671893,0.50866336,0.71302664,0.62169915,0.45809144,0.80079395,0.4088025,0.48249272,0.29904097,0.95954,0.34667966,0.7793352,0.29100055,0.18988556,0.16528475,0.95857984,0.005666566,0.31794938,0.75413215
7,127,8,visual,0.034826137,0.6824573,0.2478783,0.89087886,0.4448615,0.8028726,0.6609022,0.7103776,0.33179247,0.95943177,0.46002617,0.8257963,0.78654563,0.54331636,0.7259993,0.10479879,0.65425575,0.04715142,0.960779,0.6819032,0.7636268,0.5316691,0.079237185,0.12736851,0.9599785,0.18993859,0.23195794,0.82161224
7,127,9,visual,0.112983815,0.4181685,0.097653724,0.80582625,0.0046191327,0.7530373,0.44936192,0.53976846,0.52237326,0.9581122,0.326894,0.7706128,0.6740097,0.51470006,0.65312564,0.42088363,0.5054921,0.09914752,0.93888164,0.1119856,0.86149323,0.5198871,0.46668527,0.20126934,0.92107403,0.023460062,0.21692446,0.8026191
7,127,10,visual,0.15265949,0.48593125,0.22477894,0.90063846,0.52478695,0.7449532,0.64949644,0.6517943,0.6940217,0.97724086,0.6686445,0.71846086,0.70894295,0.6108967,0.63957995,0.2667709,0.49830583,0.33328438,0.98208594,0.4135052,0.6970893,0.459703,0.19606239,0.18743457,0.9576558,0.23740706,0.2892193,0.6817351
7,127,11,visual,0.28947216,0.4962869,0.16305195,0.78459495,0.10248568,0.6840808,0.3569521,0.7446147,0.5162711,0.92160493,0.21933427,0.8283807,0.69267607,0.5178038,0.70428157,0.1104302,0.56905943,0.23809032,0.9620433,0.12634963,0.86718214,0.44718578,0.037438374,0.013120666,0.93466556,0.13589658,0.06986431,0.8467819
7,127,12,visual,0.1704857,0.19653308,0.4233258,0.766333,0.048668664,0.7559173,0.26753694,0.56581753,0.28394547,0.9399603,0.26922533,0.83743006,0.62997305,0.729711,0.6202174,0.2888143,0.6488016,0.3206565,0.97701836,0.27489454,0.8896344,0.629633,0.42485875,0.41331455,0.97361535,0.11672509,0.23993027,0.79745454
7,127,13,visual,0.122610226,0.70253134,0.13768275,0.79803205,0.2043316,0.7093515,0.43551135,0.8307605,0.34497598,0.9558893,0.68988466,0.7590254,0.6419613,0.660814,0.6089842,0.40205014,0.48423994,0.36780593,0.95935464,0.3448475,0.777216,0.53360337,0.5694771,0.30924943,0.88898975,0.14499967,0.2648351,0.7585903
7,127,14,visual,0.43299413,0.43379816,0.24403015,0.69320977,0.34147388,0.75858915,0.30152774,0.742651,0.58913964,0.9778027,0.47917676,0.7024003,0.64509493,0.6928623,0.5923695,0.44836566,0.53849584,0.35898814,0.88155603,0.59308547,0.7357921,0.30729747,0.7623655,0.15491179,0.87664,0.17351408,0.39639923,0.7207989
7,127,15,visual,0.27099952,0.43782547,0.34463248,0.89509106,0.100295365,0.7138635,0.5383972,0.56135386,0.75739807,0.9701153,0.03315215,0.6301692,0.6078838,0.21568851,0.6596944,0.16826941,0.332689,0.20398146,0.9624704,0.37152335,0.72115713,0.3179994,0.6405481,0.21572927,0.91777223,0.09669304,0.09653056,0.697043
7,128,1,visual,0.57180756,0.5231982,0.24857347,0.70952004,0.70002407,0.79445034,0.27738583,0.8186588,0.6750329,0.9488257,0.38037518,0.8619484,0.73098934,0.7315153,0.6519458,0.6603177,0.65167993,0.42264026,0.91041,0.45135662,0.8710261,0.5449654,0.59053034,0.32065988,0.85453373,0.53559345,0.37286335,0.8569508
7,128,2,visual,0.44620857,0.44311053,0.055074535,0.80372965,0.25910643,0.4980134,0.12092196,0.90142465,0.6432266,0.9645679,0.56401986,0.6509392,0.5578216,0.50875854,0.6448321,0.04529977,0.23701462,0.48545924,0.92610544,0.16905965,0.7551036,0.24826442,0.3275499,0.01255815,0.9104606,0.39999855,0.025010152,0.77743536
7,128,3,visual,0.9735497,0.8921351,0.69814295,0.9842746,0.20791161,0.90514874,0.6309132,0.9840009,0.9126311,0.99073106,0.7681772,0.92337424,0.9615947,0.987168,0.93295217,0.26116115,0.8377077,0.86108327,0.98950016,0.71319073,0.9299662,0.91855043,0.55696535,0.53536206,0.9828729,0.73433375,0.17128174,0.90988284
7,128,4,visual,0.22198606,0.18816961,0.0101452395,0.6487139,0.10521314,0.13307853,0.102865525,0.7701951,0.6364981,0.8773505,0.39611256,0.38024455,0.4341901,0.6595315,0.08113097,0.59683716,0.04619496,0.68810093,0.8419588,0.18806213,0.39670768,0.12367495,0.33164525,0.21726997,0.84242296,0.15772814,0.1832394,0.42596316
7,128,5,visual,0.13909675,0.5974276,0.12006165,0.85836625,0.12382082,0.37593618,0.22135286,0.39189473,0.39322782,0.92586315,0.68709826,0.5354463,0.25775063,0.6884568,0.6173695,0.38020015,0.1335125,0.47677794,0.9396412,0.32612568,0.6237897,0.14559457,0.7186405,0.11531717,0.9428082,0.18804087,0.21291551,0.5728553
7,128,6,visual,0.05807915,0.44010794,0.74508053,0.60490364,0.20970495,0.28477216,0.3170043,0.31602767,0.35512534,0.61507475,0.42380458,0.50683916,0.015252256,0.9131647,0.23864849,0.5648974,0.2082539,0.61608505,0.9254061,0.0153333,0.5033488,0.4198186,0.29914102,0.20426711,0.9236562,0.14562672,0.12725563,0.6309705
7,128,7,visual,0.8106141,0.052487344,0.9585066,0.2312816,0.31998998,0.2894761,0.902179,0.5461167,0.67044646,0.73261565,0.1722589,0.5782199,0.09890756,0.8704778,0.10553269,0.30671528,0.14374591,0.7741559,0.9855374,0.55849725,0.7588458,0.83322066,0.23422012,0.005812397,0.8813991,0.15868472,0.25089157,0.6989939
7,128,8,visual,0.78919643,0.85015243,0.92282826,0.38005877,0.52940774,0.4133776,0.7909222,0.8974276,0.84618104,0.9023175,0.36019975,0.5557647,0.110360526,0.96018213,0.7612465,0.7745751,0.35679784,0.93533254,0.9888038,0.08110053,0.7615556,0.8463563,0.34468085,0.14889854,0.9130745,0.5351739,0.19671796,0.7498361
7,128,9,visual,0.22168182,0.22700779,0.39152393,0.7242417,0.20593226,0.12872316,0.22746399,0.45894095,0.07280067,0.8913818,0.33905628,0.3620947,0.2741919,0.5859184,0.41258433,0.36870363,0.18431915,0.45130458,0.80778974,0.12577365,0.62086076,0.36306027,0.43632805,0.29391468,0.8397682,0.11234105,0.026614236,0.62272364
7,128,10,visual,0.10286586,0.7539258,0.25582042,0.52697045,0.10937851,0.37996694,0.13949794,0.4546724,0.119006895,0.7694144,0.30485952,0.49096867,0.0365864,0.587065,0.29619735,0.37236282,0.097503535,0.67852694,0.85563123,0.009748792,0.5464897,0.20610793,0.51351357,0.023775732,0.84362334,0.24375398,0.13550976,0.6871599
7,128,11,visual,0.26604152,0.3779757,0.029601095,0.7336566,0.6155531,0.43357906,0.123405956,0.30497155,0.60117865,0.9291748,0.31269947,0.650903,0.47705016,0.429971,0.5440586,0.78948784,0.6373745,0.003287705,0.36279008,0.34674823,0.7643169,0.3165464,0.022719799,0.2352649,0.6841211,0.5488172,0.17846513,0.69560766
7,128,12,visual,0.13466887,0.053769574,0.30903426,0.7034499,0.5606446,0.7051002,0.20476793,0.5611127,0.07881643,0.61284953,0.038167555,0.8748958,0.30624548,0.44761506,0.65768695,0.24900569,0.66861326,0.08158309,0.89964396,0.60837764,0.8055219,0.54063874,0.15744768,0.11146285,0.8650217,0.12340534,0.32468495,0.8257418
7,128,13,visual,0.6788907,0.3058518,0.4129224,0.54442775,0.5915681,0.3866928,0.38228473,0.57930005,0.61064243,0.9108921,0.48966175,0.5109709,0.5306763,0.2313919,0.69550276,0.57436806,0.48342642,0.30007622,0.9535937,0.1229114,0.7230345,0.25020248,0.254918,0.18758832,0.9077546,0.56071,0.40416637,0.8105845
7,128,14,visual,0.86270684,0.38958958,0.21529429,0.8285124,0.112067945,0.12741272,0.39981222,0.97284317,0.9454658,0.96767914,0.17554645,0.59889853,0.711122,0.4526466,0.6486158,0.50287837,0.00957765,0.7095939,0.886035,0.1773363,0.4863471,0.22763208,0.6774598,0.35363707,0.96725374,0.26806378,0.12110413,0.52277935
7,128,15,visual,0.3126875,0.22351134,0.6316721,0.6513957,0.10954754,0.56244785,0.020661494,0.3977835,0.1087107,0.88347447,0.34977642,0.6767471,0.28546563,0.553891,0.5450878,0.12929104,0.22614433,0.33886307,0.89608324,0.4617034,0.8975747,0.60464036,0.023965944,0.17492892,0.8969194,0.46926185,0.015721722,0.7905616
7,129,1,visual,0.83157784,0.58996135,0.35636577,0.5359497,0.21384068,0.6711684,0.07724235,0.7503168,0.6505562,0.690912,0.83186847,0.3694368,0.43606594,0.7143368,0.37056267,0.031295095,0.47351426,0.642874,0.44197023,0.38729146,0.8740975,0.26922667,0.012622461,0.2449498,0.5819727,0.04234398,0.40730807,0.84094614
7,129,2,visual,0.29693425,0.67310286,0.27632052,0.9377056,0.2554916,0.9150295,0.8677717,0.79207945,0.78791875,0.95580405,0.29133272,0.82755643,0.8398923,0.59339386,0.6142855,0.52869564,0.65167403,0.028356804,0.956235,0.6614054,0.6998528,0.5055264,0.67868745,0.060552593,0.89016837,0.31561872,0.39764765,0.8521722
7,129,3,visual,0.6271469,0.10345647,0.658373,0.6759663,0.09436451,0.6300834,0.09947911,0.71633583,0.09303991,0.9071146,0.31111035,0.8157379,0.52666575,0.9188651,0.32863268,0.24583104,0.4746041,0.5624982,0.9301938,0.0563091,0.83014065,0.7797683,0.37567914,0.12308594,0.8775767,0.18570642,0.028699897,0.8160981
7,129,4,visual,0.5745881,0.4403011,0.18763939,0.79824513,0.5656598,0.78277016,0.4503245,0.8507022,0.583581,0.9306056,0.45741192,0.8560548,0.7773418,0.7872191,0.30214176,0.49521855,0.46602663,0.36368835,0.89966196,0.573038,0.7191352,0.42089263,0.6326694,0.06199777,0.9266026,0.30681404,0.49178815,0.8335896
7,129,5,visual,0.05204447,0.8132326,0.19023706,0.9255517,0.5066697,0.7259093,0.6182771,0.8488528,0.68854064,0.9870349,0.44998068,0.73682404,0.6849582,0.6712839,0.7588566,0.80355924,0.33008048,0.56468606,0.95004016,0.6657614,0.70036155,0.2675817,0.8005942,0.08733456,0.9567569,0.38274312,0.51587635,0.77536273
7,129,6,visual,0.38954967,0.74086916,0.14830638,0.85353273,0.51121795,0.8701875,0.61403966,0.8134734,0.4464726,0.9209493,0.12679183,0.83807874,0.76814616,0.74344575,0.48236653,0.14037889,0.5186171,0.38051897,0.9447487,0.09141987,0.8145479,0.6440626,0.06924644,0.042863294,0.8881025,0.17398773,0.048089728,0.87749213
7,129,7,visual,0.3275108,0.6402118,0.011363163,0.89242744,0.25678194,0.8938495,0.6157539,0.6606793,0.5001804,0.8689277,0.2471397,0.8041699,0.59128624,0.8012855,0.29115126,0.18187788,0.5366617,0.37005433,0.97024417,0.016256057,0.84700596,0.5303643,0.29446837,0.21717949,0.9005335,0.23215955,0.11468308,0.8506536
7,129,8,visual,0.5233469,0.12638895,0.33063075,0.70471865,0.09059397,0.83267117,0.4024945,0.76337,0.38846108,0.9061151,0.1652707,0.8852271,0.8078627,0.6870868,0.7217557,0.4007503,0.78218967,0.0548318,0.9602274,0.08253199,0.9371225,0.78649503,0.4174184,0.387036,0.8626438,0.42263848,0.128791,0.8957283
7,129,9,visual,0.26226646,0.8220511,0.39648935,0.83345616,0.36963448,0.76426107,0.2584934,0.8066458,0.6406972,0.9857328,0.46618998,0.8583067,0.796596,0.6984573,0.5736137,0.004989872,0.1942293,0.59364253,0.9703345,0.054144,0.8147142,0.40466136,0.21006684,0.05821334,0.9760595,0.42276314,0.06340807,0.8749088
7,129,10,visual,0.71956366,0.51160353,0.04018609,0.88505775,0.32221395,0.84958965,0.4169153,0.6762055,0.63134915,0.9077617,0.522658,0.8016812,0.628739,0.5503002,0.9178396,0.20185572,0.75523245,0.30095068,0.95601594,0.327408,0.841125,0.46617594,0.047846768,0.1403812,0.97670645,0.17829536,0.3550908,0.8466182
7,129,11,visual,0.33155242,0.76559716,0.114705816,0.93562484,0.537676,0.7719816,0.7590099,0.7190915,0.12104117,0.8952099,0.2777953,0.81446177,0.588284,0.5844434,0.8107485,0.2747689,0.34845576,0.24578819,0.9720065,0.057670884,0.8785991,0.6953195,0.24905069,0.025316795,0.86983323,0.12986222,0.15770452,0.8531818
7,129,12,visual,0.32057256,0.7430609,0.20132624,0.950226,0.12875521,0.9231388,0.6122846,0.65857816,0.52154595,0.84813017,0.54770464,0.75534534,0.59687936,0.9106587,0.82530165,0.07440625,0.7105023,0.40477386,0.98895454,0.07999685,0.945373,0.72340685,0.4353803,0.2685595,0.98631287,0.43704754,0.060676932,0.91263276
7,129,13,visual,0.2023996,0.89409405,0.18511006,0.9365489,0.024573812,0.90072954,0.72951066,0.6329163,0.6270822,0.8607668,0.57914346,0.8371179,0.67007536,0.5953068,0.79504067,0.30952486,0.5149377,0.23898676,0.9847092,0.1139803,0.95714015,0.7901514,0.50457656,0.1599524,0.95883,0.22381957,0.17404966,0.91969764
7,129,14,visual,0.56089467,0.58220005,0.10934885,0.94513303,0.049847014,0.9089705,0.7563635,0.5131295,0.36531422,0.8964685,0.280763,0.8891211,0.7378137,0.80403054,0.83373874,0.31883496,0.61596876,0.09029481,0.9823343,0.14107384,0.933531,0.88067913,0.374241,0.10947349,0.95875794,0.28486657,0.26846436,0.9448557
7,129,15,visual,0.3426139,0.3383774,0.052659344,0.9038223,0.44393176,0.8869433,0.6101086,0.39075604,0.7036371,0.8949359,0.61807,0.84351903,0.66590667,0.34476575,0.7729707,0.28354388,0.6125465,0.06759316,0.9711618,0.60130125,0.92742884,0.68460554,0.19908102,0.26938495,0.97879356,0.20490853,0.42822948,0.8595173
7,130,1,visual,0.47363934,0.61050904,0.5310324,0.86973417,0.6837401,0.62391365,0.07993432,0.7537561,0.078295715,0.92430097,0.8408476,0.7004609,0.34001705,0.871011,0.7956229,0.8746635,0.3995217,0.71097004,0.9673109,0.7685479,0.79580617,0.4448299,0.8718802,0.2065923,0.96245944,0.584406,0.64877206,0.7923021
7,130,2,visual,0.19518867,0.2801588,0.16242191,0.8496525,0.13786797,0.69287425,0.4187383,0.004984551,0.13931239,0.7426977,0.5302477,0.48346603,0.2515462,0.3564308,0.5761791,0.2506087,0.4754417,0.23173161,0.9704834,0.20631488,0.8285544,0.4803671,0.40547857,0.13660578,0.895927,0.24661636,0.1480806,0.73540336
7,130,3,visual,0.048616666,0.89978004,0.4494854,0.9587352,0.35812655,0.9196521,0.8742484,0.63116074,0.23047565,0.8334117,0.1328873,0.8529162,0.7015951,0.8498056,0.46537247,0.15280828,0.6290221,0.35955635,0.9760927,0.27812237,0.9113496,0.8599361,0.331873,0.09300832,0.9251146,0.40510714,0.07377749,0.9188794
7,130,4,visual,0.06721739,0.8110379,0.13403417,0.8265117,0.21943544,0.5495269,0.32802665,0.7047728,0.5287606,0.95166814,0.50558734,0.6408659,0.5760322,0.6754141,0.66668713,0.15878615,0.2846954,0.6431228,0.9847439,0.55165344,0.75916034,0.42978302,0.21104674,0.18910943,0.95390415,0.08807067,0.29133862,0.7047616
7,130,5,visual,0.55637664,0.57888526,0.35147887,0.8153,0.0092498455,0.7972073,0.3037723,0.6938257,0.24186713,0.7616623,0.1368918,0.67210424,0.41685635,0.8117138,0.74244994,0.23002134,0.61192924,0.46660545,0.96790224,0.27800378,0.8599803,0.75093776,0.25344047,0.20495747,0.9691638,0.24507496,0.054575343,0.79847825
7,130,6,visual,0.18526094,0.51620007,0.366364,0.8094223,0.6172235,0.44656408,0.116627246,0.4182689,0.3392211,0.8586142,0.20151778,0.65078235,0.47096902,0.5751272,0.80417436,0.38441598,0.28440082,0.28422955,0.95628446,0.05494615,0.8562654,0.6966594,0.13939574,0.21599652,0.9223031,0.006938289,0.12538895,0.80792737
7,130,7,visual,0.034113485,0.48882398,0.12612884,0.89533204,0.6344006,0.7320588,0.38153666,0.36686316,0.18960036,0.6436108,0.48043007,0.5536082,0.23312132,0.8350848,0.71759194,0.27394384,0.5606675,0.33769807,0.9739099,0.66716766,0.8013339,0.7373776,0.29233313,0.06626057,0.90807676,0.17944062,0.43766224,0.72249043
7,130,8,visual,0.22426921,0.92667687,0.22898827,0.8894524,0.39338407,0.7468455,0.56794125,0.92715687,0.6596741,0.9853106,0.66470337,0.8748796,0.89207006,0.80467343,0.6332981,0.056685053,0.40107924,0.4463145,0.9718516,0.26456836,0.896913,0.7205852,0.39996818,0.19932061,0.9577393,0.4996354,0.020101827,0.877382
7,130,9,visual,0.48832852,0.8098777,0.6554408,0.8350026,0.34476483,0.8452593,0.5681228,0.94836086,0.23802926,0.9547356,0.4146234,0.88283837,0.82119167,0.95980585,0.21428043,0.5610491,0.608666,0.53666514,0.9724449,0.34760258,0.89847255,0.89112455,0.27979466,0.3758981,0.8412374,0.46605244,0.08328616,0.85097784
7,130,10,visual,0.32806772,0.5728874,0.48427096,0.7945514,0.2160321,0.58382964,0.19541344,0.8470116,0.1246415,0.93263954,0.6059326,0.8294698,0.70930433,0.8370266,0.3559843,0.22107488,0.56730795,0.60287666,0.9852153,0.5902704,0.86342543,0.83057874,0.44937345,0.18557014,0.735224,0.28262234,0.19289912,0.8334125
7,130,11,visual,0.5936893,0.660973,0.17709552,0.92712665,0.7533722,0.8437475,0.66529185,0.78807604,0.39127254,0.9688708,0.58643097,0.9076032,0.84587586,0.45922855,0.913724,0.5288797,0.5505407,0.19633098,0.9810542,0.30265686,0.8403918,0.7338663,0.2160319,0.02073983,0.93217826,0.0024724237,0.14278425,0.8430426
7,130,12,visual,0.018025013,0.5597005,0.06763079,0.95359874,0.47343084,0.55592257,0.43923682,0.7817639,0.42331633,0.9801805,0.44496158,0.6887316,0.6453943,0.729239,0.89535064,0.023822276,0.36625502,0.31663442,0.98816806,0.23679614,0.6567035,0.539902,0.6334713,0.24710296,0.9838483,0.13528536,0.10637582,0.6896455
7,130,13,visual,0.2385313,0.8534277,0.1163903,0.951154,0.5191119,0.8008414,0.54989576,0.64638704,0.31757396,0.88167536,0.6716365,0.68031645,0.42997393,0.8166365,0.62044966,0.058507845,0.4201842,0.4958559,0.9903702,0.3158675,0.91412467,0.78701025,0.2513624,0.08979897,0.9505147,0.31372318,0.21000898,0.86383986
7,130,14,visual,0.12900923,0.6650921,0.5787161,0.7015532,0.08612904,0.58974975,0.113837115,0.585256,0.02141924,0.79375124,0.16954549,0.6120144,0.34015563,0.8531431,0.28317413,0.36486158,0.21662608,0.5559079,0.9566307,0.032302998,0.8845781,0.80151975,0.29233178,0.0021854718,0.97696775,0.07750618,0.040093474,0.8496997
7,130,15,visual,0.19215262,0.58203155,0.46081755,0.9265473,0.45452172,0.66029996,0.25134268,0.51490134,0.26030552,0.91188025,0.261639,0.7301067,0.2918285,0.8570125,0.82771814,0.0058857235,0.53563815,0.34495485,0.97766674,0.523788,0.93468505,0.853012,0.3722041,0.296894,0.93833655,0.035496335,0.34006664,0.8085079
7,131,1,visual,0.12283396,0.70923084,0.05880144,0.8827949,0.46784765,0.82552785,0.520783,0.8089139,0.64485234,0.9576045,0.3294496,0.8883038,0.779184,0.5967493,0.77032346,0.5394728,0.73068726,0.22445154,0.9865032,0.27890143,0.93101174,0.6890058,0.30781713,0.23073773,0.9604945,0.25851262,0.26410794,0.93988997
7,131,2,visual,0.42743224,0.08871476,0.37794417,0.016537579,0.10060387,0.15834063,0.4699861,0.19164492,0.64307517,0.24544562,0.6294225,0.5677263,0.20832321,0.58730227,0.9711515,0.62966466,0.6921586,0.17196198,0.91103464,0.5808884,0.5600697,0.29843628,0.876365,0.8466475,0.2586366,0.8701119,0.07906011,0.37254083
7,131,3,visual,0.4518357,0.69505715,0.6525712,0.37583485,0.02130367,0.7948785,0.16716279,0.8455315,0.27878276,0.7621422,0.57780993,0.7648342,0.62776595,0.9456751,0.014000296,0.1517227,0.64258754,0.5845913,0.87124765,0.66072816,0.82814103,0.8367127,0.40571538,0.39741153,0.7044026,0.42113417,0.13156268,0.8743301
7,131,4,visual,0.07063727,0.67669934,0.3718583,0.20050094,0.48761052,0.77996886,0.35943785,0.7022884,0.20716304,0.60940045,0.6721086,0.80944407,0.6469959,0.8420542,0.056843817,0.007900681,0.6927263,0.32450324,0.6273727,0.24031125,0.9047487,0.76763767,0.24753593,0.43975505,0.3863769,0.25237668,0.12163207,0.92822134
7,131,5,visual,0.48945695,0.63193196,0.2845609,0.7893407,0.12098986,0.78937095,0.5377739,0.82840145,0.3270664,0.927918,0.12225805,0.87046194,0.82170385,0.9349627,0.019821731,0.31498846,0.5077205,0.48126787,0.9070416,0.27225992,0.8929989,0.7769746,0.27148175,0.16053072,0.85760385,0.3256026,0.059044633,0.9072513
7,131,6,visual,0.22651288,0.48882893,0.5278673,0.32950118,0.512688,0.7466304,0.23113145,0.8544961,0.09154342,0.76568,0.41858113,0.8646909,0.6844896,0.9388961,0.36037886,0.75659937,0.5627309,0.6843116,0.83108294,0.26550528,0.87420076,0.7713889,0.24861701,0.32852286,0.68197984,0.35867837,0.35644177,0.89937824
7,131,7,visual,0.3473243,0.715861,0.40486807,0.50415474,0.088657126,0.75048506,0.3474304,0.7616666,0.03991743,0.67997175,0.065680005,0.77230006,0.510489,0.93506545,0.21883246,0.1557622,0.49978814,0.5958387,0.89912766,0.25024837,0.8017661,0.62324727,0.01690404,0.31723982,0.7017361,0.020026118,0.19736245,0.873069
7,131,8,visual,0.8089398,0.93884844,0.8220645,0.3669867,0.63054174,0.6271444,0.1750484,0.9763588,0.29005042,0.96946925,0.37474528,0.80898076,0.7742369,0.9730299,0.53724945,0.77996606,0.23041172,0.88533014,0.9759915,0.28400904,0.8062394,0.7517073,0.5928617,0.34244704,0.8658818,0.42309883,0.22275375,0.840969
7,131,9,visual,0.8157957,0.8174915,0.79555607,0.5705491,0.36891213,0.75967467,0.011788598,0.9348204,0.062721916,0.8806335,0.030197395,0.84746796,0.6842408,0.9381842,0.36159703,0.77815723,0.6435038,0.8118732,0.97106075,0.2308269,0.83732015,0.7758266,0.41674367,0.49656618,0.86774087,0.66106695,0.24520469,0.8684463
7,131,10,visual,0.16047731,0.83555084,0.088507034,0.8905194,0.23784545,0.846171,0.6455292,0.76186186,0.31588602,0.92777723,0.36961043,0.89619446,0.7154842,0.88747764,0.3534566,0.41594,0.49461648,0.45663142,0.96070147,0.28787896,0.9040478,0.7458286,0.5226839,0.3272395,0.9322204,0.29280487,0.23438135,0.9359781
7,131,11,visual,0.48484612,0.821783,0.2486999,0.6484941,0.15433168,0.8125985,0.38352388,0.9063445,0.38886425,0.86764973,0.29311517,0.8701066,0.7487948,0.91428655,0.1739805,0.4930574,0.62493634,0.6333411,0.9084893,0.23354721,0.93140143,0.7638846,0.36658025,0.4629001,0.8399061,0.43336752,0.05114593,0.93799347
7,131,12,visual,0.14273103,0.6040944,0.08344581,0.79240924,0.121986516,0.8324328,0.65755206,0.58990633,0.32282048,0.907498,0.045301203,0.8423337,0.7500516,0.87943023,0.14894743,0.35039094,0.6174494,0.30738458,0.9496506,0.086027905,0.848778,0.80987656,0.4102017,0.4814091,0.7232724,0.4599136,0.26596186,0.8998912
7,131,13,visual,0.5673629,0.4190189,0.6134347,0.14642821,0.20673385,0.6406533,0.044089813,0.224838,0.86159027,0.9794253,0.7053528,0.655514,0.24360818,0.56710935,0.59976655,0.55712384,0.49737674,0.58905417,0.7967283,0.17782,0.3278441,0.5746346,0.20987669,0.69784164,0.5102647,0.001650713,0.058725,0.503389
7,131,14,visual,0.6798245,0.32205078,0.64122856,0.30033168,0.022028873,0.21404962,0.28507125,0.33779573,0.22332673,0.26015124,0.46414706,0.03269786,0.18247998,0.7415866,0.13961953,0.25878423,0.26807746,0.042666264,0.021894243,0.69076234,0.70195985,0.6227669,0.51375395,0.31690276,0.15141518,0.0039180424,0.12586278,0.42777053
7,131,15,visual,0.08128621,0.5235332,0.063108355,0.5432427,0.0647344,0.6832443,0.32317123,0.5428824,0.18483245,0.4430189,0.11854785,0.6532513,0.23738971,0.8117447,0.028308721,0.2716583,0.41048244,0.5354484,0.7811734,0.21356815,0.7313193,0.51962787,0.19324799,0.04554508,0.84670126,0.18661237,0.07770585,0.8064835
7,132,1,visual,0.2815957,0.69096136,0.012152207,0.8856705,0.252503,0.7429465,0.62415266,0.8802639,0.40954763,0.7972053,0.77999145,0.8371519,0.7851518,0.84960353,0.6681462,0.19300564,0.6122721,0.28869972,0.8939199,0.42620394,0.83720875,0.75641495,0.5925054,0.116720356,0.85260737,0.20231143,0.11800157,0.8939207
7,132,2,visual,0.8863746,0.656294,0.957698,0.6062186,0.6497519,0.8245809,0.6519553,0.96452034,0.8256956,0.5163174,0.79393935,0.94678515,0.7510495,0.9897468,0.8578071,0.3021344,0.74151015,0.91107565,0.9186065,0.8755774,0.9665186,0.9582431,0.6701362,0.8921348,0.15965572,0.24817497,0.69922394,0.9727315
7,132,3,visual,0.8000576,0.4207989,0.91957015,0.22719856,0.1513299,0.5874719,0.5871245,0.8983598,0.5778237,0.36661038,0.75373536,0.83753663,0.51304394,0.97062,0.5251197,0.19728132,0.42999348,0.8403719,0.9253629,0.89504683,0.97116476,0.9546392,0.5090679,0.83767015,0.11909175,0.07739467,0.585082,0.9814777
7,132,4,visual,0.9174316,0.74559534,0.8907709,0.37316114,0.18548068,0.6703858,0.35928473,0.98125774,0.52930427,0.8828132,0.43212754,0.74779576,0.6478443,0.9621733,0.48281085,0.20005493,0.512854,0.8929105,0.9685109,0.5761444,0.7029223,0.8171599,0.08638892,0.35820127,0.77645296,0.4318021,0.07792179,0.7533287
7,132,5,visual,0.09986957,0.6699189,0.30752587,0.7087544,0.17250526,0.7789707,0.26370892,0.69975406,0.090733536,0.73952824,0.29316193,0.81403255,0.4824818,0.9232321,0.06655517,0.42998484,0.5948067,0.5470731,0.8908685,0.04440845,0.8615627,0.66261053,0.16035335,0.28585434,0.742219,0.34301394,0.268093,0.9213953
7,132,6,visual,0.3694924,0.8708825,0.03035853,0.7855408,0.71110314,0.8317207,0.51348156,0.9042297,0.53902936,0.9329009,0.74802905,0.8822195,0.8416221,0.87509704,0.076370075,0.14580971,0.57083625,0.6286555,0.8543303,0.19716278,0.8618942,0.61487204,0.39945853,0.42377248,0.8223086,0.17359018,0.17280173,0.8959842
7,132,7,visual,0.09796355,0.5055544,0.3651643,0.7208129,0.34300524,0.7038209,0.10890988,0.38448545,0.24465352,0.5847626,0.57248896,0.63688916,0.1630257,0.89460665,0.39324272,0.082171954,0.53931624,0.46706045,0.80438024,0.19693375,0.8746464,0.59308517,0.24459852,0.3586139,0.73965716,0.2561639,0.1446353,0.9387615
7,132,8,visual,0.9128404,0.12152118,0.6944083,0.3172156,0.5663592,0.617196,0.12954052,0.895153,0.27383882,0.7686894,0.70930773,0.8313257,0.79472107,0.8444309,0.122771926,0.52038825,0.5741609,0.33957562,0.7860341,0.6633182,0.8295872,0.72263676,0.36296216,0.3548108,0.6947452,0.23946302,0.3446991,0.8955559
7,132,9,visual,0.9998839,0.999351,0.9996542,0.9952986,0.9873167,0.999131,0.98606396,0.9999214,0.99533474,0.9991609,0.9968262,0.99972147,0.9994778,0.9999397,0.9840053,0.9549551,0.99894357,0.99910223,0.9993605,0.99691355,0.9998724,0.9998606,0.98320144,0.9989304,0.9971021,0.9969879,0.61826,0.9997955
7,132,10,visual,0.99326754,0.9902254,0.99532354,0.30127126,0.17544147,0.9891104,0.7181384,0.9966846,0.9024928,0.99050045,0.93381375,0.99678814,0.9938593,0.99755996,0.74052554,0.8169152,0.97821414,0.9935178,0.9916825,0.94854814,0.9973106,0.9973134,0.023201384,0.9937306,0.906258,0.93816733,0.58055776,0.9970024
7,132,11,visual,0.264494,0.24612227,0.53980625,0.1692524,0.58230114,0.34038886,0.24503034,0.52752995,0.21013248,0.7806906,0.46054825,0.56612307,0.48404422,0.68990123,0.13730298,0.53682286,0.32790586,0.4859878,0.79850334,0.44371265,0.88888377,0.7701459,0.2654406,0.26778603,0.64790785,0.29947907,0.29123306,0.78012884
7,132,12,visual,0.29350784,0.60449004,0.6592914,0.2990592,0.11243957,0.44222763,0.041977808,0.16822313,0.45578098,0.41357797,0.36817375,0.28480387,0.012190045,0.936616,0.29063532,0.16272503,0.246159,0.66822,0.7002649,0.1801383,0.9011265,0.8761997,0.09720995,0.38369933,0.5268714,0.023828112,0.0020178733,0.8462818
7,132,13,visual,0.5158954,0.33039787,0.8900076,0.2982711,0.5247906,0.54849577,0.18817961,0.78681976,0.007042789,0.73581505,0.535373,0.7702405,0.44719037,0.95441353,0.067343645,0.6440767,0.4056616,0.6088485,0.4198255,0.32247874,0.8857871,0.6161257,0.5816097,0.083544895,0.55821586,0.24323143,0.29491714,0.78390676
7,132,14,visual,0.4558618,0.6065254,0.3248805,0.7514234,0.41983038,0.5846065,0.4763266,0.76939625,0.43142757,0.92282194,0.60186994,0.80080295,0.6993323,0.8518199,0.46447468,0.11038159,0.37291586,0.3299308,0.8785573,0.4869846,0.84019494,0.7595678,0.04772251,0.11511815,0.78828704,0.12849118,0.2175808,0.73367935
7,132,15,visual,0.20779805,0.6300796,0.91746205,0.30409685,0.025445936,0.40864655,0.38150212,0.7680213,0.39318958,0.33177528,0.45470163,0.8226519,0.36927658,0.9543972,0.51615185,0.13410835,0.03834488,0.80955213,0.0548487,0.5980126,0.9159787,0.7255612,0.532028,0.7480118,0.08736534,0.3880627,0.27908522,0.91949767
7,133,1,visual,0.9957544,0.99213463,0.99985,0.9916094,0.8038392,0.9986727,0.993072,0.9953706,0.8823864,0.96548146,0.9368764,0.9978898,0.9934456,0.99993944,0.9982658,0.9368269,0.99429154,0.99793416,0.99890876,0.9456985,0.99998814,0.9999207,0.6167493,0.9994588,0.69641274,0.98722076,0.5275574,0.99991906
7,133,2,visual,0.84353673,0.97570497,0.9756019,0.9788247,0.07762475,0.97755957,0.9925078,0.99566954,0.9933096,0.9919384,0.69339895,0.99080426,0.99479175,0.9867759,0.9881069,0.30929822,0.99079984,0.967526,0.9961605,0.6719905,0.992963,0.990451,0.23915456,0.9497348,0.9948702,0.015224101,0.59190005,0.993944
7,133,3,visual,0.93278384,0.99107206,0.9785274,0.99305016,0.9574019,0.9947483,0.99239784,0.9966836,0.9936594,0.99672353,0.96588254,0.997891,0.99764496,0.99725,0.9899556,0.8473874,0.99341685,0.9731049,0.99669254,0.8639988,0.9977985,0.99736375,0.980113,0.9835954,0.99763286,0.9612341,0.1815878,0.997888
7,133,4,visual,0.9862773,0.97799814,0.9958909,0.09615264,0.6616955,0.98688877,0.30067748,0.99745923,0.8041289,0.9504389,0.9832371,0.9972654,0.9656403,0.9997355,0.78270966,0.25428012,0.9829644,0.9905975,0.99744713,0.9905577,0.9973696,0.9992195,0.30953038,0.993877,0.6260858,0.9401343,0.54471725,0.99636555
7,133,5,visual,0.98705834,0.66280997,0.99371016,0.75776887,0.61401373,0.67310977,0.8395556,0.9812058,0.966619,0.4373045,0.9351679,0.92999005,0.52174526,0.9965316,0.9122947,0.40737504,0.46623462,0.9759862,0.92798126,0.9782439,0.9699304,0.95241386,0.8889976,0.9448618,0.12274245,0.27289048,0.9203387,0.977262
7,133,6,visual,0.8412454,0.24662843,0.715995,0.14915282,0.52205837,0.6380219,0.28342897,0.9559423,0.16347049,0.7286132,0.7293346,0.89409775,0.8816617,0.8505783,0.44120538,0.374174,0.6255657,0.62843716,0.84504604,0.7465064,0.9089897,0.7935808,0.30967233,0.9051244,0.058353767,0.0463372,0.4845154,0.95132256
7,133,7,visual,0.24880528,0.56810325,0.019059194,0.8223028,0.4950671,0.8199238,0.5833321,0.49854803,0.51726425,0.8517079,0.40824154,0.8567665,0.6420309,0.54529256,0.4102075,0.41773283,0.5137649,0.34207278,0.86760455,0.120679654,0.7824607,0.57768714,0.32896182,0.3152819,0.9548572,0.25059986,0.19124553,0.8977104
7,133,8,visual,0.42300862,0.33625045,0.3218924,0.79471654,0.6060874,0.91053206,0.62147087,0.64231604,0.52831846,0.62112844,0.50041837,0.87700933,0.6204194,0.66165125,0.29526827,0.37655354,0.78333294,0.18827224,0.75760454,0.050581746,0.94400394,0.65224606,0.20506778,0.43156433,0.85171926,0.27478343,0.19981037,0.9625028
7,133,9,visual,0.65560114,0.5967799,0.50336826,0.47721973,0.5200241,0.8582553,0.31881618,0.7809204,0.012195194,0.66349673,0.5493173,0.8740052,0.65861744,0.86975074,0.14112312,0.17312431,0.68974316,0.5926646,0.81524926,0.66410494,0.90937525,0.670339,0.26972693,0.44555423,0.8235883,0.22607847,0.46437204,0.93839777
7,133,10,visual,0.21761921,0.43568397,0.011478417,0.6828812,0.15492168,0.8243623,0.56242996,0.5762949,0.46682337,0.7601112,0.22259125,0.9001839,0.7472269,0.4509197,0.14880313,0.25887465,0.6102024,0.18761188,0.7310535,0.056015864,0.8979657,0.5386446,0.120223284,0.47548363,0.86705667,0.19589183,0.12759343,0.94875365
7,133,11,visual,0.3275789,0.7645024,0.26222134,0.85277027,0.0570223,0.912346,0.70736074,0.82672036,0.5375304,0.7728474,0.11410461,0.9185028,0.78257364,0.67357683,0.07518518,0.114939965,0.5682655,0.5327973,0.8121988,0.13382223,0.88128585,0.48166844,0.25963533,0.45492616,0.8495946,0.08599322,0.06694157,0.9246966
7,133,12,visual,0.14957987,0.16737644,0.3057038,0.3766109,0.20914017,0.8905611,0.2875429,0.430149,0.007672599,0.39109015,0.10338199,0.8673203,0.3363132,0.79756683,0.28793305,0.16820444,0.6990152,0.46182504,0.5364492,0.17480844,0.8574794,0.6011546,0.2917942,0.22506464,0.48399472,0.19079617,0.21372348,0.91643643
7,133,13,visual,0.047635246,0.8465213,0.09793287,0.64482135,0.018964337,0.84569985,0.6354235,0.85301614,0.32729575,0.7537715,0.18474312,0.9176732,0.73271894,0.67402,0.011924424,0.009163679,0.60941976,0.40060258,0.8798851,0.7295142,0.8737579,0.6604713,0.21177974,0.36973488,0.85459244,0.19820419,0.31413758,0.9415212
7,133,14,visual,0.4338102,0.37706637,0.37074104,0.4417904,0.136548,0.81392395,0.19372103,0.6613668,0.29991612,0.6045109,0.43845633,0.8748705,0.5357326,0.503055,0.15754525,0.20131776,0.7891321,0.46861312,0.6026355,0.40490547,0.92478216,0.39506334,0.28914186,0.6969966,0.82874143,0.49792778,0.18133807,0.9699812
7,133,15,visual,0.59470904,0.015040502,0.11534129,0.65533906,0.3198456,0.8618443,0.41968298,0.35726038,0.57724977,0.75040436,0.41604552,0.90440553,0.69100505,0.28339112,0.0703603,0.20869032,0.70622957,0.19894336,0.6855879,0.040707745,0.84214014,0.20105688,0.07526182,0.21605398,0.74718446,0.60948527,0.12856416,0.8821303
7,134,1,visual,0.39265466,0.714084,0.17131878,0.57877845,0.19951916,0.9212356,0.26918486,0.76785487,0.77271736,0.72553295,0.38961676,0.9170025,0.64410007,0.6725184,0.0957083,0.047281694,0.8643404,0.6616577,0.50067526,0.49960718,0.95302165,0.0696116,0.52026516,0.64796853,0.8124265,0.35889181,0.3014478,0.96840996
7,134,2,visual,0.37316123,0.8896915,0.26157624,0.4143683,0.28879964,0.8250217,0.32576975,0.9101031,0.25016025,0.5593464,0.076094024,0.91535306,0.6660465,0.9351952,0.6559871,0.7576404,0.559201,0.8588489,0.6843735,0.45756105,0.83371717,0.5828755,0.6103709,0.5247766,0.5336997,0.6532465,0.4235346,0.8908172
7,134,3,visual,0.5521197,0.44412008,0.4065184,0.03348874,0.27824423,0.72563165,0.05775992,0.6730452,0.322407,0.5070282,0.0138553595,0.8337053,0.6009157,0.86334705,0.62364376,0.11806035,0.61828315,0.6509954,0.2601989,0.07653442,0.79831624,0.46398798,0.0681618,0.34070256,0.27796528,0.37055743,0.09446279,0.8133947
7,134,4,visual,0.6676436,0.47531354,0.66468304,0.33211678,0.553672,0.72317547,0.07015537,0.8141436,0.040582467,0.43924814,0.22633925,0.82764745,0.42733872,0.9381522,0.3398391,0.6667379,0.6079851,0.783701,0.45670897,0.022569897,0.9183669,0.62353015,0.07093066,0.7645834,0.48153427,0.5798968,0.11334847,0.92096543
7,134,5,visual,0.68801445,0.6934547,0.01598264,0.57947713,0.77619755,0.8970282,0.18166226,0.93061876,0.70130163,0.69131976,0.8068661,0.9200622,0.6383367,0.7239077,0.314931,0.7841683,0.7359576,0.6936088,0.5318091,0.82738787,0.93887156,0.18902186,0.54059243,0.635525,0.8004977,0.21943775,0.7197328,0.9586148
7,134,6,visual,0.4098884,0.8307642,0.31066,0.26473755,0.18300465,0.8123625,0.41755393,0.80202246,0.05064637,0.3027627,0.12472019,0.84832066,0.6321191,0.91121864,0.5723004,0.5946571,0.5070582,0.7255313,0.30846,0.55289286,0.80925876,0.6948602,0.3155014,0.47286835,0.051071133,0.27683374,0.061709125,0.85175383
7,134,7,visual,0.39427897,0.7285416,0.7151401,0.035772186,0.89169437,0.81843054,0.09589343,0.8758944,0.322248,0.2789586,0.85753846,0.84037197,0.36923045,0.9478814,0.5717764,0.25039425,0.7813771,0.6527334,0.6595186,0.8938303,0.9066607,0.69742894,0.738351,0.7568721,0.33001024,0.19922501,0.69387555,0.91748226
7,134,8,visual,0.6407134,0.38863322,0.6207433,0.25856417,0.58878547,0.6785657,0.00835135,0.72787637,0.14667282,0.5533291,0.54900366,0.8506672,0.5727986,0.8595516,0.19051781,0.5787263,0.5903774,0.6225919,0.5583063,0.3345132,0.90853393,0.74279356,0.16993484,0.75531125,0.55483764,0.0927537,0.40709025,0.920413
7,134,9,visual,0.9743858,0.9626305,0.97509164,0.8185644,0.31934544,0.98665375,0.8439915,0.9879193,0.0034471108,0.22239421,0.7631068,0.9955035,0.985174,0.98471105,0.94105536,0.4994988,0.97436947,0.8348259,0.09861914,0.6971568,0.9868299,0.96598595,0.56637925,0.93623406,0.8103506,0.82861483,0.092710726,0.9942593
7,134,10,visual,0.56314015,0.39253148,0.058471575,0.48781973,0.6817372,0.7349492,0.030375779,0.9197779,0.69480574,0.819712,0.67205113,0.9206053,0.7426459,0.46957892,0.30958152,0.33179185,0.6673241,0.68349975,0.448781,0.49369308,0.8228382,0.02393701,0.14225672,0.13960372,0.78426665,0.010542744,0.55373377,0.9317697
7,134,11,visual,0.07662102,0.27498007,0.5601502,0.20319182,0.22186904,0.5986904,0.14798439,0.6239412,0.09791093,0.46758974,0.5544757,0.83774483,0.11963492,0.6938567,0.13943908,0.095297866,0.58515614,0.735413,0.29047528,0.654296,0.8411901,0.28271344,0.28133202,0.38247398,0.68865025,0.36826196,0.6254455,0.93868214
7,134,12,visual,0.64529216,0.7065519,0.5820635,0.7019013,0.7260587,0.9475511,0.7751771,0.805403,0.36063248,0.82762635,0.689633,0.97467864,0.92057365,0.820018,0.066663615,0.33518168,0.8765302,0.11630695,0.7785391,0.72067165,0.9784322,0.87832683,0.41365677,0.8049494,0.5786069,0.62120515,0.3261953,0.9815761
7,134,13,visual,0.9770354,0.59971,0.9789257,0.8195214,0.21354468,0.43844476,0.76811975,0.9890939,0.34010988,0.34963945,0.72318053,0.9348665,0.80689144,0.9938393,0.9017866,0.610512,0.39012793,0.9512689,0.3034557,0.6319263,0.97494715,0.8591442,0.6622636,0.91369766,0.5649561,0.49368352,0.36410484,0.95921403
7,134,14,visual,0.8004122,0.1353693,0.34796944,0.2423073,0.0532089,0.9073805,0.1966015,0.76703525,0.7765718,0.5584308,0.3418823,0.9248174,0.7883517,0.4328111,0.18828863,0.28688836,0.7840643,0.27847448,0.41368654,0.053174425,0.96698904,0.46624038,0.21287268,0.64360696,0.53475535,0.4684328,0.08334141,0.978104
7,134,15,visual,0.82619077,0.52483064,0.9097515,0.52209324,0.77709836,0.2044581,0.6128764,0.5117647,0.38058862,0.01219742,0.86439496,0.67558104,0.39013463,0.74074984,0.5659554,0.6934694,0.37545466,0.40264982,0.39815098,0.7927707,0.9347048,0.8006751,0.25452125,0.7447891,0.09993803,0.33048424,0.75651616,0.87402725
7,135,1,visual,0.86611366,0.76063246,0.84795576,0.48034304,0.44831625,0.855587,0.28974983,0.86489505,0.5470134,0.294284,0.29699737,0.9305624,0.7147353,0.8401118,0.56123966,0.36962643,0.7804519,0.80870515,0.239081,0.32453927,0.93869185,0.6537153,0.0488459,0.8119774,0.13382384,0.6833401,0.16905195,0.9681274
7,135,2,visual,0.2948917,0.7038635,0.30863008,0.5225465,0.31663355,0.93763715,0.72237396,0.505535,0.6232925,0.5527575,0.06350036,0.8901614,0.6811515,0.6084553,0.23122871,0.14547014,0.6809933,0.3862739,0.29780605,0.2964629,0.9697682,0.5052861,0.059582513,0.31086147,0.581956,0.09552915,0.00993628,0.9468202
7,135,3,visual,0.062954694,0.8535216,0.38373545,0.06358228,0.546328,0.9117644,0.29660118,0.59744674,0.0028247456,0.71096826,0.76438344,0.75569874,0.66320413,0.9542153,0.5781359,0.2959906,0.55696535,0.7773361,0.022627443,0.47287646,0.7985405,0.4235675,0.24436253,0.38492867,0.23192023,0.22355649,0.34569445,0.805154
7,135,4,visual,0.24119039,0.81414145,0.16216609,0.4846239,0.62291974,0.95307666,0.75753564,0.47713605,0.43997866,0.6155082,0.019547528,0.20257553,0.41671947,0.82043165,0.36363375,0.30432954,0.8694502,0.49293044,0.14049728,0.68511844,0.9075219,0.49446434,0.09738456,0.41147003,0.28641424,0.35065693,0.2458195,0.9388813
7,135,5,visual,0.55921155,0.77888787,0.24844392,0.5535107,0.35158825,0.88029957,0.3968448,0.6546233,0.36684743,0.6510037,0.48641995,0.77387774,0.6647463,0.70101285,0.027737068,0.023163503,0.6961695,0.49412116,0.5610521,0.18319923,0.8755932,0.35354188,0.009754798,0.31946608,0.7194469,0.0391987,0.31174505,0.9432803
7,135,6,visual,0.54676926,0.30113906,0.07794564,0.80150574,0.025455141,0.83193034,0.3512501,0.8967717,0.8924284,0.8211219,0.08784708,0.9119977,0.74073553,0.66606116,0.067100555,0.2426234,0.72329336,0.50064605,0.7416461,0.14613414,0.9082014,0.27898544,0.37662324,0.68652755,0.9256245,0.4999125,0.06909184,0.9509342
7,135,7,visual,0.58591974,0.58285767,0.07164569,0.858541,0.117063664,0.81662345,0.47620073,0.86079115,0.85130894,0.81723416,0.37798104,0.9108646,0.8212774,0.6648111,0.291851,0.6877789,0.6749123,0.44447201,0.7773316,0.11689708,0.8950707,0.46384275,0.44172522,0.33557853,0.88486755,0.6175684,0.020429457,0.9771883
7,135,8,visual,0.21275586,0.089588,0.17503546,0.50706697,0.52508056,0.8296264,0.2758124,0.666286,0.7276158,0.6930803,0.6660053,0.9013308,0.72268265,0.5580181,0.13438481,0.02871726,0.7236294,0.28163433,0.3968693,0.5692404,0.8714533,0.3293426,0.16775426,0.6438223,0.6979821,0.13199638,0.3740001,0.95090884
7,135,9,visual,0.6672658,0.4846285,0.46213108,0.50712067,0.79656667,0.7324657,0.12999876,0.7498084,0.555457,0.6698216,0.45903683,0.8827592,0.7148852,0.74867135,0.37819684,0.28670505,0.5256449,0.66168284,0.35670406,0.45201907,0.8872158,0.4676482,0.113859795,0.6655669,0.64139974,0.059495743,0.4431052,0.9693821
7,135,10,visual,0.39340636,0.7573269,0.29897407,0.88630843,0.5237549,0.9525987,0.7322771,0.61047417,0.6978168,0.7565913,0.41257852,0.91770756,0.58617884,0.7649845,0.06190959,0.16461742,0.8357807,0.49127105,0.80080116,0.6236655,0.945097,0.4865587,0.56573963,0.6478239,0.8475817,0.3694275,0.44436088,0.9592374
7,135,11,visual,0.056096938,0.48242414,0.1390645,0.5725323,0.3556069,0.83814585,0.43302807,0.62731415,0.5341082,0.57189876,0.27384317,0.91114837,0.51361996,0.5992256,0.05530628,0.041688073,0.8380881,0.552622,0.5107778,0.124197535,0.9531074,0.25216278,0.1430224,0.628675,0.6979625,0.3650825,0.15767588,0.97136414
7,135,12,visual,0.6297028,0.37725416,0.33886006,0.61965615,0.032001287,0.78508556,0.3259352,0.2600601,0.31801426,0.45916447,0.6740432,0.8154238,0.4385945,0.5937428,0.29425573,0.09932607,0.63017774,0.3807964,0.5867955,0.15349393,0.91595316,0.5834393,0.35932285,0.6177026,0.72367483,0.26883936,0.1272985,0.97772884
7,135,13,visual,0.18591878,0.33629107,0.0061905836,0.79183614,0.14047408,0.72057265,0.5446177,0.21303976,0.3723225,0.7595144,0.13667257,0.855318,0.44405463,0.607066,0.025806338,0.08277046,0.6135892,0.30115828,0.8043669,0.38392952,0.90101075,0.5991248,0.6634999,0.6161687,0.8519905,0.53447354,0.239815,0.9584775
7,135,14,visual,0.41921037,0.8473319,0.12552702,0.5943027,0.36212975,0.9217296,0.5807626,0.7442259,0.6975395,0.44178155,0.2525619,0.89311695,0.6388945,0.73298115,0.3852975,0.072664455,0.66822344,0.6040379,0.3370196,0.34539753,0.9133229,0.4503277,0.209928,0.71534747,0.70860267,0.41627166,0.23135036,0.9852832
7,135,15,visual,0.1368451,0.023294479,0.004183189,0.8121373,0.19623117,0.82493836,0.42312047,0.65616983,0.521272,0.70637596,0.32641256,0.8994464,0.54335505,0.63948184,0.1666674,0.30984747,0.6594663,0.3681964,0.74915195,0.05262912,0.8997424,0.5120956,0.0973969,0.55255485,0.88453513,0.39700857,0.042329222,0.9543199
7,136,1,visual,0.50565815,0.8591393,0.07839943,0.54923385,0.4220383,0.9484044,0.54504156,0.833286,0.5798521,0.5828776,0.3892858,0.93194455,0.8279245,0.75818443,0.11028497,0.36007178,0.823526,0.5048518,0.47043464,0.27795127,0.90557575,0.61812896,0.22160324,0.6245247,0.30630636,0.6626342,0.18547063,0.919499
7,136,2,visual,0.32461113,0.58179533,0.292201,0.13210033,0.14727569,0.6181789,0.23095575,0.8116977,0.4675848,0.18986402,0.26083446,0.8637874,0.36826244,0.8147754,0.68584824,0.48721012,0.5583538,0.8195198,0.21853769,0.4242013,0.8258863,0.07907094,0.54479927,0.6759269,0.007045036,0.34795448,0.24291666,0.87959373
7,136,3,visual,0.7747388,0.9065932,0.82289636,0.5133394,0.24957232,0.85893613,0.12291741,0.9384382,0.72561395,0.20504521,0.5960679,0.92796654,0.81755805,0.96666026,0.9301531,0.27493897,0.72922355,0.9166295,0.4348848,0.5662056,0.8929297,0.5531074,0.83660597,0.6919857,0.56371856,0.6802568,0.3348795,0.9202453
7,136,4,visual,0.9862745,0.92919475,0.9403274,0.9049956,0.6595935,0.69838005,0.83295566,0.99385905,0.37442568,0.7071862,0.95800513,0.949473,0.85588676,0.99100995,0.9621467,0.015399848,0.40740913,0.97666043,0.7289925,0.9806703,0.9612372,0.9072477,0.94228363,0.94631296,0.9376871,0.3596687,0.8384664,0.97520447
7,136,5,visual,0.7427535,0.7120686,0.5817543,0.20271987,0.024733381,0.7720944,0.07599486,0.8694954,0.23948705,0.21055746,0.1316112,0.8353248,0.48694772,0.94574636,0.8235389,0.49169728,0.38831687,0.81960106,0.039292477,0.50485766,0.85150814,0.55078155,0.46741176,0.65736824,0.17244396,0.22571121,0.33917043,0.83286065
7,136,6,visual,0.9343882,0.51626426,0.80050945,0.66982615,0.2298943,0.5846116,0.61928314,0.9758675,0.15283455,0.21551903,0.57987875,0.85052204,0.6140471,0.9765172,0.91061443,0.36634183,0.5284173,0.9444172,0.3407315,0.62456155,0.87161744,0.6922786,0.63483113,0.83191735,0.64059657,0.44989872,0.3873627,0.9050619
7,136,7,visual,0.8572446,0.59593874,0.6982443,0.46474063,0.2799396,0.8803186,0.30899355,0.9341773,0.44155607,0.048257913,0.45614913,0.9061442,0.76183784,0.95338905,0.90715164,0.43549854,0.63023037,0.92510897,0.54606515,0.29557666,0.7897894,0.35635757,0.4754307,0.65555674,0.48106483,0.34110358,0.30286556,0.8942748
7,136,8,visual,0.6307464,0.21066228,0.50473523,0.12461903,0.05874607,0.68695676,0.21874017,0.80284613,0.07603914,0.38737798,0.7237467,0.89726764,0.8074698,0.72648627,0.6806203,0.14722398,0.8958926,0.37489763,0.11297415,0.7512454,0.8372442,0.67483985,0.58588934,0.73164326,0.38222784,0.6990771,0.24644598,0.9092718
7,136,9,visual,0.20908898,0.61205,0.13451692,0.2273796,0.8516364,0.68080944,0.10851708,0.9092843,0.40443778,0.2473772,0.6698421,0.90313166,0.6822851,0.9117071,0.69273496,0.379651,0.41196248,0.7922387,0.31741542,0.9078099,0.75858617,0.3912485,0.7599369,0.54247457,0.3807572,0.30808988,0.76373166,0.8955873
7,136,10,visual,0.73635364,0.7086935,0.73239315,0.26679254,0.039642036,0.7793934,0.28660432,0.98060155,0.4187889,0.37440935,0.686875,0.9090088,0.79862165,0.9440889,0.74230707,0.30419126,0.4520336,0.8711966,0.07341242,0.6748893,0.87030494,0.6584007,0.5800382,0.72466904,0.24360201,0.17529385,0.45300847,0.9331869
7,136,11,visual,0.5336961,0.5938951,0.37671617,0.18922144,0.649177,0.71558565,0.11456031,0.7926646,0.487326,0.16384839,0.7553672,0.7923236,0.51174027,0.85397035,0.74005216,0.4525374,0.5212864,0.7906246,0.2634887,0.6739394,0.8293025,0.25706735,0.3365101,0.74506086,0.22608115,0.31577814,0.5810014,0.917505
7,136,12,visual,0.8811322,0.53432333,0.9018044,0.02924972,0.21023117,0.8439582,0.35513958,0.77036333,0.39501753,0.46701497,0.5926564,0.87028044,0.6002793,0.955255,0.5724718,0.04429057,0.6711228,0.801156,0.21543977,0.46229675,0.8972999,0.54769295,0.3196037,0.77282405,0.29467574,0.5093183,0.327645,0.94263405
7,136,13,visual,0.810998,0.7260106,0.7723881,0.08773817,0.66348886,0.7963831,0.46789205,0.8855851,0.45353436,0.62161696,0.8655096,0.91564107,0.7466602,0.9478765,0.5241184,0.38418543,0.61754125,0.892129,0.547034,0.81518024,0.9354192,0.61166835,0.464865,0.67315066,0.52447635,0.2821366,0.6879929,0.9698834
7,136,14,visual,0.5206527,0.31919742,0.544984,0.49024856,0.6304987,0.7298861,0.098522246,0.35834402,0.22724663,0.6832027,0.6521977,0.7685247,0.57858324,0.6386257,0.13520867,0.12807134,0.66493875,0.26939604,0.6555529,0.77321845,0.8824489,0.70010835,0.47925338,0.40103596,0.6622145,0.3916944,0.5360462,0.92713946
7,136,15,visual,0.42979887,0.141898,0.73315233,0.010408914,0.47910985,0.8022647,0.15827408,0.64352554,0.52811533,0.7098647,0.33354104,0.87928545,0.70027035,0.8217542,0.49457374,0.7080039,0.73869836,0.5815996,0.43798554,0.20726922,0.95484155,0.6579013,0.23949437,0.7811584,0.4181515,0.59843373,0.27840582,0.9803004
7,137,1,visual,0.5702662,0.50732684,0.84960496,0.05606465,0.21632826,0.7698645,0.0567338,0.5722076,0.37817577,0.13840559,0.31843764,0.69375205,0.3999478,0.8189674,0.50947106,0.0068903873,0.6140672,0.6234204,0.11566571,0.3359985,0.70029175,0.641717,0.21285875,0.42896134,0.12267246,0.007397837,0.15612483,0.8805009
7,137,2,visual,0.6653631,0.7660781,0.023714362,0.2668206,0.6954824,0.7626688,0.18803144,0.9363439,0.77125424,0.29047424,0.69976455,0.7369316,0.6809499,0.45491415,0.5064707,0.17403504,0.16120556,0.87215894,0.55767506,0.58851236,0.8309865,0.63873833,0.61228955,0.21241269,0.039420806,0.9559913,0.7721036,0.83675325
7,137,3,visual,0.15344326,0.24831226,0.90435797,0.7224049,0.6311272,0.9054235,0.6948477,0.13284908,0.89723545,0.71206933,0.72222656,0.93879527,0.61393136,0.9408834,0.28388977,0.7970788,0.7212555,0.86178505,0.80258226,0.0033941339,0.8069343,0.75854206,0.5903875,0.09384397,0.37386727,0.7458371,0.43726,0.03821143
7,137,4,visual,0.55321544,0.79389286,0.13438888,0.6430778,0.3841276,0.845802,0.31453884,0.81419396,0.855379,0.9367221,0.39343825,0.9383621,0.89433664,0.885332,0.028456762,0.59463775,0.63804865,0.7413249,0.9042863,0.19291164,0.8780475,0.6025342,0.12561128,0.23233941,0.7702504,0.43057615,0.13340002,0.96845645
7,137,5,visual,0.46995404,0.9017698,0.009512674,0.49386132,0.1428269,0.8848401,0.47412333,0.86241066,0.464616,0.7258076,0.1396721,0.8878986,0.79279774,0.82876456,0.09786725,0.2691361,0.7443063,0.59692824,0.71118265,0.079263136,0.9557461,0.7214662,0.015514159,0.52565044,0.5868466,0.28271514,0.052399103,0.9802939
7,137,6,visual,0.6022049,0.60665333,0.08686977,0.6473862,0.35239887,0.9206992,0.4916774,0.5850764,0.4394731,0.76350874,0.16360608,0.7570356,0.62111115,0.7549335,0.31831306,0.0063204262,0.7146748,0.51772517,0.547987,0.42199567,0.9215514,0.6588798,0.063419625,0.64280415,0.6082148,0.46294922,0.17146727,0.98118407
7,137,7,visual,0.4150651,0.61367756,0.2753556,0.24173959,0.7021895,0.9211045,0.65119034,0.857385,0.33940405,0.6151973,0.5690526,0.8949473,0.7726042,0.8779418,0.47997344,0.0029470448,0.8474604,0.5046315,0.5467646,0.84318656,0.9910893,0.9600326,0.41901466,0.9027734,0.5020001,0.7898851,0.09892629,0.99544555
7,137,8,visual,0.038641594,0.5092428,0.4135073,0.32847548,0.09202423,0.8853646,0.44535187,0.3477335,0.1445756,0.73901385,0.22271454,0.6980456,0.48949,0.74448544,0.5790163,0.21382742,0.6669748,0.5096929,0.44913217,0.015639158,0.88244206,0.60073906,0.014844059,0.64793146,0.5089205,0.43149623,0.08252428,0.9802792
7,137,9,visual,0.1336571,0.44842097,0.15327454,0.55253726,0.5147874,0.8727653,0.45664737,0.73006994,0.32167786,0.7609785,0.15545204,0.84565914,0.62420726,0.73279613,0.12627396,0.42604455,0.82265437,0.49068245,0.5977894,0.3387096,0.92132384,0.63875145,0.0406692,0.5162483,0.67887485,0.108742684,0.18460777,0.9738879
7,137,10,visual,0.054572243,0.3783145,0.5659923,0.35965088,0.20742871,0.90251577,0.19416705,0.67344433,0.11106377,0.35054353,0.77672756,0.7281362,0.33176553,0.68246305,0.15995154,0.06831464,0.78173935,0.5084518,0.47087085,0.31313804,0.92239726,0.68915904,0.59895325,0.56597024,0.43134886,0.518391,0.29120544,0.97535
7,137,11,visual,0.10078364,0.487624,0.72914314,0.038524322,0.19233698,0.8115594,0.056795858,0.26673073,0.038080875,0.30047578,0.13497935,0.5674863,0.16868743,0.95138013,0.5869687,0.248398,0.652244,0.6993805,0.558556,0.27545077,0.92426103,0.7564783,0.029229159,0.75269943,0.4741807,0.36034226,0.123669036,0.9762272
7,137,12,visual,0.394163,0.87922144,0.15415435,0.516568,0.7780408,0.82301,0.39074638,0.38880718,0.14475611,0.48984632,0.20165078,0.7099344,0.42155507,0.46632457,0.05507258,0.5250927,0.63197803,0.53476185,0.77980953,0.07170018,0.91237664,0.48128432,0.10783617,0.6276505,0.6835363,0.3695238,0.34631407,0.9841282
7,137,13,visual,0.35737404,0.6594924,0.026692202,0.59951836,0.5272023,0.9042907,0.48801056,0.25737602,0.5215052,0.14868137,0.51806283,0.4597995,0.15924314,0.65622944,0.035911314,0.19373271,0.811794,0.33671147,0.60509455,0.038297616,0.9067403,0.5518963,0.08705318,0.6266088,0.6611558,0.40984678,0.20653635,0.9769171
7,137,14,visual,0.25036696,0.8203831,0.47384983,0.20172381,0.5538958,0.780819,0.1587864,0.065383956,0.16273302,0.5968155,0.21192844,0.4622825,0.05298006,0.88298875,0.589561,0.6873586,0.52805287,0.66621625,0.6174402,0.008689089,0.89788765,0.702396,0.1313796,0.6485075,0.43758428,0.53587806,0.27350107,0.96870196
7,137,15,visual,0.8560671,0.7043447,0.7860731,0.50795925,0.05109964,0.6204867,0.37328935,0.8097937,0.5150579,0.4766316,0.19933273,0.55988616,0.5927098,0.89141303,0.7430204,0.22609289,0.54686654,0.7772215,0.2827107,0.55163985,0.766628,0.59912217,0.44209084,0.59722143,0.084729366,0.35622022,0.22174494,0.8932184
7,138,1,visual,0.4887783,0.6522731,0.8498442,0.46068963,0.15827622,0.5737132,0.4268405,0.6799337,0.3707277,0.1739351,0.1920428,0.6590316,0.111412175,0.86116093,0.66943663,0.120390624,0.39883286,0.7883078,0.22723743,0.56827825,0.6198039,0.5217365,0.5495474,0.36228183,0.13821469,0.01715165,0.4667711,0.7759219
7,138,2,visual,0.7551075,0.30670273,0.97699624,0.9412587,0.39089045,0.24560863,0.91687167,0.8375136,0.6180783,0.7984975,0.33108318,0.9211693,0.6735373,0.98047197,0.97337735,0.39904228,0.7158183,0.9556385,0.79516864,0.85867983,0.9612424,0.9379605,0.8635936,0.98121476,0.9442165,0.63510627,0.6506848,0.98334396
7,138,3,visual,0.8690745,0.14537358,0.93638134,0.89422387,0.4419083,0.22921082,0.85886425,0.9324718,0.37858728,0.82701284,0.85082054,0.9617073,0.815143,0.9594746,0.947861,0.5451984,0.3585028,0.94578654,0.86560196,0.90438044,0.95837146,0.93882763,0.92720526,0.9623561,0.95455366,0.6198846,0.84333843,0.9633453
7,138,4,visual,0.3289194,0.6521194,0.29649007,0.3633272,0.30153427,0.863065,0.30195516,0.056757085,0.33826518,0.4241781,0.028454244,0.62660736,0.0024031808,0.85053885,0.2422743,0.056687128,0.73473704,0.5746033,0.5127967,0.20449935,0.92696023,0.7197846,0.42315462,0.6608364,0.3879892,0.34179217,0.17274766,0.9826254
7,138,5,visual,0.59477496,0.86228377,0.6015205,0.23678188,0.12862617,0.8688049,0.29920742,0.20230013,0.63887614,0.06944524,0.46202636,0.77131134,0.1858088,0.9144662,0.37851867,0.22603144,0.7362567,0.7963629,0.5696555,0.4808072,0.8286629,0.56764734,0.18163398,0.5017079,0.5633298,0.41070256,0.21169439,0.9350154
7,138,6,visual,0.48188356,0.60211986,0.44530767,0.21576166,0.011347155,0.81019,0.038201276,0.42028594,0.033342462,0.4741077,0.42729074,0.6100278,0.36307907,0.7407059,0.34430495,0.30368155,0.7097265,0.6578832,0.41307968,0.29290655,0.87730026,0.5448716,0.33678392,0.7274607,0.52002126,0.56639874,0.33354104,0.96131104
7,138,7,visual,0.18727446,0.1826729,0.57179475,0.18713933,0.3220153,0.65709865,0.20934932,0.15448251,0.2742013,0.50567394,0.007165376,0.529267,0.112844415,0.7298538,0.23108515,0.671456,0.6740702,0.61334497,0.40605763,0.037650876,0.81268084,0.53373986,0.31895038,0.33766142,0.31196138,0.42052114,0.054069262,0.9126129
7,138,8,visual,0.035482403,0.79909545,0.2922254,0.5365388,0.21623152,0.8811485,0.25403723,0.24501638,0.16753532,0.5200094,0.48264828,0.6986608,0.015187285,0.8817938,0.1394533,0.48558772,0.837296,0.6606545,0.7085714,0.026157415,0.8946192,0.6450006,0.13426226,0.61418027,0.6818106,0.28451186,0.17100875,0.95076317
7,138,9,visual,0.30942065,0.49005887,0.6325406,0.088216074,0.28706536,0.6682918,0.2825901,0.48717928,0.16076912,0.19883068,0.22789697,0.750543,0.36265382,0.79096836,0.19312955,0.16608536,0.6185638,0.8110666,0.54724866,0.71542543,0.7987954,0.4850253,0.2715049,0.59851676,0.5480384,0.29714546,0.6527975,0.9022796
7,138,10,visual,0.15210153,0.8818446,0.7340578,0.5738098,0.033280402,0.8446586,0.28369302,0.32829392,0.025877643,0.41426,0.46451485,0.21235958,0.13467681,0.95439965,0.8461891,0.26739818,0.7648576,0.89836395,0.2757784,0.3335707,0.8382081,0.6754693,0.5241913,0.5681912,0.44024864,0.67405564,0.17609331,0.888774
7,138,11,visual,0.20362991,0.66519505,0.99594164,0.98499286,0.08883716,0.60810846,0.8188316,0.39568397,0.51794606,0.5287351,0.20876218,0.747782,0.08289188,0.9900466,0.98525345,0.2838223,0.47975576,0.9520379,0.84182155,0.7347034,0.8586505,0.7732589,0.8374717,0.8371278,0.9301043,0.43779236,0.5108789,0.88793266
7,138,12,visual,0.2523627,0.36087498,0.8345537,0.593866,0.5204267,0.68213403,0.4537727,0.5994593,0.39946473,0.38468376,0.14899051,0.79909796,0.14601979,0.9249631,0.8182081,0.06688817,0.6934595,0.7805114,0.2595802,0.72253186,0.88724035,0.81627417,0.5248323,0.7686744,0.6006154,0.2857633,0.48107436,0.9253224
7,138,13,visual,0.533268,0.5233413,0.5732044,0.25770098,0.3926147,0.827434,0.19234005,0.5889337,0.14457998,0.41572058,0.6555229,0.8270296,0.41964784,0.8780636,0.016998038,0.35266048,0.84426755,0.70090955,0.5285822,0.6047456,0.9615207,0.70675725,0.15564974,0.4769384,0.46086267,0.15747212,0.54632133,0.9807063
7,138,14,visual,0.46310708,0.41511336,0.577106,0.19164786,0.44082728,0.7923802,0.38533863,0.5297006,0.18230829,0.43171665,0.3186271,0.77128774,0.34828234,0.859923,0.31135166,0.56214327,0.7511101,0.8118618,0.3929231,0.11582586,0.89732265,0.27066922,0.18079887,0.73109907,0.55084574,0.47559664,0.14740972,0.96490145
7,138,15,visual,0.109987,0.84857583,0.51996446,0.3278892,0.061203636,0.88753605,0.07540505,0.426644,0.029947732,0.48520645,0.009730956,0.89995086,0.3264464,0.92667633,0.2839256,0.30428094,0.7584229,0.7530005,0.49502975,0.34609276,0.96314836,0.70730877,0.076871105,0.60526556,0.5058666,0.58421755,0.051552005,0.985394
7,139,1,visual,0.1864289,0.8754845,0.6858005,0.37046286,0.023691718,0.89542836,0.3033615,0.49451736,0.6574985,0.36270106,0.26871797,0.8400675,0.10112939,0.94964415,0.06220851,0.107642286,0.85947603,0.6391636,0.58884597,0.2773445,0.9564577,0.84464103,0.09992186,0.5309499,0.2920191,0.7082661,0.05793293,0.9770396
7,139,2,visual,0.45752665,0.6155487,0.8982905,0.70976424,0.43168387,0.65301275,0.61054134,0.60018855,0.45588574,0.11680542,0.13088208,0.77380943,0.36026698,0.98814225,0.90185386,0.100547455,0.5908077,0.9253278,0.20187388,0.79664034,0.99407035,0.92823076,0.7477272,0.9793841,0.8088947,0.33727998,0.5055465,0.99315965
7,139,3,visual,0.16394441,0.62779087,0.53476477,0.10257895,0.6854405,0.8174334,0.3125171,0.44703653,0.010171573,0.30339152,0.032532804,0.77467656,0.30391634,0.87760425,0.40976733,0.4848529,0.82052326,0.59752464,0.43323523,0.7734659,0.9532367,0.79589313,0.47640654,0.6849021,0.3662806,0.32910773,0.46430543,0.9716383
7,139,4,visual,0.59863937,0.6070762,0.25905573,0.7557287,0.038630746,0.86763906,0.5721202,0.27162257,0.4882444,0.7388918,0.0686417,0.15587647,0.14555576,0.8058424,0.52801317,0.13358498,0.9078238,0.054113675,0.74111956,0.22287412,0.9493394,0.7100694,0.22270302,0.1957313,0.7568978,0.2173622,0.12242431,0.9800169
7,139,5,visual,0.30134538,0.7364824,0.14869234,0.5046553,0.28922305,0.91484094,0.5022029,0.49388096,0.07898141,0.15067674,0.38721913,0.62955713,0.31285894,0.580011,0.025336428,0.45995954,0.8065953,0.48729327,0.7030119,0.094927,0.91488713,0.582441,0.4592976,0.4560715,0.48735824,0.49215558,0.37714753,0.92320734
7,139,6,visual,0.056472857,0.6367,0.3681417,0.58850145,0.14490227,0.86299527,0.4420368,0.11909738,0.36757234,0.021236222,0.21171252,0.52039677,0.17652062,0.86918944,0.11087554,0.330574,0.65971076,0.49613482,0.85646844,0.16939276,0.9137583,0.825162,0.16914994,0.50786334,0.6854488,0.35082075,0.012771322,0.97968006
7,139,7,visual,0.71201944,0.8263002,0.3985504,0.2942316,0.5477551,0.90949994,0.4621527,0.14206176,0.71983457,0.2949929,0.75601834,0.5861791,0.23151243,0.92661726,0.54552627,0.5945055,0.83781725,0.73925054,0.60473514,0.43969718,0.93707246,0.7040061,0.33902085,0.7718388,0.4709502,0.4561674,0.4135793,0.9759637
7,139,8,visual,0.15094091,0.6990679,0.45758593,0.5365166,0.123769805,0.8826049,0.41225505,0.073664494,0.4444544,0.0029042999,0.12131506,0.4558946,0.08664544,0.8149209,0.1848982,0.11217935,0.7232451,0.5490583,0.6228085,0.4094798,0.905211,0.6999671,0.017331082,0.6363771,0.48038006,0.47612375,0.29146373,0.97425616
7,139,9,visual,0.2417199,0.7221692,0.3153358,0.76498,0.19005792,0.8917315,0.5769892,0.48573086,0.0018929419,0.61861396,0.20016477,0.6585895,0.37906635,0.8544044,0.0068691513,0.02645328,0.7320227,0.43467852,0.9054529,0.107907474,0.94774216,0.78790915,0.09948898,0.6560054,0.91922814,0.3104459,0.0051325075,0.98739386
7,139,10,visual,0.23206015,0.58135146,0.26187283,0.56612283,0.07675482,0.87706816,0.40653074,0.224442,0.4786467,0.41179496,0.48644343,0.7663564,0.14278483,0.80654424,0.07432803,0.38754484,0.8024586,0.5332936,0.7088261,0.17307085,0.93128186,0.672234,0.094372414,0.7752274,0.6337084,0.62160337,0.03407759,0.9788788
7,139,11,visual,0.18044248,0.8040595,0.10372179,0.56524247,0.52181304,0.88147396,0.38536328,0.55838734,0.14700803,0.6837701,0.4473979,0.7630679,0.48972368,0.80397004,0.025859242,0.19510847,0.7601529,0.5917354,0.9102378,0.3607495,0.95232236,0.76246333,0.24643068,0.69515115,0.80737454,0.5301465,0.123310894,0.9795939
7,139,12,visual,0.27782995,0.77306545,0.19139758,0.6136697,0.6504636,0.9265328,0.48166192,0.8006971,0.07655831,0.6649514,0.13499142,0.87784815,0.5548572,0.85687035,0.16620895,0.3623468,0.7371341,0.62481046,0.80173564,0.36667377,0.9813504,0.7794044,0.031785224,0.8091545,0.6947454,0.2211488,0.19643115,0.99773985
7,139,13,visual,0.1647166,0.77230215,0.15509248,0.58597267,0.5980828,0.9283242,0.64911395,0.50816476,0.12678333,0.5466404,0.6523396,0.7953663,0.5184604,0.8806438,0.21006699,0.1381355,0.80707806,0.51690745,0.9010453,0.8175526,0.9779106,0.90833104,0.23706207,0.75398374,0.65245044,0.41268125,0.49999195,0.99779516
7,139,14,visual,0.8275598,0.5659817,0.5851313,0.5575532,0.34625283,0.6637151,0.48442262,0.90327406,0.6649883,0.6320436,0.81709623,0.80473715,0.8154569,0.8429882,0.8220438,0.11359932,0.59892374,0.92689246,0.1966053,0.8785412,0.8371707,0.49993724,0.7867075,0.6950268,0.37558067,0.40797716,0.76700866,0.9017244
7,139,15,visual,0.8328114,0.8782139,0.803721,0.5635951,0.5242977,0.8807059,0.16681908,0.91257095,0.5731836,0.6526017,0.6356905,0.92075115,0.9485356,0.9745769,0.9352067,0.90534264,0.7391781,0.88573605,0.1433939,0.5621521,0.9372019,0.86187345,0.6150108,0.7717597,0.53598845,0.7868224,0.12686372,0.96935356
7,140,1,visual,0.9238044,0.8186523,0.8799868,0.8001654,0.29864296,0.33409157,0.75766903,0.9145554,0.2733723,0.05392502,0.84623283,0.79768777,0.7494735,0.98213655,0.9257536,0.66100293,0.10846378,0.9297918,0.638856,0.70408136,0.82597417,0.55528647,0.65891063,0.84336144,0.6646851,0.3289841,0.6042928,0.9106675
7,140,2,visual,0.96421015,0.92071015,0.39367306,0.441655,0.22225085,0.64118755,0.20423411,0.98058623,0.16999511,0.81626844,0.43423826,0.8352246,0.7482783,0.8073034,0.16491735,0.025881961,0.5052242,0.8420825,0.7932857,0.67178583,0.9104759,0.6200655,0.028717928,0.50006396,0.6586284,0.20870726,0.29397538,0.9473646
7,140,3,visual,0.62578475,0.75259846,0.51278347,0.5784972,0.25216475,0.90054923,0.27679422,0.86475676,0.5118543,0.8540483,0.010543274,0.9716472,0.85796314,0.8722974,0.18183038,0.49102262,0.7698905,0.56753397,0.8420196,0.19403233,0.97413766,0.78754354,0.29590207,0.50396043,0.54565006,0.41443092,0.13701391,0.9787482
7,140,4,visual,0.9510802,0.5101014,0.51261204,0.06150285,0.42144886,0.7261551,0.27753872,0.9477828,0.21895768,0.4186438,0.89261603,0.8123343,0.60212046,0.89675766,0.58289295,0.29659426,0.65527016,0.8568447,0.35829785,0.6826567,0.9083507,0.68337274,0.46390107,0.5881537,0.23410612,0.29623094,0.6357562,0.947237
7,140,5,visual,0.72737306,0.7073642,0.60749453,0.64132214,0.56121993,0.89801383,0.35230953,0.9624075,0.056824476,0.7900131,0.7381777,0.93341917,0.831262,0.96075404,0.080172695,0.056123134,0.71325403,0.69806373,0.7061706,0.608215,0.945729,0.7963859,0.20652659,0.6353815,0.71128213,0.47718868,0.40251327,0.9761179
7,140,6,visual,0.9063403,0.68431675,0.5373368,0.40531376,0.47804442,0.88151777,0.023805339,0.97033554,0.41871375,0.84947735,0.90623915,0.90844434,0.8477686,0.876275,0.009098978,0.19501023,0.7170462,0.77046716,0.8663078,0.8500405,0.97755826,0.8425423,0.27453786,0.6612424,0.8418957,0.3380578,0.601997,0.9744612
7,140,7,visual,0.6907921,0.79506165,0.2548776,0.74954945,0.5513609,0.8360275,0.51737857,0.9063227,0.2938896,0.8965762,0.60387343,0.9349313,0.87882304,0.8100555,0.19320713,0.260477,0.74724567,0.4747103,0.85426563,0.24790801,0.95372427,0.84166104,0.09501219,0.44536462,0.84369665,0.43448293,0.20378092,0.98424596
7,140,8,visual,0.57218003,0.5610638,0.60505265,0.19723812,0.5972483,0.88113886,0.0035311934,0.7653295,0.015843298,0.5255799,0.7600892,0.9179604,0.56175935,0.8591662,0.28093717,0.37790874,0.7607248,0.608439,0.6669978,0.88073874,0.97322667,0.83740187,0.4832325,0.82231605,0.5367009,0.47318792,0.7019577,0.96647817
7,140,9,visual,0.9991988,0.82119304,0.99735314,0.9911106,0.8584958,0.90142256,0.98742455,0.9994407,0.9811073,0.974004,0.99855715,0.9982577,0.9977043,0.99837035,0.9912566,0.29526928,0.88494927,0.99372154,0.9842181,0.996994,0.99827385,0.99653316,0.9881627,0.99308485,0.9860034,0.8454979,0.9857132,0.99887073
7,140,10,visual,0.9997587,0.9889083,0.999965,0.9998472,0.050488252,0.9946812,0.99991214,0.99993646,0.8790602,0.999955,1.0,0.9999712,0.9730171,0.9999669,0.9998325,0.99653727,0.99308693,0.9998792,0.99993646,0.9999815,0.9999308,0.9998354,0.9999505,0.9997135,0.9998737,0.9973,0.99989516,0.99983156
7,140,11,visual,0.9999361,0.9778916,1.0,0.9999913,0.7207553,0.99208236,0.9989462,0.99981296,0.9192682,0.99981296,0.99993634,0.9999315,0.9982382,0.9999474,0.99999964,0.9078184,0.98936826,0.99961776,0.999847,0.99994904,0.999691,0.9994352,1.0,0.99994487,0.99999714,0.99353504,0.99983805,0.99971294
7,140,12,visual,0.94808257,0.5311722,0.83029026,0.06077771,0.259362,0.743802,0.3259788,0.87526196,0.027807018,0.28526363,0.5347966,0.9059472,0.7777897,0.9100056,0.29836726,0.36889464,0.69541085,0.7067006,0.19435938,0.7912343,0.9410443,0.85531336,0.12943077,0.81080747,0.19315909,0.553744,0.23864205,0.97041553
7,140,13,visual,0.8381369,0.656399,0.6517345,0.56758285,0.5720814,0.7120222,0.26546547,0.9771483,0.16525133,0.024150737,0.649748,0.8934024,0.76381564,0.94023585,0.8818523,0.32731313,0.35597315,0.9106876,0.03031736,0.79048884,0.97898805,0.8784549,0.72690946,0.9188347,0.6517447,0.19916415,0.6753438,0.948326
7,140,14,visual,0.97084415,0.40852946,0.8680252,0.7252993,0.5109819,0.68989795,0.7554799,0.925418,0.5764621,0.10897198,0.99262166,0.818025,0.63613564,0.9154398,0.80158544,0.097957514,0.63714224,0.85779965,0.12923642,0.7254574,0.9262562,0.6163702,0.80183095,0.6434053,0.39061275,0.72632486,0.68050706,0.8716811
7,140,15,visual,0.90333444,0.42761597,0.6573595,0.14844988,0.4395528,0.749881,0.17570287,0.89350456,0.77671564,0.7266902,0.90437156,0.8969858,0.7989418,0.8810133,0.74998754,0.30763048,0.5151938,0.8259205,0.32350835,0.82285506,0.95249355,0.8208169,0.7688591,0.9046423,0.5805751,0.3671616,0.586881,0.9760805
8,141,1,visual,0.41302747,0.47818208,0.4180367,0.82918465,0.36568063,0.32668814,0.44204906,0.45850402,0.43518472,0.42879674,0.40904695,0.23225532,0.440249,0.68563634,0.46705928,0.46998185,0.7667282,0.5504086,0.40059137,0.41850656,0.80713856,0.31842232,0.48728767,0.38984674,0.41962668,0.14082192,0.4370199,0.91697973
8,141,2,visual,0.41302747,0.47818208,0.4180367,0.82918465,0.36568063,0.32668814,0.44204906,0.45850402,0.43518472,0.42879674,0.40904695,0.23225532,0.440249,0.68563634,0.46705928,0.46998185,0.7667282,0.5504086,0.40059137,0.41850656,0.80713856,0.31842232,0.48728767,0.38984674,0.41962668,0.14082192,0.4370199,0.91697973
8,141,3,visual,0.41302747,0.47818208,0.4180367,0.82918465,0.36568063,0.32668814,0.44204906,0.45850402,0.43518472,0.42879674,0.40904695,0.23225532,0.440249,0.68563634,0.46705928,0.46998185,0.7667282,0.5504086,0.40059137,0.41850656,0.80713856,0.31842232,0.48728767,0.38984674,0.41962668,0.14082192,0.4370199,0.91697973
8,141,4,visual,0.41302747,0.47818208,0.4180367,0.82918465,0.36568063,0.32668814,0.44204906,0.45850402,0.43518472,0.42879674,0.40904695,0.23225532,0.440249,0.68563634,0.46705928,0.46998185,0.7667282,0.5504086,0.40059137,0.41850656,0.80713856,0.31842232,0.48728767,0.38984674,0.41962668,0.14082192,0.4370199,0.91697973
8,141,5,visual,0.41302747,0.47818208,0.4180367,0.82918465,0.36568063,0.32668814,0.44204906,0.45850402,0.43518472,0.42879674,0.40904695,0.23225532,0.440249,0.68563634,0.46705928,0.46998185,0.7667282,0.5504086,0.40059137,0.41850656,0.80713856,0.31842232,0.48728767,0.38984674,0.41962668,0.14082192,0.4370199,0.91697973
8,141,6,visual,0.41302747,0.47818208,0.4180367,0.82918465,0.36568063,0.32668814,0.44204906,0.45850402,0.43518472,0.42879674,0.40904695,0.23225532,0.440249,0.68563634,0.46705928,0.46998185,0.7667282,0.5504086,0.40059137,0.41850656,0.80713856,0.31842232,0.48728767,0.38984674,0.41962668,0.14082192,0.4370199,0.91697973
8,141,7,visual,0.41302747,0.47818208,0.4180367,0.82918465,0.36568063,0.32668814,0.44204906,0.45850402,0.43518472,0.42879674,0.40904695,0.23225532,0.440249,0.68563634,0.46705928,0.46998185,0.7667282,0.5504086,0.40059137,0.41850656,0.80713856,0.31842232,0.48728767,0.38984674,0.41962668,0.14082192,0.4370199,0.91697973
8,141,8,visual,0.41302747,0.47818208,0.4180367,0.82918465,0.36568063,0.32668814,0.44204906,0.45850402,0.43518472,0.42879674,0.40904695,0.23225532,0.440249,0.68563634,0.46705928,0.46998185,0.7667282,0.5504086,0.40059137,0.41850656,0.80713856,0.31842232,0.48728767,0.38984674,0.41962668,0.14082192,0.4370199,0.91697973
8,141,9,visual,0.41302747,0.47818208,0.4180367,0.82918465,0.36568063,0.32668814,0.44204906,0.45850402,0.43518472,0.42879674,0.40904695,0.23225532,0.440249,0.68563634,0.46705928,0.46998185,0.7667282,0.5504086,0.40059137,0.41850656,0.80713856,0.31842232,0.48728767,0.38984674,0.41962668,0.14082192,0.4370199,0.91697973
8,141,10,visual,0.41302747,0.47818208,0.4180367,0.82918465,0.36568063,0.32668814,0.44204906,0.45850402,0.43518472,0.42879674,0.40904695,0.23225532,0.440249,0.68563634,0.46705928,0.46998185,0.7667282,0.5504086,0.40059137,0.41850656,0.80713856,0.31842232,0.48728767,0.38984674,0.41962668,0.14082192,0.4370199,0.91697973
8,141,11,visual,0.41302747,0.47818208,0.4180367,0.82918465,0.36568063,0.32668814,0.44204906,0.45850402,0.43518472,0.42879674,0.40904695,0.23225532,0.440249,0.68563634,0.46705928,0.46998185,0.7667282,0.5504086,0.40059137,0.41850656,0.80713856,0.31842232,0.48728767,0.38984674,0.41962668,0.14082192,0.4370199,0.91697973
8,141,12,visual,0.41302747,0.47818208,0.4180367,0.82918465,0.36568063,0.32668814,0.44204906,0.45850402,0.43518472,0.42879674,0.40904695,0.23225532,0.440249,0.68563634,0.46705928,0.46998185,0.7667282,0.5504086,0.40059137,0.41850656,0.80713856,0.31842232,0.48728767,0.38984674,0.41962668,0.14082192,0.4370199,0.91697973
8,141,13,visual,0.41302747,0.47818208,0.4180367,0.82918465,0.36568063,0.32668814,0.44204906,0.45850402,0.43518472,0.42879674,0.40904695,0.23225532,0.440249,0.68563634,0.46705928,0.46998185,0.7667282,0.5504086,0.40059137,0.41850656,0.80713856,0.31842232,0.48728767,0.38984674,0.41962668,0.14082192,0.4370199,0.91697973
8,141,14,visual,0.41302747,0.47818208,0.4180367,0.82918465,0.36568063,0.32668814,0.44204906,0.45850402,0.43518472,0.42879674,0.40904695,0.23225532,0.440249,0.68563634,0.46705928,0.46998185,0.7667282,0.5504086,0.40059137,0.41850656,0.80713856,0.31842232,0.48728767,0.38984674,0.41962668,0.14082192,0.4370199,0.91697973
8,141,15,visual,0.41302747,0.47818208,0.4180367,0.82918465,0.36568063,0.32668814,0.44204906,0.45850402,0.43518472,0.42879674,0.40904695,0.23225532,0.440249,0.68563634,0.46705928,0.46998185,0.7667282,0.5504086,0.40059137,0.41850656,0.80713856,0.31842232,0.48728767,0.38984674,0.41962668,0.14082192,0.4370199,0.91697973
8,142,1,visual,0.41302747,0.47818208,0.4180367,0.82918465,0.36568063,0.32668814,0.44204906,0.45850402,0.43518472,0.42879674,0.40904695,0.23225532,0.440249,0.68563634,0.46705928,0.46998185,0.7667282,0.5504086,0.40059137,0.41850656,0.80713856,0.31842232,0.48728767,0.38984674,0.41962668,0.14082192,0.4370199,0.91697973
8,142,2,visual,0.41302747,0.47818208,0.4180367,0.82918465,0.36568063,0.32668814,0.44204906,0.45850402,0.43518472,0.42879674,0.40904695,0.23225532,0.440249,0.68563634,0.46705928,0.46998185,0.7667282,0.5504086,0.40059137,0.41850656,0.80713856,0.31842232,0.48728767,0.38984674,0.41962668,0.14082192,0.4370199,0.91697973
8,142,3,visual,0.41302747,0.47818208,0.4180367,0.82918465,0.36568063,0.32668814,0.44204906,0.45850402,0.43518472,0.42879674,0.40904695,0.23225532,0.440249,0.68563634,0.46705928,0.46998185,0.7667282,0.5504086,0.40059137,0.41850656,0.80713856,0.31842232,0.48728767,0.38984674,0.41962668,0.14082192,0.4370199,0.91697973
8,142,4,visual,0.41302747,0.47818208,0.4180367,0.82918465,0.36568063,0.32668814,0.44204906,0.45850402,0.43518472,0.42879674,0.40904695,0.23225532,0.440249,0.68563634,0.46705928,0.46998185,0.7667282,0.5504086,0.40059137,0.41850656,0.80713856,0.31842232,0.48728767,0.38984674,0.41962668,0.14082192,0.4370199,0.91697973
8,142,5,visual,0.41302747,0.47818208,0.4180367,0.82918465,0.36568063,0.32668814,0.44204906,0.45850402,0.43518472,0.42879674,0.40904695,0.23225532,0.440249,0.68563634,0.46705928,0.46998185,0.7667282,0.5504086,0.40059137,0.41850656,0.80713856,0.31842232,0.48728767,0.38984674,0.41962668,0.14082192,0.4370199,0.91697973
8,142,6,visual,0.41302747,0.47818208,0.4180367,0.82918465,0.36568063,0.32668814,0.44204906,0.45850402,0.43518472,0.42879674,0.40904695,0.23225532,0.440249,0.68563634,0.46705928,0.46998185,0.7667282,0.5504086,0.40059137,0.41850656,0.80713856,0.31842232,0.48728767,0.38984674,0.41962668,0.14082192,0.4370199,0.91697973
8,142,7,visual,0.41302747,0.47818208,0.4180367,0.82918465,0.36568063,0.32668814,0.44204906,0.45850402,0.43518472,0.42879674,0.40904695,0.23225532,0.440249,0.68563634,0.46705928,0.46998185,0.7667282,0.5504086,0.40059137,0.41850656,0.80713856,0.31842232,0.48728767,0.38984674,0.41962668,0.14082192,0.4370199,0.91697973
8,142,8,visual,0.41302747,0.47818208,0.4180367,0.82918465,0.36568063,0.32668814,0.44204906,0.45850402,0.43518472,0.42879674,0.40904695,0.23225532,0.440249,0.68563634,0.46705928,0.46998185,0.7667282,0.5504086,0.40059137,0.41850656,0.80713856,0.31842232,0.48728767,0.38984674,0.41962668,0.14082192,0.4370199,0.91697973
8,142,9,visual,0.41302747,0.47818208,0.4180367,0.82918465,0.36568063,0.32668814,0.44204906,0.45850402,0.43518472,0.42879674,0.40904695,0.23225532,0.440249,0.68563634,0.46705928,0.46998185,0.7667282,0.5504086,0.40059137,0.41850656,0.80713856,0.31842232,0.48728767,0.38984674,0.41962668,0.14082192,0.4370199,0.91697973
8,142,10,visual,0.41302747,0.47818208,0.4180367,0.82918465,0.36568063,0.32668814,0.44204906,0.45850402,0.43518472,0.42879674,0.40904695,0.23225532,0.440249,0.68563634,0.46705928,0.46998185,0.7667282,0.5504086,0.40059137,0.41850656,0.80713856,0.31842232,0.48728767,0.38984674,0.41962668,0.14082192,0.4370199,0.91697973
8,142,11,visual,0.41302747,0.47818208,0.4180367,0.82918465,0.36568063,0.32668814,0.44204906,0.45850402,0.43518472,0.42879674,0.40904695,0.23225532,0.440249,0.68563634,0.46705928,0.46998185,0.7667282,0.5504086,0.40059137,0.41850656,0.80713856,0.31842232,0.48728767,0.38984674,0.41962668,0.14082192,0.4370199,0.91697973
8,142,12,visual,0.41302747,0.47818208,0.4180367,0.82918465,0.36568063,0.32668814,0.44204906,0.45850402,0.43518472,0.42879674,0.40904695,0.23225532,0.440249,0.68563634,0.46705928,0.46998185,0.7667282,0.5504086,0.40059137,0.41850656,0.80713856,0.31842232,0.48728767,0.38984674,0.41962668,0.14082192,0.4370199,0.91697973
8,142,13,visual,0.41302747,0.47818208,0.4180367,0.82918465,0.36568063,0.32668814,0.44204906,0.45850402,0.43518472,0.42879674,0.40904695,0.23225532,0.440249,0.68563634,0.46705928,0.46998185,0.7667282,0.5504086,0.40059137,0.41850656,0.80713856,0.31842232,0.48728767,0.38984674,0.41962668,0.14082192,0.4370199,0.91697973
8,142,14,visual,0.41302747,0.47818208,0.4180367,0.82918465,0.36568063,0.32668814,0.44204906,0.45850402,0.43518472,0.42879674,0.40904695,0.23225532,0.440249,0.68563634,0.46705928,0.46998185,0.7667282,0.5504086,0.40059137,0.41850656,0.80713856,0.31842232,0.48728767,0.38984674,0.41962668,0.14082192,0.4370199,0.91697973
8,142,15,visual,0.41302747,0.47818208,0.4180367,0.82918465,0.36568063,0.32668814,0.44204906,0.45850402,0.43518472,0.42879674,0.40904695,0.23225532,0.440249,0.68563634,0.46705928,0.46998185,0.7667282,0.5504086,0.40059137,0.41850656,0.80713856,0.31842232,0.48728767,0.38984674,0.41962668,0.14082192,0.4370199,0.91697973
8,143,1,visual,0.41302747,0.47818208,0.4180367,0.82918465,0.36568063,0.32668814,0.44204906,0.45850402,0.43518472,0.42879674,0.40904695,0.23225532,0.440249,0.68563634,0.46705928,0.46998185,0.7667282,0.5504086,0.40059137,0.41850656,0.80713856,0.31842232,0.48728767,0.38984674,0.41962668,0.14082192,0.4370199,0.91697973
8,143,2,visual,0.41302747,0.47818208,0.4180367,0.82918465,0.36568063,0.32668814,0.44204906,0.45850402,0.43518472,0.42879674,0.40904695,0.23225532,0.440249,0.68563634,0.46705928,0.46998185,0.7667282,0.5504086,0.40059137,0.41850656,0.80713856,0.31842232,0.48728767,0.38984674,0.41962668,0.14082192,0.4370199,0.91697973
8,143,3,visual,0.41302747,0.47818208,0.4180367,0.82918465,0.36568063,0.32668814,0.44204906,0.45850402,0.43518472,0.42879674,0.40904695,0.23225532,0.440249,0.68563634,0.46705928,0.46998185,0.7667282,0.5504086,0.40059137,0.41850656,0.80713856,0.31842232,0.48728767,0.38984674,0.41962668,0.14082192,0.4370199,0.91697973
8,143,4,visual,0.41302747,0.47818208,0.4180367,0.82918465,0.36568063,0.32668814,0.44204906,0.45850402,0.43518472,0.42879674,0.40904695,0.23225532,0.440249,0.68563634,0.46705928,0.46998185,0.7667282,0.5504086,0.40059137,0.41850656,0.80713856,0.31842232,0.48728767,0.38984674,0.41962668,0.14082192,0.4370199,0.91697973
8,143,5,visual,0.41302747,0.47818208,0.4180367,0.82918465,0.36568063,0.32668814,0.44204906,0.45850402,0.43518472,0.42879674,0.40904695,0.23225532,0.440249,0.68563634,0.46705928,0.46998185,0.7667282,0.5504086,0.40059137,0.41850656,0.80713856,0.31842232,0.48728767,0.38984674,0.41962668,0.14082192,0.4370199,0.91697973
8,143,6,visual,0.41302747,0.47818208,0.4180367,0.82918465,0.36568063,0.32668814,0.44204906,0.45850402,0.43518472,0.42879674,0.40904695,0.23225532,0.440249,0.68563634,0.46705928,0.46998185,0.7667282,0.5504086,0.40059137,0.41850656,0.80713856,0.31842232,0.48728767,0.38984674,0.41962668,0.14082192,0.4370199,0.91697973
8,143,7,visual,0.41302747,0.47818208,0.4180367,0.82918465,0.36568063,0.32668814,0.44204906,0.45850402,0.43518472,0.42879674,0.40904695,0.23225532,0.440249,0.68563634,0.46705928,0.46998185,0.7667282,0.5504086,0.40059137,0.41850656,0.80713856,0.31842232,0.48728767,0.38984674,0.41962668,0.14082192,0.4370199,0.91697973
8,143,8,visual,0.41302747,0.47818208,0.4180367,0.82918465,0.36568063,0.32668814,0.44204906,0.45850402,0.43518472,0.42879674,0.40904695,0.23225532,0.440249,0.68563634,0.46705928,0.46998185,0.7667282,0.5504086,0.40059137,0.41850656,0.80713856,0.31842232,0.48728767,0.38984674,0.41962668,0.14082192,0.4370199,0.91697973
8,143,9,visual,0.41302747,0.47818208,0.4180367,0.82918465,0.36568063,0.32668814,0.44204906,0.45850402,0.43518472,0.42879674,0.40904695,0.23225532,0.440249,0.68563634,0.46705928,0.46998185,0.7667282,0.5504086,0.40059137,0.41850656,0.80713856,0.31842232,0.48728767,0.38984674,0.41962668,0.14082192,0.4370199,0.91697973
8,143,10,visual,0.41302747,0.47818208,0.4180367,0.82918465,0.36568063,0.32668814,0.44204906,0.45850402,0.43518472,0.42879674,0.40904695,0.23225532,0.440249,0.68563634,0.46705928,0.46998185,0.7667282,0.5504086,0.40059137,0.41850656,0.80713856,0.31842232,0.48728767,0.38984674,0.41962668,0.14082192,0.4370199,0.91697973
8,143,11,visual,0.41302747,0.47818208,0.4180367,0.82918465,0.36568063,0.32668814,0.44204906,0.45850402,0.43518472,0.42879674,0.40904695,0.23225532,0.440249,0.68563634,0.46705928,0.46998185,0.7667282,0.5504086,0.40059137,0.41850656,0.80713856,0.31842232,0.48728767,0.38984674,0.41962668,0.14082192,0.4370199,0.91697973
8,143,12,visual,0.41302747,0.47818208,0.4180367,0.82918465,0.36568063,0.32668814,0.44204906,0.45850402,0.43518472,0.42879674,0.40904695,0.23225532,0.440249,0.68563634,0.46705928,0.46998185,0.7667282,0.5504086,0.40059137,0.41850656,0.80713856,0.31842232,0.48728767,0.38984674,0.41962668,0.14082192,0.4370199,0.91697973
8,143,13,visual,0.41302747,0.47818208,0.4180367,0.82918465,0.36568063,0.32668814,0.44204906,0.45850402,0.43518472,0.42879674,0.40904695,0.23225532,0.440249,0.68563634,0.46705928,0.46998185,0.7667282,0.5504086,0.40059137,0.41850656,0.80713856,0.31842232,0.48728767,0.38984674,0.41962668,0.14082192,0.4370199,0.91697973
8,143,14,visual,0.41302747,0.47818208,0.4180367,0.82918465,0.36568063,0.32668814,0.44204906,0.45850402,0.43518472,0.42879674,0.40904695,0.23225532,0.440249,0.68563634,0.46705928,0.46998185,0.7667282,0.5504086,0.40059137,0.41850656,0.80713856,0.31842232,0.48728767,0.38984674,0.41962668,0.14082192,0.4370199,0.91697973
8,143,15,visual,0.41302747,0.47818208,0.4180367,0.82918465,0.36568063,0.32668814,0.44204906,0.45850402,0.43518472,0.42879674,0.40904695,0.23225532,0.440249,0.68563634,0.46705928,0.46998185,0.7667282,0.5504086,0.40059137,0.41850656,0.80713856,0.31842232,0.48728767,0.38984674,0.41962668,0.14082192,0.4370199,0.91697973
8,144,1,visual,0.41302747,0.47818208,0.4180367,0.82918465,0.36568063,0.32668814,0.44204906,0.45850402,0.43518472,0.42879674,0.40904695,0.23225532,0.440249,0.68563634,0.46705928,0.46998185,0.7667282,0.5504086,0.40059137,0.41850656,0.80713856,0.31842232,0.48728767,0.38984674,0.41962668,0.14082192,0.4370199,0.91697973
8,144,2,visual,0.41302747,0.47818208,0.4180367,0.82918465,0.36568063,0.32668814,0.44204906,0.45850402,0.43518472,0.42879674,0.40904695,0.23225532,0.440249,0.68563634,0.46705928,0.46998185,0.7667282,0.5504086,0.40059137,0.41850656,0.80713856,0.31842232,0.48728767,0.38984674,0.41962668,0.14082192,0.4370199,0.91697973
8,144,3,visual,0.41302747,0.47818208,0.4180367,0.82918465,0.36568063,0.32668814,0.44204906,0.45850402,0.43518472,0.42879674,0.40904695,0.23225532,0.440249,0.68563634,0.46705928,0.46998185,0.7667282,0.5504086,0.40059137,0.41850656,0.80713856,0.31842232,0.48728767,0.38984674,0.41962668,0.14082192,0.4370199,0.91697973
8,144,4,visual,0.41302747,0.47818208,0.4180367,0.82918465,0.36568063,0.32668814,0.44204906,0.45850402,0.43518472,0.42879674,0.40904695,0.23225532,0.440249,0.68563634,0.46705928,0.46998185,0.7667282,0.5504086,0.40059137,0.41850656,0.80713856,0.31842232,0.48728767,0.38984674,0.41962668,0.14082192,0.4370199,0.91697973
8,144,5,visual,0.41302747,0.47818208,0.4180367,0.82918465,0.36568063,0.32668814,0.44204906,0.45850402,0.43518472,0.42879674,0.40904695,0.23225532,0.440249,0.68563634,0.46705928,0.46998185,0.7667282,0.5504086,0.40059137,0.41850656,0.80713856,0.31842232,0.48728767,0.38984674,0.41962668,0.14082192,0.4370199,0.91697973
8,144,6,visual,0.41302747,0.47818208,0.4180367,0.82918465,0.36568063,0.32668814,0.44204906,0.45850402,0.43518472,0.42879674,0.40904695,0.23225532,0.440249,0.68563634,0.46705928,0.46998185,0.7667282,0.5504086,0.40059137,0.41850656,0.80713856,0.31842232,0.48728767,0.38984674,0.41962668,0.14082192,0.4370199,0.91697973
8,144,7,visual,0.41302747,0.47818208,0.4180367,0.82918465,0.36568063,0.32668814,0.44204906,0.45850402,0.43518472,0.42879674,0.40904695,0.23225532,0.440249,0.68563634,0.46705928,0.46998185,0.7667282,0.5504086,0.40059137,0.41850656,0.80713856,0.31842232,0.48728767,0.38984674,0.41962668,0.14082192,0.4370199,0.91697973
8,144,8,visual,0.41302747,0.47818208,0.4180367,0.82918465,0.36568063,0.32668814,0.44204906,0.45850402,0.43518472,0.42879674,0.40904695,0.23225532,0.440249,0.68563634,0.46705928,0.46998185,0.7667282,0.5504086,0.40059137,0.41850656,0.80713856,0.31842232,0.48728767,0.38984674,0.41962668,0.14082192,0.4370199,0.91697973
8,144,9,visual,0.41302747,0.47818208,0.4180367,0.82918465,0.36568063,0.32668814,0.44204906,0.45850402,0.43518472,0.42879674,0.40904695,0.23225532,0.440249,0.68563634,0.46705928,0.46998185,0.7667282,0.5504086,0.40059137,0.41850656,0.80713856,0.31842232,0.48728767,0.38984674,0.41962668,0.14082192,0.4370199,0.91697973
8,144,10,visual,0.41302747,0.47818208,0.4180367,0.82918465,0.36568063,0.32668814,0.44204906,0.45850402,0.43518472,0.42879674,0.40904695,0.23225532,0.440249,0.68563634,0.46705928,0.46998185,0.7667282,0.5504086,0.40059137,0.41850656,0.80713856,0.31842232,0.48728767,0.38984674,0.41962668,0.14082192,0.4370199,0.91697973
8,144,11,visual,0.41302747,0.47818208,0.4180367,0.82918465,0.36568063,0.32668814,0.44204906,0.45850402,0.43518472,0.42879674,0.40904695,0.23225532,0.440249,0.68563634,0.46705928,0.46998185,0.7667282,0.5504086,0.40059137,0.41850656,0.80713856,0.31842232,0.48728767,0.38984674,0.41962668,0.14082192,0.4370199,0.91697973
8,144,12,visual,0.41302747,0.47818208,0.4180367,0.82918465,0.36568063,0.32668814,0.44204906,0.45850402,0.43518472,0.42879674,0.40904695,0.23225532,0.440249,0.68563634,0.46705928,0.46998185,0.7667282,0.5504086,0.40059137,0.41850656,0.80713856,0.31842232,0.48728767,0.38984674,0.41962668,0.14082192,0.4370199,0.91697973
8,144,13,visual,0.41302747,0.47818208,0.4180367,0.82918465,0.36568063,0.32668814,0.44204906,0.45850402,0.43518472,0.42879674,0.40904695,0.23225532,0.440249,0.68563634,0.46705928,0.46998185,0.7667282,0.5504086,0.40059137,0.41850656,0.80713856,0.31842232,0.48728767,0.38984674,0.41962668,0.14082192,0.4370199,0.91697973
8,144,14,visual,0.41302747,0.47818208,0.4180367,0.82918465,0.36568063,0.32668814,0.44204906,0.45850402,0.43518472,0.42879674,0.40904695,0.23225532,0.440249,0.68563634,0.46705928,0.46998185,0.7667282,0.5504086,0.40059137,0.41850656,0.80713856,0.31842232,0.48728767,0.38984674,0.41962668,0.14082192,0.4370199,0.91697973
8,144,15,visual,0.41302747,0.47818208,0.4180367,0.82918465,0.36568063,0.32668814,0.44204906,0.45850402,0.43518472,0.42879674,0.40904695,0.23225532,0.440249,0.68563634,0.46705928,0.46998185,0.7667282,0.5504086,0.40059137,0.41850656,0.80713856,0.31842232,0.48728767,0.38984674,0.41962668,0.14082192,0.4370199,0.91697973
8,145,1,visual,0.41302747,0.47818208,0.4180367,0.82918465,0.36568063,0.32668814,0.44204906,0.45850402,0.43518472,0.42879674,0.40904695,0.23225532,0.440249,0.68563634,0.46705928,0.46998185,0.7667282,0.5504086,0.40059137,0.41850656,0.80713856,0.31842232,0.48728767,0.38984674,0.41962668,0.14082192,0.4370199,0.91697973
8,145,2,visual,0.41302747,0.47818208,0.4180367,0.82918465,0.36568063,0.32668814,0.44204906,0.45850402,0.43518472,0.42879674,0.40904695,0.23225532,0.440249,0.68563634,0.46705928,0.46998185,0.7667282,0.5504086,0.40059137,0.41850656,0.80713856,0.31842232,0.48728767,0.38984674,0.41962668,0.14082192,0.4370199,0.91697973
8,145,3,visual,0.41302747,0.47818208,0.4180367,0.82918465,0.36568063,0.32668814,0.44204906,0.45850402,0.43518472,0.42879674,0.40904695,0.23225532,0.440249,0.68563634,0.46705928,0.46998185,0.7667282,0.5504086,0.40059137,0.41850656,0.80713856,0.31842232,0.48728767,0.38984674,0.41962668,0.14082192,0.4370199,0.91697973
8,145,4,visual,0.41302747,0.47818208,0.4180367,0.82918465,0.36568063,0.32668814,0.44204906,0.45850402,0.43518472,0.42879674,0.40904695,0.23225532,0.440249,0.68563634,0.46705928,0.46998185,0.7667282,0.5504086,0.40059137,0.41850656,0.80713856,0.31842232,0.48728767,0.38984674,0.41962668,0.14082192,0.4370199,0.91697973
8,145,5,visual,0.41302747,0.47818208,0.4180367,0.82918465,0.36568063,0.32668814,0.44204906,0.45850402,0.43518472,0.42879674,0.40904695,0.23225532,0.440249,0.68563634,0.46705928,0.46998185,0.7667282,0.5504086,0.40059137,0.41850656,0.80713856,0.31842232,0.48728767,0.38984674,0.41962668,0.14082192,0.4370199,0.91697973
8,145,6,visual,0.41302747,0.47818208,0.4180367,0.82918465,0.36568063,0.32668814,0.44204906,0.45850402,0.43518472,0.42879674,0.40904695,0.23225532,0.440249,0.68563634,0.46705928,0.46998185,0.7667282,0.5504086,0.40059137,0.41850656,0.80713856,0.31842232,0.48728767,0.38984674,0.41962668,0.14082192,0.4370199,0.91697973
8,145,7,visual,0.41302747,0.47818208,0.4180367,0.82918465,0.36568063,0.32668814,0.44204906,0.45850402,0.43518472,0.42879674,0.40904695,0.23225532,0.440249,0.68563634,0.46705928,0.46998185,0.7667282,0.5504086,0.40059137,0.41850656,0.80713856,0.31842232,0.48728767,0.38984674,0.41962668,0.14082192,0.4370199,0.91697973
8,145,8,visual,0.41302747,0.47818208,0.4180367,0.82918465,0.36568063,0.32668814,0.44204906,0.45850402,0.43518472,0.42879674,0.40904695,0.23225532,0.440249,0.68563634,0.46705928,0.46998185,0.7667282,0.5504086,0.40059137,0.41850656,0.80713856,0.31842232,0.48728767,0.38984674,0.41962668,0.14082192,0.4370199,0.91697973
8,145,9,visual,0.41302747,0.47818208,0.4180367,0.82918465,0.36568063,0.32668814,0.44204906,0.45850402,0.43518472,0.42879674,0.40904695,0.23225532,0.440249,0.68563634,0.46705928,0.46998185,0.7667282,0.5504086,0.40059137,0.41850656,0.80713856,0.31842232,0.48728767,0.38984674,0.41962668,0.14082192,0.4370199,0.91697973
8,145,10,visual,0.41302747,0.47818208,0.4180367,0.82918465,0.36568063,0.32668814,0.44204906,0.45850402,0.43518472,0.42879674,0.40904695,0.23225532,0.440249,0.68563634,0.46705928,0.46998185,0.7667282,0.5504086,0.40059137,0.41850656,0.80713856,0.31842232,0.48728767,0.38984674,0.41962668,0.14082192,0.4370199,0.91697973
8,145,11,visual,0.41302747,0.47818208,0.4180367,0.82918465,0.36568063,0.32668814,0.44204906,0.45850402,0.43518472,0.42879674,0.40904695,0.23225532,0.440249,0.68563634,0.46705928,0.46998185,0.7667282,0.5504086,0.40059137,0.41850656,0.80713856,0.31842232,0.48728767,0.38984674,0.41962668,0.14082192,0.4370199,0.91697973
8,145,12,visual,0.41302747,0.47818208,0.4180367,0.82918465,0.36568063,0.32668814,0.44204906,0.45850402,0.43518472,0.42879674,0.40904695,0.23225532,0.440249,0.68563634,0.46705928,0.46998185,0.7667282,0.5504086,0.40059137,0.41850656,0.80713856,0.31842232,0.48728767,0.38984674,0.41962668,0.14082192,0.4370199,0.91697973
8,145,13,visual,0.41302747,0.47818208,0.4180367,0.82918465,0.36568063,0.32668814,0.44204906,0.45850402,0.43518472,0.42879674,0.40904695,0.23225532,0.440249,0.68563634,0.46705928,0.46998185,0.7667282,0.5504086,0.40059137,0.41850656,0.80713856,0.31842232,0.48728767,0.38984674,0.41962668,0.14082192,0.4370199,0.91697973
8,145,14,visual,0.41302747,0.47818208,0.4180367,0.82918465,0.36568063,0.32668814,0.44204906,0.45850402,0.43518472,0.42879674,0.40904695,0.23225532,0.440249,0.68563634,0.46705928,0.46998185,0.7667282,0.5504086,0.40059137,0.41850656,0.80713856,0.31842232,0.48728767,0.38984674,0.41962668,0.14082192,0.4370199,0.91697973
8,145,15,visual,0.41302747,0.47818208,0.4180367,0.82918465,0.36568063,0.32668814,0.44204906,0.45850402,0.43518472,0.42879674,0.40904695,0.23225532,0.440249,0.68563634,0.46705928,0.46998185,0.7667282,0.5504086,0.40059137,0.41850656,0.80713856,0.31842232,0.48728767,0.38984674,0.41962668,0.14082192,0.4370199,0.91697973
8,146,1,visual,0.41302747,0.47818208,0.4180367,0.82918465,0.36568063,0.32668814,0.44204906,0.45850402,0.43518472,0.42879674,0.40904695,0.23225532,0.440249,0.68563634,0.46705928,0.46998185,0.7667282,0.5504086,0.40059137,0.41850656,0.80713856,0.31842232,0.48728767,0.38984674,0.41962668,0.14082192,0.4370199,0.91697973
8,146,2,visual,0.41302747,0.47818208,0.4180367,0.82918465,0.36568063,0.32668814,0.44204906,0.45850402,0.43518472,0.42879674,0.40904695,0.23225532,0.440249,0.68563634,0.46705928,0.46998185,0.7667282,0.5504086,0.40059137,0.41850656,0.80713856,0.31842232,0.48728767,0.38984674,0.41962668,0.14082192,0.4370199,0.91697973
8,146,3,visual,0.41302747,0.47818208,0.4180367,0.82918465,0.36568063,0.32668814,0.44204906,0.45850402,0.43518472,0.42879674,0.40904695,0.23225532,0.440249,0.68563634,0.46705928,0.46998185,0.7667282,0.5504086,0.40059137,0.41850656,0.80713856,0.31842232,0.48728767,0.38984674,0.41962668,0.14082192,0.4370199,0.91697973
8,146,4,visual,0.41302747,0.47818208,0.4180367,0.82918465,0.36568063,0.32668814,0.44204906,0.45850402,0.43518472,0.42879674,0.40904695,0.23225532,0.440249,0.68563634,0.46705928,0.46998185,0.7667282,0.5504086,0.40059137,0.41850656,0.80713856,0.31842232,0.48728767,0.38984674,0.41962668,0.14082192,0.4370199,0.91697973
8,146,5,visual,0.41302747,0.47818208,0.4180367,0.82918465,0.36568063,0.32668814,0.44204906,0.45850402,0.43518472,0.42879674,0.40904695,0.23225532,0.440249,0.68563634,0.46705928,0.46998185,0.7667282,0.5504086,0.40059137,0.41850656,0.80713856,0.31842232,0.48728767,0.38984674,0.41962668,0.14082192,0.4370199,0.91697973
8,146,6,visual,0.41302747,0.47818208,0.4180367,0.82918465,0.36568063,0.32668814,0.44204906,0.45850402,0.43518472,0.42879674,0.40904695,0.23225532,0.440249,0.68563634,0.46705928,0.46998185,0.7667282,0.5504086,0.40059137,0.41850656,0.80713856,0.31842232,0.48728767,0.38984674,0.41962668,0.14082192,0.4370199,0.91697973
8,146,7,visual,0.41302747,0.47818208,0.4180367,0.82918465,0.36568063,0.32668814,0.44204906,0.45850402,0.43518472,0.42879674,0.40904695,0.23225532,0.440249,0.68563634,0.46705928,0.46998185,0.7667282,0.5504086,0.40059137,0.41850656,0.80713856,0.31842232,0.48728767,0.38984674,0.41962668,0.14082192,0.4370199,0.91697973
8,146,8,visual,0.41302747,0.47818208,0.4180367,0.82918465,0.36568063,0.32668814,0.44204906,0.45850402,0.43518472,0.42879674,0.40904695,0.23225532,0.440249,0.68563634,0.46705928,0.46998185,0.7667282,0.5504086,0.40059137,0.41850656,0.80713856,0.31842232,0.48728767,0.38984674,0.41962668,0.14082192,0.4370199,0.91697973
8,146,9,visual,0.41302747,0.47818208,0.4180367,0.82918465,0.36568063,0.32668814,0.44204906,0.45850402,0.43518472,0.42879674,0.40904695,0.23225532,0.440249,0.68563634,0.46705928,0.46998185,0.7667282,0.5504086,0.40059137,0.41850656,0.80713856,0.31842232,0.48728767,0.38984674,0.41962668,0.14082192,0.4370199,0.91697973
8,146,10,visual,0.41302747,0.47818208,0.4180367,0.82918465,0.36568063,0.32668814,0.44204906,0.45850402,0.43518472,0.42879674,0.40904695,0.23225532,0.440249,0.68563634,0.46705928,0.46998185,0.7667282,0.5504086,0.40059137,0.41850656,0.80713856,0.31842232,0.48728767,0.38984674,0.41962668,0.14082192,0.4370199,0.91697973
8,146,11,visual,0.41302747,0.47818208,0.4180367,0.82918465,0.36568063,0.32668814,0.44204906,0.45850402,0.43518472,0.42879674,0.40904695,0.23225532,0.440249,0.68563634,0.46705928,0.46998185,0.7667282,0.5504086,0.40059137,0.41850656,0.80713856,0.31842232,0.48728767,0.38984674,0.41962668,0.14082192,0.4370199,0.91697973
8,146,12,visual,0.41302747,0.47818208,0.4180367,0.82918465,0.36568063,0.32668814,0.44204906,0.45850402,0.43518472,0.42879674,0.40904695,0.23225532,0.440249,0.68563634,0.46705928,0.46998185,0.7667282,0.5504086,0.40059137,0.41850656,0.80713856,0.31842232,0.48728767,0.38984674,0.41962668,0.14082192,0.4370199,0.91697973
8,146,13,visual,0.41302747,0.47818208,0.4180367,0.82918465,0.36568063,0.32668814,0.44204906,0.45850402,0.43518472,0.42879674,0.40904695,0.23225532,0.440249,0.68563634,0.46705928,0.46998185,0.7667282,0.5504086,0.40059137,0.41850656,0.80713856,0.31842232,0.48728767,0.38984674,0.41962668,0.14082192,0.4370199,0.91697973
8,146,14,visual,0.41302747,0.47818208,0.4180367,0.82918465,0.36568063,0.32668814,0.44204906,0.45850402,0.43518472,0.42879674,0.40904695,0.23225532,0.440249,0.68563634,0.46705928,0.46998185,0.7667282,0.5504086,0.40059137,0.41850656,0.80713856,0.31842232,0.48728767,0.38984674,0.41962668,0.14082192,0.4370199,0.91697973
8,146,15,visual,0.41302747,0.47818208,0.4180367,0.82918465,0.36568063,0.32668814,0.44204906,0.45850402,0.43518472,0.42879674,0.40904695,0.23225532,0.440249,0.68563634,0.46705928,0.46998185,0.7667282,0.5504086,0.40059137,0.41850656,0.80713856,0.31842232,0.48728767,0.38984674,0.41962668,0.14082192,0.4370199,0.91697973
8,147,1,visual,0.41302747,0.47818208,0.4180367,0.82918465,0.36568063,0.32668814,0.44204906,0.45850402,0.43518472,0.42879674,0.40904695,0.23225532,0.440249,0.68563634,0.46705928,0.46998185,0.7667282,0.5504086,0.40059137,0.41850656,0.80713856,0.31842232,0.48728767,0.38984674,0.41962668,0.14082192,0.4370199,0.91697973
8,147,2,visual,0.41302747,0.47818208,0.4180367,0.82918465,0.36568063,0.32668814,0.44204906,0.45850402,0.43518472,0.42879674,0.40904695,0.23225532,0.440249,0.68563634,0.46705928,0.46998185,0.7667282,0.5504086,0.40059137,0.41850656,0.80713856,0.31842232,0.48728767,0.38984674,0.41962668,0.14082192,0.4370199,0.91697973
8,147,3,visual,0.41302747,0.47818208,0.4180367,0.82918465,0.36568063,0.32668814,0.44204906,0.45850402,0.43518472,0.42879674,0.40904695,0.23225532,0.440249,0.68563634,0.46705928,0.46998185,0.7667282,0.5504086,0.40059137,0.41850656,0.80713856,0.31842232,0.48728767,0.38984674,0.41962668,0.14082192,0.4370199,0.91697973
8,147,4,visual,0.41302747,0.47818208,0.4180367,0.82918465,0.36568063,0.32668814,0.44204906,0.45850402,0.43518472,0.42879674,0.40904695,0.23225532,0.440249,0.68563634,0.46705928,0.46998185,0.7667282,0.5504086,0.40059137,0.41850656,0.80713856,0.31842232,0.48728767,0.38984674,0.41962668,0.14082192,0.4370199,0.91697973
8,147,5,visual,0.41302747,0.47818208,0.4180367,0.82918465,0.36568063,0.32668814,0.44204906,0.45850402,0.43518472,0.42879674,0.40904695,0.23225532,0.440249,0.68563634,0.46705928,0.46998185,0.7667282,0.5504086,0.40059137,0.41850656,0.80713856,0.31842232,0.48728767,0.38984674,0.41962668,0.14082192,0.4370199,0.91697973
8,147,6,visual,0.41302747,0.47818208,0.4180367,0.82918465,0.36568063,0.32668814,0.44204906,0.45850402,0.43518472,0.42879674,0.40904695,0.23225532,0.440249,0.68563634,0.46705928,0.46998185,0.7667282,0.5504086,0.40059137,0.41850656,0.80713856,0.31842232,0.48728767,0.38984674,0.41962668,0.14082192,0.4370199,0.91697973
8,147,7,visual,0.41302747,0.47818208,0.4180367,0.82918465,0.36568063,0.32668814,0.44204906,0.45850402,0.43518472,0.42879674,0.40904695,0.23225532,0.440249,0.68563634,0.46705928,0.46998185,0.7667282,0.5504086,0.40059137,0.41850656,0.80713856,0.31842232,0.48728767,0.38984674,0.41962668,0.14082192,0.4370199,0.91697973
8,147,8,visual,0.41302747,0.47818208,0.4180367,0.82918465,0.36568063,0.32668814,0.44204906,0.45850402,0.43518472,0.42879674,0.40904695,0.23225532,0.440249,0.68563634,0.46705928,0.46998185,0.7667282,0.5504086,0.40059137,0.41850656,0.80713856,0.31842232,0.48728767,0.38984674,0.41962668,0.14082192,0.4370199,0.91697973
8,147,9,visual,0.41302747,0.47818208,0.4180367,0.82918465,0.36568063,0.32668814,0.44204906,0.45850402,0.43518472,0.42879674,0.40904695,0.23225532,0.440249,0.68563634,0.46705928,0.46998185,0.7667282,0.5504086,0.40059137,0.41850656,0.80713856,0.31842232,0.48728767,0.38984674,0.41962668,0.14082192,0.4370199,0.91697973
8,147,10,visual,0.41302747,0.47818208,0.4180367,0.82918465,0.36568063,0.32668814,0.44204906,0.45850402,0.43518472,0.42879674,0.40904695,0.23225532,0.440249,0.68563634,0.46705928,0.46998185,0.7667282,0.5504086,0.40059137,0.41850656,0.80713856,0.31842232,0.48728767,0.38984674,0.41962668,0.14082192,0.4370199,0.91697973
8,147,11,visual,0.41302747,0.47818208,0.4180367,0.82918465,0.36568063,0.32668814,0.44204906,0.45850402,0.43518472,0.42879674,0.40904695,0.23225532,0.440249,0.68563634,0.46705928,0.46998185,0.7667282,0.5504086,0.40059137,0.41850656,0.80713856,0.31842232,0.48728767,0.38984674,0.41962668,0.14082192,0.4370199,0.91697973
8,147,12,visual,0.41302747,0.47818208,0.4180367,0.82918465,0.36568063,0.32668814,0.44204906,0.45850402,0.43518472,0.42879674,0.40904695,0.23225532,0.440249,0.68563634,0.46705928,0.46998185,0.7667282,0.5504086,0.40059137,0.41850656,0.80713856,0.31842232,0.48728767,0.38984674,0.41962668,0.14082192,0.4370199,0.91697973
8,147,13,visual,0.41302747,0.47818208,0.4180367,0.82918465,0.36568063,0.32668814,0.44204906,0.45850402,0.43518472,0.42879674,0.40904695,0.23225532,0.440249,0.68563634,0.46705928,0.46998185,0.7667282,0.5504086,0.40059137,0.41850656,0.80713856,0.31842232,0.48728767,0.38984674,0.41962668,0.14082192,0.4370199,0.91697973
8,147,14,visual,0.41302747,0.47818208,0.4180367,0.82918465,0.36568063,0.32668814,0.44204906,0.45850402,0.43518472,0.42879674,0.40904695,0.23225532,0.440249,0.68563634,0.46705928,0.46998185,0.7667282,0.5504086,0.40059137,0.41850656,0.80713856,0.31842232,0.48728767,0.38984674,0.41962668,0.14082192,0.4370199,0.91697973
8,147,15,visual,0.41302747,0.47818208,0.4180367,0.82918465,0.36568063,0.32668814,0.44204906,0.45850402,0.43518472,0.42879674,0.40904695,0.23225532,0.440249,0.68563634,0.46705928,0.46998185,0.7667282,0.5504086,0.40059137,0.41850656,0.80713856,0.31842232,0.48728767,0.38984674,0.41962668,0.14082192,0.4370199,0.91697973
8,148,1,visual,0.41302747,0.47818208,0.4180367,0.82918465,0.36568063,0.32668814,0.44204906,0.45850402,0.43518472,0.42879674,0.40904695,0.23225532,0.440249,0.68563634,0.46705928,0.46998185,0.7667282,0.5504086,0.40059137,0.41850656,0.80713856,0.31842232,0.48728767,0.38984674,0.41962668,0.14082192,0.4370199,0.91697973
8,148,2,visual,0.41302747,0.47818208,0.4180367,0.82918465,0.36568063,0.32668814,0.44204906,0.45850402,0.43518472,0.42879674,0.40904695,0.23225532,0.440249,0.68563634,0.46705928,0.46998185,0.7667282,0.5504086,0.40059137,0.41850656,0.80713856,0.31842232,0.48728767,0.38984674,0.41962668,0.14082192,0.4370199,0.91697973
8,148,3,visual,0.41302747,0.47818208,0.4180367,0.82918465,0.36568063,0.32668814,0.44204906,0.45850402,0.43518472,0.42879674,0.40904695,0.23225532,0.440249,0.68563634,0.46705928,0.46998185,0.7667282,0.5504086,0.40059137,0.41850656,0.80713856,0.31842232,0.48728767,0.38984674,0.41962668,0.14082192,0.4370199,0.91697973
8,148,4,visual,0.41302747,0.47818208,0.4180367,0.82918465,0.36568063,0.32668814,0.44204906,0.45850402,0.43518472,0.42879674,0.40904695,0.23225532,0.440249,0.68563634,0.46705928,0.46998185,0.7667282,0.5504086,0.40059137,0.41850656,0.80713856,0.31842232,0.48728767,0.38984674,0.41962668,0.14082192,0.4370199,0.91697973
8,148,5,visual,0.41302747,0.47818208,0.4180367,0.82918465,0.36568063,0.32668814,0.44204906,0.45850402,0.43518472,0.42879674,0.40904695,0.23225532,0.440249,0.68563634,0.46705928,0.46998185,0.7667282,0.5504086,0.40059137,0.41850656,0.80713856,0.31842232,0.48728767,0.38984674,0.41962668,0.14082192,0.4370199,0.91697973
8,148,6,visual,0.41302747,0.47818208,0.4180367,0.82918465,0.36568063,0.32668814,0.44204906,0.45850402,0.43518472,0.42879674,0.40904695,0.23225532,0.440249,0.68563634,0.46705928,0.46998185,0.7667282,0.5504086,0.40059137,0.41850656,0.80713856,0.31842232,0.48728767,0.38984674,0.41962668,0.14082192,0.4370199,0.91697973
8,148,7,visual,0.41302747,0.47818208,0.4180367,0.82918465,0.36568063,0.32668814,0.44204906,0.45850402,0.43518472,0.42879674,0.40904695,0.23225532,0.440249,0.68563634,0.46705928,0.46998185,0.7667282,0.5504086,0.40059137,0.41850656,0.80713856,0.31842232,0.48728767,0.38984674,0.41962668,0.14082192,0.4370199,0.91697973
8,148,8,visual,0.41302747,0.47818208,0.4180367,0.82918465,0.36568063,0.32668814,0.44204906,0.45850402,0.43518472,0.42879674,0.40904695,0.23225532,0.440249,0.68563634,0.46705928,0.46998185,0.7667282,0.5504086,0.40059137,0.41850656,0.80713856,0.31842232,0.48728767,0.38984674,0.41962668,0.14082192,0.4370199,0.91697973
8,148,9,visual,0.41302747,0.47818208,0.4180367,0.82918465,0.36568063,0.32668814,0.44204906,0.45850402,0.43518472,0.42879674,0.40904695,0.23225532,0.440249,0.68563634,0.46705928,0.46998185,0.7667282,0.5504086,0.40059137,0.41850656,0.80713856,0.31842232,0.48728767,0.38984674,0.41962668,0.14082192,0.4370199,0.91697973
8,148,10,visual,0.41302747,0.47818208,0.4180367,0.82918465,0.36568063,0.32668814,0.44204906,0.45850402,0.43518472,0.42879674,0.40904695,0.23225532,0.440249,0.68563634,0.46705928,0.46998185,0.7667282,0.5504086,0.40059137,0.41850656,0.80713856,0.31842232,0.48728767,0.38984674,0.41962668,0.14082192,0.4370199,0.91697973
8,148,11,visual,0.41302747,0.47818208,0.4180367,0.82918465,0.36568063,0.32668814,0.44204906,0.45850402,0.43518472,0.42879674,0.40904695,0.23225532,0.440249,0.68563634,0.46705928,0.46998185,0.7667282,0.5504086,0.40059137,0.41850656,0.80713856,0.31842232,0.48728767,0.38984674,0.41962668,0.14082192,0.4370199,0.91697973
8,148,12,visual,0.41302747,0.47818208,0.4180367,0.82918465,0.36568063,0.32668814,0.44204906,0.45850402,0.43518472,0.42879674,0.40904695,0.23225532,0.440249,0.68563634,0.46705928,0.46998185,0.7667282,0.5504086,0.40059137,0.41850656,0.80713856,0.31842232,0.48728767,0.38984674,0.41962668,0.14082192,0.4370199,0.91697973
8,148,13,visual,0.41302747,0.47818208,0.4180367,0.82918465,0.36568063,0.32668814,0.44204906,0.45850402,0.43518472,0.42879674,0.40904695,0.23225532,0.440249,0.68563634,0.46705928,0.46998185,0.7667282,0.5504086,0.40059137,0.41850656,0.80713856,0.31842232,0.48728767,0.38984674,0.41962668,0.14082192,0.4370199,0.91697973
8,148,14,visual,0.41302747,0.47818208,0.4180367,0.82918465,0.36568063,0.32668814,0.44204906,0.45850402,0.43518472,0.42879674,0.40904695,0.23225532,0.440249,0.68563634,0.46705928,0.46998185,0.7667282,0.5504086,0.40059137,0.41850656,0.80713856,0.31842232,0.48728767,0.38984674,0.41962668,0.14082192,0.4370199,0.91697973
8,148,15,visual,0.41302747,0.47818208,0.4180367,0.82918465,0.36568063,0.32668814,0.44204906,0.45850402,0.43518472,0.42879674,0.40904695,0.23225532,0.440249,0.68563634,0.46705928,0.46998185,0.7667282,0.5504086,0.40059137,0.41850656,0.80713856,0.31842232,0.48728767,0.38984674,0.41962668,0.14082192,0.4370199,0.91697973
8,149,1,visual,0.41302747,0.47818208,0.4180367,0.82918465,0.36568063,0.32668814,0.44204906,0.45850402,0.43518472,0.42879674,0.40904695,0.23225532,0.440249,0.68563634,0.46705928,0.46998185,0.7667282,0.5504086,0.40059137,0.41850656,0.80713856,0.31842232,0.48728767,0.38984674,0.41962668,0.14082192,0.4370199,0.91697973
8,149,2,visual,0.41302747,0.47818208,0.4180367,0.82918465,0.36568063,0.32668814,0.44204906,0.45850402,0.43518472,0.42879674,0.40904695,0.23225532,0.440249,0.68563634,0.46705928,0.46998185,0.7667282,0.5504086,0.40059137,0.41850656,0.80713856,0.31842232,0.48728767,0.38984674,0.41962668,0.14082192,0.4370199,0.91697973
8,149,3,visual,0.41302747,0.47818208,0.4180367,0.82918465,0.36568063,0.32668814,0.44204906,0.45850402,0.43518472,0.42879674,0.40904695,0.23225532,0.440249,0.68563634,0.46705928,0.46998185,0.7667282,0.5504086,0.40059137,0.41850656,0.80713856,0.31842232,0.48728767,0.38984674,0.41962668,0.14082192,0.4370199,0.91697973
8,149,4,visual,0.41302747,0.47818208,0.4180367,0.82918465,0.36568063,0.32668814,0.44204906,0.45850402,0.43518472,0.42879674,0.40904695,0.23225532,0.440249,0.68563634,0.46705928,0.46998185,0.7667282,0.5504086,0.40059137,0.41850656,0.80713856,0.31842232,0.48728767,0.38984674,0.41962668,0.14082192,0.4370199,0.91697973
8,149,5,visual,0.41302747,0.47818208,0.4180367,0.82918465,0.36568063,0.32668814,0.44204906,0.45850402,0.43518472,0.42879674,0.40904695,0.23225532,0.440249,0.68563634,0.46705928,0.46998185,0.7667282,0.5504086,0.40059137,0.41850656,0.80713856,0.31842232,0.48728767,0.38984674,0.41962668,0.14082192,0.4370199,0.91697973
8,149,6,visual,0.41302747,0.47818208,0.4180367,0.82918465,0.36568063,0.32668814,0.44204906,0.45850402,0.43518472,0.42879674,0.40904695,0.23225532,0.440249,0.68563634,0.46705928,0.46998185,0.7667282,0.5504086,0.40059137,0.41850656,0.80713856,0.31842232,0.48728767,0.38984674,0.41962668,0.14082192,0.4370199,0.91697973
8,149,7,visual,0.41302747,0.47818208,0.4180367,0.82918465,0.36568063,0.32668814,0.44204906,0.45850402,0.43518472,0.42879674,0.40904695,0.23225532,0.440249,0.68563634,0.46705928,0.46998185,0.7667282,0.5504086,0.40059137,0.41850656,0.80713856,0.31842232,0.48728767,0.38984674,0.41962668,0.14082192,0.4370199,0.91697973
8,149,8,visual,0.41302747,0.47818208,0.4180367,0.82918465,0.36568063,0.32668814,0.44204906,0.45850402,0.43518472,0.42879674,0.40904695,0.23225532,0.440249,0.68563634,0.46705928,0.46998185,0.7667282,0.5504086,0.40059137,0.41850656,0.80713856,0.31842232,0.48728767,0.38984674,0.41962668,0.14082192,0.4370199,0.91697973
8,149,9,visual,0.41302747,0.47818208,0.4180367,0.82918465,0.36568063,0.32668814,0.44204906,0.45850402,0.43518472,0.42879674,0.40904695,0.23225532,0.440249,0.68563634,0.46705928,0.46998185,0.7667282,0.5504086,0.40059137,0.41850656,0.80713856,0.31842232,0.48728767,0.38984674,0.41962668,0.14082192,0.4370199,0.91697973
8,149,10,visual,0.41302747,0.47818208,0.4180367,0.82918465,0.36568063,0.32668814,0.44204906,0.45850402,0.43518472,0.42879674,0.40904695,0.23225532,0.440249,0.68563634,0.46705928,0.46998185,0.7667282,0.5504086,0.40059137,0.41850656,0.80713856,0.31842232,0.48728767,0.38984674,0.41962668,0.14082192,0.4370199,0.91697973
8,149,11,visual,0.41302747,0.47818208,0.4180367,0.82918465,0.36568063,0.32668814,0.44204906,0.45850402,0.43518472,0.42879674,0.40904695,0.23225532,0.440249,0.68563634,0.46705928,0.46998185,0.7667282,0.5504086,0.40059137,0.41850656,0.80713856,0.31842232,0.48728767,0.38984674,0.41962668,0.14082192,0.4370199,0.91697973
8,149,12,visual,0.41302747,0.47818208,0.4180367,0.82918465,0.36568063,0.32668814,0.44204906,0.45850402,0.43518472,0.42879674,0.40904695,0.23225532,0.440249,0.68563634,0.46705928,0.46998185,0.7667282,0.5504086,0.40059137,0.41850656,0.80713856,0.31842232,0.48728767,0.38984674,0.41962668,0.14082192,0.4370199,0.91697973
8,149,13,visual,0.41302747,0.47818208,0.4180367,0.82918465,0.36568063,0.32668814,0.44204906,0.45850402,0.43518472,0.42879674,0.40904695,0.23225532,0.440249,0.68563634,0.46705928,0.46998185,0.7667282,0.5504086,0.40059137,0.41850656,0.80713856,0.31842232,0.48728767,0.38984674,0.41962668,0.14082192,0.4370199,0.91697973
8,149,14,visual,0.41302747,0.47818208,0.4180367,0.82918465,0.36568063,0.32668814,0.44204906,0.45850402,0.43518472,0.42879674,0.40904695,0.23225532,0.440249,0.68563634,0.46705928,0.46998185,0.7667282,0.5504086,0.40059137,0.41850656,0.80713856,0.31842232,0.48728767,0.38984674,0.41962668,0.14082192,0.4370199,0.91697973
8,149,15,visual,0.41302747,0.47818208,0.4180367,0.82918465,0.36568063,0.32668814,0.44204906,0.45850402,0.43518472,0.42879674,0.40904695,0.23225532,0.440249,0.68563634,0.46705928,0.46998185,0.7667282,0.5504086,0.40059137,0.41850656,0.80713856,0.31842232,0.48728767,0.38984674,0.41962668,0.14082192,0.4370199,0.91697973
8,150,1,visual,0.41302747,0.47818208,0.4180367,0.82918465,0.36568063,0.32668814,0.44204906,0.45850402,0.43518472,0.42879674,0.40904695,0.23225532,0.440249,0.68563634,0.46705928,0.46998185,0.7667282,0.5504086,0.40059137,0.41850656,0.80713856,0.31842232,0.48728767,0.38984674,0.41962668,0.14082192,0.4370199,0.91697973
8,150,2,visual,0.41302747,0.47818208,0.4180367,0.82918465,0.36568063,0.32668814,0.44204906,0.45850402,0.43518472,0.42879674,0.40904695,0.23225532,0.440249,0.68563634,0.46705928,0.46998185,0.7667282,0.5504086,0.40059137,0.41850656,0.80713856,0.31842232,0.48728767,0.38984674,0.41962668,0.14082192,0.4370199,0.91697973
8,150,3,visual,0.41302747,0.47818208,0.4180367,0.82918465,0.36568063,0.32668814,0.44204906,0.45850402,0.43518472,0.42879674,0.40904695,0.23225532,0.440249,0.68563634,0.46705928,0.46998185,0.7667282,0.5504086,0.40059137,0.41850656,0.80713856,0.31842232,0.48728767,0.38984674,0.41962668,0.14082192,0.4370199,0.91697973
8,150,4,visual,0.41302747,0.47818208,0.4180367,0.82918465,0.36568063,0.32668814,0.44204906,0.45850402,0.43518472,0.42879674,0.40904695,0.23225532,0.440249,0.68563634,0.46705928,0.46998185,0.7667282,0.5504086,0.40059137,0.41850656,0.80713856,0.31842232,0.48728767,0.38984674,0.41962668,0.14082192,0.4370199,0.91697973
8,150,5,visual,0.41302747,0.47818208,0.4180367,0.82918465,0.36568063,0.32668814,0.44204906,0.45850402,0.43518472,0.42879674,0.40904695,0.23225532,0.440249,0.68563634,0.46705928,0.46998185,0.7667282,0.5504086,0.40059137,0.41850656,0.80713856,0.31842232,0.48728767,0.38984674,0.41962668,0.14082192,0.4370199,0.91697973
8,150,6,visual,0.41302747,0.47818208,0.4180367,0.82918465,0.36568063,0.32668814,0.44204906,0.45850402,0.43518472,0.42879674,0.40904695,0.23225532,0.440249,0.68563634,0.46705928,0.46998185,0.7667282,0.5504086,0.40059137,0.41850656,0.80713856,0.31842232,0.48728767,0.38984674,0.41962668,0.14082192,0.4370199,0.91697973
8,150,7,visual,0.41302747,0.47818208,0.4180367,0.82918465,0.36568063,0.32668814,0.44204906,0.45850402,0.43518472,0.42879674,0.40904695,0.23225532,0.440249,0.68563634,0.46705928,0.46998185,0.7667282,0.5504086,0.40059137,0.41850656,0.80713856,0.31842232,0.48728767,0.38984674,0.41962668,0.14082192,0.4370199,0.91697973
8,150,8,visual,0.41302747,0.47818208,0.4180367,0.82918465,0.36568063,0.32668814,0.44204906,0.45850402,0.43518472,0.42879674,0.40904695,0.23225532,0.440249,0.68563634,0.46705928,0.46998185,0.7667282,0.5504086,0.40059137,0.41850656,0.80713856,0.31842232,0.48728767,0.38984674,0.41962668,0.14082192,0.4370199,0.91697973
8,150,9,visual,0.41302747,0.47818208,0.4180367,0.82918465,0.36568063,0.32668814,0.44204906,0.45850402,0.43518472,0.42879674,0.40904695,0.23225532,0.440249,0.68563634,0.46705928,0.46998185,0.7667282,0.5504086,0.40059137,0.41850656,0.80713856,0.31842232,0.48728767,0.38984674,0.41962668,0.14082192,0.4370199,0.91697973
8,150,10,visual,0.41302747,0.47818208,0.4180367,0.82918465,0.36568063,0.32668814,0.44204906,0.45850402,0.43518472,0.42879674,0.40904695,0.23225532,0.440249,0.68563634,0.46705928,0.46998185,0.7667282,0.5504086,0.40059137,0.41850656,0.80713856,0.31842232,0.48728767,0.38984674,0.41962668,0.14082192,0.4370199,0.91697973
8,150,11,visual,0.41302747,0.47818208,0.4180367,0.82918465,0.36568063,0.32668814,0.44204906,0.45850402,0.43518472,0.42879674,0.40904695,0.23225532,0.440249,0.68563634,0.46705928,0.46998185,0.7667282,0.5504086,0.40059137,0.41850656,0.80713856,0.31842232,0.48728767,0.38984674,0.41962668,0.14082192,0.4370199,0.91697973
8,150,12,visual,0.41302747,0.47818208,0.4180367,0.82918465,0.36568063,0.32668814,0.44204906,0.45850402,0.43518472,0.42879674,0.40904695,0.23225532,0.440249,0.68563634,0.46705928,0.46998185,0.7667282,0.5504086,0.40059137,0.41850656,0.80713856,0.31842232,0.48728767,0.38984674,0.41962668,0.14082192,0.4370199,0.91697973
8,150,13,visual,0.41302747,0.47818208,0.4180367,0.82918465,0.36568063,0.32668814,0.44204906,0.45850402,0.43518472,0.42879674,0.40904695,0.23225532,0.440249,0.68563634,0.46705928,0.46998185,0.7667282,0.5504086,0.40059137,0.41850656,0.80713856,0.31842232,0.48728767,0.38984674,0.41962668,0.14082192,0.4370199,0.91697973
8,150,14,visual,0.41302747,0.47818208,0.4180367,0.82918465,0.36568063,0.32668814,0.44204906,0.45850402,0.43518472,0.42879674,0.40904695,0.23225532,0.440249,0.68563634,0.46705928,0.46998185,0.7667282,0.5504086,0.40059137,0.41850656,0.80713856,0.31842232,0.48728767,0.38984674,0.41962668,0.14082192,0.4370199,0.91697973
8,150,15,visual,0.41302747,0.47818208,0.4180367,0.82918465,0.36568063,0.32668814,0.44204906,0.45850402,0.43518472,0.42879674,0.40904695,0.23225532,0.440249,0.68563634,0.46705928,0.46998185,0.7667282,0.5504086,0.40059137,0.41850656,0.80713856,0.31842232,0.48728767,0.38984674,0.41962668,0.14082192,0.4370199,0.91697973
8,151,1,visual,0.41302747,0.47818208,0.4180367,0.82918465,0.36568063,0.32668814,0.44204906,0.45850402,0.43518472,0.42879674,0.40904695,0.23225532,0.440249,0.68563634,0.46705928,0.46998185,0.7667282,0.5504086,0.40059137,0.41850656,0.80713856,0.31842232,0.48728767,0.38984674,0.41962668,0.14082192,0.4370199,0.91697973
8,151,2,visual,0.41302747,0.47818208,0.4180367,0.82918465,0.36568063,0.32668814,0.44204906,0.45850402,0.43518472,0.42879674,0.40904695,0.23225532,0.440249,0.68563634,0.46705928,0.46998185,0.7667282,0.5504086,0.40059137,0.41850656,0.80713856,0.31842232,0.48728767,0.38984674,0.41962668,0.14082192,0.4370199,0.91697973
8,151,3,visual,0.41302747,0.47818208,0.4180367,0.82918465,0.36568063,0.32668814,0.44204906,0.45850402,0.43518472,0.42879674,0.40904695,0.23225532,0.440249,0.68563634,0.46705928,0.46998185,0.7667282,0.5504086,0.40059137,0.41850656,0.80713856,0.31842232,0.48728767,0.38984674,0.41962668,0.14082192,0.4370199,0.91697973
8,151,4,visual,0.41302747,0.47818208,0.4180367,0.82918465,0.36568063,0.32668814,0.44204906,0.45850402,0.43518472,0.42879674,0.40904695,0.23225532,0.440249,0.68563634,0.46705928,0.46998185,0.7667282,0.5504086,0.40059137,0.41850656,0.80713856,0.31842232,0.48728767,0.38984674,0.41962668,0.14082192,0.4370199,0.91697973
8,151,5,visual,0.41302747,0.47818208,0.4180367,0.82918465,0.36568063,0.32668814,0.44204906,0.45850402,0.43518472,0.42879674,0.40904695,0.23225532,0.440249,0.68563634,0.46705928,0.46998185,0.7667282,0.5504086,0.40059137,0.41850656,0.80713856,0.31842232,0.48728767,0.38984674,0.41962668,0.14082192,0.4370199,0.91697973
8,151,6,visual,0.41302747,0.47818208,0.4180367,0.82918465,0.36568063,0.32668814,0.44204906,0.45850402,0.43518472,0.42879674,0.40904695,0.23225532,0.440249,0.68563634,0.46705928,0.46998185,0.7667282,0.5504086,0.40059137,0.41850656,0.80713856,0.31842232,0.48728767,0.38984674,0.41962668,0.14082192,0.4370199,0.91697973
8,151,7,visual,0.41302747,0.47818208,0.4180367,0.82918465,0.36568063,0.32668814,0.44204906,0.45850402,0.43518472,0.42879674,0.40904695,0.23225532,0.440249,0.68563634,0.46705928,0.46998185,0.7667282,0.5504086,0.40059137,0.41850656,0.80713856,0.31842232,0.48728767,0.38984674,0.41962668,0.14082192,0.4370199,0.91697973
8,151,8,visual,0.41302747,0.47818208,0.4180367,0.82918465,0.36568063,0.32668814,0.44204906,0.45850402,0.43518472,0.42879674,0.40904695,0.23225532,0.440249,0.68563634,0.46705928,0.46998185,0.7667282,0.5504086,0.40059137,0.41850656,0.80713856,0.31842232,0.48728767,0.38984674,0.41962668,0.14082192,0.4370199,0.91697973
8,151,9,visual,0.41302747,0.47818208,0.4180367,0.82918465,0.36568063,0.32668814,0.44204906,0.45850402,0.43518472,0.42879674,0.40904695,0.23225532,0.440249,0.68563634,0.46705928,0.46998185,0.7667282,0.5504086,0.40059137,0.41850656,0.80713856,0.31842232,0.48728767,0.38984674,0.41962668,0.14082192,0.4370199,0.91697973
8,151,10,visual,0.41302747,0.47818208,0.4180367,0.82918465,0.36568063,0.32668814,0.44204906,0.45850402,0.43518472,0.42879674,0.40904695,0.23225532,0.440249,0.68563634,0.46705928,0.46998185,0.7667282,0.5504086,0.40059137,0.41850656,0.80713856,0.31842232,0.48728767,0.38984674,0.41962668,0.14082192,0.4370199,0.91697973
8,151,11,visual,0.41302747,0.47818208,0.4180367,0.82918465,0.36568063,0.32668814,0.44204906,0.45850402,0.43518472,0.42879674,0.40904695,0.23225532,0.440249,0.68563634,0.46705928,0.46998185,0.7667282,0.5504086,0.40059137,0.41850656,0.80713856,0.31842232,0.48728767,0.38984674,0.41962668,0.14082192,0.4370199,0.91697973
8,151,12,visual,0.41302747,0.47818208,0.4180367,0.82918465,0.36568063,0.32668814,0.44204906,0.45850402,0.43518472,0.42879674,0.40904695,0.23225532,0.440249,0.68563634,0.46705928,0.46998185,0.7667282,0.5504086,0.40059137,0.41850656,0.80713856,0.31842232,0.48728767,0.38984674,0.41962668,0.14082192,0.4370199,0.91697973
8,151,13,visual,0.41302747,0.47818208,0.4180367,0.82918465,0.36568063,0.32668814,0.44204906,0.45850402,0.43518472,0.42879674,0.40904695,0.23225532,0.440249,0.68563634,0.46705928,0.46998185,0.7667282,0.5504086,0.40059137,0.41850656,0.80713856,0.31842232,0.48728767,0.38984674,0.41962668,0.14082192,0.4370199,0.91697973
8,151,14,visual,0.41302747,0.47818208,0.4180367,0.82918465,0.36568063,0.32668814,0.44204906,0.45850402,0.43518472,0.42879674,0.40904695,0.23225532,0.440249,0.68563634,0.46705928,0.46998185,0.7667282,0.5504086,0.40059137,0.41850656,0.80713856,0.31842232,0.48728767,0.38984674,0.41962668,0.14082192,0.4370199,0.91697973
8,151,15,visual,0.41302747,0.47818208,0.4180367,0.82918465,0.36568063,0.32668814,0.44204906,0.45850402,0.43518472,0.42879674,0.40904695,0.23225532,0.440249,0.68563634,0.46705928,0.46998185,0.7667282,0.5504086,0.40059137,0.41850656,0.80713856,0.31842232,0.48728767,0.38984674,0.41962668,0.14082192,0.4370199,0.91697973
8,152,1,visual,0.41302747,0.47818208,0.4180367,0.82918465,0.36568063,0.32668814,0.44204906,0.45850402,0.43518472,0.42879674,0.40904695,0.23225532,0.440249,0.68563634,0.46705928,0.46998185,0.7667282,0.5504086,0.40059137,0.41850656,0.80713856,0.31842232,0.48728767,0.38984674,0.41962668,0.14082192,0.4370199,0.91697973
8,152,2,visual,0.41302747,0.47818208,0.4180367,0.82918465,0.36568063,0.32668814,0.44204906,0.45850402,0.43518472,0.42879674,0.40904695,0.23225532,0.440249,0.68563634,0.46705928,0.46998185,0.7667282,0.5504086,0.40059137,0.41850656,0.80713856,0.31842232,0.48728767,0.38984674,0.41962668,0.14082192,0.4370199,0.91697973
8,152,3,visual,0.41302747,0.47818208,0.4180367,0.82918465,0.36568063,0.32668814,0.44204906,0.45850402,0.43518472,0.42879674,0.40904695,0.23225532,0.440249,0.68563634,0.46705928,0.46998185,0.7667282,0.5504086,0.40059137,0.41850656,0.80713856,0.31842232,0.48728767,0.38984674,0.41962668,0.14082192,0.4370199,0.91697973
8,152,4,visual,0.41302747,0.47818208,0.4180367,0.82918465,0.36568063,0.32668814,0.44204906,0.45850402,0.43518472,0.42879674,0.40904695,0.23225532,0.440249,0.68563634,0.46705928,0.46998185,0.7667282,0.5504086,0.40059137,0.41850656,0.80713856,0.31842232,0.48728767,0.38984674,0.41962668,0.14082192,0.4370199,0.91697973
8,152,5,visual,0.41302747,0.47818208,0.4180367,0.82918465,0.36568063,0.32668814,0.44204906,0.45850402,0.43518472,0.42879674,0.40904695,0.23225532,0.440249,0.68563634,0.46705928,0.46998185,0.7667282,0.5504086,0.40059137,0.41850656,0.80713856,0.31842232,0.48728767,0.38984674,0.41962668,0.14082192,0.4370199,0.91697973
8,152,6,visual,0.41302747,0.47818208,0.4180367,0.82918465,0.36568063,0.32668814,0.44204906,0.45850402,0.43518472,0.42879674,0.40904695,0.23225532,0.440249,0.68563634,0.46705928,0.46998185,0.7667282,0.5504086,0.40059137,0.41850656,0.80713856,0.31842232,0.48728767,0.38984674,0.41962668,0.14082192,0.4370199,0.91697973
8,152,7,visual,0.41302747,0.47818208,0.4180367,0.82918465,0.36568063,0.32668814,0.44204906,0.45850402,0.43518472,0.42879674,0.40904695,0.23225532,0.440249,0.68563634,0.46705928,0.46998185,0.7667282,0.5504086,0.40059137,0.41850656,0.80713856,0.31842232,0.48728767,0.38984674,0.41962668,0.14082192,0.4370199,0.91697973
8,152,8,visual,0.41302747,0.47818208,0.4180367,0.82918465,0.36568063,0.32668814,0.44204906,0.45850402,0.43518472,0.42879674,0.40904695,0.23225532,0.440249,0.68563634,0.46705928,0.46998185,0.7667282,0.5504086,0.40059137,0.41850656,0.80713856,0.31842232,0.48728767,0.38984674,0.41962668,0.14082192,0.4370199,0.91697973
8,152,9,visual,0.41302747,0.47818208,0.4180367,0.82918465,0.36568063,0.32668814,0.44204906,0.45850402,0.43518472,0.42879674,0.40904695,0.23225532,0.440249,0.68563634,0.46705928,0.46998185,0.7667282,0.5504086,0.40059137,0.41850656,0.80713856,0.31842232,0.48728767,0.38984674,0.41962668,0.14082192,0.4370199,0.91697973
8,152,10,visual,0.41302747,0.47818208,0.4180367,0.82918465,0.36568063,0.32668814,0.44204906,0.45850402,0.43518472,0.42879674,0.40904695,0.23225532,0.440249,0.68563634,0.46705928,0.46998185,0.7667282,0.5504086,0.40059137,0.41850656,0.80713856,0.31842232,0.48728767,0.38984674,0.41962668,0.14082192,0.4370199,0.91697973
8,152,11,visual,0.41302747,0.47818208,0.4180367,0.82918465,0.36568063,0.32668814,0.44204906,0.45850402,0.43518472,0.42879674,0.40904695,0.23225532,0.440249,0.68563634,0.46705928,0.46998185,0.7667282,0.5504086,0.40059137,0.41850656,0.80713856,0.31842232,0.48728767,0.38984674,0.41962668,0.14082192,0.4370199,0.91697973
8,152,12,visual,0.41302747,0.47818208,0.4180367,0.82918465,0.36568063,0.32668814,0.44204906,0.45850402,0.43518472,0.42879674,0.40904695,0.23225532,0.440249,0.68563634,0.46705928,0.46998185,0.7667282,0.5504086,0.40059137,0.41850656,0.80713856,0.31842232,0.48728767,0.38984674,0.41962668,0.14082192,0.4370199,0.91697973
8,152,13,visual,0.41302747,0.47818208,0.4180367,0.82918465,0.36568063,0.32668814,0.44204906,0.45850402,0.43518472,0.42879674,0.40904695,0.23225532,0.440249,0.68563634,0.46705928,0.46998185,0.7667282,0.5504086,0.40059137,0.41850656,0.80713856,0.31842232,0.48728767,0.38984674,0.41962668,0.14082192,0.4370199,0.91697973
8,152,14,visual,0.41302747,0.47818208,0.4180367,0.82918465,0.36568063,0.32668814,0.44204906,0.45850402,0.43518472,0.42879674,0.40904695,0.23225532,0.440249,0.68563634,0.46705928,0.46998185,0.7667282,0.5504086,0.40059137,0.41850656,0.80713856,0.31842232,0.48728767,0.38984674,0.41962668,0.14082192,0.4370199,0.91697973
8,152,15,visual,0.41302747,0.47818208,0.4180367,0.82918465,0.36568063,0.32668814,0.44204906,0.45850402,0.43518472,0.42879674,0.40904695,0.23225532,0.440249,0.68563634,0.46705928,0.46998185,0.7667282,0.5504086,0.40059137,0.41850656,0.80713856,0.31842232,0.48728767,0.38984674,0.41962668,0.14082192,0.4370199,0.91697973
8,153,1,visual,0.41302747,0.47818208,0.4180367,0.82918465,0.36568063,0.32668814,0.44204906,0.45850402,0.43518472,0.42879674,0.40904695,0.23225532,0.440249,0.68563634,0.46705928,0.46998185,0.7667282,0.5504086,0.40059137,0.41850656,0.80713856,0.31842232,0.48728767,0.38984674,0.41962668,0.14082192,0.4370199,0.91697973
8,153,2,visual,0.41302747,0.47818208,0.4180367,0.82918465,0.36568063,0.32668814,0.44204906,0.45850402,0.43518472,0.42879674,0.40904695,0.23225532,0.440249,0.68563634,0.46705928,0.46998185,0.7667282,0.5504086,0.40059137,0.41850656,0.80713856,0.31842232,0.48728767,0.38984674,0.41962668,0.14082192,0.4370199,0.91697973
8,153,3,visual,0.41302747,0.47818208,0.4180367,0.82918465,0.36568063,0.32668814,0.44204906,0.45850402,0.43518472,0.42879674,0.40904695,0.23225532,0.440249,0.68563634,0.46705928,0.46998185,0.7667282,0.5504086,0.40059137,0.41850656,0.80713856,0.31842232,0.48728767,0.38984674,0.41962668,0.14082192,0.4370199,0.91697973
8,153,4,visual,0.41302747,0.47818208,0.4180367,0.82918465,0.36568063,0.32668814,0.44204906,0.45850402,0.43518472,0.42879674,0.40904695,0.23225532,0.440249,0.68563634,0.46705928,0.46998185,0.7667282,0.5504086,0.40059137,0.41850656,0.80713856,0.31842232,0.48728767,0.38984674,0.41962668,0.14082192,0.4370199,0.91697973
8,153,5,visual,0.41302747,0.47818208,0.4180367,0.82918465,0.36568063,0.32668814,0.44204906,0.45850402,0.43518472,0.42879674,0.40904695,0.23225532,0.440249,0.68563634,0.46705928,0.46998185,0.7667282,0.5504086,0.40059137,0.41850656,0.80713856,0.31842232,0.48728767,0.38984674,0.41962668,0.14082192,0.4370199,0.91697973
8,153,6,visual,0.41302747,0.47818208,0.4180367,0.82918465,0.36568063,0.32668814,0.44204906,0.45850402,0.43518472,0.42879674,0.40904695,0.23225532,0.440249,0.68563634,0.46705928,0.46998185,0.7667282,0.5504086,0.40059137,0.41850656,0.80713856,0.31842232,0.48728767,0.38984674,0.41962668,0.14082192,0.4370199,0.91697973
8,153,7,visual,0.41302747,0.47818208,0.4180367,0.82918465,0.36568063,0.32668814,0.44204906,0.45850402,0.43518472,0.42879674,0.40904695,0.23225532,0.440249,0.68563634,0.46705928,0.46998185,0.7667282,0.5504086,0.40059137,0.41850656,0.80713856,0.31842232,0.48728767,0.38984674,0.41962668,0.14082192,0.4370199,0.91697973
8,153,8,visual,0.41302747,0.47818208,0.4180367,0.82918465,0.36568063,0.32668814,0.44204906,0.45850402,0.43518472,0.42879674,0.40904695,0.23225532,0.440249,0.68563634,0.46705928,0.46998185,0.7667282,0.5504086,0.40059137,0.41850656,0.80713856,0.31842232,0.48728767,0.38984674,0.41962668,0.14082192,0.4370199,0.91697973
8,153,9,visual,0.41302747,0.47818208,0.4180367,0.82918465,0.36568063,0.32668814,0.44204906,0.45850402,0.43518472,0.42879674,0.40904695,0.23225532,0.440249,0.68563634,0.46705928,0.46998185,0.7667282,0.5504086,0.40059137,0.41850656,0.80713856,0.31842232,0.48728767,0.38984674,0.41962668,0.14082192,0.4370199,0.91697973
8,153,10,visual,0.41302747,0.47818208,0.4180367,0.82918465,0.36568063,0.32668814,0.44204906,0.45850402,0.43518472,0.42879674,0.40904695,0.23225532,0.440249,0.68563634,0.46705928,0.46998185,0.7667282,0.5504086,0.40059137,0.41850656,0.80713856,0.31842232,0.48728767,0.38984674,0.41962668,0.14082192,0.4370199,0.91697973
8,153,11,visual,0.41302747,0.47818208,0.4180367,0.82918465,0.36568063,0.32668814,0.44204906,0.45850402,0.43518472,0.42879674,0.40904695,0.23225532,0.440249,0.68563634,0.46705928,0.46998185,0.7667282,0.5504086,0.40059137,0.41850656,0.80713856,0.31842232,0.48728767,0.38984674,0.41962668,0.14082192,0.4370199,0.91697973
8,153,12,visual,0.41302747,0.47818208,0.4180367,0.82918465,0.36568063,0.32668814,0.44204906,0.45850402,0.43518472,0.42879674,0.40904695,0.23225532,0.440249,0.68563634,0.46705928,0.46998185,0.7667282,0.5504086,0.40059137,0.41850656,0.80713856,0.31842232,0.48728767,0.38984674,0.41962668,0.14082192,0.4370199,0.91697973
8,153,13,visual,0.41302747,0.47818208,0.4180367,0.82918465,0.36568063,0.32668814,0.44204906,0.45850402,0.43518472,0.42879674,0.40904695,0.23225532,0.440249,0.68563634,0.46705928,0.46998185,0.7667282,0.5504086,0.40059137,0.41850656,0.80713856,0.31842232,0.48728767,0.38984674,0.41962668,0.14082192,0.4370199,0.91697973
8,153,14,visual,0.41302747,0.47818208,0.4180367,0.82918465,0.36568063,0.32668814,0.44204906,0.45850402,0.43518472,0.42879674,0.40904695,0.23225532,0.440249,0.68563634,0.46705928,0.46998185,0.7667282,0.5504086,0.40059137,0.41850656,0.80713856,0.31842232,0.48728767,0.38984674,0.41962668,0.14082192,0.4370199,0.91697973
8,153,15,visual,0.41302747,0.47818208,0.4180367,0.82918465,0.36568063,0.32668814,0.44204906,0.45850402,0.43518472,0.42879674,0.40904695,0.23225532,0.440249,0.68563634,0.46705928,0.46998185,0.7667282,0.5504086,0.40059137,0.41850656,0.80713856,0.31842232,0.48728767,0.38984674,0.41962668,0.14082192,0.4370199,0.91697973
8,154,1,visual,0.41302747,0.47818208,0.4180367,0.82918465,0.36568063,0.32668814,0.44204906,0.45850402,0.43518472,0.42879674,0.40904695,0.23225532,0.440249,0.68563634,0.46705928,0.46998185,0.7667282,0.5504086,0.40059137,0.41850656,0.80713856,0.31842232,0.48728767,0.38984674,0.41962668,0.14082192,0.4370199,0.91697973
8,154,2,visual,0.41302747,0.47818208,0.4180367,0.82918465,0.36568063,0.32668814,0.44204906,0.45850402,0.43518472,0.42879674,0.40904695,0.23225532,0.440249,0.68563634,0.46705928,0.46998185,0.7667282,0.5504086,0.40059137,0.41850656,0.80713856,0.31842232,0.48728767,0.38984674,0.41962668,0.14082192,0.4370199,0.91697973
8,154,3,visual,0.41302747,0.47818208,0.4180367,0.82918465,0.36568063,0.32668814,0.44204906,0.45850402,0.43518472,0.42879674,0.40904695,0.23225532,0.440249,0.68563634,0.46705928,0.46998185,0.7667282,0.5504086,0.40059137,0.41850656,0.80713856,0.31842232,0.48728767,0.38984674,0.41962668,0.14082192,0.4370199,0.91697973
8,154,4,visual,0.41302747,0.47818208,0.4180367,0.82918465,0.36568063,0.32668814,0.44204906,0.45850402,0.43518472,0.42879674,0.40904695,0.23225532,0.440249,0.68563634,0.46705928,0.46998185,0.7667282,0.5504086,0.40059137,0.41850656,0.80713856,0.31842232,0.48728767,0.38984674,0.41962668,0.14082192,0.4370199,0.91697973
8,154,5,visual,0.41302747,0.47818208,0.4180367,0.82918465,0.36568063,0.32668814,0.44204906,0.45850402,0.43518472,0.42879674,0.40904695,0.23225532,0.440249,0.68563634,0.46705928,0.46998185,0.7667282,0.5504086,0.40059137,0.41850656,0.80713856,0.31842232,0.48728767,0.38984674,0.41962668,0.14082192,0.4370199,0.91697973
8,154,6,visual,0.41302747,0.47818208,0.4180367,0.82918465,0.36568063,0.32668814,0.44204906,0.45850402,0.43518472,0.42879674,0.40904695,0.23225532,0.440249,0.68563634,0.46705928,0.46998185,0.7667282,0.5504086,0.40059137,0.41850656,0.80713856,0.31842232,0.48728767,0.38984674,0.41962668,0.14082192,0.4370199,0.91697973
8,154,7,visual,0.41302747,0.47818208,0.4180367,0.82918465,0.36568063,0.32668814,0.44204906,0.45850402,0.43518472,0.42879674,0.40904695,0.23225532,0.440249,0.68563634,0.46705928,0.46998185,0.7667282,0.5504086,0.40059137,0.41850656,0.80713856,0.31842232,0.48728767,0.38984674,0.41962668,0.14082192,0.4370199,0.91697973
8,154,8,visual,0.41302747,0.47818208,0.4180367,0.82918465,0.36568063,0.32668814,0.44204906,0.45850402,0.43518472,0.42879674,0.40904695,0.23225532,0.440249,0.68563634,0.46705928,0.46998185,0.7667282,0.5504086,0.40059137,0.41850656,0.80713856,0.31842232,0.48728767,0.38984674,0.41962668,0.14082192,0.4370199,0.91697973
8,154,9,visual,0.41302747,0.47818208,0.4180367,0.82918465,0.36568063,0.32668814,0.44204906,0.45850402,0.43518472,0.42879674,0.40904695,0.23225532,0.440249,0.68563634,0.46705928,0.46998185,0.7667282,0.5504086,0.40059137,0.41850656,0.80713856,0.31842232,0.48728767,0.38984674,0.41962668,0.14082192,0.4370199,0.91697973
8,154,10,visual,0.41302747,0.47818208,0.4180367,0.82918465,0.36568063,0.32668814,0.44204906,0.45850402,0.43518472,0.42879674,0.40904695,0.23225532,0.440249,0.68563634,0.46705928,0.46998185,0.7667282,0.5504086,0.40059137,0.41850656,0.80713856,0.31842232,0.48728767,0.38984674,0.41962668,0.14082192,0.4370199,0.91697973
8,154,11,visual,0.41302747,0.47818208,0.4180367,0.82918465,0.36568063,0.32668814,0.44204906,0.45850402,0.43518472,0.42879674,0.40904695,0.23225532,0.440249,0.68563634,0.46705928,0.46998185,0.7667282,0.5504086,0.40059137,0.41850656,0.80713856,0.31842232,0.48728767,0.38984674,0.41962668,0.14082192,0.4370199,0.91697973
8,154,12,visual,0.41302747,0.47818208,0.4180367,0.82918465,0.36568063,0.32668814,0.44204906,0.45850402,0.43518472,0.42879674,0.40904695,0.23225532,0.440249,0.68563634,0.46705928,0.46998185,0.7667282,0.5504086,0.40059137,0.41850656,0.80713856,0.31842232,0.48728767,0.38984674,0.41962668,0.14082192,0.4370199,0.91697973
8,154,13,visual,0.41302747,0.47818208,0.4180367,0.82918465,0.36568063,0.32668814,0.44204906,0.45850402,0.43518472,0.42879674,0.40904695,0.23225532,0.440249,0.68563634,0.46705928,0.46998185,0.7667282,0.5504086,0.40059137,0.41850656,0.80713856,0.31842232,0.48728767,0.38984674,0.41962668,0.14082192,0.4370199,0.91697973
8,154,14,visual,0.41302747,0.47818208,0.4180367,0.82918465,0.36568063,0.32668814,0.44204906,0.45850402,0.43518472,0.42879674,0.40904695,0.23225532,0.440249,0.68563634,0.46705928,0.46998185,0.7667282,0.5504086,0.40059137,0.41850656,0.80713856,0.31842232,0.48728767,0.38984674,0.41962668,0.14082192,0.4370199,0.91697973
8,154,15,visual,0.41302747,0.47818208,0.4180367,0.82918465,0.36568063,0.32668814,0.44204906,0.45850402,0.43518472,0.42879674,0.40904695,0.23225532,0.440249,0.68563634,0.46705928,0.46998185,0.7667282,0.5504086,0.40059137,0.41850656,0.80713856,0.31842232,0.48728767,0.38984674,0.41962668,0.14082192,0.4370199,0.91697973
8,155,1,visual,0.41302747,0.47818208,0.4180367,0.82918465,0.36568063,0.32668814,0.44204906,0.45850402,0.43518472,0.42879674,0.40904695,0.23225532,0.440249,0.68563634,0.46705928,0.46998185,0.7667282,0.5504086,0.40059137,0.41850656,0.80713856,0.31842232,0.48728767,0.38984674,0.41962668,0.14082192,0.4370199,0.91697973
8,155,2,visual,0.41302747,0.47818208,0.4180367,0.82918465,0.36568063,0.32668814,0.44204906,0.45850402,0.43518472,0.42879674,0.40904695,0.23225532,0.440249,0.68563634,0.46705928,0.46998185,0.7667282,0.5504086,0.40059137,0.41850656,0.80713856,0.31842232,0.48728767,0.38984674,0.41962668,0.14082192,0.4370199,0.91697973
8,155,3,visual,0.41302747,0.47818208,0.4180367,0.82918465,0.36568063,0.32668814,0.44204906,0.45850402,0.43518472,0.42879674,0.40904695,0.23225532,0.440249,0.68563634,0.46705928,0.46998185,0.7667282,0.5504086,0.40059137,0.41850656,0.80713856,0.31842232,0.48728767,0.38984674,0.41962668,0.14082192,0.4370199,0.91697973
8,155,4,visual,0.41302747,0.47818208,0.4180367,0.82918465,0.36568063,0.32668814,0.44204906,0.45850402,0.43518472,0.42879674,0.40904695,0.23225532,0.440249,0.68563634,0.46705928,0.46998185,0.7667282,0.5504086,0.40059137,0.41850656,0.80713856,0.31842232,0.48728767,0.38984674,0.41962668,0.14082192,0.4370199,0.91697973
8,155,5,visual,0.41302747,0.47818208,0.4180367,0.82918465,0.36568063,0.32668814,0.44204906,0.45850402,0.43518472,0.42879674,0.40904695,0.23225532,0.440249,0.68563634,0.46705928,0.46998185,0.7667282,0.5504086,0.40059137,0.41850656,0.80713856,0.31842232,0.48728767,0.38984674,0.41962668,0.14082192,0.4370199,0.91697973
8,155,6,visual,0.41302747,0.47818208,0.4180367,0.82918465,0.36568063,0.32668814,0.44204906,0.45850402,0.43518472,0.42879674,0.40904695,0.23225532,0.440249,0.68563634,0.46705928,0.46998185,0.7667282,0.5504086,0.40059137,0.41850656,0.80713856,0.31842232,0.48728767,0.38984674,0.41962668,0.14082192,0.4370199,0.91697973
8,155,7,visual,0.41302747,0.47818208,0.4180367,0.82918465,0.36568063,0.32668814,0.44204906,0.45850402,0.43518472,0.42879674,0.40904695,0.23225532,0.440249,0.68563634,0.46705928,0.46998185,0.7667282,0.5504086,0.40059137,0.41850656,0.80713856,0.31842232,0.48728767,0.38984674,0.41962668,0.14082192,0.4370199,0.91697973
8,155,8,visual,0.41302747,0.47818208,0.4180367,0.82918465,0.36568063,0.32668814,0.44204906,0.45850402,0.43518472,0.42879674,0.40904695,0.23225532,0.440249,0.68563634,0.46705928,0.46998185,0.7667282,0.5504086,0.40059137,0.41850656,0.80713856,0.31842232,0.48728767,0.38984674,0.41962668,0.14082192,0.4370199,0.91697973
8,155,9,visual,0.41302747,0.47818208,0.4180367,0.82918465,0.36568063,0.32668814,0.44204906,0.45850402,0.43518472,0.42879674,0.40904695,0.23225532,0.440249,0.68563634,0.46705928,0.46998185,0.7667282,0.5504086,0.40059137,0.41850656,0.80713856,0.31842232,0.48728767,0.38984674,0.41962668,0.14082192,0.4370199,0.91697973
8,155,10,visual,0.41302747,0.47818208,0.4180367,0.82918465,0.36568063,0.32668814,0.44204906,0.45850402,0.43518472,0.42879674,0.40904695,0.23225532,0.440249,0.68563634,0.46705928,0.46998185,0.7667282,0.5504086,0.40059137,0.41850656,0.80713856,0.31842232,0.48728767,0.38984674,0.41962668,0.14082192,0.4370199,0.91697973
8,155,11,visual,0.41302747,0.47818208,0.4180367,0.82918465,0.36568063,0.32668814,0.44204906,0.45850402,0.43518472,0.42879674,0.40904695,0.23225532,0.440249,0.68563634,0.46705928,0.46998185,0.7667282,0.5504086,0.40059137,0.41850656,0.80713856,0.31842232,0.48728767,0.38984674,0.41962668,0.14082192,0.4370199,0.91697973
8,155,12,visual,0.41302747,0.47818208,0.4180367,0.82918465,0.36568063,0.32668814,0.44204906,0.45850402,0.43518472,0.42879674,0.40904695,0.23225532,0.440249,0.68563634,0.46705928,0.46998185,0.7667282,0.5504086,0.40059137,0.41850656,0.80713856,0.31842232,0.48728767,0.38984674,0.41962668,0.14082192,0.4370199,0.91697973
8,155,13,visual,0.41302747,0.47818208,0.4180367,0.82918465,0.36568063,0.32668814,0.44204906,0.45850402,0.43518472,0.42879674,0.40904695,0.23225532,0.440249,0.68563634,0.46705928,0.46998185,0.7667282,0.5504086,0.40059137,0.41850656,0.80713856,0.31842232,0.48728767,0.38984674,0.41962668,0.14082192,0.4370199,0.91697973
8,155,14,visual,0.41302747,0.47818208,0.4180367,0.82918465,0.36568063,0.32668814,0.44204906,0.45850402,0.43518472,0.42879674,0.40904695,0.23225532,0.440249,0.68563634,0.46705928,0.46998185,0.7667282,0.5504086,0.40059137,0.41850656,0.80713856,0.31842232,0.48728767,0.38984674,0.41962668,0.14082192,0.4370199,0.91697973
8,155,15,visual,0.41302747,0.47818208,0.4180367,0.82918465,0.36568063,0.32668814,0.44204906,0.45850402,0.43518472,0.42879674,0.40904695,0.23225532,0.440249,0.68563634,0.46705928,0.46998185,0.7667282,0.5504086,0.40059137,0.41850656,0.80713856,0.31842232,0.48728767,0.38984674,0.41962668,0.14082192,0.4370199,0.91697973
8,156,1,visual,0.41302747,0.47818208,0.4180367,0.82918465,0.36568063,0.32668814,0.44204906,0.45850402,0.43518472,0.42879674,0.40904695,0.23225532,0.440249,0.68563634,0.46705928,0.46998185,0.7667282,0.5504086,0.40059137,0.41850656,0.80713856,0.31842232,0.48728767,0.38984674,0.41962668,0.14082192,0.4370199,0.91697973
8,156,2,visual,0.41302747,0.47818208,0.4180367,0.82918465,0.36568063,0.32668814,0.44204906,0.45850402,0.43518472,0.42879674,0.40904695,0.23225532,0.440249,0.68563634,0.46705928,0.46998185,0.7667282,0.5504086,0.40059137,0.41850656,0.80713856,0.31842232,0.48728767,0.38984674,0.41962668,0.14082192,0.4370199,0.91697973
8,156,3,visual,0.41302747,0.47818208,0.4180367,0.82918465,0.36568063,0.32668814,0.44204906,0.45850402,0.43518472,0.42879674,0.40904695,0.23225532,0.440249,0.68563634,0.46705928,0.46998185,0.7667282,0.5504086,0.40059137,0.41850656,0.80713856,0.31842232,0.48728767,0.38984674,0.41962668,0.14082192,0.4370199,0.91697973
8,156,4,visual,0.41302747,0.47818208,0.4180367,0.82918465,0.36568063,0.32668814,0.44204906,0.45850402,0.43518472,0.42879674,0.40904695,0.23225532,0.440249,0.68563634,0.46705928,0.46998185,0.7667282,0.5504086,0.40059137,0.41850656,0.80713856,0.31842232,0.48728767,0.38984674,0.41962668,0.14082192,0.4370199,0.91697973
8,156,5,visual,0.41302747,0.47818208,0.4180367,0.82918465,0.36568063,0.32668814,0.44204906,0.45850402,0.43518472,0.42879674,0.40904695,0.23225532,0.440249,0.68563634,0.46705928,0.46998185,0.7667282,0.5504086,0.40059137,0.41850656,0.80713856,0.31842232,0.48728767,0.38984674,0.41962668,0.14082192,0.4370199,0.91697973
8,156,6,visual,0.41302747,0.47818208,0.4180367,0.82918465,0.36568063,0.32668814,0.44204906,0.45850402,0.43518472,0.42879674,0.40904695,0.23225532,0.440249,0.68563634,0.46705928,0.46998185,0.7667282,0.5504086,0.40059137,0.41850656,0.80713856,0.31842232,0.48728767,0.38984674,0.41962668,0.14082192,0.4370199,0.91697973
8,156,7,visual,0.41302747,0.47818208,0.4180367,0.82918465,0.36568063,0.32668814,0.44204906,0.45850402,0.43518472,0.42879674,0.40904695,0.23225532,0.440249,0.68563634,0.46705928,0.46998185,0.7667282,0.5504086,0.40059137,0.41850656,0.80713856,0.31842232,0.48728767,0.38984674,0.41962668,0.14082192,0.4370199,0.91697973
8,156,8,visual,0.41302747,0.47818208,0.4180367,0.82918465,0.36568063,0.32668814,0.44204906,0.45850402,0.43518472,0.42879674,0.40904695,0.23225532,0.440249,0.68563634,0.46705928,0.46998185,0.7667282,0.5504086,0.40059137,0.41850656,0.80713856,0.31842232,0.48728767,0.38984674,0.41962668,0.14082192,0.4370199,0.91697973
8,156,9,visual,0.41302747,0.47818208,0.4180367,0.82918465,0.36568063,0.32668814,0.44204906,0.45850402,0.43518472,0.42879674,0.40904695,0.23225532,0.440249,0.68563634,0.46705928,0.46998185,0.7667282,0.5504086,0.40059137,0.41850656,0.80713856,0.31842232,0.48728767,0.38984674,0.41962668,0.14082192,0.4370199,0.91697973
8,156,10,visual,0.41302747,0.47818208,0.4180367,0.82918465,0.36568063,0.32668814,0.44204906,0.45850402,0.43518472,0.42879674,0.40904695,0.23225532,0.440249,0.68563634,0.46705928,0.46998185,0.7667282,0.5504086,0.40059137,0.41850656,0.80713856,0.31842232,0.48728767,0.38984674,0.41962668,0.14082192,0.4370199,0.91697973
8,156,11,visual,0.41302747,0.47818208,0.4180367,0.82918465,0.36568063,0.32668814,0.44204906,0.45850402,0.43518472,0.42879674,0.40904695,0.23225532,0.440249,0.68563634,0.46705928,0.46998185,0.7667282,0.5504086,0.40059137,0.41850656,0.80713856,0.31842232,0.48728767,0.38984674,0.41962668,0.14082192,0.4370199,0.91697973
8,156,12,visual,0.41302747,0.47818208,0.4180367,0.82918465,0.36568063,0.32668814,0.44204906,0.45850402,0.43518472,0.42879674,0.40904695,0.23225532,0.440249,0.68563634,0.46705928,0.46998185,0.7667282,0.5504086,0.40059137,0.41850656,0.80713856,0.31842232,0.48728767,0.38984674,0.41962668,0.14082192,0.4370199,0.91697973
8,156,13,visual,0.41302747,0.47818208,0.4180367,0.82918465,0.36568063,0.32668814,0.44204906,0.45850402,0.43518472,0.42879674,0.40904695,0.23225532,0.440249,0.68563634,0.46705928,0.46998185,0.7667282,0.5504086,0.40059137,0.41850656,0.80713856,0.31842232,0.48728767,0.38984674,0.41962668,0.14082192,0.4370199,0.91697973
8,156,14,visual,0.41302747,0.47818208,0.4180367,0.82918465,0.36568063,0.32668814,0.44204906,0.45850402,0.43518472,0.42879674,0.40904695,0.23225532,0.440249,0.68563634,0.46705928,0.46998185,0.7667282,0.5504086,0.40059137,0.41850656,0.80713856,0.31842232,0.48728767,0.38984674,0.41962668,0.14082192,0.4370199,0.91697973
8,156,15,visual,0.41302747,0.47818208,0.4180367,0.82918465,0.36568063,0.32668814,0.44204906,0.45850402,0.43518472,0.42879674,0.40904695,0.23225532,0.440249,0.68563634,0.46705928,0.46998185,0.7667282,0.5504086,0.40059137,0.41850656,0.80713856,0.31842232,0.48728767,0.38984674,0.41962668,0.14082192,0.4370199,0.91697973
8,157,1,visual,0.41302747,0.47818208,0.4180367,0.82918465,0.36568063,0.32668814,0.44204906,0.45850402,0.43518472,0.42879674,0.40904695,0.23225532,0.440249,0.68563634,0.46705928,0.46998185,0.7667282,0.5504086,0.40059137,0.41850656,0.80713856,0.31842232,0.48728767,0.38984674,0.41962668,0.14082192,0.4370199,0.91697973
8,157,2,visual,0.41302747,0.47818208,0.4180367,0.82918465,0.36568063,0.32668814,0.44204906,0.45850402,0.43518472,0.42879674,0.40904695,0.23225532,0.440249,0.68563634,0.46705928,0.46998185,0.7667282,0.5504086,0.40059137,0.41850656,0.80713856,0.31842232,0.48728767,0.38984674,0.41962668,0.14082192,0.4370199,0.91697973
8,157,3,visual,0.41302747,0.47818208,0.4180367,0.82918465,0.36568063,0.32668814,0.44204906,0.45850402,0.43518472,0.42879674,0.40904695,0.23225532,0.440249,0.68563634,0.46705928,0.46998185,0.7667282,0.5504086,0.40059137,0.41850656,0.80713856,0.31842232,0.48728767,0.38984674,0.41962668,0.14082192,0.4370199,0.91697973
8,157,4,visual,0.41302747,0.47818208,0.4180367,0.82918465,0.36568063,0.32668814,0.44204906,0.45850402,0.43518472,0.42879674,0.40904695,0.23225532,0.440249,0.68563634,0.46705928,0.46998185,0.7667282,0.5504086,0.40059137,0.41850656,0.80713856,0.31842232,0.48728767,0.38984674,0.41962668,0.14082192,0.4370199,0.91697973
8,157,5,visual,0.41302747,0.47818208,0.4180367,0.82918465,0.36568063,0.32668814,0.44204906,0.45850402,0.43518472,0.42879674,0.40904695,0.23225532,0.440249,0.68563634,0.46705928,0.46998185,0.7667282,0.5504086,0.40059137,0.41850656,0.80713856,0.31842232,0.48728767,0.38984674,0.41962668,0.14082192,0.4370199,0.91697973
8,157,6,visual,0.41302747,0.47818208,0.4180367,0.82918465,0.36568063,0.32668814,0.44204906,0.45850402,0.43518472,0.42879674,0.40904695,0.23225532,0.440249,0.68563634,0.46705928,0.46998185,0.7667282,0.5504086,0.40059137,0.41850656,0.80713856,0.31842232,0.48728767,0.38984674,0.41962668,0.14082192,0.4370199,0.91697973
8,157,7,visual,0.41302747,0.47818208,0.4180367,0.82918465,0.36568063,0.32668814,0.44204906,0.45850402,0.43518472,0.42879674,0.40904695,0.23225532,0.440249,0.68563634,0.46705928,0.46998185,0.7667282,0.5504086,0.40059137,0.41850656,0.80713856,0.31842232,0.48728767,0.38984674,0.41962668,0.14082192,0.4370199,0.91697973
8,157,8,visual,0.41302747,0.47818208,0.4180367,0.82918465,0.36568063,0.32668814,0.44204906,0.45850402,0.43518472,0.42879674,0.40904695,0.23225532,0.440249,0.68563634,0.46705928,0.46998185,0.7667282,0.5504086,0.40059137,0.41850656,0.80713856,0.31842232,0.48728767,0.38984674,0.41962668,0.14082192,0.4370199,0.91697973
8,157,9,visual,0.41302747,0.47818208,0.4180367,0.82918465,0.36568063,0.32668814,0.44204906,0.45850402,0.43518472,0.42879674,0.40904695,0.23225532,0.440249,0.68563634,0.46705928,0.46998185,0.7667282,0.5504086,0.40059137,0.41850656,0.80713856,0.31842232,0.48728767,0.38984674,0.41962668,0.14082192,0.4370199,0.91697973
8,157,10,visual,0.41302747,0.47818208,0.4180367,0.82918465,0.36568063,0.32668814,0.44204906,0.45850402,0.43518472,0.42879674,0.40904695,0.23225532,0.440249,0.68563634,0.46705928,0.46998185,0.7667282,0.5504086,0.40059137,0.41850656,0.80713856,0.31842232,0.48728767,0.38984674,0.41962668,0.14082192,0.4370199,0.91697973
8,157,11,visual,0.41302747,0.47818208,0.4180367,0.82918465,0.36568063,0.32668814,0.44204906,0.45850402,0.43518472,0.42879674,0.40904695,0.23225532,0.440249,0.68563634,0.46705928,0.46998185,0.7667282,0.5504086,0.40059137,0.41850656,0.80713856,0.31842232,0.48728767,0.38984674,0.41962668,0.14082192,0.4370199,0.91697973
8,157,12,visual,0.41302747,0.47818208,0.4180367,0.82918465,0.36568063,0.32668814,0.44204906,0.45850402,0.43518472,0.42879674,0.40904695,0.23225532,0.440249,0.68563634,0.46705928,0.46998185,0.7667282,0.5504086,0.40059137,0.41850656,0.80713856,0.31842232,0.48728767,0.38984674,0.41962668,0.14082192,0.4370199,0.91697973
8,157,13,visual,0.41302747,0.47818208,0.4180367,0.82918465,0.36568063,0.32668814,0.44204906,0.45850402,0.43518472,0.42879674,0.40904695,0.23225532,0.440249,0.68563634,0.46705928,0.46998185,0.7667282,0.5504086,0.40059137,0.41850656,0.80713856,0.31842232,0.48728767,0.38984674,0.41962668,0.14082192,0.4370199,0.91697973
8,157,14,visual,0.41302747,0.47818208,0.4180367,0.82918465,0.36568063,0.32668814,0.44204906,0.45850402,0.43518472,0.42879674,0.40904695,0.23225532,0.440249,0.68563634,0.46705928,0.46998185,0.7667282,0.5504086,0.40059137,0.41850656,0.80713856,0.31842232,0.48728767,0.38984674,0.41962668,0.14082192,0.4370199,0.91697973
8,157,15,visual,0.41302747,0.47818208,0.4180367,0.82918465,0.36568063,0.32668814,0.44204906,0.45850402,0.43518472,0.42879674,0.40904695,0.23225532,0.440249,0.68563634,0.46705928,0.46998185,0.7667282,0.5504086,0.40059137,0.41850656,0.80713856,0.31842232,0.48728767,0.38984674,0.41962668,0.14082192,0.4370199,0.91697973
8,158,1,visual,0.41302747,0.47818208,0.4180367,0.82918465,0.36568063,0.32668814,0.44204906,0.45850402,0.43518472,0.42879674,0.40904695,0.23225532,0.440249,0.68563634,0.46705928,0.46998185,0.7667282,0.5504086,0.40059137,0.41850656,0.80713856,0.31842232,0.48728767,0.38984674,0.41962668,0.14082192,0.4370199,0.91697973
8,158,2,visual,0.41302747,0.47818208,0.4180367,0.82918465,0.36568063,0.32668814,0.44204906,0.45850402,0.43518472,0.42879674,0.40904695,0.23225532,0.440249,0.68563634,0.46705928,0.46998185,0.7667282,0.5504086,0.40059137,0.41850656,0.80713856,0.31842232,0.48728767,0.38984674,0.41962668,0.14082192,0.4370199,0.91697973
8,158,3,visual,0.41302747,0.47818208,0.4180367,0.82918465,0.36568063,0.32668814,0.44204906,0.45850402,0.43518472,0.42879674,0.40904695,0.23225532,0.440249,0.68563634,0.46705928,0.46998185,0.7667282,0.5504086,0.40059137,0.41850656,0.80713856,0.31842232,0.48728767,0.38984674,0.41962668,0.14082192,0.4370199,0.91697973
8,158,4,visual,0.41302747,0.47818208,0.4180367,0.82918465,0.36568063,0.32668814,0.44204906,0.45850402,0.43518472,0.42879674,0.40904695,0.23225532,0.440249,0.68563634,0.46705928,0.46998185,0.7667282,0.5504086,0.40059137,0.41850656,0.80713856,0.31842232,0.48728767,0.38984674,0.41962668,0.14082192,0.4370199,0.91697973
8,158,5,visual,0.41302747,0.47818208,0.4180367,0.82918465,0.36568063,0.32668814,0.44204906,0.45850402,0.43518472,0.42879674,0.40904695,0.23225532,0.440249,0.68563634,0.46705928,0.46998185,0.7667282,0.5504086,0.40059137,0.41850656,0.80713856,0.31842232,0.48728767,0.38984674,0.41962668,0.14082192,0.4370199,0.91697973
8,158,6,visual,0.41302747,0.47818208,0.4180367,0.82918465,0.36568063,0.32668814,0.44204906,0.45850402,0.43518472,0.42879674,0.40904695,0.23225532,0.440249,0.68563634,0.46705928,0.46998185,0.7667282,0.5504086,0.40059137,0.41850656,0.80713856,0.31842232,0.48728767,0.38984674,0.41962668,0.14082192,0.4370199,0.91697973
8,158,7,visual,0.41302747,0.47818208,0.4180367,0.82918465,0.36568063,0.32668814,0.44204906,0.45850402,0.43518472,0.42879674,0.40904695,0.23225532,0.440249,0.68563634,0.46705928,0.46998185,0.7667282,0.5504086,0.40059137,0.41850656,0.80713856,0.31842232,0.48728767,0.38984674,0.41962668,0.14082192,0.4370199,0.91697973
8,158,8,visual,0.41302747,0.47818208,0.4180367,0.82918465,0.36568063,0.32668814,0.44204906,0.45850402,0.43518472,0.42879674,0.40904695,0.23225532,0.440249,0.68563634,0.46705928,0.46998185,0.7667282,0.5504086,0.40059137,0.41850656,0.80713856,0.31842232,0.48728767,0.38984674,0.41962668,0.14082192,0.4370199,0.91697973
8,158,9,visual,0.41302747,0.47818208,0.4180367,0.82918465,0.36568063,0.32668814,0.44204906,0.45850402,0.43518472,0.42879674,0.40904695,0.23225532,0.440249,0.68563634,0.46705928,0.46998185,0.7667282,0.5504086,0.40059137,0.41850656,0.80713856,0.31842232,0.48728767,0.38984674,0.41962668,0.14082192,0.4370199,0.91697973
8,158,10,visual,0.41302747,0.47818208,0.4180367,0.82918465,0.36568063,0.32668814,0.44204906,0.45850402,0.43518472,0.42879674,0.40904695,0.23225532,0.440249,0.68563634,0.46705928,0.46998185,0.7667282,0.5504086,0.40059137,0.41850656,0.80713856,0.31842232,0.48728767,0.38984674,0.41962668,0.14082192,0.4370199,0.91697973
8,158,11,visual,0.41302747,0.47818208,0.4180367,0.82918465,0.36568063,0.32668814,0.44204906,0.45850402,0.43518472,0.42879674,0.40904695,0.23225532,0.440249,0.68563634,0.46705928,0.46998185,0.7667282,0.5504086,0.40059137,0.41850656,0.80713856,0.31842232,0.48728767,0.38984674,0.41962668,0.14082192,0.4370199,0.91697973
8,158,12,visual,0.41302747,0.47818208,0.4180367,0.82918465,0.36568063,0.32668814,0.44204906,0.45850402,0.43518472,0.42879674,0.40904695,0.23225532,0.440249,0.68563634,0.46705928,0.46998185,0.7667282,0.5504086,0.40059137,0.41850656,0.80713856,0.31842232,0.48728767,0.38984674,0.41962668,0.14082192,0.4370199,0.91697973
8,158,13,visual,0.41302747,0.47818208,0.4180367,0.82918465,0.36568063,0.32668814,0.44204906,0.45850402,0.43518472,0.42879674,0.40904695,0.23225532,0.440249,0.68563634,0.46705928,0.46998185,0.7667282,0.5504086,0.40059137,0.41850656,0.80713856,0.31842232,0.48728767,0.38984674,0.41962668,0.14082192,0.4370199,0.91697973
8,158,14,visual,0.41302747,0.47818208,0.4180367,0.82918465,0.36568063,0.32668814,0.44204906,0.45850402,0.43518472,0.42879674,0.40904695,0.23225532,0.440249,0.68563634,0.46705928,0.46998185,0.7667282,0.5504086,0.40059137,0.41850656,0.80713856,0.31842232,0.48728767,0.38984674,0.41962668,0.14082192,0.4370199,0.91697973
8,158,15,visual,0.41302747,0.47818208,0.4180367,0.82918465,0.36568063,0.32668814,0.44204906,0.45850402,0.43518472,0.42879674,0.40904695,0.23225532,0.440249,0.68563634,0.46705928,0.46998185,0.7667282,0.5504086,0.40059137,0.41850656,0.80713856,0.31842232,0.48728767,0.38984674,0.41962668,0.14082192,0.4370199,0.91697973
8,159,1,visual,0.41302747,0.47818208,0.4180367,0.82918465,0.36568063,0.32668814,0.44204906,0.45850402,0.43518472,0.42879674,0.40904695,0.23225532,0.440249,0.68563634,0.46705928,0.46998185,0.7667282,0.5504086,0.40059137,0.41850656,0.80713856,0.31842232,0.48728767,0.38984674,0.41962668,0.14082192,0.4370199,0.91697973
8,159,2,visual,0.41302747,0.47818208,0.4180367,0.82918465,0.36568063,0.32668814,0.44204906,0.45850402,0.43518472,0.42879674,0.40904695,0.23225532,0.440249,0.68563634,0.46705928,0.46998185,0.7667282,0.5504086,0.40059137,0.41850656,0.80713856,0.31842232,0.48728767,0.38984674,0.41962668,0.14082192,0.4370199,0.91697973
8,159,3,visual,0.41302747,0.47818208,0.4180367,0.82918465,0.36568063,0.32668814,0.44204906,0.45850402,0.43518472,0.42879674,0.40904695,0.23225532,0.440249,0.68563634,0.46705928,0.46998185,0.7667282,0.5504086,0.40059137,0.41850656,0.80713856,0.31842232,0.48728767,0.38984674,0.41962668,0.14082192,0.4370199,0.91697973
8,159,4,visual,0.41302747,0.47818208,0.4180367,0.82918465,0.36568063,0.32668814,0.44204906,0.45850402,0.43518472,0.42879674,0.40904695,0.23225532,0.440249,0.68563634,0.46705928,0.46998185,0.7667282,0.5504086,0.40059137,0.41850656,0.80713856,0.31842232,0.48728767,0.38984674,0.41962668,0.14082192,0.4370199,0.91697973
8,159,5,visual,0.41302747,0.47818208,0.4180367,0.82918465,0.36568063,0.32668814,0.44204906,0.45850402,0.43518472,0.42879674,0.40904695,0.23225532,0.440249,0.68563634,0.46705928,0.46998185,0.7667282,0.5504086,0.40059137,0.41850656,0.80713856,0.31842232,0.48728767,0.38984674,0.41962668,0.14082192,0.4370199,0.91697973
8,159,6,visual,0.41302747,0.47818208,0.4180367,0.82918465,0.36568063,0.32668814,0.44204906,0.45850402,0.43518472,0.42879674,0.40904695,0.23225532,0.440249,0.68563634,0.46705928,0.46998185,0.7667282,0.5504086,0.40059137,0.41850656,0.80713856,0.31842232,0.48728767,0.38984674,0.41962668,0.14082192,0.4370199,0.91697973
8,159,7,visual,0.41302747,0.47818208,0.4180367,0.82918465,0.36568063,0.32668814,0.44204906,0.45850402,0.43518472,0.42879674,0.40904695,0.23225532,0.440249,0.68563634,0.46705928,0.46998185,0.7667282,0.5504086,0.40059137,0.41850656,0.80713856,0.31842232,0.48728767,0.38984674,0.41962668,0.14082192,0.4370199,0.91697973
8,159,8,visual,0.41302747,0.47818208,0.4180367,0.82918465,0.36568063,0.32668814,0.44204906,0.45850402,0.43518472,0.42879674,0.40904695,0.23225532,0.440249,0.68563634,0.46705928,0.46998185,0.7667282,0.5504086,0.40059137,0.41850656,0.80713856,0.31842232,0.48728767,0.38984674,0.41962668,0.14082192,0.4370199,0.91697973
8,159,9,visual,0.41302747,0.47818208,0.4180367,0.82918465,0.36568063,0.32668814,0.44204906,0.45850402,0.43518472,0.42879674,0.40904695,0.23225532,0.440249,0.68563634,0.46705928,0.46998185,0.7667282,0.5504086,0.40059137,0.41850656,0.80713856,0.31842232,0.48728767,0.38984674,0.41962668,0.14082192,0.4370199,0.91697973
8,159,10,visual,0.41302747,0.47818208,0.4180367,0.82918465,0.36568063,0.32668814,0.44204906,0.45850402,0.43518472,0.42879674,0.40904695,0.23225532,0.440249,0.68563634,0.46705928,0.46998185,0.7667282,0.5504086,0.40059137,0.41850656,0.80713856,0.31842232,0.48728767,0.38984674,0.41962668,0.14082192,0.4370199,0.91697973
8,159,11,visual,0.41302747,0.47818208,0.4180367,0.82918465,0.36568063,0.32668814,0.44204906,0.45850402,0.43518472,0.42879674,0.40904695,0.23225532,0.440249,0.68563634,0.46705928,0.46998185,0.7667282,0.5504086,0.40059137,0.41850656,0.80713856,0.31842232,0.48728767,0.38984674,0.41962668,0.14082192,0.4370199,0.91697973
8,159,12,visual,0.41302747,0.47818208,0.4180367,0.82918465,0.36568063,0.32668814,0.44204906,0.45850402,0.43518472,0.42879674,0.40904695,0.23225532,0.440249,0.68563634,0.46705928,0.46998185,0.7667282,0.5504086,0.40059137,0.41850656,0.80713856,0.31842232,0.48728767,0.38984674,0.41962668,0.14082192,0.4370199,0.91697973
8,159,13,visual,0.41302747,0.47818208,0.4180367,0.82918465,0.36568063,0.32668814,0.44204906,0.45850402,0.43518472,0.42879674,0.40904695,0.23225532,0.440249,0.68563634,0.46705928,0.46998185,0.7667282,0.5504086,0.40059137,0.41850656,0.80713856,0.31842232,0.48728767,0.38984674,0.41962668,0.14082192,0.4370199,0.91697973
8,159,14,visual,0.41302747,0.47818208,0.4180367,0.82918465,0.36568063,0.32668814,0.44204906,0.45850402,0.43518472,0.42879674,0.40904695,0.23225532,0.440249,0.68563634,0.46705928,0.46998185,0.7667282,0.5504086,0.40059137,0.41850656,0.80713856,0.31842232,0.48728767,0.38984674,0.41962668,0.14082192,0.4370199,0.91697973
8,159,15,visual,0.41302747,0.47818208,0.4180367,0.82918465,0.36568063,0.32668814,0.44204906,0.45850402,0.43518472,0.42879674,0.40904695,0.23225532,0.440249,0.68563634,0.46705928,0.46998185,0.7667282,0.5504086,0.40059137,0.41850656,0.80713856,0.31842232,0.48728767,0.38984674,0.41962668,0.14082192,0.4370199,0.91697973
8,160,1,visual,0.41302747,0.47818208,0.4180367,0.82918465,0.36568063,0.32668814,0.44204906,0.45850402,0.43518472,0.42879674,0.40904695,0.23225532,0.440249,0.68563634,0.46705928,0.46998185,0.7667282,0.5504086,0.40059137,0.41850656,0.80713856,0.31842232,0.48728767,0.38984674,0.41962668,0.14082192,0.4370199,0.91697973
8,160,2,visual,0.41302747,0.47818208,0.4180367,0.82918465,0.36568063,0.32668814,0.44204906,0.45850402,0.43518472,0.42879674,0.40904695,0.23225532,0.440249,0.68563634,0.46705928,0.46998185,0.7667282,0.5504086,0.40059137,0.41850656,0.80713856,0.31842232,0.48728767,0.38984674,0.41962668,0.14082192,0.4370199,0.91697973
8,160,3,visual,0.41302747,0.47818208,0.4180367,0.82918465,0.36568063,0.32668814,0.44204906,0.45850402,0.43518472,0.42879674,0.40904695,0.23225532,0.440249,0.68563634,0.46705928,0.46998185,0.7667282,0.5504086,0.40059137,0.41850656,0.80713856,0.31842232,0.48728767,0.38984674,0.41962668,0.14082192,0.4370199,0.91697973
8,160,4,visual,0.41302747,0.47818208,0.4180367,0.82918465,0.36568063,0.32668814,0.44204906,0.45850402,0.43518472,0.42879674,0.40904695,0.23225532,0.440249,0.68563634,0.46705928,0.46998185,0.7667282,0.5504086,0.40059137,0.41850656,0.80713856,0.31842232,0.48728767,0.38984674,0.41962668,0.14082192,0.4370199,0.91697973
8,160,5,visual,0.41302747,0.47818208,0.4180367,0.82918465,0.36568063,0.32668814,0.44204906,0.45850402,0.43518472,0.42879674,0.40904695,0.23225532,0.440249,0.68563634,0.46705928,0.46998185,0.7667282,0.5504086,0.40059137,0.41850656,0.80713856,0.31842232,0.48728767,0.38984674,0.41962668,0.14082192,0.4370199,0.91697973
8,160,6,visual,0.41302747,0.47818208,0.4180367,0.82918465,0.36568063,0.32668814,0.44204906,0.45850402,0.43518472,0.42879674,0.40904695,0.23225532,0.440249,0.68563634,0.46705928,0.46998185,0.7667282,0.5504086,0.40059137,0.41850656,0.80713856,0.31842232,0.48728767,0.38984674,0.41962668,0.14082192,0.4370199,0.91697973
8,160,7,visual,0.41302747,0.47818208,0.4180367,0.82918465,0.36568063,0.32668814,0.44204906,0.45850402,0.43518472,0.42879674,0.40904695,0.23225532,0.440249,0.68563634,0.46705928,0.46998185,0.7667282,0.5504086,0.40059137,0.41850656,0.80713856,0.31842232,0.48728767,0.38984674,0.41962668,0.14082192,0.4370199,0.91697973
8,160,8,visual,0.41302747,0.47818208,0.4180367,0.82918465,0.36568063,0.32668814,0.44204906,0.45850402,0.43518472,0.42879674,0.40904695,0.23225532,0.440249,0.68563634,0.46705928,0.46998185,0.7667282,0.5504086,0.40059137,0.41850656,0.80713856,0.31842232,0.48728767,0.38984674,0.41962668,0.14082192,0.4370199,0.91697973
8,160,9,visual,0.41302747,0.47818208,0.4180367,0.82918465,0.36568063,0.32668814,0.44204906,0.45850402,0.43518472,0.42879674,0.40904695,0.23225532,0.440249,0.68563634,0.46705928,0.46998185,0.7667282,0.5504086,0.40059137,0.41850656,0.80713856,0.31842232,0.48728767,0.38984674,0.41962668,0.14082192,0.4370199,0.91697973
8,160,10,visual,0.41302747,0.47818208,0.4180367,0.82918465,0.36568063,0.32668814,0.44204906,0.45850402,0.43518472,0.42879674,0.40904695,0.23225532,0.440249,0.68563634,0.46705928,0.46998185,0.7667282,0.5504086,0.40059137,0.41850656,0.80713856,0.31842232,0.48728767,0.38984674,0.41962668,0.14082192,0.4370199,0.91697973
8,160,11,visual,0.41302747,0.47818208,0.4180367,0.82918465,0.36568063,0.32668814,0.44204906,0.45850402,0.43518472,0.42879674,0.40904695,0.23225532,0.440249,0.68563634,0.46705928,0.46998185,0.7667282,0.5504086,0.40059137,0.41850656,0.80713856,0.31842232,0.48728767,0.38984674,0.41962668,0.14082192,0.4370199,0.91697973
8,160,12,visual,0.41302747,0.47818208,0.4180367,0.82918465,0.36568063,0.32668814,0.44204906,0.45850402,0.43518472,0.42879674,0.40904695,0.23225532,0.440249,0.68563634,0.46705928,0.46998185,0.7667282,0.5504086,0.40059137,0.41850656,0.80713856,0.31842232,0.48728767,0.38984674,0.41962668,0.14082192,0.4370199,0.91697973
8,160,13,visual,0.41302747,0.47818208,0.4180367,0.82918465,0.36568063,0.32668814,0.44204906,0.45850402,0.43518472,0.42879674,0.40904695,0.23225532,0.440249,0.68563634,0.46705928,0.46998185,0.7667282,0.5504086,0.40059137,0.41850656,0.80713856,0.31842232,0.48728767,0.38984674,0.41962668,0.14082192,0.4370199,0.91697973
8,160,14,visual,0.41302747,0.47818208,0.4180367,0.82918465,0.36568063,0.32668814,0.44204906,0.45850402,0.43518472,0.42879674,0.40904695,0.23225532,0.440249,0.68563634,0.46705928,0.46998185,0.7667282,0.5504086,0.40059137,0.41850656,0.80713856,0.31842232,0.48728767,0.38984674,0.41962668,0.14082192,0.4370199,0.91697973
8,160,15,visual,0.41302747,0.47818208,0.4180367,0.82918465,0.36568063,0.32668814,0.44204906,0.45850402,0.43518472,0.42879674,0.40904695,0.23225532,0.440249,0.68563634,0.46705928,0.46998185,0.7667282,0.5504086,0.40059137,0.41850656,0.80713856,0.31842232,0.48728767,0.38984674,0.41962668,0.14082192,0.4370199,0.91697973
9,161,1,visual,0.9879285,0.25367856,0.5930158,0.4255177,0.307267,0.5015206,0.16224496,0.99528486,0.9885017,0.59429204,0.40613174,0.5405105,0.86072445,0.75426,0.37567016,0.37764874,0.4686424,0.13786535,0.39957207,0.2573054,0.48938748,0.51899385,0.12595679,0.35225365,0.7124265,0.070475146,0.08456532,0.75062174
9,161,2,visual,0.7725356,0.077329695,0.3532844,0.3468605,0.3937067,0.33159882,0.061535146,0.8873627,0.87454885,0.8773567,0.6689707,0.89653623,0.92044556,0.7543562,0.710758,0.19414406,0.5873019,0.28794387,0.08351024,0.077393934,0.06843295,0.9481373,0.1358983,0.0752276,0.96564454,0.07196833,0.2728627,0.98537475
9,161,3,visual,0.9957047,0.70221007,0.48495954,0.24328223,0.6658099,0.64300567,0.7639995,0.9965811,0.9948569,0.99031144,0.88094336,0.98981965,0.9952819,0.97861475,0.94691056,0.5877876,0.9487319,0.79347855,0.4470543,0.3233635,0.769605,0.98674065,0.2279371,0.85472625,0.99683434,0.1897312,0.6003538,0.9970659
9,161,4,visual,0.98568124,0.755695,0.14736328,0.15026881,0.20209874,0.22172368,0.4568191,0.9960099,0.9938692,0.92057294,0.45847276,0.8028811,0.94845617,0.97160256,0.48915228,0.4048657,0.45066983,0.39265892,0.038344968,0.4694543,0.117531046,0.8159854,0.4581467,0.41629073,0.9415118,0.5488937,0.44232258,0.87718546
9,161,5,visual,0.9615569,0.395875,0.29942176,0.42668965,0.034238473,0.4563274,0.37621135,0.9922005,0.9903446,0.9807804,0.59019965,0.9812738,0.98706234,0.9382898,0.8820034,0.11668408,0.9097675,0.14348213,0.500555,0.06257247,0.5163119,0.963788,0.21556307,0.25750846,0.9274213,0.2755229,0.020212915,0.9531492
9,161,6,visual,0.97761375,0.5721879,0.3019667,0.08387874,0.33952987,0.40063086,0.78689986,0.9959695,0.9929202,0.99237466,0.83274066,0.9936465,0.9949035,0.9666695,0.81197065,0.11572472,0.9213463,0.75209904,0.25163278,0.26018447,0.4915376,0.9776834,0.26230502,0.78693664,0.98344225,0.3773209,0.02069878,0.99468267
9,161,7,visual,0.9966154,0.926661,0.47199863,0.3448514,0.3826632,0.7215092,0.94913644,0.9981612,0.9969075,0.99586105,0.8915932,0.99654156,0.9980792,0.9966848,0.99030596,0.14668354,0.99173826,0.83768463,0.4081468,0.45330074,0.85327953,0.99751693,0.39438236,0.90459526,0.99923587,0.5077462,0.27334833,0.99860054
9,161,8,visual,0.9955276,0.66185087,0.7418879,0.647455,0.2696708,0.76028425,0.9080988,0.9989771,0.99717724,0.994344,0.95483047,0.9938678,0.9963059,0.9668651,0.92275053,0.43136305,0.9298278,0.8873632,0.47330064,0.09658728,0.52345073,0.9971191,0.1696521,0.6570556,0.99637383,0.10319206,0.68163127,0.9974338
9,161,9,visual,0.9924557,0.0517074,0.78241116,0.6601732,0.25178364,0.7150801,0.18949921,0.99430674,0.991243,0.91938895,0.39708313,0.8905118,0.9779973,0.88424677,0.7223888,0.43030354,0.7302677,0.21140042,0.56953526,0.4667882,0.6102566,0.8370561,0.30686277,0.21769547,0.964915,0.22300544,0.06652897,0.97087353
9,161,10,visual,0.99474245,0.15071653,0.7981718,0.8681833,0.20067021,0.86663365,0.075605124,0.99789166,0.99837637,0.9772433,0.81514484,0.9808504,0.98987466,0.89493465,0.9043654,0.14373891,0.89189845,0.122801125,0.86885005,0.0014666861,0.7903623,0.82788765,0.23198722,0.40390772,0.9951308,0.1547609,0.37516645,0.99323195
9,161,11,visual,0.970704,0.019529693,0.80179703,0.90238893,0.037661683,0.85399866,0.26987284,0.98182553,0.9993832,0.99712634,0.7557791,0.9971816,0.9975218,0.78865135,0.9064199,0.091439135,0.8485806,0.18679394,0.802845,0.019796828,0.6929856,0.95514196,0.27582714,0.42236125,0.9966842,0.24212807,0.26124156,0.9939086
9,161,12,visual,0.9999208,0.9742459,0.8878916,0.9169673,0.7057891,0.9240722,0.9629775,0.9999809,0.99998283,0.99995625,0.94591194,0.9988716,0.9999632,0.9882943,0.9873265,0.49385667,0.9710336,0.43541238,0.9211223,0.74491495,0.92145115,0.99380624,0.81500983,0.8622017,0.99986696,0.8375707,0.40012726,0.9963686
9,161,13,visual,0.9976215,0.9959202,0.94422877,0.92219555,0.24149847,0.80794686,0.99145555,0.99800295,0.99828863,0.9976948,0.9992454,0.9944695,0.99731874,0.9957281,0.9843963,0.8822638,0.95813656,0.9040644,0.89766824,0.07067432,0.73760384,0.9955008,0.65470624,0.39383757,0.9973056,0.6043509,0.9306448,0.9925643
9,161,14,visual,1.0,0.8552791,0.8977162,0.94477594,0.6118349,0.9609917,0.1698003,1.0,1.0,0.99469185,0.9899808,0.98803395,1.0,0.9954272,0.9778265,0.836558,0.9800518,0.72688144,0.95902616,0.42274192,0.9761026,0.9805333,0.88183093,0.98068744,0.9884655,0.9146333,0.81779456,0.9889258
9,161,15,visual,0.99422294,0.5478502,0.9624573,0.9767,0.82313466,0.9573941,0.8709126,0.9946202,0.99317986,0.9939291,0.9833645,0.9862802,0.9943081,0.99381167,0.99592835,0.8412359,0.98103845,0.93186736,0.97619563,0.39313194,0.94094163,0.48444661,0.85865474,0.8381229,0.9964283,0.93107283,0.0031401059,0.99846256
9,162,1,visual,0.9950819,0.9029267,0.5189397,0.92634594,0.18988131,0.9583215,0.82040405,0.9955063,0.994614,0.98958075,0.84341896,0.9703424,0.9939417,0.88237303,0.9692486,0.13344955,0.97200835,0.36891544,0.9440947,0.25777614,0.96012634,0.87860805,0.5778283,0.9348025,0.9855667,0.62260884,0.15983108,0.98051554
9,162,2,visual,0.99933356,0.9996972,0.9187059,0.82515484,0.5068001,0.9201515,0.3485857,0.99980384,0.96324164,0.8291032,0.93399227,0.7974792,0.9450658,0.9730723,0.9272352,0.9476864,0.9221993,0.60927194,0.4195991,0.7071608,0.9315742,0.9727946,0.98164916,0.9942958,0.98898095,0.988544,0.99711496,0.98981816
9,162,3,visual,0.9970826,0.99537724,0.95158416,0.8625605,0.56005335,0.9373592,0.36127967,0.99734753,0.9970575,0.99655986,0.99660707,0.99698687,0.9974758,0.9908663,0.9780393,0.9534399,0.9878454,0.69626987,0.018807625,0.8363364,0.811659,0.9966249,0.9322324,0.9102477,0.9930803,0.94077384,0.9035026,0.99732536
9,162,4,visual,0.9853946,0.9566602,0.9643761,0.975121,0.5689652,0.9641523,0.5099302,0.99186844,0.98347867,0.97515064,0.9755696,0.9766345,0.98542076,0.9853866,0.9845692,0.9045828,0.98201054,0.936862,0.9725726,0.6568308,0.9255538,0.9870602,0.845685,0.7311339,0.993282,0.81443936,0.12321592,0.99142826
9,162,5,visual,0.99055266,0.96240914,0.58757025,0.81931937,0.4348289,0.78184384,0.923554,0.998213,0.9974534,0.9969093,0.97267646,0.99831325,0.9990124,0.9925311,0.98724407,0.21512221,0.98748565,0.051559474,0.7582987,0.5896133,0.68952835,0.9976778,0.69198775,0.47299033,0.9974971,0.63348013,0.34098384,0.997867
9,162,6,visual,0.99372226,0.98277676,0.9213063,0.022537827,0.85814345,0.96298033,0.9890547,0.9958818,0.9946903,0.9956653,0.99507934,0.9958133,0.99537784,0.9892675,0.9924273,0.7298562,0.9915631,0.9126933,0.79584527,0.89902776,0.938086,0.9945877,0.9005334,0.93865234,0.9980454,0.9290318,0.8316988,0.9962967
9,162,7,visual,0.9858475,0.9780652,0.49785158,0.49576628,0.50025886,0.686234,0.98280483,0.992231,0.99134594,0.992648,0.96454793,0.9934006,0.99324465,0.98438674,0.98155016,0.8107944,0.98873293,0.9161374,0.84642106,0.62151223,0.64876026,0.99329567,0.38756067,0.9026263,0.99158263,0.65428543,0.8807535,0.9928519
9,162,8,visual,0.93149644,0.8125312,0.15721807,0.7177115,0.29842287,0.6146647,0.88457596,0.9794986,0.98477644,0.98812234,0.55765307,0.9907812,0.99300593,0.8927533,0.9547266,0.011289423,0.901848,0.57253283,0.82130516,0.34931883,0.6275644,0.9898451,0.3890782,0.6496914,0.9984182,0.45820442,0.14223032,0.9960614
9,162,9,visual,0.97881734,0.59260625,0.67265886,0.86400586,0.027794672,0.8968374,0.79101396,0.9751887,0.9898466,0.9900195,0.933168,0.98973703,0.9947514,0.9025069,0.9790687,0.17001761,0.9900179,0.4727487,0.7869695,0.2150663,0.61135334,0.97160083,0.5339821,0.42165568,0.9903795,0.45557925,0.3453873,0.99567175
9,162,10,visual,0.96078783,0.7771376,0.75724584,0.8595704,0.043344293,0.8469837,0.8343403,0.97925043,0.98238915,0.9926073,0.9092055,0.989243,0.98856103,0.97560924,0.98512965,0.34746817,0.98541594,0.11233095,0.64136165,0.18566169,0.14414309,0.99196637,0.26711363,0.73967826,0.9953336,0.15365764,0.2821132,0.9967285
9,162,11,visual,0.9200188,0.8441771,0.3323021,0.72776175,0.26229146,0.6452573,0.8655041,0.9688878,0.98193693,0.9881013,0.8590385,0.9855783,0.9871272,0.9444869,0.96128505,0.24729927,0.96872723,0.00890909,0.77257997,0.37428495,0.6760813,0.9966733,0.44855312,0.72117275,0.9971586,0.40071008,0.27048802,0.9979892
9,162,12,visual,0.9283376,0.7391062,0.47210777,0.8130056,0.0806175,0.6084845,0.8507815,0.95747626,0.98780507,0.995731,0.84911686,0.9966733,0.99117035,0.89708793,0.96663165,0.08816192,0.9297901,0.5121701,0.89245355,0.16161065,0.47400483,0.99317473,0.43571973,0.89837176,0.9967547,0.1670604,0.30306157,0.9978468
9,162,13,visual,0.91878414,0.53248525,0.58774346,0.88053876,0.26720622,0.82113594,0.7455164,0.9453301,0.97804224,0.9972827,0.8123475,0.99354565,0.9841735,0.8808752,0.97267234,0.36116135,0.956852,0.55122447,0.7875621,0.184222,0.66111225,0.9782287,0.24464984,0.69441324,0.99690646,0.15505272,0.5613856,0.9992645
9,162,14,visual,0.9540687,0.5588124,0.90494907,0.89739066,0.7763398,0.8717205,0.69553643,0.9666618,0.98388547,0.99593323,0.7808681,0.9964735,0.9899143,0.95073855,0.97104394,0.80983424,0.9483586,0.40868908,0.65520054,0.6117766,0.25482813,0.9756581,0.3592124,0.7296883,0.9969281,0.46091726,0.75980645,0.99963146
9,162,15,visual,0.9601571,0.6032709,0.5582453,0.7763824,0.596404,0.7886445,0.7805725,0.97637147,0.9864541,0.9924725,0.90124536,0.98905885,0.99016565,0.92879444,0.9705156,0.20461719,0.9708771,0.46228546,0.7068194,0.64824116,0.6375775,0.98634213,0.6682911,0.5417749,0.9985287,0.6383133,0.15323314,0.9976327
9,163,1,visual,0.9671649,0.66013324,0.68569654,0.7059671,0.6269453,0.44343206,0.66785496,0.980985,0.9852943,0.9935827,0.85136694,0.99495035,0.9918176,0.90817565,0.9231544,0.8149827,0.71927875,0.5396765,0.41648012,0.4836062,0.33856714,0.9802323,0.23055683,0.7752329,0.9991231,0.5879903,0.8535482,0.9840534
9,163,2,visual,0.9668703,0.08976164,0.73848844,0.92477494,0.6422913,0.86190015,0.14882964,0.94605726,0.9737739,0.987383,0.9430526,0.98202646,0.96598417,0.7765753,0.9417264,0.41518134,0.77844495,0.33893046,0.75496453,0.14384846,0.25503862,0.98409635,0.41620353,0.6702926,0.9974591,0.18852708,0.6177227,0.9892595
9,163,3,visual,0.97870547,0.7498416,0.8423766,0.9362513,0.22224359,0.9029925,0.11482857,0.9906567,0.9873909,0.9830224,0.91185707,0.96748215,0.97506475,0.9101101,0.94385654,0.32565984,0.88697326,0.481493,0.893654,0.06810384,0.80154186,0.9525175,0.55356795,0.34505746,0.9981721,0.54720336,0.47793156,0.99372476
9,163,4,visual,0.97236717,0.66480136,0.75149107,0.87601876,0.73708004,0.9000568,0.17109627,0.9614587,0.97446036,0.97051245,0.9332873,0.9541903,0.9670068,0.9470172,0.9188929,0.73330593,0.9385169,0.29174593,0.61702865,0.32346293,0.6057818,0.9222696,0.19492474,0.17697243,0.9929018,0.14689445,0.66833603,0.98206025
9,163,5,visual,0.9551863,0.4948032,0.7915139,0.8726865,0.4366532,0.8417366,0.66418564,0.97481585,0.9835517,0.996092,0.93276083,0.99631613,0.9917071,0.93413174,0.9938551,0.6136531,0.98266464,0.047933728,0.67036337,0.020498201,0.3656491,0.9669452,0.23524554,0.6331241,0.9977375,0.022587463,0.69527423,0.996631
9,163,6,visual,0.92624336,0.4618345,0.66614,0.93482167,0.5943703,0.8910559,0.51021475,0.92105913,0.9721893,0.9953744,0.90586144,0.98683757,0.98210496,0.62114924,0.9785862,0.7133207,0.9813098,0.14670603,0.56763506,0.47681886,0.46080428,0.87637514,0.37362596,0.61450267,0.9942477,0.1726572,0.72410595,0.9934168
9,163,7,visual,0.95290095,0.6889022,0.80473185,0.8246366,0.068090394,0.5992878,0.6802715,0.9752338,0.98315656,0.99880606,0.9765985,0.99865097,0.9936987,0.9303434,0.98128873,0.4879189,0.9754353,0.07496987,0.42688206,0.47401989,0.08281955,0.9517794,0.476205,0.89716667,0.99899584,0.23002079,0.54116887,0.9988213
9,163,8,visual,0.94225776,0.6566602,0.6480706,0.9128012,0.037500683,0.9056828,0.6097481,0.9636308,0.97823054,0.9993379,0.9668051,0.9976104,0.99093086,0.82425916,0.9898334,0.34283507,0.98552877,0.15016146,0.5821598,0.11826606,0.40858516,0.9122509,0.58607286,0.7222982,0.9984468,0.43675643,0.48136926,0.9996485
9,163,9,visual,0.97008425,0.40816024,0.93370444,0.97023326,0.7074101,0.9572693,0.3777355,0.96502054,0.98812777,0.9995759,0.93240374,0.9991593,0.9955512,0.9427987,0.98875946,0.7700773,0.9807379,0.29396996,0.7640154,0.2182997,0.30527768,0.96612704,0.26104924,0.80897164,0.99986273,0.07113578,0.7648161,1.0
9,163,10,visual,0.9991803,0.9860604,0.9976194,0.9978072,0.99858725,0.9977538,0.92124325,0.9992214,0.99915063,0.99916255,0.99927765,0.99922574,0.999178,0.99792844,0.9980096,0.998412,0.99788517,0.98787624,0.99535,0.33491442,0.99193877,0.9986,0.9823147,0.9962922,0.99837893,0.9687122,0.99792725,0.9982596
9,163,11,visual,0.9454666,0.7089705,0.776022,0.8873413,0.029011419,0.927428,0.7338928,0.9678706,0.9771176,0.9950771,0.95692044,0.98769957,0.9838159,0.9127241,0.98952806,0.7095311,0.98948866,0.34164646,0.70643455,0.35198084,0.71345043,0.9684891,0.58161384,0.50066155,0.99159545,0.5433993,0.65327334,0.9958213
9,163,12,visual,0.95060015,0.6426271,0.8610158,0.95402056,0.40115458,0.9532486,0.42310974,0.96203554,0.9785237,0.9946723,0.9798382,0.98529273,0.9821435,0.8558034,0.937542,0.52561843,0.90759814,0.2929062,0.63096935,0.1165097,0.4432221,0.93746144,0.6392044,0.6364166,0.99997294,0.4425972,0.61792195,0.99814653
9,163,13,visual,0.96959585,0.50541633,0.7773001,0.95329297,0.4365996,0.9502492,0.41189614,0.9610228,0.9838462,0.99367744,0.9576016,0.9886055,0.9869899,0.8312718,0.9762714,0.58981055,0.9482784,0.32283843,0.5880769,0.04691642,0.24231783,0.9078909,0.2905751,0.7217756,0.9995989,0.00037758614,0.64469963,0.99875236
9,163,14,visual,0.9695853,0.5123357,0.48745504,0.8977309,0.29787853,0.91082054,0.5699435,0.9761013,0.97639966,0.99851424,0.9602718,0.99694854,0.9902315,0.7167108,0.9880204,0.5861437,0.9765135,0.3188221,0.5011235,0.00692308,0.4034252,0.80859727,0.3785226,0.62546563,0.99578816,0.28522068,0.64331967,0.99740624
9,163,15,visual,0.96315795,0.799122,0.52888894,0.94923615,0.593633,0.8826379,0.89637154,0.96812946,0.9800652,0.9944795,0.9630836,0.99100256,0.98748606,0.8473839,0.99807304,0.81520694,0.9951135,0.31309542,0.6229222,0.29777452,0.19882119,0.92719525,0.45317525,0.8882363,0.99939275,0.10872106,0.89443606,0.99985975
9,164,1,visual,0.95999205,0.845763,0.70848954,0.84663653,0.53628415,0.7185228,0.85151494,0.98383814,0.9800373,0.99384534,0.9345595,0.9931593,0.9917684,0.956199,0.99042654,0.7319855,0.98344445,0.0974832,0.6665558,0.24085404,0.28037378,0.9755363,0.2116858,0.8462851,0.99865025,0.066524275,0.72318774,0.9990535
9,164,2,visual,0.92382103,0.86131513,0.35038897,0.8953225,0.090503834,0.83376724,0.8283978,0.94428736,0.97675705,0.987078,0.95071554,0.9845568,0.97535765,0.8280464,0.96216595,0.43079516,0.94449085,0.19730861,0.74653506,0.19895962,0.649511,0.97354275,0.6475675,0.77660364,0.9972011,0.4565552,0.608067,0.998299
9,164,3,visual,0.9535184,0.49733248,0.5533416,0.9319816,0.10557295,0.92721385,0.7155999,0.94734544,0.9809438,0.98894435,0.9804376,0.9858051,0.9854124,0.65417,0.96701443,0.13614951,0.94572,0.03202382,0.5546782,0.07119357,0.371893,0.891651,0.58921504,0.72421014,0.9946169,0.59506816,0.21458504,0.99878263
9,164,4,visual,0.93044513,0.85256565,0.17195715,0.79337037,0.2377414,0.6571799,0.90228295,0.9491656,0.98206955,0.9736538,0.95056117,0.97007793,0.9773471,0.828497,0.99199045,0.3317425,0.98433745,0.19132422,0.61110634,0.10159195,0.39291298,0.93008125,0.5174683,0.7593385,0.9974983,0.44254592,0.48442343,0.9985671
9,164,5,visual,0.93266785,0.8187283,0.4023265,0.85838413,0.22429056,0.81979,0.7984538,0.96251845,0.9796672,0.9946015,0.976601,0.99236095,0.98639727,0.8500167,0.9866233,0.26492292,0.9834564,0.13743706,0.7450651,0.5025706,0.57048064,0.9489179,0.73983353,0.8419578,0.9978472,0.68001807,0.35648105,0.99904567
9,164,6,visual,0.93868047,0.82651836,0.33301815,0.8094807,0.117611706,0.6960089,0.83153623,0.97528243,0.98594964,0.99311393,0.95564824,0.99196357,0.99155986,0.94068044,0.9845451,0.5772237,0.9884314,0.061364982,0.8199491,0.079903655,0.523706,0.9803018,0.47922724,0.7672078,0.99969864,0.23550564,0.6102829,0.99928325
9,164,7,visual,0.9465404,0.8659289,0.33200994,0.8666656,0.65603435,0.8059588,0.91224754,0.96851575,0.98812747,0.9906214,0.89256483,0.988811,0.990011,0.94336367,0.97939247,0.8873194,0.9753271,0.31314075,0.79204416,0.5138842,0.45686534,0.98286796,0.1280925,0.7743212,0.9972114,0.29691812,0.8996332,0.99925655
9,164,8,visual,0.92858124,0.78806114,0.3110128,0.747774,0.75716376,0.71362114,0.8747271,0.96157414,0.9803292,0.9887192,0.9628919,0.9871197,0.9866209,0.91911924,0.9803248,0.40983707,0.9683619,0.13147472,0.51701623,0.8336609,0.3556309,0.97962844,0.85106087,0.6482882,0.99822897,0.8498667,0.33571318,0.99643636
9,164,9,visual,0.9152459,0.64520717,0.28302562,0.82229185,0.076168746,0.7391043,0.7695671,0.961045,0.98085487,0.9882309,0.7371182,0.9833842,0.98125714,0.77392805,0.9758484,0.3033701,0.9663394,0.1667369,0.7130662,0.24384502,0.53840476,0.9171993,0.34173644,0.8041108,0.9969093,0.21794961,0.18926758,0.99932057
9,164,10,visual,0.93063545,0.8853177,0.26068622,0.6131027,0.10295931,0.24251431,0.84128344,0.97228706,0.9763734,0.98593456,0.8969769,0.9921439,0.98736817,0.96478754,0.97717756,0.4558823,0.9418128,0.21911784,0.5341483,0.29573244,0.00902789,0.9850621,0.5474863,0.70276695,0.9943355,0.26154903,0.51265854,0.99205095
9,164,11,visual,0.9647721,0.6476804,0.4889424,0.6575835,0.21869309,0.625148,0.7002781,0.96272415,0.9929744,0.99426717,0.9761064,0.9922673,0.991592,0.68210256,0.9553251,0.28028062,0.8887663,0.0990577,0.60942906,0.16648462,0.39418864,0.91121006,0.63215494,0.552054,0.9983663,0.43616664,0.5117752,0.98851687
9,164,12,visual,0.9598556,0.2533841,0.5348276,0.9063863,0.42544925,0.88832337,0.49947903,0.9270193,0.98262167,0.9945878,0.90895015,0.9912244,0.98213035,0.48198357,0.96858805,0.28332144,0.902175,0.20939802,0.6704731,0.2332451,0.5664242,0.87094295,0.3089491,0.5339815,0.99450094,0.1516642,0.6782209,0.99545234
9,164,13,visual,0.9785018,0.9197633,0.10882657,0.16332872,0.21457115,0.21532837,0.91606796,0.9937468,0.9916319,0.9944647,0.96451193,0.99273807,0.9954132,0.9709277,0.9973927,0.94936216,0.9907289,0.77034026,0.05819373,0.17086767,0.5331507,0.99032325,0.2246408,0.53241515,0.99957776,0.39708838,0.9248837,0.9973473
9,164,14,visual,0.99179626,0.86464745,0.41973418,0.30856955,0.25696945,0.28911397,0.72108227,0.9937698,0.9911613,0.99693555,0.9751959,0.9943844,0.9962286,0.93262315,0.9910761,0.7687544,0.96560204,0.62337947,0.06017099,0.1163209,0.06030805,0.968202,0.078435555,0.49239925,0.99046487,0.077370375,0.66683316,0.9886045
9,164,15,visual,0.99019265,0.9063942,0.72273713,0.90733975,0.15283264,0.8505925,0.8876612,0.9949913,0.9967107,0.9974587,0.97412974,0.99593174,0.99701524,0.9826077,0.99520695,0.5732017,0.9852982,0.7413896,0.8589291,0.3216448,0.7091378,0.99584305,0.60139495,0.06703842,0.99614304,0.5604632,0.5202356,0.9983031
9,165,1,visual,0.985316,0.9710099,0.11376198,0.42400151,0.70941275,0.7146731,0.9621414,0.9952357,0.99784184,0.9969136,0.98156047,0.994415,0.9967023,0.9846854,0.99649864,0.6557371,0.9952593,0.7376498,0.5010291,0.73368543,0.7286811,0.99061894,0.8024733,0.6317712,0.99873495,0.85147303,0.5579314,0.9978679
9,165,2,visual,0.93244416,0.79156196,0.60650635,0.8224074,0.5047627,0.7270032,0.60051435,0.9662658,0.9878346,0.9964097,0.9115551,0.9964203,0.9926997,0.9679836,0.98681843,0.81980157,0.9700538,0.44206843,0.8776883,0.28587702,0.48622638,0.9843829,0.124196835,0.72156507,0.9997489,0.09059735,0.69454724,0.9982278
9,165,3,visual,0.93496853,0.91758716,0.57861274,0.8390618,0.12528971,0.59966457,0.8271057,0.97071433,0.96949667,0.9788109,0.9073243,0.9804847,0.9751116,0.97320694,0.98935527,0.6135146,0.98602283,0.8197045,0.83174425,0.008811077,0.31902748,0.98322946,0.12863131,0.7005879,0.9919698,0.04105532,0.5516666,0.98061556
9,165,4,visual,0.9999652,0.9985739,0.97446156,0.7894111,0.9878,0.9867172,0.9992735,0.999827,0.99992037,0.99992746,0.99993956,0.99992377,0.99996895,0.9996307,0.99964166,0.9993514,0.9989205,0.99832886,0.8456284,0.9945525,0.9937122,0.99996924,0.992795,0.9906806,0.9999936,0.15542638,0.9998983,0.9996593
9,165,5,visual,0.5032578,0.9939334,0.4949975,0.6631073,0.3051351,0.9243803,0.7739826,0.942425,0.44192028,0.4562799,0.59502906,0.8522209,0.79831165,1.0,1.0,1.0,0.73781884,1.0,0.589532,0.9816381,0.9814948,1.0,1.0,0.9789759,1.0,0.92960435,0.95373124,0.19126749
9,165,6,visual,0.99736327,0.99737996,0.10639723,0.04493366,0.79248065,0.49474654,0.9963934,0.99881595,0.99800295,0.99805844,0.996607,0.9983037,0.9986635,0.9990537,0.99908507,0.99542063,0.9991476,0.995922,0.24688353,0.82034266,0.7722502,0.99927115,0.8221509,0.8590918,0.99924666,0.8037571,0.99194545,0.9990139
9,165,7,visual,0.70474654,0.056426864,0.14430502,0.3007643,0.0016754101,0.28763202,0.06251543,0.97900444,0.9888976,0.9823512,0.77622527,0.98384315,0.99086046,0.8109177,0.9243066,0.18436207,0.95794404,0.5277515,0.19747211,0.17746612,0.31021672,0.77530825,0.040515643,0.23158444,0.9084866,0.14443314,0.14203946,0.9281115
9,165,8,visual,0.72503734,0.41257298,0.06252588,0.1767466,0.115993366,0.22131623,0.1949461,0.9725215,0.9866349,0.98087573,0.6990455,0.9754784,0.98139465,0.9061303,0.82052517,0.3715234,0.80492115,0.5579352,0.3054404,0.24152729,0.2619098,0.874261,0.01883989,0.30431417,0.93219256,0.021608159,0.139364,0.9563291
9,165,9,visual,0.82369477,0.24933136,0.26248616,0.26314464,0.0751907,0.36402088,0.07322646,0.9800087,0.9837677,0.9563035,0.3817006,0.9547775,0.9715026,0.8828929,0.91826683,0.328037,0.9352849,0.7434247,0.33196947,0.41750413,0.5749423,0.69071907,0.29192242,0.6356413,0.9103544,0.28424805,0.21351373,0.9432678
9,165,10,visual,0.9386801,0.49462184,0.39444637,0.43684816,0.18522954,0.4881032,0.01499952,0.9840046,0.9766532,0.97274387,0.87273103,0.9712891,0.9756458,0.7998302,0.9085868,0.40083665,0.93117297,0.76813024,0.009954036,0.2530072,0.21894571,0.6628411,0.11787771,0.6015048,0.9530839,0.2098226,0.13006462,0.9724633
9,165,11,visual,0.9111006,0.77552134,0.11278157,0.20704964,0.29025438,0.1672449,0.6780483,0.98998886,0.9835859,0.9774845,0.90946746,0.9814432,0.9880593,0.940499,0.98117316,0.4814959,0.98969495,0.8992895,0.1335137,0.52959675,0.1319064,0.94492733,0.49454904,0.025140522,0.98030895,0.520406,0.23427157,0.9893462
9,165,12,visual,0.876545,0.37312287,0.076737076,0.28942636,0.5883348,0.3653483,0.1502266,0.93213063,0.97869754,0.9412314,0.08448401,0.93469316,0.9546647,0.7631393,0.8803534,0.33722767,0.88448584,0.657027,0.29743624,0.47895527,0.5345594,0.64789814,0.24581039,0.6138806,0.92542917,0.19189416,0.33000743,0.9534832
9,165,13,visual,0.88691175,0.38684255,0.13882253,0.36791077,0.52950466,0.38057137,0.15365046,0.9824232,0.99032485,0.9816526,0.403527,0.98550576,0.9842957,0.7975511,0.8545125,0.19728497,0.8760908,0.5065049,0.2331381,0.06381829,0.42095295,0.76708734,0.085164756,0.5855722,0.895689,0.063264966,0.086849205,0.9548062
9,165,14,visual,0.824964,0.4386937,0.093942784,0.3113148,0.010783318,0.35696113,0.21762234,0.9227756,0.96833014,0.9567157,0.54078555,0.9566063,0.96549803,0.7475363,0.8569054,0.1329309,0.89279485,0.5819367,0.23710597,0.024506884,0.40194935,0.7619843,0.20362154,0.3598042,0.8955881,0.27253994,0.012334861,0.95169944
9,165,15,visual,0.89412737,0.20725699,0.44649705,0.42590347,0.32127297,0.46926686,0.023639167,0.9482077,0.96187913,0.9693786,0.82672316,0.9748164,0.968967,0.89374804,0.9432748,0.31956932,0.95909476,0.7668057,0.14130479,0.2207733,0.260412,0.80373126,0.16248952,0.4398394,0.9438177,0.19726712,0.1506831,0.98275095
9,166,1,visual,0.87585586,0.17869613,0.5068543,0.5862643,0.17513959,0.5971092,0.044780873,0.98990077,0.96927214,0.9432081,0.7644898,0.95526534,0.96906525,0.8529858,0.94245756,0.017010093,0.9552013,0.6889898,0.33143842,0.1442614,0.49563003,0.71147716,0.409299,0.13215105,0.91171485,0.45767274,0.19807014,0.95604706
9,166,2,visual,0.89584786,0.34406593,0.5294184,0.57749945,0.051461186,0.612506,0.1804267,0.96237075,0.96874195,0.94645375,0.78608716,0.95751566,0.9627868,0.8304797,0.91626704,0.03537241,0.9370225,0.7513336,0.39656243,0.43575686,0.552594,0.7349526,0.3130111,0.35213453,0.9223442,0.3540662,0.15342402,0.97416604
9,166,3,visual,0.9102484,0.5352057,0.38117784,0.44835857,0.22477274,0.4919597,0.11548023,0.9686355,0.9734637,0.9343035,0.7101196,0.9498937,0.96651965,0.91079354,0.93696034,0.6045129,0.9507173,0.78341335,0.46042067,0.13852412,0.575327,0.8099233,0.03611274,0.33573803,0.9165423,0.06933272,0.31653988,0.9542925
9,166,4,visual,0.84816223,0.64027107,0.19395606,0.49909273,0.20797743,0.48316637,0.14684875,0.97246665,0.96977204,0.90659004,0.8856186,0.9363155,0.9587863,0.9032331,0.9181489,0.6230445,0.9499569,0.8282342,0.61029065,0.17334789,0.7650937,0.788335,0.28753975,0.052887242,0.90590644,0.24705097,0.3146983,0.96627396
9,166,5,visual,0.9634418,0.3316999,0.35421136,0.6282016,0.019227572,0.6554264,0.12183646,0.98184633,0.9637292,0.95451766,0.29641035,0.96518385,0.96328574,0.78425354,0.90840197,0.26855338,0.92583245,0.68823653,0.27791065,0.29803732,0.47850326,0.7095673,0.1465609,0.2802517,0.88324493,0.12572898,0.24942423,0.9586623
9,166,6,visual,0.8781746,0.6976695,0.22059682,0.5006653,0.4877624,0.482993,0.21182068,0.9567892,0.97979915,0.9074698,0.785517,0.9231937,0.9625316,0.84514534,0.9388243,0.4838361,0.92997503,0.8137273,0.5133169,0.050847523,0.7746491,0.79955584,0.05961676,0.27296534,0.949646,0.12215563,0.26223963,0.97974616
9,166,7,visual,0.99973446,0.998484,0.911164,0.91271496,0.30771247,0.9584106,0.9912309,0.9999599,0.9995921,0.9993973,0.9974518,0.9993364,0.9998008,0.99987143,0.9994159,0.9925914,0.99972624,0.99929035,0.33954248,0.75902563,0.9660882,0.99940693,0.75828356,0.9683796,0.9993171,0.85692835,0.9818535,0.9997831
9,166,8,visual,0.7316498,0.70614696,0.10170044,0.100603685,0.08067504,0.020096647,0.601624,0.9844431,0.9556011,0.9222114,0.86517894,0.943033,0.95809275,0.9625057,0.9533202,0.694051,0.97374696,0.9416166,0.28910014,0.07489711,0.38316846,0.892624,0.10191631,0.3656017,0.9584074,0.16449709,0.42717037,0.9881913
9,166,9,visual,0.864813,0.72522336,0.39188004,0.41235492,0.46065137,0.49281102,0.21040757,0.97693765,0.9594062,0.94703674,0.42303732,0.94294953,0.9652978,0.8159277,0.84344834,0.20515807,0.87705517,0.66170436,0.045256216,0.2829824,0.3320116,0.74316937,0.008849353,0.45063806,0.85370106,0.08842746,0.2989944,0.95709836
9,166,10,visual,0.9795113,0.9684473,0.41008767,0.5472138,0.4570097,0.71171135,0.8452821,0.99625707,0.9936094,0.9890867,0.91962457,0.9905502,0.99476236,0.99631035,0.9957374,0.9128449,0.9976146,0.98829037,0.50751483,0.43324995,0.86811256,0.9753881,0.21522342,0.8723433,0.99375,0.09295408,0.8015993,0.9987271
9,166,11,visual,0.99126834,0.970735,0.24567959,0.38966307,0.005649193,0.3276172,0.9191795,0.9984694,0.99734455,0.99513686,0.9653435,0.9960545,0.9982527,0.99720997,0.99620414,0.8911954,0.99769306,0.9897831,0.2820426,0.11633554,0.5579857,0.9974056,0.22960517,0.21293521,0.996002,0.23056741,0.79836637,0.998855
9,166,12,visual,0.9713987,0.9323094,0.6189661,0.66555077,0.39380372,0.72720796,0.5676831,0.995383,0.97772557,0.97562027,0.972422,0.9799365,0.9878836,0.9856554,0.9856643,0.8432586,0.98891056,0.96881646,0.25917444,0.6705352,0.5140444,0.9841414,0.73731136,0.35304514,0.9912548,0.7712598,0.12400719,0.99496555
9,166,13,visual,0.98715025,0.91092324,0.58833563,0.69093937,0.14970136,0.7762211,0.49691665,0.98824024,0.96896386,0.9626773,0.95680135,0.97232,0.98048025,0.9680683,0.98159504,0.8233787,0.9852346,0.95603424,0.1987991,0.24815378,0.37226802,0.94164675,0.3620321,0.3367472,0.9852906,0.4516937,0.46316954,0.99576503
9,166,14,visual,0.99560684,0.98710245,0.7272624,0.5403979,0.31426755,0.84139085,0.94732493,0.9988231,0.9963225,0.9950945,0.9733349,0.99536514,0.997613,0.9946032,0.99669147,0.9468987,0.9972331,0.9917648,0.23394036,0.6619271,0.47994554,0.99150103,0.70891255,0.7276213,0.9932821,0.7728781,0.75442266,0.99782294
9,166,15,visual,0.97559434,0.9434024,0.3676609,0.31054783,0.04205588,0.4602711,0.6674033,0.99290276,0.9862004,0.9891684,0.8642229,0.98553133,0.98815405,0.97247946,0.9911043,0.4564462,0.9913172,0.97013754,0.14085187,0.3272979,0.24552871,0.9381438,0.32086828,0.586455,0.9615523,0.35078824,0.109229505,0.9933728
9,167,1,visual,0.9544841,0.5043107,0.33199477,0.43327916,0.32255194,0.55715585,0.00023965689,0.96430075,0.9797294,0.9737383,0.66647077,0.974845,0.97236663,0.86318463,0.9407401,0.011958162,0.95916927,0.8157859,0.19181256,0.45090604,0.5634143,0.7266801,0.18127908,0.5098811,0.8517057,0.28450006,0.21376598,0.9612406
9,167,2,visual,0.9606066,0.83327556,0.7739347,0.76777405,0.313362,0.8365863,0.07393492,0.97113967,0.9638287,0.9621964,0.93597925,0.9717442,0.97302055,0.9449839,0.96745247,0.6865378,0.9846329,0.93181825,0.0041267984,0.1510246,0.30084118,0.9339264,0.2690755,0.58352137,0.9459117,0.29522178,0.27684376,0.98705596
9,167,3,visual,0.95234144,0.8091096,0.4467956,0.5196371,0.27804068,0.61306596,0.18950744,0.97278154,0.97213936,0.97303367,0.61103934,0.97289497,0.97007024,0.89956194,0.94122607,0.515925,0.9505387,0.863214,0.1615154,0.046693802,0.5560378,0.80977756,0.055009075,0.49290603,0.88316685,0.019651582,0.24928756,0.9731318
9,167,4,visual,0.9412219,0.7102185,0.33535346,0.4088073,0.011634674,0.46128842,0.0043099336,0.9856162,0.9739289,0.9571368,0.9232803,0.948793,0.96119916,0.87619466,0.8689896,0.41033766,0.8475314,0.7412319,0.3005719,0.014947827,0.59753263,0.8206733,0.3872514,0.58466554,0.89407825,0.3958791,0.07615587,0.9543177
9,167,5,visual,0.97237045,0.6997882,0.48569465,0.51008725,0.23608685,0.62032557,0.060561236,0.9722228,0.9830094,0.9822265,0.76050943,0.9821904,0.9775706,0.9218017,0.90295047,0.014024446,0.9192774,0.82365614,0.13223706,0.16340953,0.7831338,0.9594186,0.17208254,0.74747664,0.9077831,0.20792174,0.09725958,0.9762837
9,167,6,visual,0.97930205,0.7392845,0.38307586,0.54082835,0.1877219,0.62585056,0.0070711644,0.9784106,0.9820202,0.9700057,0.43913674,0.973943,0.9776651,0.8391585,0.879918,0.20878768,0.9033558,0.68447363,0.21226321,0.012816817,0.55384624,0.84093815,0.064156964,0.6958527,0.92602557,0.090610705,0.10489614,0.9733752
9,167,7,visual,0.98664486,0.9674723,0.76359284,0.82933515,0.11797662,0.88288915,0.8292208,0.994784,0.9885767,0.97925085,0.8355793,0.98343915,0.99422,0.9922234,0.99063915,0.5228348,0.9933316,0.9779971,0.45278135,0.09073705,0.64928234,0.98155916,0.009190379,0.19573703,0.9823654,0.016824285,0.42061597,0.992987
9,167,8,visual,0.9813018,0.7332912,0.358097,0.60787606,0.4558914,0.6239699,0.0342486,0.99086964,0.98135686,0.959999,0.85921943,0.9658982,0.97330385,0.79065907,0.8805781,0.5553847,0.90026844,0.7584083,0.14334488,0.16154662,0.3761676,0.66437525,0.11295736,0.57798976,0.88461477,0.18185268,0.16654341,0.96243304
9,167,9,visual,0.9832851,0.6917317,0.4051337,0.5736085,0.21981552,0.63942474,0.11014245,0.9984828,0.9950774,0.9970623,0.88330805,0.99749607,0.997901,0.8774936,0.9283575,0.6411909,0.9473748,0.8145054,0.057548154,0.10234649,0.33973333,0.81699586,0.014845136,0.8557393,0.90850514,0.09092022,0.39392447,0.9819457
9,167,10,visual,0.90440243,0.68428564,0.33242655,0.49880403,0.0048342,0.53105366,0.14560637,0.9696401,0.9829931,0.9600566,0.9632678,0.9644012,0.9760846,0.9178078,0.9291876,0.48335484,0.94192034,0.78156155,0.3763279,0.13354044,0.6461434,0.8006362,0.32929215,0.67193633,0.8860938,0.44052112,0.14465402,0.9589993
9,167,11,visual,0.9088401,0.7196074,0.25810823,0.14153071,0.16416898,0.2663251,0.29770303,0.9763349,0.9808464,0.9770475,0.92188734,0.97582346,0.98289454,0.93453264,0.9468832,0.5045197,0.96436536,0.8535237,0.24580555,0.034246363,0.49083176,0.82416743,0.19391195,0.65273756,0.9516855,0.27876344,0.26053017,0.980613
9,167,12,visual,0.86189634,0.85539544,0.2524176,0.23332779,0.17969806,0.26713726,0.562124,0.987255,0.9573733,0.94905055,0.9480475,0.9594546,0.9779434,0.9869917,0.9777627,0.8412292,0.9831275,0.95509607,0.28389645,0.28365415,0.43770063,0.9745288,0.5867687,0.3121455,0.9802998,0.6174847,0.42379248,0.99097836
9,167,13,visual,0.99432683,0.62923414,0.62862325,0.5991713,0.06510744,0.70203143,0.010335349,0.99144495,0.99675924,0.99429923,0.8714412,0.9959377,0.9962227,0.94624525,0.95923203,0.30637836,0.97854143,0.85474086,0.35962057,0.20178059,0.72030807,0.9378716,0.26865086,0.6390682,0.96533906,0.3585168,0.022186408,0.9869518
9,167,14,visual,0.8116182,0.45861316,0.26774135,0.25551692,0.1930404,0.31551576,0.118289806,0.98404807,0.98128295,0.9771042,0.8292951,0.983352,0.9841248,0.87762725,0.97109634,0.39621595,0.980632,0.9163166,0.12603001,0.04631535,0.3514967,0.68011457,0.030598948,0.35125896,0.93160003,0.07718558,0.22498481,0.9888245
9,167,15,visual,0.93645376,0.39017713,0.15448266,0.33318546,0.030734418,0.42916682,0.08257499,0.9817338,0.99816465,0.99447316,0.86780405,0.9958559,0.9941,0.9222991,0.98534924,0.2629894,0.9910632,0.9061126,0.21441837,0.03730741,0.48065498,0.79091895,0.11330844,0.6818601,0.9386844,0.20568034,0.14558299,0.9817998
9,168,1,visual,0.98575413,0.51955926,0.73461753,0.73942256,0.65819395,0.7842902,0.32231322,0.9817658,0.9924209,0.97747946,0.96231204,0.9845036,0.9863336,0.9706298,0.9383005,0.81569993,0.95957166,0.8668042,0.5509092,0.37620693,0.7288327,0.869589,0.53111595,0.35897887,0.91497046,0.5983831,0.293817,0.97161454
9,168,2,visual,0.91203487,0.88861567,0.6301991,0.59154665,0.36214158,0.64336646,0.2743835,0.9590524,0.9049583,0.8919071,0.6750623,0.9120101,0.941073,0.8713921,0.92087144,0.27833402,0.94448,0.83049864,0.077154525,0.34191948,0.25639883,0.81815845,0.08177496,0.30570582,0.923752,0.023018014,0.25425473,0.97727245
9,168,3,visual,0.9626833,0.97419703,0.021105578,0.30471802,0.54046106,0.38865823,0.905929,0.992716,0.98181385,0.9582088,0.7982602,0.96499795,0.9844673,0.9912111,0.9926013,0.68973213,0.99593514,0.99029124,0.47403714,0.37952107,0.7653445,0.98403937,0.23933034,0.54433596,0.9743062,0.23907939,0.604068,0.99556684
9,168,4,visual,0.96028376,0.97093445,0.15113543,0.19509415,0.105437696,0.4690763,0.86395234,0.9948049,0.9864321,0.9699411,0.569586,0.9758279,0.98930043,0.99414355,0.9894044,0.21324545,0.9931929,0.98511416,0.118013136,0.13785496,0.62908006,0.9899742,0.06426418,0.7102151,0.989331,0.13664284,0.07822033,0.99541175
9,168,5,visual,0.98724896,0.99181265,0.5783093,0.6612338,0.35306415,0.7575356,0.891429,0.9904853,0.98674864,0.97855234,0.950892,0.9818274,0.9890524,0.9890363,0.9934931,0.9555621,0.99689734,0.9879057,0.013129664,0.036529206,0.397537,0.97697973,0.06465399,0.5988737,0.97939515,0.20877685,0.8421609,0.99543184
9,168,6,visual,0.82334286,0.526605,0.0144776,0.23225668,0.17389783,0.36624226,0.23438212,0.96061206,0.9859098,0.95512,0.7200494,0.9635518,0.97369015,0.7938788,0.9066495,0.2922552,0.9256426,0.74383104,0.37834266,0.029929068,0.5493313,0.6355312,0.2037389,0.480459,0.8230306,0.26812097,0.14089024,0.944731
9,168,7,visual,0.94057834,0.5176122,0.4017138,0.36540735,0.316156,0.4872505,0.103643686,0.9943606,0.9882027,0.98580724,0.28809997,0.98442197,0.9809916,0.9425378,0.96096873,0.13836755,0.96959466,0.6996817,0.23313603,0.16980772,0.5392904,0.8991921,0.279972,0.5195379,0.8500432,0.23039454,0.03034935,0.95794547
9,168,8,visual,0.9744857,0.97199976,0.31866747,0.45789868,0.14645852,0.6059155,0.81656635,0.9934018,0.9817669,0.97491765,0.79684895,0.9790218,0.99106133,0.98998094,0.9929477,0.82341313,0.99432904,0.98605776,0.14052449,0.11565039,0.7068665,0.9905211,0.22227488,0.76834947,0.9938874,0.29213047,0.69469416,0.9987295
9,168,9,visual,0.9423419,0.9280598,0.32911003,0.48414987,0.70089626,0.60914934,0.8060545,0.9847824,0.98065424,0.9783505,0.94806993,0.9761053,0.99175555,0.9690993,0.96886164,0.63425416,0.9684682,0.95133585,0.5254143,0.7932927,0.91359603,0.99808013,0.7678937,0.76797605,0.99641,0.8179127,0.17140096,0.9994175
9,168,10,visual,0.7386904,0.9817746,0.06525814,0.12043067,0.07620055,0.21331134,0.45181563,0.9743817,0.9791935,0.9768956,0.92229325,0.9709224,0.99082875,0.9892643,0.98753554,0.97741807,0.98854315,0.98458886,0.068261,0.33990726,0.9486337,0.9957947,0.4105404,0.9559813,0.9945612,0.6161845,0.9561245,0.9961595
9,168,11,visual,0.04489596,0.32656032,0.5989572,0.54198706,0.37138602,0.6725271,0.011601974,0.23495203,0.35523707,0.33728507,0.42584398,0.1371184,0.8410246,0.1467406,0.04758419,0.05666083,0.26674604,0.6642473,0.6705464,0.43465126,0.23487659,0.9946901,0.012298154,0.95555925,0.9941105,0.32008368,0.86340475,0.9930054
9,168,12,visual,0.9655127,0.95089895,0.07682657,0.09966942,0.003148008,0.096553594,0.28661123,0.9505065,0.5796668,0.37869468,0.11289654,0.54539174,0.31798413,0.21265313,0.08314032,0.059527505,0.28087452,0.30332452,0.04191282,0.38834593,0.050096508,0.45114705,0.2635544,0.8897086,0.7952988,0.3352648,0.5009988,0.81049114
9,168,13,visual,0.9981898,0.9538904,0.43887553,0.5978152,0.56856257,0.6635752,0.44054785,0.9989578,0.9563814,0.96828437,0.3338511,0.9754667,0.64016736,0.47973543,0.9094539,0.5621309,0.9401651,0.54859006,0.6121587,0.44121155,0.632634,0.61038226,0.64858234,0.7726115,0.11521406,0.63084346,0.022793528,0.012859751
9,168,14,visual,0.9824193,0.98916537,0.3797679,0.17157346,0.5170238,0.22177213,0.727225,0.9755866,0.9820352,0.46969384,0.3923979,0.28635892,0.89321834,0.8505988,0.24941292,0.22141998,0.147685,0.0005831602,0.27167782,0.40875474,0.3056281,0.9164795,0.40694523,0.42778653,0.45268464,0.3746333,0.32070038,0.35556328
9,168,15,visual,0.99999213,0.9979986,0.34263182,0.06691709,0.60414237,0.8069939,0.94299436,0.9999985,0.9993182,0.8648702,0.3961423,0.82963365,0.8961669,0.89562684,0.51021874,0.19470276,0.8439437,0.6412138,0.11038716,0.5165878,0.8077863,0.97131556,0.3894411,0.5619749,0.89594424,0.6881761,0.36997113,0.78052956
9,169,1,visual,0.98983747,0.870554,0.37204257,0.63712287,0.41023162,0.06320246,0.4647866,0.9980828,0.9963563,0.99262893,0.956172,0.9379882,0.988967,0.97871095,0.96597064,0.82094646,0.83494884,0.8811808,0.7723315,0.20782511,0.07970086,0.88074195,0.297436,0.2679874,0.94742703,0.1303096,0.50234354,0.8565447
9,169,2,visual,0.99473166,0.98654824,0.85604066,0.8406232,0.13567184,0.9153164,0.7940916,0.998708,0.9949789,0.9903838,0.9567085,0.98805135,0.99688256,0.9947759,0.99328244,0.7746659,0.99377733,0.9897083,0.26719108,0.28460303,0.8807804,0.9969647,0.31704834,0.9489786,0.99614865,0.41685236,0.5305926,0.9972357
9,169,3,visual,0.9733097,0.8586665,0.6454051,0.6309216,0.12567237,0.7684915,0.35648423,0.99208343,0.9829695,0.96872455,0.8652797,0.9627991,0.982876,0.96278065,0.9581664,0.7248856,0.96300715,0.90284514,0.43270114,0.12252909,0.7729655,0.9292588,0.15837088,0.7648082,0.97832334,0.2857519,0.29482564,0.99274755
9,169,4,visual,0.46596998,0.57342917,0.21154176,0.2122375,0.31033802,0.17714082,0.24000502,0.99704295,0.9272026,0.9137002,0.8908759,0.94267124,0.9856227,0.98337513,0.9878142,0.95100415,0.98842335,0.98268443,0.51130396,0.13190052,0.12502638,0.9673626,0.2423152,0.230613,0.9978645,0.21870534,0.76791376,0.99407446
9,169,5,visual,0.9984117,0.99818075,0.53174335,0.16564097,0.47424284,0.51012146,0.8926336,0.99959064,0.99911004,0.92371166,0.98146236,0.24473998,0.94063133,0.9995584,0.7699665,0.75585073,0.0052012806,0.10967398,0.23584855,0.5695746,0.6205164,0.9737978,0.7646537,0.33153743,0.9185521,0.0882323,0.8933708,0.3594568
9,169,6,visual,0.9950648,0.99836606,0.35338432,0.023276113,0.39587754,0.5187548,0.87964004,0.98877865,0.98880345,0.9488555,0.94175667,0.006334951,0.92251426,0.9851511,0.8230243,0.54648393,0.30793864,0.288244,0.0003568807,0.4085919,0.53185874,0.9545139,0.4425457,0.32617095,0.94511765,0.20762894,0.6624156,0.094460726
9,169,7,visual,0.9764669,0.96787316,0.7497288,0.81502223,0.028072692,0.7977883,0.8022596,0.9985637,0.99526274,0.9906344,0.8807859,0.992802,0.9968837,0.99934053,0.9982318,0.8848741,0.99783117,0.99636894,0.9120221,0.17382568,0.83314115,0.9901201,0.31138897,0.10124698,0.99427867,0.34180534,0.6963304,0.9976179
9,169,8,visual,0.9999879,0.999689,0.9740357,0.98839664,0.16191596,0.9906646,0.9973004,0.9999943,0.99993193,0.9998525,0.99906296,0.99992836,0.999985,0.99997425,0.99988306,0.99675626,0.9999571,0.9998484,0.99279964,0.8119416,0.9947125,0.99997646,0.91896373,0.17972235,0.9999432,0.9218011,0.98472553,0.9999797
9,169,9,visual,0.7943869,0.62475157,0.21054763,0.25681308,0.10352065,0.26272568,0.24539441,0.98469627,0.96621025,0.9571483,0.020459898,0.96645063,0.982339,0.9511552,0.94865084,0.27066994,0.9591575,0.9086717,0.45862788,0.48073804,0.5518909,0.95938796,0.43237343,0.03612178,0.96433294,0.45165026,0.41374946,0.98133355
9,169,10,visual,0.9704226,0.5265248,0.5568039,0.65061456,0.50459313,0.673575,0.019870387,0.9762035,0.9793407,0.9575843,0.5369578,0.9675258,0.9741701,0.9578332,0.928974,0.42859566,0.9483249,0.8909691,0.4459529,0.29021543,0.6516991,0.9616827,0.2541123,0.14642987,0.90264946,0.27965993,0.40983328,0.95571315
9,169,11,visual,0.7065622,0.33275914,0.5484276,0.533297,0.23156023,0.52830863,0.08719246,0.8994748,0.9335841,0.91903645,0.9013346,0.93396986,0.90852803,0.9785351,0.95756686,0.41611582,0.9769815,0.878786,0.53731716,0.13573904,0.63052875,0.9783345,0.22809961,0.19012928,0.94718856,0.21231872,0.07142263,0.98522115
9,169,12,visual,0.86197954,0.7242863,0.10748001,0.20239936,0.36200967,0.22396158,0.42031437,0.975121,0.97751266,0.97025496,0.87268496,0.97369087,0.975222,0.9510364,0.9261773,0.17105734,0.94730824,0.87796247,0.4086527,0.38960442,0.69543225,0.9694887,0.36295122,0.22258292,0.9570342,0.4341835,0.14851804,0.9778753
9,169,13,visual,0.5535875,0.71360123,0.023462918,0.15459694,0.085612565,0.17625508,0.4573509,0.8675471,0.8543313,0.8322357,0.6443723,0.8508107,0.8634712,0.9879205,0.9720652,0.8017774,0.98287237,0.95306784,0.4450205,0.026183091,0.69921136,0.9761616,0.21343932,0.19262916,0.961589,0.19996795,0.4440626,0.9859654
9,169,14,visual,0.84111124,0.3897033,0.22068737,0.24684837,0.29891923,0.32781664,0.097159974,0.9430413,0.9730818,0.95826685,0.72613835,0.9652483,0.96288806,0.9641377,0.9520056,0.31339622,0.97173065,0.88049513,0.36420548,0.2187322,0.6032998,0.9699852,0.13684551,0.1437742,0.9555124,0.19957136,0.01738014,0.98902833
9,169,15,visual,0.89965147,0.71300846,0.30070525,0.4464846,0.080549076,0.44988108,0.38354358,0.98631346,0.9722887,0.9542244,0.8466775,0.9638148,0.973656,0.96519405,0.9506818,0.5507225,0.96186256,0.9039375,0.5108459,0.22197708,0.70528764,0.9778502,0.25531158,0.16643102,0.96297926,0.246322,0.2556033,0.9869691
9,170,1,visual,0.92529804,0.78311676,0.47080776,0.5074028,0.521746,0.4259825,0.59398854,0.9961434,0.98216903,0.9699921,0.8543102,0.9778912,0.9876704,0.98701465,0.9803554,0.52613735,0.97923595,0.9327373,0.72023445,0.4331504,0.53235155,0.97349167,0.45636085,0.47276092,0.9836866,0.4321525,0.43793488,0.9957579
9,170,2,visual,0.97103184,0.83753735,0.8059281,0.8442778,0.44850132,0.8597059,0.525468,0.98993325,0.9652013,0.9409882,0.76202756,0.9497845,0.97290206,0.97287923,0.9555585,0.7221588,0.95767057,0.9441421,0.86342156,0.29118755,0.83980757,0.9280851,0.14954425,0.060798455,0.9733212,0.14626247,0.50004077,0.97978866
9,170,3,visual,0.98305553,0.97863513,0.7634496,0.7700037,0.05088867,0.81708044,0.66107357,0.99219495,0.9857803,0.976471,0.9596767,0.9798048,0.986721,0.985798,0.9824215,0.8100819,0.98250914,0.9647688,0.41022226,0.46413898,0.72122127,0.9857918,0.6473203,0.4218258,0.9741104,0.62150615,0.2676574,0.9906536
9,170,4,visual,0.9835868,0.96522814,0.6544927,0.6370908,0.035462882,0.7294109,0.76767784,0.9992063,0.9959216,0.9936125,0.96806073,0.9955671,0.99806154,0.996872,0.9911133,0.8941336,0.99530524,0.9848969,0.23417576,0.1634182,0.7633247,0.99816453,0.21566142,0.5446459,0.98836553,0.2669332,0.7509519,0.9954867
9,170,5,visual,0.9745733,0.91432315,0.84554446,0.7836421,0.20283213,0.8676577,0.6328714,0.9958977,0.9959211,0.9910502,0.9493697,0.9918052,0.99634457,0.99926925,0.99674237,0.75789094,0.9971309,0.9936144,0.35080755,0.21938099,0.7473161,0.9922234,0.27127424,0.7398837,0.99575937,0.32610282,0.46534222,0.9976917
9,170,6,visual,0.93911916,0.5472362,0.66533,0.5701651,0.12893061,0.730816,0.21458915,0.98593956,0.9827813,0.9478292,0.8905086,0.9360825,0.9745945,0.97616655,0.9556949,0.40622073,0.9555472,0.9363223,0.47870812,0.24468876,0.85661733,0.8640746,0.26781923,0.6954026,0.9316893,0.46302283,0.017002622,0.9599766
9,170,7,visual,0.9737548,0.76835275,0.70337814,0.66913867,0.09497764,0.64730877,0.08671425,0.9836802,0.9752525,0.94882905,0.84368414,0.93379503,0.9581367,0.9806692,0.9463296,0.44975406,0.92958456,0.90530974,0.4341938,0.47829083,0.6156295,0.8847769,0.5461821,0.6187277,0.9413829,0.5837308,0.24252443,0.95957786
9,170,8,visual,0.91240484,0.3804023,0.6598315,0.64222,0.07373476,0.659869,0.2563887,0.98682237,0.98733056,0.9700442,0.5754142,0.96486974,0.97385347,0.9737439,0.9594699,0.23635693,0.9660546,0.90700674,0.6003936,0.1577497,0.80047286,0.8279429,0.15973671,0.78023946,0.9423541,0.24750414,0.008431501,0.98093206
9,170,9,visual,0.9547785,0.9568675,0.36106834,0.35541666,0.03053496,0.3001372,0.72905165,0.99257785,0.9839618,0.97100335,0.8182621,0.98079485,0.99210733,0.993986,0.9769326,0.4412577,0.9780175,0.9550103,0.2147145,0.22075175,0.04257048,0.9841404,0.30117327,0.23939143,0.97643554,0.32295814,0.10849668,0.98644215
9,170,10,visual,0.96779644,0.98159283,0.8559444,0.89362526,0.46674103,0.8236555,0.23054501,0.99448645,0.99187875,0.97505707,0.86240923,0.98340684,0.99694973,0.99937594,0.9888381,0.90710574,0.98085845,0.981316,0.87428033,0.061122574,0.7272754,0.98575056,0.14129853,0.4228139,0.99503845,0.07134599,0.64012116,0.99477184
9,170,11,visual,0.9948067,0.9926974,0.8835863,0.8629069,0.16111638,0.89370716,0.6149998,0.99699867,0.98876727,0.9841646,0.7856201,0.9831461,0.9883451,0.98716486,0.98065376,0.6381598,0.97995573,0.9717678,0.13815702,0.20712084,0.781799,0.99482244,0.16908732,0.87379724,0.9891144,0.25069895,0.4218984,0.993527
9,170,12,visual,0.9708707,0.9932855,0.79311436,0.86341614,0.062205866,0.53116035,0.9605593,0.9939259,0.97675717,0.9700347,0.98837453,0.97215635,0.99175274,0.9928241,0.98946,0.96854943,0.98827446,0.9814304,0.7157008,0.7391519,0.2631563,0.9970389,0.8356983,0.63448226,0.99535394,0.58989024,0.80340606,0.9953621
9,170,13,visual,0.98489493,0.99951756,0.98191535,0.9917076,0.69324535,0.69927,0.9987767,0.9992782,0.98168695,0.9791286,0.9903103,0.99975896,0.99754643,0.9995123,0.9994936,0.99939525,0.99947494,0.99972546,0.3264002,0.9384803,0.8975004,0.9997092,0.9508621,0.91258484,0.99963874,0.5348436,0.99976695,0.49575317
9,170,14,visual,0.99459296,0.9954447,0.11397952,0.09058031,0.3440395,0.49430507,0.97063565,0.9940901,0.9940697,0.99030834,0.77868,0.9900525,0.9936914,0.9947394,0.99349046,0.43156007,0.99330866,0.97161835,0.326507,0.32997245,0.75361085,0.99284774,0.3548086,0.7467487,0.9924074,0.46489608,0.081182696,0.9923075
9,170,15,visual,0.8160532,0.5877597,0.01272748,0.23128295,0.47747862,0.2267588,0.34057206,0.98628443,0.9848926,0.9706916,0.85590583,0.96720254,0.980149,0.98118013,0.97862375,0.5383809,0.9763402,0.9360891,0.6173881,0.20805788,0.6768855,0.95556796,0.34158272,0.22641365,0.9736379,0.3608641,0.07273819,0.9618774
9,171,1,visual,0.9937035,0.9630691,0.7678549,0.74320465,0.2588342,0.8299991,0.85052866,0.99958885,0.99895144,0.9985103,0.78486794,0.99899054,0.9996286,0.9982384,0.99984545,0.60259247,0.99978757,0.99832636,0.15962161,0.031192318,0.8081247,0.9964288,0.08919374,0.68060637,0.9984582,0.11048919,0.36950216,0.9996479
9,171,2,visual,0.9509954,0.8505454,0.34716985,0.38200393,0.17297891,0.34148738,0.6728616,0.9973731,0.9973601,0.9839988,0.4335566,0.9918587,0.9968658,0.9921965,0.98903686,0.2007237,0.99093693,0.96551013,0.30530426,0.033083178,0.14491628,0.9888195,0.07093127,0.1681325,0.97939056,0.0384805,0.176668,0.99515504
9,171,3,visual,0.3171389,0.19508086,0.23923463,0.30663592,0.042311225,0.3206061,0.15175256,0.8944381,0.9126126,0.9037268,0.5975394,0.87262356,0.94353503,0.8886317,0.8927725,0.6911067,0.8669366,0.8716833,0.73815185,0.3333968,0.92229193,0.9781618,0.37213475,0.83738375,0.9898183,0.4192637,0.07832387,0.9925544
9,171,4,visual,0.87986505,0.48511192,0.374157,0.43826362,0.27659354,0.46072757,0.09457913,0.9424611,0.9056781,0.83534217,0.47138253,0.81827414,0.86454767,0.8636601,0.8008402,0.3718638,0.80965215,0.64395964,0.308409,0.22642985,0.49554557,0.91697687,0.06720321,0.61716694,0.9154388,0.015376026,0.15891662,0.97744364
9,171,5,visual,0.87122196,0.58016527,0.37864116,0.4977408,0.22382881,0.50177956,0.028648533,0.9813229,0.95509154,0.9434923,0.31133687,0.9434366,0.9571439,0.85570586,0.893884,0.08950844,0.8993388,0.7526574,0.5607584,0.09974271,0.5954555,0.9476868,0.03233135,0.4111128,0.97834927,0.08887039,0.0116095655,0.9890698
9,171,6,visual,0.93202436,0.7677867,0.55650693,0.62286764,0.5224736,0.6905495,0.049246993,0.9881755,0.9781687,0.96639234,0.5009503,0.9709887,0.98035705,0.98018956,0.97670096,0.10018895,0.9836739,0.9261067,0.5724775,0.30440658,0.62662464,0.94447875,0.263436,0.32451,0.97876954,0.35081595,0.2636154,0.99629074
9,171,7,visual,0.9367402,0.7826692,0.43840256,0.5945888,0.41675445,0.5871611,0.09488469,0.9913534,0.9901939,0.990022,0.69886583,0.99065727,0.99153256,0.9746169,0.98553044,0.12749529,0.9866737,0.9540309,0.69993854,0.3345859,0.7992381,0.9251067,0.30329397,0.6134886,0.98233,0.292601,0.11075321,0.99323726
9,171,8,visual,0.8225206,0.5757139,0.6206573,0.6416099,0.38776854,0.7105849,0.12055923,0.72313386,0.7850487,0.7978534,0.31627834,0.7883289,0.7869794,0.9811492,0.9853907,0.19861233,0.9903809,0.9320591,0.6629328,0.17412446,0.86778075,0.95585984,0.10164568,0.53094906,0.9782103,0.097132094,0.19029272,0.99260944
9,171,9,visual,0.82071334,0.8751514,0.43718764,0.6659147,0.077533156,0.70322686,0.2111318,0.85706687,0.79915935,0.7899152,0.19109558,0.79465026,0.86091745,0.9910736,0.98206586,0.61803514,0.9872243,0.97523344,0.7351346,0.08032127,0.87178665,0.96401143,0.15805635,0.36277768,0.96565133,0.13665232,0.32093418,0.98468953
9,171,10,visual,0.9744109,0.9205972,0.83803105,0.83915704,0.33129153,0.85692394,0.024151854,0.9860173,0.9814121,0.9774729,0.39109915,0.9811596,0.98521936,0.971837,0.97543186,0.33193076,0.9837239,0.948261,0.48682845,0.15849361,0.5914828,0.9044481,0.06484827,0.35717535,0.96074075,0.0671289,0.20325549,0.9831835
9,171,11,visual,0.9641571,0.8466471,0.4635465,0.72759086,0.28796905,0.78339607,0.28424725,0.98466927,0.99207157,0.98594123,0.83946896,0.9875805,0.99148315,0.98938435,0.98579925,0.60432655,0.99077183,0.9704012,0.72459054,0.19729914,0.83346015,0.96007526,0.040995162,0.59780174,0.96790814,0.06872629,0.46996886,0.98344624
9,171,12,visual,0.95174104,0.5349519,0.6127209,0.7300161,0.30264828,0.7420997,0.14454506,0.9808337,0.9861157,0.97277075,0.916589,0.9732859,0.9864021,0.9746629,0.9629112,0.09546679,0.9719013,0.9125465,0.6754008,0.41474682,0.8019428,0.9266558,0.43900827,0.31511712,0.9564331,0.41621813,0.08992466,0.9839641
9,171,13,visual,0.9903098,0.9663665,0.8638575,0.88236976,0.33669648,0.89894366,0.65826035,0.9924032,0.98852324,0.98284084,0.6331322,0.98699516,0.9922047,0.9772205,0.9883179,0.14687632,0.9894273,0.9712795,0.6373575,0.27133808,0.55318624,0.96928936,0.29977846,0.3107249,0.9885804,0.3185243,0.049908422,0.99649554
9,171,14,visual,0.97950023,0.8690708,0.83481556,0.8322373,0.24272013,0.82994175,0.08588723,0.9942762,0.97379225,0.9622387,0.38830212,0.96491724,0.98369277,0.9778385,0.97809356,0.1675985,0.9811739,0.9304218,0.6857613,0.026363615,0.7216558,0.95714176,0.098678805,0.40284732,0.9778407,0.06378058,0.10457972,0.9801349
9,171,15,visual,0.96648544,0.8836263,0.7481576,0.8584507,0.18547483,0.8727227,0.3056256,0.9781526,0.9655622,0.93981636,0.41530758,0.9508894,0.969219,0.9650135,0.98154444,0.33844566,0.9852387,0.94601226,0.6670254,0.12777938,0.76925945,0.94559294,0.020690331,0.17333752,0.97344905,0.03785943,0.1691035,0.9839044
9,172,1,visual,0.98490435,0.9594534,0.71087253,0.838531,0.16397528,0.8396465,0.11235708,0.99228305,0.98315585,0.9500994,0.82685775,0.95995957,0.9806491,0.97214997,0.96194786,0.6619068,0.9638554,0.9102318,0.8958258,0.13512494,0.93766814,0.9613688,0.32360506,0.10408337,0.97831637,0.33902434,0.17506482,0.98884344
9,172,2,visual,0.9894772,0.92669976,0.23192082,0.40181056,0.31953087,0.49869236,0.6683207,0.99864334,0.9958112,0.9874006,0.9025633,0.9905755,0.9956005,0.9973528,0.9919687,0.55346364,0.99500954,0.98187035,0.64793414,0.24015957,0.890852,0.98998284,0.2772518,0.6513081,0.9832044,0.3303986,0.25552565,0.9963197
9,172,3,visual,0.9689438,0.80485266,0.7392723,0.7607559,0.38959005,0.7858386,0.2283305,0.99777186,0.9964312,0.9843836,0.8243977,0.98979914,0.9961314,0.9932243,0.98490435,0.6818571,0.9884535,0.978923,0.50103366,0.040546827,0.8291346,0.9901969,0.1422264,0.5100689,0.9782405,0.16999044,0.3250476,0.9921909
9,172,4,visual,0.9767166,0.98666555,0.5428137,0.58532983,0.3684682,0.6936828,0.8970598,0.9983359,0.99439436,0.985362,0.95630586,0.9908504,0.9962227,0.9982417,0.99744,0.8610417,0.99827385,0.997496,0.2771826,0.59938926,0.87414193,0.9954322,0.65120995,0.56039304,0.9950804,0.67864025,0.41850394,0.998136
9,172,5,visual,0.9960748,0.9580764,0.5784155,0.6231937,0.18001659,0.69210476,0.64806783,0.99854726,0.9924115,0.9846515,0.943078,0.98835814,0.99408305,0.99636346,0.9936532,0.57910365,0.99523354,0.9925929,0.5343051,0.49385387,0.8167518,0.9949545,0.54233915,0.46308196,0.9925022,0.6095394,0.013279679,0.99487674
9,172,6,visual,0.9857976,0.9968789,0.17432314,0.36555272,0.69583297,0.6420559,0.96708035,0.9980382,0.9963662,0.9906782,0.9943853,0.99199533,0.99709374,0.99595875,0.9970261,0.9799901,0.99577254,0.99235576,0.40888605,0.8590201,0.8693999,0.996174,0.81072986,0.6860825,0.99744457,0.89499694,0.8502675,0.9992609
9,172,7,visual,0.9354307,0.8100986,0.66335607,0.7929208,0.20945707,0.7876101,0.24168053,0.9636047,0.9412532,0.9128273,0.37627164,0.92476106,0.9584245,0.95290226,0.9452669,0.0074826498,0.9367417,0.9188976,0.78083014,0.19480471,0.76692784,0.9453706,0.13582724,0.14901124,0.95965254,0.2560589,0.16068885,0.95821154
9,172,8,visual,0.98337215,0.8538229,0.5455513,0.7123955,0.1292645,0.6861449,0.07367209,0.99247473,0.9699252,0.93790007,0.2658042,0.9292969,0.95120794,0.93842345,0.89772433,0.07387633,0.89180034,0.8150179,0.65838456,0.16123715,0.7378023,0.9034259,0.14422746,0.67288625,0.9206041,0.13070144,0.049770083,0.95667845
9,172,9,visual,0.9612458,0.8679529,0.56039894,0.6113504,0.36180168,0.62565833,0.10326216,0.99507844,0.9707063,0.94081783,0.85107845,0.94929487,0.97415143,0.97749513,0.93772066,0.5060572,0.94864315,0.9144197,0.589098,0.54988474,0.693622,0.88666385,0.50131,0.63562703,0.9360016,0.54686755,0.24701734,0.97017336
9,172,10,visual,0.97052544,0.80680066,0.8092697,0.7571973,0.45405337,0.75918084,0.2642533,0.99280524,0.99398744,0.98239356,0.8207556,0.98859066,0.9959344,0.9955923,0.9855088,0.73622155,0.98982203,0.9723866,0.665031,0.33729336,0.37664485,0.98262924,0.1938896,0.31643292,0.9807744,0.24066055,0.62121564,0.9937339
9,172,11,visual,0.9871406,0.8096852,0.58370423,0.6855414,0.09827881,0.7636205,0.023473118,0.9824993,0.9801301,0.9514279,0.6896784,0.95070493,0.97620225,0.9573555,0.9420819,0.48907304,0.95572525,0.9087035,0.67150253,0.08655598,0.83105165,0.8934107,0.15156785,0.8507431,0.94620717,0.19151248,0.22112833,0.9723344
9,172,12,visual,0.93719923,0.7689385,0.5782053,0.6983464,0.087619,0.69969517,0.13440512,0.992293,0.9627468,0.9450304,0.5737765,0.9463286,0.95647335,0.9657027,0.9526602,0.16938916,0.9623232,0.909126,0.7584426,0.030979002,0.82891285,0.9037924,0.14927101,0.6188732,0.9230632,0.14771158,0.054044444,0.9748796
9,172,13,visual,0.92189825,0.48797163,0.4909537,0.5478648,0.59872633,0.60007674,0.20137435,0.9879126,0.9784232,0.9683279,0.12246671,0.96804464,0.9755714,0.97944623,0.97011757,0.11337177,0.97537345,0.9247895,0.6860123,0.24457228,0.83968467,0.91520715,0.13993122,0.7333266,0.94249874,0.14444374,0.14326331,0.9726921
9,172,14,visual,0.92954654,0.6478003,0.3112871,0.35203296,0.3225275,0.3220304,0.12359259,0.98657244,0.98439354,0.9754774,0.1469224,0.9749724,0.97818226,0.8250423,0.7886444,0.18488885,0.76715285,0.5489624,0.4111392,0.12068701,0.46642995,0.8566878,0.061458632,0.4580753,0.9374853,0.12508796,0.062348902,0.9813347
9,172,15,visual,0.7340982,0.50619876,0.51989347,0.51760066,0.37220377,0.4944998,0.31218258,0.97322893,0.92626494,0.8620629,0.1627036,0.84151286,0.93748415,0.8865014,0.84811985,0.26167384,0.8416686,0.851533,0.7991644,0.12795126,0.8898131,0.95964617,0.04347903,0.7860919,0.96003866,0.056992892,0.19094497,0.9797102
9,173,1,visual,0.7864493,0.53812766,0.3505187,0.41644987,0.03362021,0.39582074,0.006246492,0.9451331,0.9375346,0.9032713,0.85774577,0.9049103,0.9549895,0.8581503,0.8498286,0.52240694,0.83862394,0.77960277,0.64573425,0.3431442,0.78146607,0.9601118,0.41649187,0.6554385,0.9574812,0.48079368,0.08402432,0.98511845
9,173,2,visual,0.7726618,0.2631806,0.4355937,0.49757558,0.14683393,0.5012741,0.14641382,0.95604825,0.97084796,0.9618889,0.5694767,0.95845807,0.96850866,0.9214938,0.9339324,0.3409905,0.9372717,0.89952594,0.5639343,0.12499597,0.8404234,0.8965759,0.055901248,0.6453328,0.9402978,0.056225732,0.18490608,0.9740318
9,173,3,visual,0.74658126,0.5370387,0.3175917,0.384872,0.17797388,0.4161162,0.13299473,0.9333571,0.83276385,0.8559128,0.18826571,0.84901625,0.9223608,0.7972024,0.8338862,0.2041604,0.8398267,0.8009306,0.032053873,0.49494663,0.55988586,0.9531652,0.43141598,0.74090195,0.9776739,0.4164906,0.53824157,0.9939808
9,173,4,visual,0.6187245,0.6678462,0.14763698,0.2738825,0.17185259,0.28602707,0.05209899,0.9484271,0.8861867,0.8358182,0.24002503,0.8433958,0.9468452,0.87997466,0.86652863,0.10578262,0.867899,0.8780051,0.6143227,0.3631217,0.686175,0.98795384,0.3349179,0.5229723,0.98908657,0.3604917,0.42427188,0.9952653
9,173,5,visual,0.6759943,0.39012387,0.17609736,0.22179669,0.23229982,0.25543773,0.088401146,0.9691093,0.92951894,0.87550914,0.79949796,0.86331314,0.93135774,0.89385885,0.86092174,0.6865291,0.8609676,0.8344156,0.66295105,0.3871286,0.8585929,0.96437746,0.42189535,0.7678299,0.97896427,0.4677273,0.12632704,0.9828434
9,173,6,visual,0.89143986,0.6535145,0.47466686,0.529419,0.12298529,0.54498905,0.12317899,0.9779052,0.9480618,0.9072141,0.88247275,0.9170627,0.94548696,0.96593565,0.9470067,0.56470793,0.9567781,0.9343425,0.6627631,0.3120303,0.7662767,0.8861087,0.4022928,0.61403733,0.9402473,0.4060354,0.06575847,0.97332746
9,173,7,visual,0.7728598,0.70733845,0.17664243,0.33279446,0.008547235,0.40801817,0.11178408,0.9871549,0.9568164,0.9456748,0.8172861,0.95301706,0.9652232,0.9240613,0.9083078,0.64019465,0.92959505,0.9020499,0.374674,0.16353166,0.63310444,0.85686064,0.22128728,0.71449655,0.9201614,0.28218922,0.14993155,0.9692701
9,173,8,visual,0.95022047,0.8717159,0.42450806,0.5810683,0.37165162,0.5764069,0.6712956,0.9972228,0.98866487,0.97117776,0.9492179,0.977836,0.9898797,0.98531663,0.98174393,0.75689286,0.98694116,0.9757705,0.77664834,0.36040652,0.8003696,0.98784935,0.45533547,0.15876289,0.98769814,0.4886997,0.21071377,0.9933403
9,173,9,visual,0.88408834,0.49796695,0.5445446,0.5848401,0.2895308,0.63672656,0.20861095,0.9930982,0.9860577,0.96511376,0.73224944,0.96767986,0.97819406,0.9753708,0.96454877,0.69822973,0.9747276,0.9167597,0.66593856,0.20783782,0.8202002,0.9058937,0.036511876,0.72751576,0.9444204,0.008529404,0.33125386,0.9819352
9,173,10,visual,0.76287705,0.50796956,0.323354,0.41940966,0.4732345,0.40794748,0.12423978,0.912939,0.8235937,0.8283546,0.4655285,0.81239724,0.90294755,0.78491265,0.79168665,0.6321363,0.78422236,0.71549636,0.4023041,0.29606953,0.55439985,0.9595007,0.17877741,0.66370785,0.9532219,0.116708376,0.50577,0.97736347
9,173,11,visual,0.75593656,0.4570646,0.16535002,0.21299526,0.5405762,0.14045943,0.3150436,0.88719434,0.53610295,0.41319624,0.7840023,0.26277065,0.7197124,0.4491359,0.43009597,0.7890457,0.34600016,0.6062743,0.09316532,0.37416604,0.26889697,0.8710627,0.5687125,0.74481887,0.97038877,0.6298704,0.3174486,0.9686148
9,173,12,visual,0.96971995,0.75725216,0.3363388,0.44846636,0.3471287,0.49303392,0.20070504,0.9898757,0.903904,0.79812676,0.19688468,0.7559248,0.8650062,0.75666136,0.6590459,0.42325604,0.6485664,0.628515,0.23486279,0.06929299,0.32699865,0.76467294,0.076816365,0.54766774,0.9222972,0.07036596,0.004027772,0.9220309
9,173,13,visual,0.46381018,0.49379894,0.20727348,0.29894826,0.7070184,0.30454856,0.00673393,0.6500942,0.6773904,0.7645562,0.237021,0.77903646,0.7725054,0.98507327,0.9551394,0.689758,0.9649798,0.9090606,0.56892556,0.43281007,0.7146795,0.9214262,0.23437111,0.61909634,0.9292992,0.2533182,0.4032645,0.98264045
9,173,14,visual,0.83448946,0.6066734,0.43044516,0.57378614,0.40442693,0.6067159,0.0704242,0.9723778,0.9544535,0.93280274,0.15434629,0.9332603,0.94291115,0.97427475,0.96009463,0.21814072,0.9687363,0.94274145,0.43856683,0.4204349,0.7078793,0.89000416,0.21377207,0.7136511,0.9201561,0.20355198,0.29659465,0.964665
9,173,15,visual,0.9109954,0.7483796,0.37054932,0.5194175,0.62860644,0.49419585,0.12794165,0.9818789,0.9598776,0.9471956,0.09195238,0.9526968,0.96411884,0.9781442,0.9723788,0.29929534,0.97641647,0.9373482,0.80808055,0.24991152,0.8711035,0.9327563,0.23314726,0.4685187,0.92499554,0.17757733,0.20233774,0.97859806
9,174,1,visual,0.9000189,0.594808,0.6287851,0.68491083,0.44354776,0.705603,0.23950559,0.9942012,0.9851566,0.96960545,0.7454299,0.9703235,0.9826813,0.9846461,0.9727387,0.16505945,0.9763921,0.96186316,0.8068728,0.37598702,0.8804916,0.9174785,0.3731783,0.82904947,0.9445734,0.4046207,0.14616318,0.96377826
9,174,2,visual,0.92414546,0.74537534,0.65170705,0.6910558,0.31109637,0.7153842,0.153234,0.9842388,0.97260964,0.9508251,0.522219,0.94792014,0.9600642,0.98437274,0.971789,0.2242872,0.97545487,0.9355232,0.801705,0.44818157,0.855543,0.9034048,0.34563434,0.6952783,0.9345932,0.346254,0.233484,0.96749943
9,174,3,visual,0.9418135,0.9265574,0.24003743,0.08911838,0.19428807,0.040424306,0.81893617,0.9983389,0.99447906,0.98296654,0.76621056,0.9875448,0.9963266,0.9969193,0.99276465,0.5685627,0.9955941,0.9933249,0.5182755,0.17949237,0.7854,0.98701215,0.02620067,0.6258971,0.9856469,0.017934266,0.38637957,0.996448
9,174,4,visual,0.9592335,0.92308396,0.18010806,0.22744673,0.0040469468,0.38082385,0.6837616,0.98951775,0.9861775,0.97943336,0.39929616,0.9823342,0.98705715,0.9874565,0.9812706,0.5729296,0.98500574,0.97996026,0.35409224,0.27073228,0.88555,0.99059737,0.40203324,0.7191592,0.976307,0.30861184,0.52823883,0.9878413
9,174,5,visual,0.99747795,0.99845743,0.84963745,0.86233014,0.71016896,0.95304817,0.9936002,0.9982183,0.9980774,0.99746543,0.99635804,0.99754155,0.9984339,0.998251,0.99847203,0.9814767,0.9984367,0.99804676,0.22309084,0.88333994,0.98068446,0.9984263,0.88091516,0.97529083,0.9989113,0.9081734,0.8820349,0.9988628
9,174,6,visual,0.9533619,0.88304466,0.48470455,0.5324924,0.5110965,0.6117002,0.5577599,0.99231774,0.99476856,0.99623936,0.9709455,0.99515986,0.99531347,0.99668944,0.9971283,0.970443,0.99730027,0.99710935,0.5870338,0.2950708,0.9647036,0.9969255,0.39323315,0.8941794,0.9966682,0.5653658,0.69433784,0.9979226
9,174,7,visual,0.9980629,0.9994894,0.7921892,0.81396043,0.36264423,0.9042762,0.8948881,0.9999226,0.99987686,0.999706,0.98782974,0.99967897,0.9999776,0.99995154,0.99996966,0.9645229,0.9999728,0.9997792,0.5977085,0.88487357,0.9070747,0.9999442,0.881609,0.78861666,0.9999227,0.91405773,0.6982248,0.9999633
9,174,8,visual,0.95144457,0.9657509,0.13503939,0.49582028,0.24283239,0.6052719,0.73120356,0.9974032,0.9923404,0.9715965,0.856873,0.9760852,0.9921401,0.9913363,0.9848741,0.50043774,0.9861007,0.97668666,0.7277044,0.42963436,0.86894906,0.98540354,0.38920158,0.70240754,0.9924257,0.4709133,0.13034962,0.99545217
9,174,9,visual,0.97333616,0.9602569,0.61965495,0.72647226,0.12338671,0.82479966,0.61372733,0.996902,0.99087226,0.98511034,0.9563204,0.98921806,0.99532145,0.9979826,0.99704146,0.90989083,0.9978222,0.9936803,0.8381906,0.44871178,0.967871,0.9919933,0.55894244,0.7890998,0.99404895,0.6397307,0.2217688,0.9991554
9,174,10,visual,0.7657066,0.43241626,0.4965696,0.5947291,0.46345598,0.6080837,0.12140256,0.9843361,0.9693324,0.9493803,0.7963878,0.95501375,0.9694472,0.9859912,0.97583336,0.17157832,0.9852368,0.9680866,0.7669441,0.39011988,0.80078167,0.9177112,0.42519438,0.44479468,0.96875197,0.46432805,0.12802829,0.9869448
9,174,11,visual,0.8429239,0.45472395,0.4018362,0.47639513,0.1134207,0.4355576,0.003935629,0.9931256,0.9806027,0.95254755,0.75131875,0.9623483,0.9799147,0.9900811,0.96872616,0.6247986,0.9689685,0.9301845,0.77374226,0.01663357,0.77323925,0.91342545,0.17571042,0.2858159,0.95886594,0.15496773,0.2250814,0.9837061
9,174,12,visual,0.8881195,0.45793858,0.44728568,0.61086124,0.30418983,0.6200408,0.13549307,0.98625255,0.98772043,0.9755737,0.89527327,0.9781337,0.9882396,0.98145705,0.97023773,0.4088022,0.97905856,0.9595383,0.66652364,0.37952206,0.7698951,0.88398457,0.35278958,0.6718929,0.92459655,0.37948686,0.02400942,0.9686735
9,174,13,visual,0.97789246,0.8952511,0.78583246,0.7748435,0.67332095,0.82601875,0.050262213,0.98806924,0.9929934,0.9845316,0.80966544,0.98637,0.99231714,0.9911417,0.9867067,0.15042402,0.9897028,0.98511314,0.71789867,0.71510607,0.9225086,0.98151124,0.6471505,0.8721491,0.98472726,0.6665599,0.6093717,0.9914471
9,174,14,visual,0.8544078,0.4960674,0.48219162,0.547281,0.14948115,0.56342274,0.1040909,0.9884903,0.97300124,0.9537622,0.5180764,0.95912546,0.97336704,0.957466,0.94292885,0.1445935,0.9597423,0.9266287,0.6469205,0.21662837,0.81536955,0.9191499,0.08189015,0.5721462,0.94574654,0.056220442,0.22977404,0.97310275
9,174,15,visual,0.90971994,0.8077242,0.3004671,0.5385671,0.27892047,0.48112535,0.0978113,0.99040574,0.98170644,0.96866465,0.8674035,0.9763546,0.9799716,0.9912949,0.9739734,0.6473549,0.9828309,0.93706834,0.7568174,0.028750582,0.7825595,0.93020475,0.1823085,0.28758347,0.94389886,0.17305489,0.242437,0.98371917
9,175,1,visual,0.76928985,0.4559611,0.37553087,0.44432908,0.22574861,0.534585,0.030097725,0.98213124,0.9905018,0.97975135,0.820271,0.97857666,0.9862789,0.9513462,0.9783294,0.24410895,0.9764354,0.91148627,0.510961,0.26888588,0.759038,0.8811703,0.307452,0.5797324,0.96628004,0.37306252,0.03172981,0.9818864
9,175,2,visual,0.847198,0.5904238,0.38868245,0.48663938,0.2913449,0.53421515,0.13186257,0.99311393,0.9858912,0.9810726,0.8207222,0.9871243,0.98884696,0.9893713,0.9856422,0.59527445,0.9917375,0.9739111,0.54480547,0.02349372,0.58152664,0.9368387,0.14432675,0.17451504,0.96640307,0.14107442,0.23927937,0.99246854
9,175,3,visual,0.9514266,0.6811598,0.6220708,0.6155294,0.12680233,0.6427528,0.12795249,0.9875058,0.97492677,0.963314,0.40083498,0.96935296,0.98335814,0.9698624,0.9666345,0.43092915,0.9767986,0.96179926,0.6186651,0.25123283,0.82263845,0.9310578,0.07634572,0.5197912,0.95628774,0.07115905,0.30603337,0.98175
9,175,4,visual,0.92259425,0.5955976,0.58302027,0.6398356,0.7789953,0.67474276,0.17003459,0.9805777,0.9934682,0.9811956,0.6721152,0.9886857,0.99344003,0.99307406,0.99697685,0.5089636,0.99793655,0.9895262,0.5728917,0.20144917,0.72415733,0.93232876,0.04539001,0.29764524,0.96833897,0.016228328,0.28289962,0.9975315
9,175,5,visual,0.90180546,0.85582894,0.36007965,0.50818,0.3546222,0.5101309,0.19713841,0.98750573,0.9731863,0.9565883,0.71824735,0.9658265,0.97696847,0.9907195,0.98647285,0.6764176,0.9921116,0.98544306,0.52501327,0.28487644,0.65263087,0.9657424,0.08876357,0.283809,0.9781957,0.076828405,0.47770646,0.995612
9,175,6,visual,0.97358495,0.91192335,0.8645575,0.86441207,0.30070817,0.88793373,0.09823751,0.97957075,0.98175764,0.9760496,0.61897165,0.9791171,0.98504937,0.9926569,0.99262756,0.45191887,0.9964515,0.9818586,0.7401406,0.0048201303,0.88230264,0.9517839,0.057877015,0.3647802,0.9794229,0.07221446,0.20795153,0.9935671
9,175,7,visual,0.92952603,0.94022614,0.82950205,0.8632167,0.4630547,0.8856566,0.1453818,0.96768606,0.96779,0.9563125,0.9128196,0.9642271,0.9693647,0.9930444,0.98687845,0.79475963,0.9909474,0.9730368,0.78486323,0.033141065,0.8695536,0.95458025,0.25698733,0.3844357,0.9853007,0.2631223,0.3588365,0.99413604
9,175,8,visual,0.9766233,0.8504498,0.78791296,0.87814474,0.82845765,0.8898074,0.057054967,0.9706122,0.98894316,0.9378121,0.69757086,0.9598658,0.98902917,0.95495546,0.9536736,0.828781,0.966218,0.9175991,0.8488379,0.7610199,0.9529691,0.96593297,0.29919738,0.066350095,0.98081714,0.4133025,0.78546184,0.9940167
9,175,9,visual,0.9681433,0.95209086,0.7683364,0.83328336,0.30901843,0.8369542,0.2004354,0.9933601,0.97916365,0.96632445,0.85306764,0.9677312,0.981579,0.9850974,0.9727913,0.53716594,0.9812226,0.96867126,0.75411505,0.37199548,0.82016706,0.9669406,0.4667365,0.25964612,0.9842126,0.46834075,0.019649036,0.99214375
9,175,10,visual,0.97031194,0.7795135,0.7437821,0.8535718,0.13905455,0.8458043,0.20800932,0.9750049,0.9874937,0.9810391,0.6948215,0.9862212,0.99135077,0.9051041,0.9441245,0.34413296,0.94747245,0.84194726,0.66938907,0.22344756,0.779385,0.9000383,0.24888048,0.0074650473,0.9834843,0.27356195,0.07017388,0.99525213
9,175,11,visual,0.9865907,0.7674796,0.8233943,0.85525846,0.3031951,0.9085577,0.041671544,0.97873515,0.9951139,0.9889911,0.75774276,0.9919267,0.9946366,0.95975155,0.9768089,0.566101,0.9828737,0.9158839,0.6702545,0.20293127,0.8466972,0.9332012,0.07644384,0.27666232,0.9792954,0.06703342,0.32813367,0.9934718
9,175,12,visual,0.9653083,0.74012655,0.8618859,0.92020845,0.42847314,0.93695796,0.011152643,0.960423,0.98556215,0.97237545,0.15343468,0.9822889,0.9873616,0.9000304,0.925758,0.5061747,0.9384638,0.83072054,0.85200393,0.2898576,0.9282507,0.9692644,0.122387715,0.2086977,0.9724765,0.13718343,0.34406427,0.99134624
9,175,13,visual,0.9753395,0.82457954,0.828188,0.923126,0.4352179,0.947441,0.15624833,0.97928685,0.9869856,0.95207864,0.9660573,0.9676913,0.9878311,0.9588729,0.9684666,0.43078816,0.97482604,0.8824356,0.7149558,0.6089094,0.8960108,0.96856177,0.556404,0.14027803,0.98418134,0.65805537,0.2755603,0.99755144
9,175,14,visual,0.98020697,0.9312879,0.8790903,0.8543627,0.11084968,0.89260936,0.6322151,0.97319955,0.97894144,0.98012894,0.8929308,0.9780912,0.9806786,0.9596187,0.9646511,0.7328965,0.9686152,0.9293865,0.30947024,0.26893055,0.39831597,0.95968693,0.36519668,0.19430307,0.95831615,0.37012342,0.34055695,0.97598076
9,175,15,visual,0.9778918,0.9233389,0.76018137,0.91031903,0.37648964,0.87944067,0.60057217,0.9798505,0.98504364,0.9521373,0.907718,0.97367954,0.98558277,0.9560216,0.9492724,0.72266626,0.96150714,0.8937083,0.8335065,0.06744154,0.8329949,0.9649457,0.18803383,0.56582683,0.97519237,0.16052029,0.5543367,0.9841262
9,176,1,visual,0.99080676,0.7704133,0.8515436,0.88742995,0.037045125,0.9034,0.13459909,0.9623567,0.9899849,0.97802114,0.70403665,0.9816596,0.99480885,0.8921691,0.93254066,0.46503243,0.94080347,0.8262194,0.68788064,0.15955915,0.7475497,0.9630466,0.21925166,0.1843688,0.9855196,0.2713948,0.06491818,0.9958202
9,176,2,visual,0.99537706,0.9957131,0.842137,0.8349305,0.535727,0.90918493,0.972663,0.99954635,0.999057,0.9979459,0.9945701,0.99818003,0.9993156,0.9990376,0.9986432,0.9891533,0.9990452,0.99824107,0.32513076,0.80035734,0.9560149,0.99843425,0.797824,0.94772553,0.99805874,0.8483391,0.87538683,0.99956983
9,176,3,visual,0.962426,0.911206,0.6708581,0.54815054,0.018739732,0.61195964,0.58486235,0.9982647,0.9835627,0.97695935,0.94014204,0.9812798,0.99309176,0.9787016,0.9755625,0.8550644,0.9755804,0.9677642,0.08120029,0.21841563,0.39082253,0.97435355,0.23742515,0.56990606,0.97255933,0.2284486,0.4041976,0.9797737
9,176,4,visual,0.8930831,0.6781121,0.41652486,0.4439808,0.2382581,0.46650597,0.058498338,0.995254,0.9788909,0.9658601,0.73826116,0.9728835,0.9914214,0.9820296,0.9822952,0.66361463,0.9877048,0.9659232,0.308894,0.2888605,0.5025606,0.9214098,0.018515391,0.578444,0.9640778,0.014309037,0.3767983,0.9938727
9,176,5,visual,0.71537757,0.43389466,0.44346482,0.46356884,0.22243008,0.5351962,0.17773813,0.9746172,0.9637381,0.93995285,0.4465313,0.9516877,0.96560836,0.9631025,0.96669596,0.46463516,0.9792403,0.95119095,0.56952095,0.030963518,0.86501133,0.9137608,0.0553398,0.1669264,0.91026056,0.040798455,0.14842992,0.9858035
9,176,6,visual,0.78545666,0.32993814,0.27610552,0.3988416,0.06664652,0.4252618,0.073321365,0.97983277,0.98874676,0.9771044,0.41435653,0.97594565,0.98643506,0.9707436,0.9664577,0.5732366,0.9709207,0.94257736,0.66459376,0.17669559,0.8190472,0.9020733,0.03459024,0.7192973,0.93208104,0.028489493,0.19119577,0.97727346
9,176,7,visual,0.91025054,0.6324175,0.5578345,0.5815034,0.13452005,0.61347544,0.11413585,0.98007673,0.9757528,0.9505296,0.2904384,0.9565339,0.97239727,0.9617367,0.96023405,0.3921186,0.9640487,0.9525007,0.63934904,0.27354935,0.7669286,0.8961973,0.12147295,0.41840723,0.92923605,0.10635593,0.23686744,0.9680828
9,176,8,visual,0.97831756,0.94698876,0.80946136,0.81404155,0.053422082,0.8687202,0.6013842,0.99514794,0.9950803,0.99049294,0.9802338,0.9916505,0.9946668,0.9977975,0.99691725,0.7179371,0.997865,0.9953603,0.4760396,0.6496564,0.9299042,0.99107623,0.621069,0.85844713,0.9880339,0.69369173,0.061004184,0.99618363
9,176,9,visual,0.9830462,0.994888,0.84388685,0.83106714,0.54984105,0.9204191,0.31020623,0.9999223,0.99852365,0.9982623,0.98273903,0.9948435,0.9987073,0.9999088,0.999934,0.9944729,0.9994884,0.9998319,0.43651384,0.66932666,0.92211306,0.9998452,0.7238331,0.8583585,0.9999359,0.8019607,0.97419125,0.9994849
9,176,10,visual,0.83525485,0.9351387,0.3685502,0.43799448,0.1700003,0.34315744,0.82495534,0.9954708,0.99488616,0.9935198,0.9536896,0.9938378,0.99532735,0.9936405,0.9869554,0.9437585,0.99153364,0.995003,0.37937203,0.082256645,0.52526647,0.98477316,0.008050409,0.18006244,0.9677288,0.09313209,0.80556285,0.98714435
9,176,11,visual,0.91964173,0.9288658,0.6630298,0.5340573,0.22827394,0.62089366,0.3706042,0.99820524,0.9877257,0.9849994,0.9500706,0.9877662,0.9946581,0.9995774,0.9988582,0.9714494,0.9994165,0.99560463,0.26900488,0.016652737,0.54445654,0.9949681,0.003810862,0.5174221,0.9764776,0.15791775,0.72324723,0.99773264
9,176,12,visual,0.9766242,0.9705475,0.3305443,0.5083659,0.2392786,0.5362633,0.84557766,0.9976958,0.9956048,0.99350023,0.97739154,0.9943819,0.9967649,0.99898475,0.9968599,0.96441203,0.9974199,0.9972599,0.43357465,0.029676514,0.644951,0.99764025,0.25151777,0.3022713,0.9932905,0.33614868,0.87541264,0.9962354
9,176,13,visual,0.99342775,0.9815185,0.6309008,0.61891574,0.12010522,0.804784,0.92579246,0.999523,0.99774885,0.9983865,0.99438864,0.9984101,0.99913466,0.9985351,0.99944717,0.97257656,0.99958336,0.9986609,0.04953985,0.6782103,0.6913107,0.9975611,0.67800355,0.86339426,0.99488676,0.8193369,0.84808743,0.99927247
9,176,14,visual,0.99511653,0.9977334,0.92401356,0.90056145,0.5271201,0.9235816,0.67417765,0.99897236,0.9975686,0.9972985,0.9965633,0.9977529,0.99872494,0.9993381,0.99925596,0.99816847,0.9993393,0.9992836,0.12749884,0.7598775,0.6811864,0.99968755,0.82870555,0.79189247,0.99862224,0.89495796,0.90964353,0.99957937
9,176,15,visual,0.9877226,0.98264134,0.87405175,0.85053307,0.44995335,0.88182455,0.8400907,0.9979134,0.99508256,0.9896955,0.91534626,0.99258345,0.995948,0.9978863,0.99453384,0.88755846,0.9968918,0.9933522,0.72604275,0.203534,0.83439976,0.9975427,0.06926315,0.12684508,0.98917854,0.09174997,0.68603355,0.99596584
9,177,1,visual,0.98689103,0.95377934,0.91513836,0.86714166,0.36354768,0.9149774,0.66902614,0.99688524,0.9880893,0.98619497,0.9769053,0.9896093,0.99420774,0.9956223,0.9973833,0.959787,0.99668586,0.99537385,0.0474709,0.3926014,0.61648405,0.99827784,0.38373145,0.45419437,0.9972554,0.5216616,0.83171636,0.9973615
9,177,2,visual,0.9984362,0.9999146,0.87646896,0.621487,0.89528996,0.9729319,0.9984364,0.99992454,0.9988932,0.99870247,0.99898857,0.99868906,0.999249,0.9999674,0.999983,0.99964815,0.999986,0.9999838,0.7955735,0.98040605,0.99197507,0.99970406,0.9709119,0.9853188,0.9998241,0.9891874,0.99815035,0.99990946
9,177,3,visual,0.9995176,0.9997801,0.95622647,0.95539415,0.9890845,0.9969321,0.9994275,0.9996914,0.99955755,0.9995346,0.99946535,0.9995529,0.9996413,0.99974555,0.9997748,0.9996185,0.99978703,0.9997571,0.698205,0.99365866,0.99708736,0.9997593,0.99203914,0.9965287,0.9997329,0.99528134,0.99757797,0.99979144
9,177,4,visual,0.9930823,0.9886072,0.8616482,0.85614353,0.28680772,0.8500914,0.86326045,0.9933853,0.9946101,0.9938975,0.9906974,0.9929867,0.9953911,0.99439526,0.9934739,0.9729712,0.9892141,0.9821186,0.44102344,0.7494197,0.7377269,0.98837495,0.87079835,0.55276823,0.99503994,0.8630567,0.9336761,0.99360967
9,177,5,visual,0.9390734,0.9509416,0.8520071,0.89594066,0.35800204,0.8436938,0.67182153,0.9776254,0.97387797,0.9879445,0.9671942,0.9847011,0.9862089,0.9900006,0.9978728,0.96478075,0.99464846,0.9889268,0.81638914,0.15600851,0.66774845,0.97605646,0.5971766,0.6895521,0.9965387,0.450837,0.75149703,0.99663913
9,177,6,visual,0.91870093,0.88361174,0.8804817,0.95710355,0.032340962,0.94936645,0.637777,0.9175673,0.97240585,0.98435193,0.79891604,0.9832854,0.98389506,0.9639183,0.9863222,0.7253152,0.98065853,0.9225575,0.96582067,0.10718874,0.9146783,0.9807281,0.35847116,0.7228007,0.9998852,0.3275486,0.2823535,0.99913603
9,177,7,visual,0.9248692,0.93646353,0.8808836,0.95718807,0.3503546,0.920274,0.72974277,0.959327,0.9683418,0.98785233,0.7214007,0.98944676,0.983657,0.9857823,0.9969136,0.67926604,0.99644864,0.9721856,0.86045617,0.13348024,0.7077499,0.97548574,0.079613544,0.80999947,0.9992511,0.029944204,0.4225934,0.9995889
9,177,8,visual,0.987677,0.9742706,0.93116856,0.9374027,0.679952,0.8986084,0.39501163,0.9882816,0.994332,0.99551433,0.9915711,0.99593693,0.99501616,0.99122226,0.9874145,0.97680926,0.9836144,0.95363396,0.9112244,0.39566448,0.7890611,0.9735508,0.79638016,0.46688443,0.9930016,0.708077,0.8291295,0.9957164
9,177,9,visual,0.91026866,0.9059073,0.89510685,0.95130265,0.5004794,0.8923225,0.27092162,0.9733005,0.94448876,0.96012485,0.91246176,0.9584254,0.9639499,0.9779431,0.9919101,0.9088763,0.9852539,0.9580129,0.95171654,0.13111256,0.7126915,0.915295,0.5422549,0.6186196,0.9989699,0.40512285,0.5844016,0.99911356
9,177,10,visual,0.97114795,0.97996557,0.6360785,0.8755244,0.38004753,0.8327818,0.9114343,0.9902042,0.9858253,0.98248315,0.9661546,0.98309475,0.9879032,0.9907827,0.9951652,0.98267215,0.99214494,0.964474,0.9141884,0.15406215,0.9111124,0.9932685,0.56645024,0.7798618,0.9996901,0.22815779,0.87859845,0.9990676
9,177,11,visual,0.91777587,0.95554584,0.44438365,0.878943,0.09405018,0.7166608,0.75322306,0.980839,0.9801919,0.9844567,0.89625376,0.98213553,0.986123,0.99292296,0.9980055,0.7461716,0.996114,0.9772703,0.9313283,0.10369653,0.68887764,0.9851597,0.44740817,0.86917347,0.99998784,0.3166608,0.31074592,0.9990454
9,177,12,visual,0.9233262,0.9475297,0.8597115,0.93741924,0.04469474,0.89352936,0.74178934,0.976165,0.9694218,0.98542666,0.92127556,0.9813326,0.9837938,0.98585784,0.997673,0.81905377,0.9940548,0.9696434,0.89871794,0.18961251,0.7503142,0.98773074,0.50928694,0.6340048,0.9992991,0.49137893,0.5136463,0.998883
9,177,13,visual,0.9124669,0.87715673,0.81118566,0.933416,0.067074895,0.91780394,0.7745623,0.97949684,0.97338265,0.9908502,0.9612544,0.9878317,0.985726,0.96243733,0.9860377,0.78274745,0.9844497,0.94952255,0.94625,0.3309343,0.87131625,0.9889782,0.55666465,0.77032465,0.9994311,0.50249505,0.39407143,0.9994795
9,177,14,visual,0.9489419,0.888809,0.7121676,0.9029053,0.6295654,0.8709785,0.72862995,0.96328187,0.9811011,0.98898566,0.9337338,0.98889333,0.99042314,0.9540871,0.99157876,0.87195677,0.9873763,0.90974915,0.9181813,0.23662305,0.8408264,0.98080856,0.5085014,0.71447843,0.99961424,0.27179885,0.8022042,0.9995948
9,177,15,visual,0.95061016,0.9251509,0.625726,0.9235096,0.70668626,0.8511499,0.7315036,0.977138,0.9901848,0.9854459,0.9002603,0.9914002,0.99359804,0.98479193,0.9985641,0.90648794,0.998824,0.9637871,0.91813004,0.62284005,0.80351686,0.98024,0.09262551,0.7515124,0.99898076,0.29248646,0.8408506,0.99943537
9,178,1,visual,0.93241525,0.9138032,0.85053605,0.9646829,0.43398774,0.9424489,0.5915252,0.96263653,0.9716887,0.9888859,0.92349577,0.986573,0.9870671,0.98529905,0.99752903,0.89266205,0.99504066,0.9511419,0.90235627,0.053908393,0.7207652,0.98280674,0.42696434,0.7730101,0.9984466,0.267881,0.6387557,0.9987491
9,178,2,visual,0.9703917,0.98871386,0.5558294,0.7679239,0.6554936,0.62748224,0.93201923,0.9922695,0.9858117,0.9881349,0.96111685,0.9895702,0.99285364,0.99596685,0.9980002,0.98586124,0.9967672,0.9934462,0.7882634,0.4327094,0.6338053,0.995943,0.1212706,0.55784255,0.99766165,0.13883975,0.920244,0.9979999
9,178,3,visual,0.98480815,0.9782703,0.65093267,0.7364122,0.2267112,0.84122944,0.95772105,0.99391025,0.9927401,0.9956643,0.9697066,0.99566656,0.9953212,0.992727,0.996499,0.88395566,0.9951123,0.9865228,0.7217562,0.15649237,0.76463884,0.99377656,0.3732595,0.13135678,0.99292266,0.40172353,0.72952837,0.99582803
9,178,4,visual,0.9815054,0.9902563,0.4727292,0.45143428,0.41340056,0.40466046,0.9556361,0.9978367,0.99104655,0.99665576,0.98244303,0.9968435,0.9975204,0.9951137,0.9986547,0.9296989,0.99798703,0.99304974,0.25115165,0.63103956,0.06908848,0.99233353,0.70107305,0.24948181,0.9994227,0.65417963,0.5711605,0.9990088
9,178,5,visual,0.9227513,0.9739059,0.16185594,0.6552607,0.6562884,0.2974146,0.94082874,0.98263013,0.98446256,0.99096006,0.9774354,0.99249536,0.99374115,0.99426764,0.99947286,0.89425784,0.9991073,0.9824527,0.85776424,0.58141917,0.55887556,0.9942595,0.7641043,0.8432696,0.99934167,0.6510295,0.6462948,0.999359
9,178,6,visual,0.9549529,0.9757224,0.70192015,0.900795,0.17312667,0.8113436,0.9331842,0.99397045,0.98161536,0.98795,0.9026693,0.9894165,0.99351037,0.9962954,0.99873054,0.8446185,0.9988206,0.98770165,0.8113112,0.0131246345,0.64279085,0.9959282,0.13497935,0.6220407,0.99987155,0.039606813,0.68471503,0.99986494
9,178,7,visual,0.9242362,0.94641745,0.7732688,0.89954156,0.08761443,0.8377894,0.8896151,0.9779459,0.9657603,0.9830883,0.7344929,0.98565173,0.9864209,0.97664803,0.9987089,0.41770408,0.99549127,0.97566795,0.8018981,0.33996657,0.5721464,0.98506016,0.37897477,0.82621974,0.99973685,0.31015593,0.15188506,0.99974495
9,178,8,visual,0.93053603,0.9560681,0.7973501,0.9122685,0.37946904,0.89161915,0.8676952,0.9819384,0.96413517,0.984699,0.88677275,0.9820241,0.9816735,0.9820046,0.9921341,0.82219744,0.9929464,0.97544247,0.918684,0.07635592,0.93428254,0.9899472,0.3704227,0.7776831,0.9999316,0.21946086,0.6496443,0.9996508
9,178,9,visual,0.9181416,0.9650962,0.7208519,0.8215037,0.3289155,0.7881785,0.88448983,0.9858717,0.96087015,0.9824339,0.95834297,0.97920424,0.98338556,0.9849054,0.99233776,0.84146017,0.9916332,0.9827973,0.80278987,0.48274744,0.7824488,0.987906,0.61989695,0.63102037,0.99905527,0.5938052,0.3807913,0.9992934
9,178,10,visual,0.95956075,0.9617163,0.7398568,0.882592,0.058167826,0.7771545,0.8834454,0.99154216,0.98249495,0.988379,0.9184698,0.990224,0.9936234,0.9867279,0.9978687,0.89133906,0.9978179,0.97385937,0.8659836,0.12010099,0.64020133,0.988455,0.3405916,0.8165885,0.9998231,0.19302198,0.6444287,0.99886847
9,178,11,visual,0.9373141,0.9120807,0.8207117,0.9025954,0.21124466,0.8599702,0.86118793,0.9761165,0.9781322,0.99293655,0.93443865,0.9928805,0.99044466,0.9747344,0.9978399,0.8145598,0.9945077,0.9465783,0.90331364,0.08245053,0.7639165,0.9889908,0.396937,0.86426723,0.99991256,0.24930677,0.53406525,0.9996224
9,178,12,visual,0.9055704,0.9355256,0.82634217,0.943017,0.491772,0.8831917,0.815275,0.9720126,0.96530807,0.9739753,0.70167655,0.9801474,0.9781186,0.98695487,0.9982273,0.7208889,0.9980414,0.98472416,0.9391891,0.25846806,0.8563967,0.9800864,0.11757934,0.91681576,0.9999758,0.011246533,0.5208881,0.9994573
9,178,13,visual,0.9289454,0.95426315,0.69176537,0.8935015,0.48401085,0.83259356,0.8571497,0.98115253,0.9750662,0.9894315,0.9797718,0.9885875,0.9862026,0.98938024,0.9993765,0.81397414,0.99918187,0.9899162,0.8898805,0.66391486,0.7794865,0.9785579,0.7723439,0.81910646,0.999898,0.72543323,0.29340458,0.9992214
9,178,14,visual,0.93331295,0.95854056,0.8512027,0.9205131,0.21577561,0.9085327,0.7938146,0.9716929,0.96830326,0.9807875,0.90903836,0.9804615,0.98161113,0.9901442,0.99650896,0.87372994,0.9959298,0.9828488,0.93905354,0.060950227,0.9493729,0.9897046,0.4663355,0.7539743,0.99992615,0.31397468,0.6361123,0.999181
9,178,15,visual,0.90127045,0.92012966,0.41883197,0.9234054,0.5360521,0.82720065,0.7953806,0.95613647,0.97795445,0.97948825,0.8592195,0.98353374,0.9838473,0.9792081,0.9962543,0.8602948,0.9930398,0.9683009,0.9714053,0.41392273,0.9488787,0.98955774,0.09066385,0.89330685,0.9999712,0.1656942,0.77897155,0.99930567
9,179,1,visual,0.9440433,0.94395304,0.70347935,0.903787,0.41042635,0.8160338,0.82795835,0.9793978,0.98133224,0.9881482,0.9522845,0.98948216,0.98827237,0.987687,0.999365,0.93841803,0.9982747,0.98327345,0.9139665,0.11624036,0.8565619,0.9919254,0.38032985,0.89144427,0.99997294,0.1378807,0.77351135,0.99983096
9,179,2,visual,0.9710121,0.97504836,0.89655346,0.8806634,0.3382299,0.84641606,0.82014483,0.98354,0.9830322,0.992432,0.9842206,0.9919976,0.9923324,0.9944843,0.9986629,0.7583531,0.9984745,0.98737437,0.71093506,0.62646085,0.51749325,0.9937146,0.732367,0.5974389,0.99727184,0.70504487,0.18586423,0.99737704
9,179,3,visual,0.9689596,0.94947135,0.923783,0.9707396,0.45080432,0.9510766,0.76701653,0.99076647,0.99006504,0.9933256,0.94948095,0.99430406,0.99528605,0.9903441,0.99873734,0.9398936,0.99792093,0.98687476,0.94969845,0.019589094,0.9193299,0.9883462,0.37745053,0.19074064,0.9997347,0.33061862,0.7764513,0.9996723
9,179,4,visual,0.97491294,0.9258992,0.9708519,0.98924476,0.14275312,0.9858048,0.46621472,0.9825515,0.9936677,0.99842894,0.86264,0.99820656,0.9961441,0.9909899,0.9999501,0.7122137,0.9990363,0.9843222,0.9777941,0.1703554,0.96767026,0.9862791,0.38950396,0.93903035,0.99995506,0.3171526,0.31045076,0.9998154
9,179,5,visual,0.95153385,0.956916,0.97292167,0.9884789,0.5239394,0.9821367,0.7250404,0.96256566,0.9836738,0.99157023,0.5748383,0.9917796,0.98913205,0.99794,0.99995536,0.598066,0.99967766,0.9953181,0.98095363,0.34363815,0.9549635,0.99039894,0.018983569,0.9294984,0.9999235,0.14440422,0.44295087,0.9997918
9,179,6,visual,0.9690332,0.92949194,0.99114454,0.99834204,0.123512805,0.99568665,0.49109557,0.9846977,0.99056053,0.99777466,0.87499595,0.99822533,0.99400204,0.9906584,0.9981038,0.6603672,0.9983326,0.97548527,0.99452364,0.16071394,0.95625526,0.9874331,0.38554704,0.96192783,1.0,0.28639156,0.3242784,1.0
9,179,7,visual,0.9352314,0.9361257,0.6463454,0.9051044,0.20500635,0.7419171,0.86091757,0.9842524,0.9765478,0.98744684,0.78367406,0.9873597,0.98403174,0.9735115,0.9951281,0.76045454,0.99229693,0.96576524,0.95668787,0.09307442,0.71971905,0.9869602,0.22067416,0.9581091,0.99964696,0.07187116,0.44498938,0.9983577
9,179,8,visual,0.98888284,0.990152,0.8395056,0.81434584,0.46119398,0.86409664,0.9606614,0.9932803,0.99253553,0.9945762,0.9548832,0.99459124,0.9959584,0.99536234,0.99910885,0.96241444,0.9979342,0.9950255,0.57134783,0.17263031,0.7610201,0.9963114,0.05274982,0.05968805,0.9994771,0.05099412,0.8623173,0.9983936
9,179,9,visual,0.97843254,0.9750928,0.8174034,0.8546776,0.06916134,0.8692184,0.8777254,0.98436147,0.9921999,0.99570453,0.90059406,0.99539036,0.9944282,0.9956419,0.99989504,0.7383364,0.9990265,0.9884444,0.84286976,0.16154228,0.8911225,0.9971234,0.4775433,0.50949794,0.99986434,0.4247691,0.45748982,0.99940723
9,179,10,visual,0.9288705,0.9415782,0.70141464,0.94256043,0.2250275,0.88809824,0.76616544,0.95488954,0.9830318,0.9913804,0.956963,0.9912023,0.9863712,0.99171644,0.9992066,0.6801695,0.9987031,0.9850961,0.97496164,0.46258572,0.95560366,0.9887745,0.6844824,0.92692894,1.0,0.62760794,0.19304499,0.9999242
9,179,11,visual,0.9476151,0.94050294,0.95606196,0.9952515,0.6494555,0.9927805,0.63091546,0.9724092,0.97970676,0.99314815,0.8375807,0.9911377,0.9850103,0.99054533,1.0,0.869384,0.99972296,0.98893964,0.9754669,0.41406384,0.9580051,0.98629034,0.15198255,0.89061457,1.0,0.050553024,0.7411798,0.9998432
9,179,12,visual,0.93215334,0.9768498,0.7217773,0.9473473,0.31211776,0.8739692,0.8826575,0.9682528,0.9756304,0.9841129,0.9631872,0.9849541,0.98441947,0.9958975,0.999336,0.83231056,0.998888,0.9909339,0.9768726,0.49072906,0.94084394,0.98998314,0.70709455,0.9022447,0.9999257,0.62746537,0.28638148,0.9983501
9,179,13,visual,0.9824091,0.98500067,0.8109196,0.906576,0.30512962,0.84461623,0.9327398,0.98546195,0.98997587,0.9945767,0.88846284,0.9925139,0.99305683,0.9923098,0.9990082,0.8679935,0.9968095,0.9914539,0.90659475,0.18608129,0.80793184,0.9935515,0.13944177,0.8863158,0.9998423,0.016409371,0.6808059,0.9991314
9,179,14,visual,0.9747069,0.9722381,0.6308283,0.9018462,0.38625485,0.7806168,0.9239296,0.99094254,0.99093837,0.99636763,0.8312609,0.99421024,0.9932489,0.99267423,0.9991466,0.8004695,0.9966701,0.9874553,0.9511643,0.24099657,0.7957491,0.99415684,0.011335924,0.9320433,0.9999746,0.10932163,0.5922666,0.99964225
9,179,15,visual,0.9742291,0.9799712,0.69075197,0.7956061,0.21438485,0.63272613,0.77432793,0.9870262,0.9872269,0.9944079,0.92217,0.99243104,0.99246603,0.9926727,0.9986898,0.8630851,0.99553347,0.9848693,0.7793636,0.09624881,0.48420554,0.97278666,0.052563284,0.46530187,0.99693924,0.053565264,0.67352307,0.9993396
9,180,1,visual,0.9978884,0.9968689,0.17548084,0.6114592,0.17327407,0.12916602,0.9256036,0.99678147,0.9984296,0.9972527,0.99522495,0.99053013,0.993378,0.9990497,0.99907845,0.973326,0.9937432,0.98667604,0.75019497,0.06614195,0.0231482,0.97233653,0.47989687,0.8180533,0.99694186,0.15698834,0.84010845,0.99585116
9,180,2,visual,0.9859556,0.98499787,0.6176155,0.48039672,0.13413577,0.37682045,0.893043,0.994787,0.9941329,0.9975484,0.98814094,0.99705523,0.996679,0.9952488,0.9994564,0.9582012,0.99870455,0.99102837,0.30263445,0.35909802,0.118810266,0.9867166,0.59365684,0.49449012,0.9990121,0.54527396,0.6744821,0.9994134
9,180,3,visual,0.9743715,0.98046905,0.45722708,0.6461404,0.22255632,0.4631729,0.7681084,0.9894397,0.9912667,0.99334,0.97663593,0.98938113,0.9920726,0.99218154,0.9929881,0.8961104,0.978772,0.9422974,0.6992096,0.50737375,0.47176814,0.9822941,0.75072545,0.5382483,0.9998036,0.7824247,0.49815336,0.9980324
9,180,4,visual,0.9670695,0.97624975,0.66092545,0.6434899,0.30398384,0.47032508,0.8783858,0.9825331,0.98531824,0.99005586,0.95798403,0.9882301,0.99036974,0.9902127,0.9979499,0.9587156,0.99141145,0.9713401,0.43522337,0.05989964,0.20061304,0.9805771,0.25669116,0.49332255,0.99754596,0.04008397,0.81581444,0.99790233
9,180,5,visual,0.93817997,0.96870315,0.5437097,0.82967544,0.15925008,0.7477411,0.88562864,0.96642786,0.9660164,0.9818391,0.9446806,0.9733388,0.97696495,0.97709066,0.98738825,0.9133603,0.9811045,0.9714215,0.8445008,0.023269666,0.7078691,0.9856195,0.4630205,0.68312085,0.99277014,0.31812626,0.6905161,0.99096626
9,180,6,visual,0.97637457,0.9901995,0.39057922,0.4127272,0.09441295,0.52366185,0.96129686,0.9942116,0.9884056,0.99144447,0.9843199,0.99224836,0.9939116,0.996696,0.9989177,0.97930986,0.99834454,0.99142396,0.18641,0.33543828,0.4374777,0.9955949,0.35774702,0.28643054,0.9987382,0.46382707,0.9102722,0.9993252
9,180,7,visual,0.9688445,0.98158664,0.6220089,0.6863011,0.49665722,0.73419404,0.9470075,0.99101657,0.9818073,0.98562217,0.95210814,0.98624474,0.9880399,0.9904253,0.99475443,0.8249861,0.9935053,0.99067265,0.43969616,0.6952808,0.8537837,0.99046004,0.75712514,0.2979254,0.9969095,0.7289715,0.10814714,0.9952568
9,180,8,visual,0.9378137,0.9731546,0.59824413,0.8030736,0.18165335,0.6515253,0.91976047,0.986555,0.96664244,0.9845617,0.873048,0.9839008,0.985058,0.98999214,0.99900484,0.89891994,0.9970392,0.9913466,0.67901295,0.067539275,0.35268968,0.9897124,0.11176778,0.66505414,0.99917436,0.042545695,0.66018486,0.99882764
9,180,9,visual,0.99898344,0.99986726,0.5391585,0.21478666,0.25293773,0.1839163,0.9245538,0.99909574,0.9989611,0.99863654,0.98454416,0.990748,0.9968898,0.99792427,0.98882014,0.9778053,0.9601839,0.92466074,0.6462651,0.08851581,0.10241216,0.96953636,0.5885482,0.53362733,0.99757195,0.009928604,0.89247704,0.9885889
9,180,10,visual,0.9999998,0.999999,0.91016257,0.91269284,0.988672,0.9943638,0.9987475,0.99999696,0.999966,0.99979955,0.99974245,0.99978656,0.9998694,0.99990386,0.99963266,0.9997338,0.9997621,0.9995794,0.09355902,0.99536645,0.9969515,0.99958795,0.99705267,0.9977428,0.99974996,0.9986426,0.99940556,0.999856
9,180,11,visual,0.99759895,0.99601173,0.7683078,0.8250803,0.32621896,0.71902025,0.98510593,0.9981885,0.99722004,0.9960378,0.99469495,0.9933296,0.99679816,0.9958306,0.9952237,0.99132866,0.9938004,0.9925805,0.81002736,0.13335526,0.6482775,0.9960562,0.08840944,0.33575746,0.9963546,0.33084336,0.8989133,0.9958128
9,180,12,visual,0.9952971,0.99571466,0.27223533,0.057917792,0.43102983,0.18743806,0.9596918,0.99396104,0.9976848,0.99631757,0.97738254,0.9962318,0.9956854,0.9992103,0.9984178,0.8628126,0.99746567,0.99302334,0.17869633,0.5224599,0.47948927,0.9964184,0.54313016,0.7369085,0.99941146,0.5228723,0.55743587,0.99947155
9,180,13,visual,0.98319846,0.97708476,0.30942369,0.82198745,0.628316,0.65970665,0.9458508,0.97835255,0.9921374,0.99061644,0.5605483,0.99264354,0.99380285,0.9814157,0.99791837,0.7152179,0.9938955,0.97262055,0.81687236,0.6188764,0.61152,0.98748803,0.35845527,0.85767055,0.9998754,0.55116206,0.76490235,0.99883455
9,180,14,visual,0.9576147,0.9892541,0.13274005,0.54560053,0.17309067,0.114606164,0.9580607,0.98213106,0.9857882,0.98930985,0.5175451,0.99045503,0.99027294,0.9974546,0.9993998,0.70112324,0.99674255,0.9924823,0.8306028,0.16515306,0.5165755,0.99674004,0.10274479,0.70449036,0.99961346,0.14551471,0.4454146,0.9990183
9,180,15,visual,0.96094954,0.9629519,0.49679413,0.9167656,0.29911909,0.8644412,0.93145454,0.9787137,0.9834358,0.98858005,0.752564,0.9866046,0.98936665,0.9769537,0.9980577,0.48899898,0.99248177,0.9789035,0.64823186,0.29480723,0.4978994,0.97534084,0.41020602,0.65296006,0.99932206,0.37791696,0.016909847,0.9993741
10,181,1,visual,0.092357956,0.25403032,0.023145666,0.30844617,0.45967674,0.024758006,0.028990725,0.6453047,0.9394874,0.81447786,0.33745456,0.9040372,0.9143207,0.14117968,0.6948938,0.101909965,0.23997633,0.22134674,0.74198586,0.05389764,0.06755625,0.8148909,0.5943683,0.7629188,0.7435345,0.029623916,0.09591102,0.34794486
10,181,2,visual,0.033583898,0.42403463,0.025787797,0.2086338,0.04860612,0.094990894,0.07015813,0.83447176,0.8342685,0.71436083,0.35186338,0.8412657,0.76198643,0.6189908,0.71373373,0.2985328,0.45569068,0.7051539,0.73748744,0.29449257,0.32536173,0.841353,0.929635,0.7149421,0.74723923,0.32261503,0.13666135,0.6030339
10,181,3,visual,0.3962425,0.5256924,0.49125403,0.41536838,0.2713647,0.48127875,0.52759427,0.12306736,0.8953695,0.81446207,0.4268571,0.82348555,0.8389834,0.21263385,0.8662966,0.12586689,0.14959762,0.17782854,0.8400987,0.05437829,0.18449658,0.47395355,0.5921087,0.81209147,0.839668,0.26191124,0.10220726,0.42881736
10,181,4,visual,0.49857864,0.3499366,0.6477072,0.63518035,0.49032068,0.64563936,0.6470272,0.011699746,0.9077903,0.7735951,0.5096295,0.8252532,0.82139933,0.42391774,0.9283248,0.5562815,0.50701076,0.43162584,0.8334796,0.39254805,0.13244982,0.39193103,0.72610176,0.8367309,0.83783716,0.27978042,0.38903412,0.47690192
10,181,5,visual,0.22790167,0.013900709,0.15082711,0.31568286,0.4459013,0.11871503,0.18494214,0.78517836,0.92227286,0.83218926,0.72055846,0.907583,0.8780456,0.55364656,0.8236876,0.31903705,0.34364313,0.6719171,0.8692914,0.6679434,0.33668143,0.90023744,0.4952532,0.8353264,0.87234193,0.65409225,0.6819997,0.6098577
10,181,6,visual,0.1616379,0.22688174,0.10191336,0.06378668,0.08928827,0.16012925,0.12845717,0.725169,0.89020866,0.7753769,0.6011961,0.86947644,0.85946333,0.15808193,0.8196801,0.06383749,0.09315094,0.27198303,0.74728423,0.15397385,0.04232573,0.6046786,0.8623179,0.7654199,0.7333693,0.14914581,0.20740539,0.25374234
10,181,7,visual,0.0036303871,0.33118236,0.06714989,0.07229111,0.41269544,0.05891554,0.028027792,0.7732091,0.8486952,0.58266044,0.53115404,0.79611874,0.75402814,0.362985,0.59796494,0.3320806,0.14839548,0.435011,0.6227004,0.2532358,0.21265808,0.8056116,0.71613485,0.61418843,0.62814724,0.26233062,0.30438295,0.5167722
10,181,8,visual,0.0047247503,0.84839946,0.8675995,0.94432926,0.75374585,0.86401826,0.8035511,0.7800656,0.98270285,0.91307557,0.92874885,0.9638772,0.97388256,0.1026266,0.8700067,0.25415963,0.16600487,0.32342234,0.8329696,0.3771005,0.13769846,0.90808123,0.87397736,0.82527953,0.8500869,0.40468553,0.5887639,0.724023
10,181,9,visual,0.163287,0.066408366,0.099015586,0.25876245,0.17246816,0.238434,0.07382117,0.76563776,0.85314363,0.7467443,0.85142463,0.806717,0.8406985,0.49097067,0.70438236,0.71921474,0.16255443,0.5082561,0.783473,0.77678573,0.32335022,0.33926657,0.60782075,0.72139096,0.7634359,0.5990026,0.7955841,0.5241212
10,181,10,visual,0.024514709,0.25168216,0.034182653,0.2516694,0.20309897,0.078515366,0.03506562,0.8195954,0.89567316,0.81597966,0.78083104,0.7844858,0.87730736,0.67164564,0.6154148,0.031042982,0.5304699,0.67114913,0.80477726,0.60770774,0.08254484,0.50674695,0.83142996,0.79506546,0.8026809,0.44532427,0.6408602,0.20992588
10,181,11,visual,0.020119239,0.009516209,0.07151346,0.04083522,0.05426399,0.06520439,0.10680923,0.47219554,0.8923252,0.81449664,0.7084305,0.844324,0.86410373,0.26019722,0.8392075,0.08051532,0.2553518,0.10113237,0.7586159,0.18915194,0.36138138,0.5335367,0.81355107,0.69908935,0.7551811,0.14119557,0.32591343,0.53009737
10,181,12,visual,0.05494827,0.021008378,0.076985344,0.27652335,0.04416199,0.01020295,0.028627237,0.5330861,0.8577891,0.6635539,0.5700027,0.62778443,0.81848544,0.0077791135,0.48165122,0.0826973,0.03478216,0.014374721,0.6329914,0.15399085,0.04961341,0.4476581,0.78322774,0.5610986,0.5985036,0.02258672,0.15703727,0.09821292
10,181,13,visual,0.8644386,0.9331791,0.06438824,0.7812418,0.8959245,0.13171351,0.14402947,0.9900827,0.9867072,0.9008498,0.9599698,0.9792836,0.98236424,0.9660208,0.7877759,0.8317617,0.9450311,0.9709099,0.8516715,0.93359864,0.30375302,0.92090386,0.4462857,0.8488865,0.8550428,0.93832415,0.93982154,0.7345716
10,181,14,visual,0.13350037,0.20486581,0.024478963,0.23519848,0.05903901,0.024690913,0.05415898,0.7552273,0.83468634,0.78310376,0.48286718,0.80684197,0.7270853,0.57300884,0.6493334,0.15888669,0.47412586,0.6500696,0.7675847,0.10698467,0.24606065,0.8706603,0.781218,0.74685156,0.79071677,0.07552468,0.18594265,0.66987544
10,181,15,visual,0.45506653,0.09128424,0.4185913,0.9354274,0.3683602,0.46700445,0.3142961,0.6774054,0.9865314,0.9710424,0.82042605,0.9871064,0.98144186,0.5411075,0.95147973,0.27781564,0.60520583,0.37543526,0.9208794,0.111306146,0.2084894,0.99790096,0.89797395,0.9308779,0.9339857,0.03786945,0.26388666,0.74738014
10,182,1,visual,0.9444101,0.99485624,0.9979586,0.99261487,0.997448,0.99793226,0.9977191,0.84232104,0.9995861,0.9093089,0.99579823,0.999382,0.9995151,0.99493825,0.97706133,0.99266994,0.9954673,0.9938381,0.8257208,0.9910369,0.57435685,0.99908817,0.12623793,0.8282914,0.8398523,0.99020165,0.9918947,0.97729945
10,182,2,visual,0.8784463,0.6040735,0.77230567,0.5906504,0.40112132,0.74246174,0.81468683,0.9399112,0.94627607,0.9418175,0.5259053,0.94467,0.93998986,0.738259,0.8099154,0.47923714,0.6754323,0.8181915,0.8945403,0.07306235,0.20444393,0.96345305,0.8123313,0.87771356,0.91087025,0.09924907,0.027777959,0.70319206
10,182,3,visual,0.77415353,0.4324415,0.715569,0.33922717,0.20503785,0.6789524,0.75001,0.94795257,0.9411266,0.8950226,0.6179243,0.8744002,0.9182951,0.8928694,0.7468425,0.13439718,0.8170683,0.9153834,0.8646868,0.3955099,0.19855455,0.8858988,0.46828863,0.8454639,0.87122095,0.46409667,0.4630673,0.5555662
10,182,4,visual,0.29029194,0.312324,0.08605104,0.07286232,0.019009916,0.22400126,0.17363259,0.69312793,0.9095236,0.61562634,0.76693803,0.8734273,0.85675144,0.43565464,0.59978247,0.304506,0.306614,0.4987125,0.58334476,0.26746708,0.08937702,0.5310983,0.75265944,0.51030964,0.5699124,0.20792502,0.37083974,0.33935553
10,182,5,visual,0.27914733,0.20700973,0.13828664,0.21705689,0.33942714,0.11436027,0.23175429,0.9126636,0.94062084,0.8307886,0.9322564,0.89123255,0.90441704,0.8819001,0.5187257,0.034223396,0.90325564,0.91113514,0.8193582,0.84718686,0.030326081,0.8923466,0.75831336,0.8361217,0.8323566,0.82874614,0.8699853,0.5814068
10,182,6,visual,0.23323716,0.19874066,0.18432179,0.120041564,0.11659033,0.10212865,0.22230604,0.7671307,0.893896,0.8107189,0.51692057,0.8412734,0.857375,0.3669605,0.8406575,0.10305628,0.31852055,0.49891797,0.7955977,0.29300746,0.02756451,0.82539487,0.8168936,0.7630944,0.7982935,0.1433611,0.35395172,0.30175135
10,182,7,visual,0.68865246,0.20688005,0.23163328,0.7753982,0.5579505,0.13473475,0.31950206,0.8644265,0.9615827,0.8694278,0.9581787,0.96469563,0.9441757,0.26586536,0.8221559,0.61691743,0.03948701,0.39827177,0.8361256,0.80694777,0.49597415,0.89617646,0.539435,0.8267833,0.8381183,0.73935,0.84174335,0.7173743
10,182,8,visual,0.04771706,0.4274451,0.019762801,0.3595899,0.43692544,0.01608424,0.045743812,0.75049675,0.88093615,0.7578415,0.82093334,0.70500994,0.80147296,0.5660705,0.5607986,0.10127998,0.43065333,0.62833154,0.76860005,0.55181,0.11130805,0.869071,0.7361342,0.7394139,0.77174294,0.40532088,0.630102,0.2680127
10,182,9,visual,0.013334565,0.2905977,0.04723133,0.19889808,0.28877726,0.0582361,0.05208237,0.7908815,0.83876246,0.779659,0.8284626,0.8198823,0.78337306,0.74642307,0.55663514,0.3178789,0.6691718,0.79088163,0.7495531,0.65595365,0.25009546,0.82041395,0.7311462,0.7166653,0.7530768,0.5566279,0.69479114,0.58801484
10,182,10,visual,0.19528282,0.22702348,0.22081916,0.42068225,0.12819983,0.24017477,0.18914373,0.5050363,0.79239744,0.6206869,0.72920936,0.75991684,0.71941036,0.12682475,0.70332986,0.18815534,0.15295582,0.2048833,0.6934839,0.369571,0.44154748,0.51224536,0.8421314,0.5917265,0.67035466,0.43317357,0.51084244,0.6311674
10,182,11,visual,0.7611789,0.29103404,0.60137504,0.43162006,0.063847475,0.5223121,0.65562385,0.9448532,0.95125914,0.85184604,0.95875865,0.8889426,0.9347891,0.8170723,0.6805288,0.48040503,0.62364125,0.8442318,0.8027895,0.8296322,0.2791651,0.8470591,0.7236038,0.8112895,0.8082823,0.80985254,0.8693528,0.5644136
10,182,12,visual,0.5129703,0.3424171,0.12694193,0.6508832,0.5502103,0.17234881,0.14983557,0.91301644,0.9553194,0.8466371,0.94182354,0.91434234,0.94827026,0.7847709,0.6529833,0.31848076,0.74589723,0.81034166,0.7692217,0.8673475,0.050654873,0.4227028,0.6758518,0.7673611,0.7594791,0.81546587,0.86080784,0.1551418
10,182,13,visual,0.1875348,0.7119412,0.7770961,0.8945696,0.85114336,0.79448,0.74330556,0.67753583,0.96128887,0.91159004,0.9639974,0.9608602,0.94775563,0.60365987,0.9191313,0.7692656,0.6620723,0.52227616,0.87281466,0.85904807,0.25873396,0.8761331,0.79216397,0.8631997,0.883631,0.7758644,0.89232147,0.8116002
10,182,14,visual,0.004768906,0.3695249,0.42616615,0.6197668,0.49964392,0.5179508,0.39125586,0.82150245,0.9679243,0.85204285,0.858659,0.93731326,0.95070726,0.069658615,0.79891044,0.2585966,0.33095142,0.08403431,0.72509,0.5672495,0.48330352,0.85109574,0.41625482,0.6869066,0.740435,0.5269197,0.6104548,0.7309535
10,182,15,visual,0.97542584,0.55196273,0.82864994,0.9991129,0.7630029,0.8893668,0.6487949,0.9948989,0.99977636,0.99889165,0.9986224,0.9995979,0.9997561,0.78815436,0.9991971,0.6931776,0.8854771,0.43851793,0.99779505,0.34372747,0.83126694,0.99884343,0.95242566,0.99646515,0.99787474,0.08967104,0.74363065,0.98900527
10,183,1,visual,0.8955112,0.6862077,0.5094483,0.9505306,0.7399715,0.73934126,0.41708505,0.92425656,0.98976713,0.9713961,0.944063,0.9852406,0.9864359,0.14094126,0.9538393,0.20290622,0.29909006,0.2633699,0.9522002,0.40624908,0.8143499,0.78406227,0.931334,0.9376145,0.95603323,0.0491498,0.50845164,0.9109815
10,183,2,visual,0.91589725,0.74725807,0.840085,0.9881413,0.65024716,0.8754426,0.682011,0.96836954,0.99232525,0.9915774,0.9223158,0.9933907,0.9887048,0.63897395,0.9782819,0.41136855,0.74597716,0.2141011,0.9833387,0.13268244,0.69286275,0.98307645,0.9692132,0.98327243,0.9849237,0.009730983,0.46516487,0.9601064
10,183,3,visual,0.8164364,0.58504677,0.5576281,0.9513446,0.45106074,0.6615977,0.3589111,0.89303017,0.9948683,0.97908187,0.9214678,0.9874241,0.9895391,0.80099,0.97626966,0.64128363,0.8775284,0.7053825,0.9741966,0.44036478,0.62759393,0.8278328,0.9771867,0.9685911,0.96869344,0.27793482,0.56340444,0.86036026
10,183,4,visual,0.8479515,0.20793608,0.7768433,0.962096,0.70994085,0.8156387,0.718973,0.945437,0.9936253,0.9780064,0.8785964,0.99107474,0.99070686,0.84043795,0.98479325,0.50541174,0.90769035,0.74867636,0.9681175,0.11603371,0.5622521,0.95549387,0.9587502,0.96816576,0.9707264,0.04500184,0.29226553,0.9002887
10,183,5,visual,0.12409605,0.19191957,0.09303911,0.19969319,0.19179873,0.052616306,0.09236633,0.7386895,0.88223404,0.71399164,0.8682137,0.8187816,0.7972703,0.5092952,0.5387305,0.34311542,0.4505748,0.4993779,0.7444195,0.44010538,0.30211666,0.22032519,0.91418594,0.7061212,0.7046891,0.22720297,0.4976778,0.45952126
10,183,6,visual,0.17823076,0.16287696,0.13121796,0.19440654,0.16884065,0.23933452,0.08869528,0.6927845,0.83147776,0.5897936,0.5586426,0.7061586,0.7485512,0.36177495,0.6347111,0.4267445,0.3651109,0.47891662,0.66869164,0.33297706,0.22008188,0.6994987,0.8621675,0.6474197,0.651297,0.19903153,0.40688166,0.502695
10,183,7,visual,0.09778317,0.29193348,0.11651436,0.23842523,0.25846958,0.002399673,0.068334855,0.8494865,0.84625167,0.68901265,0.75024754,0.8114147,0.7958426,0.70745236,0.4934828,0.13056333,0.6575626,0.7669263,0.73199195,0.5217566,0.16794911,0.44096637,0.683172,0.73448014,0.7132178,0.65511763,0.6283722,0.34834033
10,183,8,visual,0.75847673,0.90676284,0.9805005,0.98782647,0.9828348,0.9836153,0.9784358,0.12241766,0.9923007,0.9841662,0.9760002,0.9931694,0.9898293,0.9640082,0.99283814,0.96369493,0.97083116,0.9544881,0.97568995,0.19633609,0.87966406,0.9872559,0.9758698,0.97119254,0.9791937,0.6130254,0.29556563,0.97250956
10,183,9,visual,0.19270898,0.38661513,0.25279367,0.6164635,0.28419325,0.31529355,0.2880643,0.56639296,0.7083926,0.7837621,0.6929978,0.49432865,0.667094,0.2844167,0.8541295,0.11649293,0.3178054,0.31785014,0.8175295,0.3399869,0.095368356,0.32908854,0.9094127,0.8048944,0.7958377,0.2620124,0.36473235,0.013409696
10,183,10,visual,0.01089107,0.25049034,0.05436024,0.3496603,0.123415135,0.0021351534,0.033833474,0.81424,0.9192552,0.7615484,0.60235196,0.83969486,0.82496816,0.64278567,0.6342493,0.7988887,0.62143075,0.6938343,0.75439465,0.14257666,0.062459372,0.7157318,0.8684129,0.7363431,0.75552773,0.017588349,0.29310423,0.46583426
10,183,11,visual,0.19785811,0.13534912,0.25943843,0.0038592196,0.17435005,0.23011969,0.2636428,0.72801054,0.8722063,0.69463944,0.48271912,0.84847045,0.85766906,0.50707215,0.6511071,0.5141822,0.505013,0.55934364,0.65122634,0.11247752,0.12595266,0.5011713,0.85589117,0.65825516,0.6494028,0.16116248,0.012571666,0.35146955
10,183,12,visual,0.03922932,0.04683189,0.07602401,0.11935309,0.06621089,0.075149395,0.073981486,0.7087457,0.8849754,0.7019742,0.41988212,0.7607527,0.81921834,0.46085078,0.7942946,0.45673332,0.23206289,0.45928195,0.7108325,0.0081995,0.33886558,0.13008107,0.9514456,0.5780238,0.6560201,0.108949326,0.012462104,0.39066568
10,183,13,visual,0.3098624,0.086418025,0.15733656,0.34175256,0.16104816,0.19411716,0.2036958,0.8705003,0.91568583,0.796276,0.2867242,0.7406589,0.8464836,0.70480764,0.67494917,0.18765071,0.7809343,0.76083565,0.8026729,0.059344057,0.31750238,0.6678604,0.8077666,0.7945687,0.7877245,0.09752672,0.110414326,0.050340254
10,183,14,visual,0.07828761,0.27210277,0.020010725,0.34353465,0.453014,0.036144927,0.009932789,0.84102356,0.94056743,0.84717846,0.57163054,0.9024171,0.91268915,0.70155853,0.6284359,0.72971034,0.69593334,0.6322245,0.80411285,0.6872385,0.20024702,0.054751065,0.7585229,0.78867126,0.77581084,0.64560956,0.7209138,0.16306254
10,183,15,visual,0.074241325,0.19511294,0.108955756,0.09306592,0.037591245,0.028349858,0.097364165,0.7314808,0.88014436,0.6784715,0.1420384,0.86324024,0.8232763,0.44922087,0.7356812,0.27196783,0.2855576,0.48484915,0.73497176,0.04020502,0.28384063,0.6425045,0.18431444,0.67359596,0.71741545,0.37097293,0.08090925,0.45424896
10,184,1,visual,0.16314165,0.058816746,0.124827415,0.06569513,0.1291518,0.21688901,0.15309146,0.7260115,0.859991,0.73101896,0.045280233,0.8186391,0.8068634,0.42346755,0.73080575,0.17532618,0.3362739,0.48447838,0.7193443,0.04423784,0.08806723,0.78679484,0.22125334,0.6964694,0.7090832,0.0075086732,0.019154416,0.4877229
10,184,2,visual,0.0661306,0.2071607,0.15593883,0.5081962,0.12722425,0.1642534,0.13215742,0.50600797,0.8879186,0.8249416,0.4514959,0.88265765,0.87374336,0.05425363,0.85257226,0.065504685,0.09424013,0.13570814,0.8238726,0.3684367,0.29008344,0.5637899,0.05407389,0.78956294,0.8073856,0.58461624,0.39457864,0.50255585
10,184,3,visual,0.7253642,0.81231076,0.81130165,0.7059468,0.27484143,0.7996187,0.7871335,0.6628113,0.9413035,0.86978763,0.29173228,0.9111744,0.9039513,0.007494964,0.747951,0.5917495,0.07531227,0.07210479,0.8772411,0.23789367,0.2586526,0.8910977,0.11227495,0.8831172,0.87497336,0.33936775,0.26050046,0.5426468
10,184,4,visual,0.34864214,0.13532208,0.33356997,0.018883236,0.18198763,0.31915787,0.33642378,0.854218,0.91830564,0.83515215,0.202146,0.8965548,0.8984282,0.45376363,0.6904242,0.098986745,0.43016714,0.5545299,0.73771006,0.14402735,0.02138013,0.58190054,0.11886338,0.76066643,0.75196,0.08961709,0.1235626,0.44069675
10,184,5,visual,0.09582522,0.027596,0.06529845,0.04459886,0.013062655,0.08645808,0.14814903,0.77278626,0.84891987,0.69795334,0.072270915,0.74701256,0.76824105,0.501426,0.61387384,0.21214381,0.3506582,0.606997,0.63371176,0.11012026,0.030105181,0.70021534,0.52329606,0.62971205,0.6556686,0.17255332,0.18482699,0.5445006
10,184,6,visual,0.23357539,0.18119687,0.13316028,0.026051592,0.40620175,0.078701995,0.17350635,0.41283038,0.8596078,0.7195592,0.29952994,0.7245007,0.7647178,0.42647094,0.90469277,0.31021973,0.32370308,0.29656705,0.67268974,0.36710763,0.29099908,0.8229767,0.25701246,0.71064997,0.6849841,0.51598626,0.38206178,0.05801846
10,184,7,visual,0.1134923,0.2287242,0.0024551982,0.3556692,0.10692565,0.16851419,0.05582854,0.622613,0.9023644,0.7808916,0.27583033,0.83473223,0.8903878,0.41427866,0.663784,0.14800216,0.21186799,0.37757522,0.79261273,0.35389858,0.4698449,0.20505565,0.39776877,0.72689956,0.75424194,0.3073956,0.39967448,0.42235008
10,184,8,visual,0.07285146,0.46757513,0.0699914,0.13257642,0.3660905,0.18463352,0.08059657,0.858857,0.9154144,0.70449823,0.06865809,0.8297961,0.85915774,0.8489537,0.25108117,0.29607406,0.8992873,0.8675637,0.7133209,0.22954203,0.11964193,0.2317449,0.078198165,0.6779792,0.67437357,0.35839218,0.22346961,0.15561213
10,184,9,visual,0.049502466,0.2110052,0.040161002,0.25003335,0.18214299,0.031268798,0.039227262,0.83216107,0.85505396,0.8226969,0.07129512,0.7557346,0.7428942,0.7627777,0.6058514,0.23875569,0.6163549,0.8174953,0.80795544,0.060627483,0.04775402,0.72501713,0.030814221,0.78870827,0.7976859,0.0219324,0.034087334,0.3683621
10,184,10,visual,0.16256884,0.08079439,0.231051,0.08168505,0.12151067,0.2292617,0.22834443,0.8176659,0.88956624,0.7875832,0.25214815,0.82313913,0.8744495,0.63878155,0.5489156,0.013137758,0.6164457,0.55580556,0.7296221,0.061734423,0.03498651,0.21965908,0.423555,0.7196659,0.7008103,0.18272994,0.06319366,0.07343441
10,184,11,visual,0.12835886,0.08524925,0.033957884,0.03320871,0.13786918,0.11317061,0.031694192,0.7442475,0.80061686,0.7037505,0.16427541,0.80553365,0.7327886,0.46724585,0.5499191,0.26532283,0.4024511,0.550142,0.71171635,0.11830036,0.23446096,0.6036942,0.24576205,0.69082,0.70636874,0.1837524,0.13165906,0.5038927
10,184,12,visual,0.15233755,0.060826614,0.0015892863,0.13335384,0.11108298,0.033398844,0.033202577,0.7413104,0.67263633,0.6842457,0.30145267,0.5877146,0.5874867,0.56283545,0.6242287,0.049748674,0.41909122,0.6555459,0.72854435,0.4012466,0.19326113,0.7348662,0.089649804,0.6586084,0.71584976,0.58918226,0.37071395,0.47119558
10,184,13,visual,0.12597045,0.028950589,0.18818256,0.14347975,0.23341076,0.2218332,0.22015822,0.8145488,0.8508223,0.7203822,0.015604124,0.76026833,0.7755063,0.6280811,0.5001363,0.09738328,0.6541725,0.7210894,0.6699637,0.08126758,0.0775401,0.7765502,0.33683088,0.6787297,0.68593955,0.09454863,0.076147035,0.35352066
10,184,14,visual,0.08988173,0.0044886526,0.37987274,0.5625005,0.065439686,0.45274013,0.34220263,0.20748451,0.8686684,0.7690837,0.060689744,0.8455389,0.84631777,0.5319289,0.8652849,0.032055993,0.63669974,0.46860886,0.70834917,0.044505,0.546333,0.5432731,0.22286022,0.6173548,0.70164955,0.17889416,0.08677942,0.7241125
10,184,15,visual,0.16690762,0.7643327,0.7158354,0.9104805,0.34694874,0.79333407,0.6728114,0.4807417,0.9744477,0.9013819,0.33868572,0.9368695,0.9603973,0.41678175,0.90908563,0.55972517,0.562849,0.28642285,0.8290902,0.5471017,0.3646509,0.9454174,0.6548386,0.80108887,0.8550238,0.61128557,0.53831255,0.75553733
10,185,1,visual,0.16892762,0.15572785,0.16404273,0.5408692,0.44874433,0.20956779,0.118308455,0.4752425,0.8505366,0.82449144,0.28329372,0.7251664,0.75719804,0.098851606,0.79539627,0.50429153,0.09237929,0.015297894,0.8170962,0.28979626,0.087907284,0.73539376,0.15503906,0.82035017,0.82083493,0.4967985,0.32257432,0.25992405
10,185,2,visual,0.8686844,0.19979948,0.6620388,0.9422574,0.28673908,0.5953031,0.5344239,0.93211484,0.98782855,0.96244437,0.11459222,0.9743158,0.9828972,0.76411,0.963468,0.27557135,0.75983524,0.6131818,0.93821615,0.37812,0.3211509,0.9403714,0.7010087,0.9356021,0.93964314,0.28341374,0.33367628,0.6806549
10,185,3,visual,0.5295512,0.0028828746,0.014534718,0.6361736,0.2509023,0.08067234,0.11116682,0.84152156,0.95033634,0.841989,0.38225687,0.9256965,0.9317377,0.22522321,0.79163104,0.55044705,0.060449433,0.3640161,0.8065657,0.34976956,0.31449607,0.74476075,0.020192597,0.7771091,0.7998838,0.41273528,0.38139385,0.55114055
10,185,4,visual,0.14760573,0.14109634,0.1404834,0.19855487,0.2661224,0.17468879,0.18090679,0.8466671,0.9167453,0.72933984,0.6292863,0.84578544,0.8916858,0.77188456,0.34364128,0.59139407,0.8022635,0.7920307,0.72912407,0.7477198,0.1259768,0.34689528,0.35431355,0.6771875,0.70078677,0.7960183,0.74495983,0.2986679
10,185,5,visual,0.09682765,0.24960637,0.071393214,0.031894978,0.28637585,0.11506313,0.105009325,0.61339164,0.8282151,0.76049364,0.25863516,0.7552646,0.74142456,0.1770675,0.6828689,0.47512808,0.14916359,0.20326784,0.7700323,0.36785036,0.15950735,0.608419,0.20667796,0.759011,0.75257725,0.38928068,0.3630449,0.42289075
10,185,6,visual,0.28398892,0.13994487,0.2677739,0.18284152,0.0038555888,0.30021325,0.29662907,0.67383856,0.87069154,0.81977886,0.26910064,0.6859809,0.7608771,0.4282413,0.7364513,0.20955242,0.46711144,0.47176707,0.79183376,0.050420884,0.03514848,0.5509645,0.498738,0.7953615,0.77854055,0.14628066,0.07106548,0.21822634
10,185,7,visual,0.20062451,0.20553152,0.2130577,0.0626404,0.21730043,0.175375,0.24589136,0.78578496,0.84284246,0.7443531,0.14391416,0.81766534,0.81350386,0.5163143,0.7127084,0.72245234,0.4935227,0.56555927,0.74337304,0.4211153,0.25704053,0.44821432,0.6704785,0.73350775,0.7420922,0.50160545,0.43057254,0.44535497
10,185,8,visual,0.024643483,0.4518199,0.18076572,0.42376563,0.45437872,0.30370027,0.14357139,0.86206055,0.87639236,0.76359427,0.40385252,0.8790247,0.8339972,0.7998061,0.44020867,0.028200226,0.7289036,0.8283508,0.7344835,0.19052924,0.47829387,0.73640674,0.43973103,0.6986615,0.7313337,0.24821533,0.29993522,0.76414394
10,185,9,visual,0.1993224,0.3394173,0.21128833,0.27330798,0.11371565,0.10293381,0.12264352,0.76114976,0.8419016,0.781487,0.19935514,0.6900056,0.7544826,0.6367055,0.5559939,0.00562766,0.7323133,0.72672886,0.7921662,0.16102876,0.27743438,0.7929273,0.2504227,0.8306689,0.8016663,0.3090337,0.21201146,0.14487286
10,185,10,visual,0.003835165,0.22908199,0.08609711,0.21747419,0.16679317,0.13565212,0.027175138,0.6150908,0.8667992,0.7293459,0.082967065,0.7641883,0.80837786,0.3432934,0.7471414,0.21527652,0.25829002,0.36920685,0.77243716,0.002627199,0.22031948,0.5415008,0.24122465,0.7372638,0.7548737,0.005946528,0.03517445,0.41376135
10,185,11,visual,0.2599857,0.15613148,0.14669733,0.053018536,0.11887674,0.13574716,0.16006477,0.81501365,0.9057602,0.80621284,0.41964296,0.8581248,0.87333786,0.7365076,0.29893324,0.464103,0.6089058,0.7390873,0.7543768,0.54649466,0.47202626,0.14002669,0.15259346,0.6464838,0.7131683,0.5777267,0.56592536,0.6967846
10,185,12,visual,0.015099772,0.25031853,0.026946869,0.090045966,0.11921353,0.063017644,0.027915692,0.6545936,0.90316,0.65856105,0.012949843,0.8644232,0.8547306,0.5052846,0.4256981,0.3871231,0.5052839,0.5233429,0.6296533,0.044637255,0.13121092,0.61267704,0.09038185,0.5535528,0.6111774,0.11512025,0.09820948,0.41172293
10,185,13,visual,0.018852498,0.47649825,0.09534968,0.36598772,0.22022514,0.11532144,0.061789718,0.88230217,0.95473176,0.79201925,0.18948467,0.8899982,0.9167755,0.80456495,0.40075386,0.8510579,0.790826,0.8281748,0.73662513,0.57473487,0.05623852,0.7535456,0.79381555,0.7336517,0.7361011,0.5850989,0.51501775,0.29504505
10,185,14,visual,0.042444058,0.13021648,0.028548425,0.21901064,0.49323052,0.17451285,0.012479999,0.81786686,0.8410716,0.701874,0.0009699978,0.8041063,0.7641382,0.64794666,0.5538053,0.040162936,0.47603568,0.66655296,0.75118154,0.055584423,0.47265667,0.6985548,0.035981506,0.6406103,0.7460486,0.30936563,0.018814854,0.62770367
10,185,15,visual,0.22409186,0.39728618,0.090068944,0.19807556,0.21872464,0.09528088,0.13911901,0.79835665,0.872027,0.7979914,0.16892831,0.77731884,0.7893858,0.7248607,0.30566224,0.30614087,0.72605234,0.77210814,0.74599105,0.253649,0.124844134,0.70615464,0.43853703,0.7582805,0.7425189,0.2042651,0.23696375,0.27101767
10,186,1,visual,0.08160794,0.48826566,0.057856694,0.07009625,0.03328399,0.018514726,0.02890857,0.59378266,0.91133916,0.7196863,0.23126929,0.7157787,0.81201285,0.433571,0.61032176,0.2160386,0.27317503,0.5086182,0.7236105,0.06255569,0.006308557,0.72540313,0.22036526,0.741142,0.73108244,0.016709756,0.0902796,0.2890968
10,186,2,visual,0.45817682,0.29937902,0.37425262,0.058503278,0.23703265,0.32728428,0.3943417,0.61516225,0.8882065,0.78861076,0.053733606,0.87091017,0.8364843,0.061776917,0.7361129,0.18616338,0.008156687,0.06903186,0.6941499,0.31504455,0.3440732,0.667368,0.6617644,0.6703495,0.7058519,0.10456762,0.21574636,0.6049146
10,186,3,visual,0.32629526,0.12681808,0.24889576,0.25599214,0.26870382,0.2750339,0.27830395,0.69770753,0.895484,0.7870456,0.23148103,0.7998772,0.8313329,0.242788,0.72009593,0.21234092,0.42543522,0.4024294,0.7451787,0.34866276,0.36888424,0.9122443,0.6030884,0.7448935,0.75945723,0.24783222,0.30577165,0.17578696
10,186,4,visual,0.52996784,0.19144909,0.31461734,0.30580074,0.41837937,0.32430363,0.3758405,0.9173822,0.9614253,0.8504805,0.051693764,0.93771046,0.92772526,0.79507005,0.5180794,0.24470484,0.8102,0.8443196,0.77132404,0.1698122,0.2301136,0.8894167,0.5886419,0.777294,0.7824742,0.15242253,0.12060232,0.6765217
10,186,5,visual,0.12644106,0.35465315,0.087695226,0.23863207,0.33052003,0.024796557,0.10840526,0.87584186,0.89738244,0.72502685,0.48411927,0.8923507,0.8432626,0.84234285,0.38750973,0.3472311,0.8083035,0.8646651,0.7301105,0.46401745,0.5157293,0.5609012,0.17530435,0.646267,0.72633874,0.46159458,0.4577226,0.65034187
10,186,6,visual,0.2730649,0.27354807,0.1143027,0.19781944,0.13359883,0.1863234,0.16631189,0.729688,0.914065,0.7342319,0.20161527,0.8494149,0.8563458,0.6440148,0.46949586,0.13273618,0.59593993,0.69858205,0.72936153,0.11489864,0.15524971,0.7958646,0.2516826,0.70521784,0.7137484,0.09496171,0.17662404,0.15833022
10,186,7,visual,0.017069854,0.38297093,0.03441375,0.27999213,0.21382801,0.050061263,0.008777151,0.81674904,0.88611025,0.807402,0.09991215,0.87233293,0.81881243,0.75402206,0.37381485,0.45938045,0.65991026,0.79297936,0.8164465,0.080156095,0.18227284,0.73482525,0.18715891,0.7871169,0.80583286,0.14037234,0.13783273,0.5897013
10,186,8,visual,0.6871737,0.8717032,0.8875869,0.9109938,0.5873805,0.9030018,0.87180763,0.007371098,0.94933,0.934175,0.2115579,0.90954155,0.9181855,0.70728576,0.95512754,0.013412716,0.7137944,0.6396552,0.9178747,0.20126137,0.290048,0.9119801,0.7483153,0.9095408,0.9218946,0.21973939,0.1420869,0.68381286
10,186,9,visual,0.3859522,0.4535915,0.5755541,0.67930156,0.01801049,0.53122634,0.5234156,0.45413092,0.9554208,0.8642168,0.14188105,0.93156934,0.91013277,0.460615,0.907399,0.12441137,0.40638173,0.26843715,0.8278295,0.100821234,0.12390719,0.8430034,0.031239659,0.8214657,0.8420906,0.107275926,0.087242916,0.70594466
10,186,10,visual,0.04595775,0.13599087,0.13870981,0.42552868,0.087817594,0.08674871,0.107629985,0.6941691,0.8688489,0.75184494,0.07908878,0.84370685,0.84347785,0.10919386,0.80914927,0.3643328,0.20337705,0.21557765,0.711082,0.1851225,0.42480686,0.6993029,0.2306668,0.64699954,0.7038196,0.3308643,0.18393636,0.6117936
10,186,11,visual,0.073220566,0.068078816,0.041430663,0.25928572,0.053377073,0.06766293,0.0004768756,0.81858677,0.9151395,0.7876271,0.36742598,0.8898016,0.857968,0.31629473,0.727439,0.24112308,0.092814215,0.4465185,0.7031951,0.27777818,0.48776662,0.736611,0.16680726,0.5951328,0.685928,0.36857057,0.29160446,0.6948124
10,186,12,visual,0.2632878,0.6752295,0.45267743,0.64371145,0.051417135,0.47540995,0.41431484,0.87320817,0.9507661,0.8867474,0.07940454,0.879608,0.8992574,0.6798129,0.62868017,0.2745765,0.5490656,0.70804834,0.83094656,0.06802884,0.23205335,0.7692291,0.054705027,0.80965453,0.8334584,0.022921039,0.016634302,0.4979915
10,186,13,visual,0.08463144,0.03301542,0.21715124,0.0899244,0.17681007,0.16245617,0.18749319,0.66826457,0.8518006,0.7542704,0.037834708,0.7297599,0.77967685,0.36852747,0.47892326,0.65996337,0.30123508,0.45521915,0.7670732,0.19729419,0.18332165,0.7216096,0.52630067,0.7716879,0.7571853,0.115339555,0.12428701,0.20495465
10,186,14,visual,0.20782577,0.425602,0.0005268993,0.05325728,0.14534812,0.026671235,0.013218761,0.81305605,0.96243113,0.77660936,0.17571092,0.8857762,0.94183,0.6318618,0.46664715,0.62547344,0.6297695,0.6856116,0.7366864,0.1392062,0.18384111,0.52256316,0.27556702,0.7019989,0.7038334,0.078164585,0.11678528,0.316964
10,186,15,visual,0.27600563,0.04768745,0.26988894,0.23989728,0.3543764,0.3760165,0.3377956,0.820558,0.85265005,0.73548317,0.21898042,0.6349092,0.75451905,0.67993945,0.52161276,0.29513627,0.834231,0.7719788,0.70481884,0.056651626,0.5115881,0.96330905,0.40540826,0.77919835,0.7333339,0.14557733,0.14731632,0.069295034
10,187,1,visual,0.21492924,0.34365198,0.10745679,0.16732131,0.054639,0.15813184,0.1486827,0.8919707,0.9126494,0.78962195,0.4064667,0.8477017,0.87237734,0.81960565,0.37356374,0.2971581,0.8519086,0.8508311,0.7242172,0.12869263,0.2218824,0.401927,0.32617468,0.6268985,0.689971,0.21275604,0.15493216,0.36226547
10,187,2,visual,0.35615355,0.31435037,0.4183547,0.31823733,0.14910778,0.25651878,0.3507578,0.5235923,0.91719145,0.8020607,0.20710033,0.84329224,0.8354897,0.07098499,0.753297,0.17861573,0.018448124,0.10460137,0.7926581,0.23270719,0.104105234,0.8257194,0.17343077,0.7734182,0.7931948,0.33006594,0.3109523,0.30755892
10,187,3,visual,0.8963745,0.98035234,0.96967196,0.95744956,0.93910855,0.9684359,0.9588372,0.9953683,0.9976195,0.9968233,0.9136846,0.9960519,0.996132,0.9853007,0.9972616,0.8004026,0.98486227,0.99000394,0.99792635,0.8703235,0.75560117,0.9962392,0.9381118,0.9979885,0.99763507,0.8724783,0.8840652,0.98685604
10,187,4,visual,0.19270371,0.12933291,0.18205878,0.20320947,0.15073004,0.17516024,0.1385864,0.40080783,0.76457363,0.7102336,0.06101403,0.66205823,0.6409995,0.082156695,0.85747975,0.011020248,0.34247836,0.040293656,0.81327945,0.04432101,0.2655283,0.50033057,0.0678455,0.7547671,0.79756993,0.16599154,0.010602901,0.5506137
10,187,5,visual,0.07969443,0.45427558,0.17450014,0.18064965,0.2844915,0.17060784,0.12953457,0.7360322,0.85030687,0.6259723,0.26072457,0.6148083,0.7403547,0.60533565,0.44214416,0.7570238,0.7608166,0.67807007,0.6970858,0.40318838,0.122467026,0.5011341,0.70228714,0.6620457,0.6542053,0.46208254,0.44067675,0.033177696
10,187,6,visual,0.11176435,0.51036084,0.1117789,0.014475217,0.05221934,0.22914329,0.12140296,0.63084126,0.70539594,0.7007181,0.2341421,0.6100908,0.59482044,0.6566923,0.56912714,0.55764616,0.6021359,0.7129837,0.79399407,0.025700916,0.22648865,0.29823035,0.06421534,0.689183,0.7521901,0.0928262,0.088366695,0.32932436
10,187,7,visual,0.13074492,0.16779457,0.06313638,0.20990358,0.29457104,0.082170665,0.029332623,0.63546973,0.7285913,0.6209336,0.14240383,0.5361534,0.596053,0.31488177,0.70230454,0.042601902,0.32062498,0.45828405,0.6874298,0.092669204,0.20305382,0.59402525,0.24548046,0.72589487,0.6890742,0.17695391,0.09450273,0.05581251
10,187,8,visual,0.056290902,0.2133511,0.006349514,0.18240526,0.03624419,0.036256384,0.042365566,0.45122623,0.7219719,0.6622085,0.17196056,0.52092487,0.5935939,0.07918088,0.7638146,0.09237455,0.12982675,0.14247163,0.76470035,0.10272122,0.15478621,0.6410077,0.103550516,0.760072,0.7499539,0.30296135,0.13210055,0.1453738
10,187,9,visual,0.11655173,0.014466697,0.08355148,0.29854143,0.27672908,0.16944751,0.043090142,0.38841817,0.78394276,0.68791974,0.0060466137,0.6011916,0.6522037,0.2906696,0.8707796,0.18138172,0.17517865,0.11325825,0.764847,0.04910219,0.11478781,0.8142015,0.068246864,0.7091349,0.7582016,0.25178364,0.037787966,0.37686336
10,187,10,visual,0.013448503,0.015414981,0.025025696,0.20929617,0.15821506,0.024991412,0.083414815,0.7316951,0.8226789,0.7013565,0.18481664,0.7237954,0.7527123,0.27209482,0.7252017,0.21267058,0.17857103,0.38639134,0.76288354,0.20936403,0.25553587,0.40417936,0.029240498,0.7152353,0.739387,0.26665166,0.24132963,0.46867245
10,187,11,visual,0.059243135,0.19734143,0.14217246,0.31297237,0.32673383,0.20780708,0.16468745,0.74335325,0.92077154,0.7590953,0.42534232,0.8186056,0.85843724,0.1941581,0.7672555,0.58991826,0.10447523,0.31107765,0.7691286,0.49099517,0.09580742,0.57380545,0.56874335,0.7239931,0.7429886,0.46628347,0.4602392,0.41742814
10,187,12,visual,0.1702697,0.16372041,0.15604033,0.08900666,0.3869928,0.22390041,0.20044497,0.8039777,0.8677869,0.7330149,0.42942938,0.80794203,0.7790202,0.6163925,0.598007,0.60839397,0.64174926,0.7222917,0.69232404,0.53900737,0.07328714,0.59689134,0.40339872,0.67636436,0.68709964,0.56194335,0.48449007,0.38988996
10,187,13,visual,0.18077172,0.03421139,0.12845527,0.27662063,0.040921535,0.055616643,0.16795444,0.79622376,0.90977216,0.77733445,0.25292036,0.8264036,0.84173036,0.4903268,0.7480293,0.32153052,0.26455164,0.6119346,0.77721155,0.31368145,0.20862564,0.83146334,0.026347319,0.7345981,0.7701185,0.3267116,0.36574996,0.5902823
10,187,14,visual,0.10890894,0.10466906,0.0152556,0.2598902,0.011201801,0.033043593,0.09061504,0.8087475,0.94070774,0.81458056,0.088963196,0.75364316,0.8341297,0.028867863,0.86699474,0.42507148,0.070708215,0.17741114,0.7886982,0.2038795,0.057006296,0.3645365,0.64335716,0.7571669,0.7275978,0.020457264,0.11491601,0.14554238
10,187,15,visual,0.08571661,0.2490003,0.08245683,0.14784674,0.23523098,0.20217882,0.046327714,0.76541835,0.8539754,0.71263474,0.045939166,0.7396341,0.78834015,0.34174725,0.70892876,0.46221027,0.15450227,0.4427414,0.69198066,0.32337222,0.025810175,0.53911996,0.64159214,0.6783112,0.66987264,0.43694443,0.3487329,0.22667542
10,188,1,visual,0.34600887,0.06624663,0.3457887,0.058416672,0.20712948,0.40883976,0.4106158,0.72928405,0.8988327,0.6774628,0.2576602,0.8099387,0.8089263,0.48492602,0.6251231,0.1380025,0.40755278,0.6123869,0.682956,0.3881041,0.018286675,0.88790953,0.8448867,0.71067846,0.70224565,0.37890497,0.3283116,0.55397946
10,188,2,visual,0.4221476,0.09975284,0.37415692,0.33497363,0.13054296,0.40529934,0.41218343,0.71234465,0.93242925,0.8785977,0.008689844,0.89462525,0.9021473,0.31798452,0.840897,0.24721467,0.33121505,0.4220848,0.8742986,0.21635494,0.022305323,0.86373997,0.6108006,0.87795496,0.8787461,0.0047132117,0.14463589,0.4286042
10,188,3,visual,0.99648684,0.94881344,0.9762767,0.99833065,0.5035383,0.9807936,0.9398623,0.9985104,0.9997176,0.9990344,0.39599693,0.9995384,0.99939024,0.94586056,0.9983326,0.59565,0.9703526,0.5381178,0.99807066,0.6458715,0.9114552,0.9995948,0.9276123,0.997969,0.9984597,0.6649876,0.5748112,0.99335396
10,188,4,visual,0.77623117,0.052202154,0.03185261,0.84569526,0.13929883,0.027611528,0.24334419,0.9358658,0.9696294,0.9591911,0.004231799,0.9438299,0.9555586,0.37483716,0.9290171,0.4063452,0.328175,0.6783803,0.9205476,0.34407648,0.058449365,0.89978486,0.4310159,0.9146755,0.9284428,0.39273205,0.33130452,0.6481774
10,188,5,visual,0.776151,0.624853,0.6970199,0.96795535,0.23263834,0.7113224,0.5476877,0.9684779,0.9897877,0.9829968,0.69778657,0.9875185,0.98385555,0.46892163,0.9806016,0.36444524,0.5574862,0.031016994,0.9619244,0.38397217,0.43703982,0.992084,0.1604554,0.96389663,0.9679947,0.39369214,0.4154528,0.88773435
10,188,6,visual,0.6403489,0.29667255,0.06089627,0.80721754,0.027772143,0.106348805,0.07085923,0.8402916,0.93965745,0.84861135,0.37278748,0.91772735,0.9149874,0.38735992,0.81906646,0.1094467,0.28758624,0.5279586,0.79161936,0.061491553,0.20293151,0.82559276,0.58991313,0.7789692,0.7966989,0.045212816,0.14021593,0.6012763
10,188,7,visual,0.92800224,0.20327571,0.0722316,0.89856774,0.18189305,0.064150035,0.22503361,0.97356313,0.9952608,0.9535716,0.64296526,0.98657644,0.99201435,0.19499779,0.9368383,0.17899449,0.14115012,0.2882893,0.88996804,0.18484518,0.117051795,0.98604614,0.6890569,0.90342724,0.90889883,0.24962442,0.28970987,0.6335361
10,188,8,visual,0.025179587,0.12717685,0.022187497,0.20806189,0.03215654,0.005898617,0.026878811,0.67306685,0.83363736,0.71426123,0.35466507,0.7035062,0.7339772,0.11399365,0.75018847,0.30805176,0.2653541,0.25031477,0.70656264,0.20596784,0.14283812,0.6194242,0.08078977,0.7194359,0.69144905,0.3902357,0.2994197,0.18742599
10,188,9,visual,0.07550368,0.23433599,0.04964695,0.2755728,0.2606366,0.02202732,0.0033460231,0.7861726,0.8601906,0.6864462,0.14361045,0.82668585,0.79923534,0.64073616,0.4852554,0.51397425,0.49905226,0.6802598,0.6782536,0.12027218,0.23397303,0.6378084,0.4349497,0.59063196,0.6506736,0.2117811,0.103672355,0.46796566
10,188,10,visual,0.32270443,0.08005931,0.21285743,0.24708512,0.22367941,0.22492331,0.26840845,0.7532269,0.85688025,0.6922872,0.034869216,0.79122883,0.7612038,0.43435383,0.64729047,0.06742514,0.29478,0.6207703,0.69160336,0.04030164,0.18939494,0.8608065,0.10154865,0.6557894,0.69037384,0.0950259,0.072536856,0.56406873
10,188,11,visual,0.20237446,0.13212211,0.112176634,0.18363747,0.04566249,0.012100177,0.1417538,0.6811661,0.9475163,0.7869976,0.24463437,0.88424075,0.91055894,0.2980421,0.8384061,0.20654996,0.27341086,0.086229935,0.7064158,0.12339512,0.067238785,0.8348197,0.29819462,0.71329224,0.70557195,0.13496682,0.16380018,0.42601946
10,188,12,visual,0.044003546,0.1387381,0.12352611,0.041422807,0.14100675,0.09176356,0.10777618,0.7976029,0.7453045,0.6972365,0.3475035,0.6314106,0.6493603,0.2781619,0.7071079,0.52739716,0.04478452,0.41562158,0.6650889,0.5128936,0.44886413,0.5687936,0.27961507,0.55568373,0.6627985,0.5916887,0.5781702,0.66007733
10,188,13,visual,0.23021895,0.09710121,0.25809285,0.16081247,0.29782027,0.08253483,0.27427718,0.8338656,0.9136131,0.7429449,0.058962274,0.78580934,0.8519107,0.57846814,0.5773737,0.22804803,0.50218,0.68006176,0.7276357,0.20922928,0.067172214,0.5028937,0.39940745,0.6876109,0.70482117,0.29508165,0.2652211,0.31936538
10,188,14,visual,0.32847598,0.07046192,0.20816368,0.096149005,0.14591521,0.11166071,0.26808906,0.87797546,0.9128686,0.78613377,0.020259082,0.88082445,0.8982302,0.7561804,0.3247778,0.35739657,0.6756678,0.78294736,0.67816037,0.21283741,0.19951102,0.6565677,0.4345057,0.66828835,0.6824711,0.18830422,0.15638179,0.47814393
10,188,15,visual,0.14144236,0.28484845,0.027717087,0.31122568,0.33262086,0.08525816,0.1300365,0.9175225,0.8491289,0.76991886,0.58086973,0.7086456,0.7703313,0.89889765,0.6384589,0.38859347,0.91592187,0.9226593,0.7863723,0.61055565,0.09526801,0.8735482,0.070369795,0.7900151,0.7928497,0.7223737,0.67294866,0.3545793
10,189,1,visual,0.1541334,0.04328451,0.17237401,0.07061914,0.12713996,0.1377715,0.20662348,0.50699973,0.81654084,0.68376386,0.05832901,0.68232894,0.70587504,0.13682507,0.78453463,0.1485135,0.1242223,0.27535206,0.7727415,0.1267165,0.008696136,0.6593963,0.31990877,0.76583415,0.7661512,0.047632575,0.05744598,0.31251457
10,189,2,visual,0.17463848,0.17917411,0.1996643,0.15937915,0.21107686,0.11285569,0.25541368,0.87940353,0.8819918,0.72874695,0.036323167,0.77352345,0.77502894,0.7241938,0.5410829,0.08603571,0.66850233,0.80291224,0.75482786,0.05559839,0.20442435,0.7490952,0.004514179,0.7022265,0.74660003,0.20820095,0.0837979,0.57381284
10,189,3,visual,0.04879797,0.17075598,0.02559216,0.37037838,0.20202887,0.052893803,0.067139514,0.8429761,0.90697044,0.7407596,0.2632922,0.83772403,0.8447773,0.61291206,0.6536249,0.069106594,0.38946345,0.70193744,0.75275093,0.20504841,0.31750914,0.7692517,0.08529043,0.6985966,0.73328984,0.093214095,0.23359981,0.6068139
10,189,4,visual,0.012541766,0.4352842,0.00063363276,0.28411293,0.26719385,0.12280302,0.0009654638,0.78982484,0.5981257,0.6363181,0.27665952,0.5420063,0.45104384,0.71644956,0.63319993,0.17172469,0.66578585,0.76694536,0.82960594,0.34854862,0.15030959,0.7683812,0.05899319,0.78404576,0.80937135,0.46907678,0.3752107,0.45346275
10,189,5,visual,0.111614905,0.37167692,0.12083109,0.32518065,0.26518232,0.08660896,0.08995467,0.7879757,0.89453316,0.6812497,0.074855864,0.7822,0.801931,0.6572379,0.5893126,0.08102461,0.67259467,0.7378933,0.7666399,0.14350063,0.060127247,0.7610815,0.16459036,0.7304419,0.7459407,0.25868818,0.1408609,0.3561404
10,189,6,visual,0.14809738,0.065612696,0.1286636,0.26785484,0.40109032,0.23276323,0.20065662,0.7569696,0.8280452,0.6920797,0.21299608,0.7550325,0.7699975,0.5518076,0.56518024,0.116521284,0.62685233,0.6418285,0.6939539,0.14152215,0.019023862,0.78737366,0.107331865,0.68537265,0.68759876,0.2573281,0.123465985,0.31466326
10,189,7,visual,0.1807869,0.25241044,0.06405112,0.07143261,0.1735997,0.01859752,0.108762436,0.8747542,0.92019355,0.76029783,0.19049951,0.87014073,0.8904914,0.69633055,0.43883052,0.003383128,0.6318466,0.77908105,0.6980897,0.07294785,0.22519517,0.67790806,0.32302076,0.64995396,0.6853239,0.08202633,0.08117818,0.5970756
10,189,8,visual,0.004435768,0.19928373,0.049821686,0.17401038,0.25057983,0.0020386297,0.10637371,0.80997217,0.84914935,0.75190586,0.18728483,0.76308185,0.7744196,0.70325404,0.51079977,0.6056861,0.7382365,0.72449934,0.7757048,0.03762875,0.14357154,0.5719272,0.39161405,0.7806006,0.7508279,0.08777982,0.054248605,0.36929375
10,189,9,visual,0.09967255,0.04278729,0.04494896,0.22310038,0.0367389,0.17641798,0.0915972,0.75570804,0.8346953,0.7182607,0.17536156,0.73197025,0.73396474,0.5158803,0.6534436,0.12666868,0.5476933,0.65274847,0.7181334,0.16467972,0.24397516,0.81459385,0.35721657,0.7439837,0.73585725,0.119909786,0.13395658,0.21870235
10,189,10,visual,0.63677734,0.84912115,0.92141855,0.9713968,0.59839845,0.93605316,0.908142,0.12831537,0.9851444,0.9731317,0.45442417,0.9752748,0.9771156,0.817449,0.97031343,0.30850506,0.8404109,0.7560174,0.9549915,0.0031400167,0.3727478,0.9748814,0.6979425,0.95400393,0.9625256,0.003030416,0.1362848,0.8975585
10,189,11,visual,0.0065732477,0.24038091,0.03448375,0.33543858,0.24541992,0.0534705,0.0036440217,0.7150734,0.76811814,0.75531006,0.028286224,0.6553434,0.6652069,0.48945674,0.76412755,0.3507344,0.51412344,0.5929921,0.81065637,0.14473604,0.0006299707,0.5954557,0.65373945,0.8292927,0.8032836,0.04442919,0.067460366,0.38009578
10,189,12,visual,0.047369733,0.12646225,0.13236019,0.14354955,0.22127926,0.14466411,0.19337605,0.6196106,0.7569331,0.6893651,0.008769196,0.69592184,0.65772486,0.20954812,0.8430702,0.28420907,0.13838635,0.42032015,0.71901363,0.004269282,0.004346078,0.7118133,0.2858446,0.6995092,0.7244937,0.102802046,0.1039338,0.42382306
10,189,13,visual,0.49156517,0.4610082,0.6024049,0.54845524,0.045603976,0.552947,0.5471972,0.41676047,0.90795046,0.84962106,0.15926966,0.8014898,0.85996735,0.32408783,0.8064067,0.28253445,0.18603206,0.107487835,0.8132624,0.32745394,0.24281533,0.9430438,0.62167275,0.8604873,0.82821286,0.25168523,0.27854255,0.18786032
10,189,14,visual,0.016636506,0.37062615,0.088807315,0.31165707,0.051526494,0.1412837,0.11002775,0.8346796,0.802386,0.84082407,0.17741553,0.8620895,0.879336,0.8580714,0.593873,0.081436455,0.7940811,0.78494096,0.86432624,0.09916865,0.40951428,0.07543788,0.29579043,0.81707245,0.83698565,0.205615,0.1902318,0.40998596
10,189,15,visual,0.11165902,0.17746584,0.03776412,0.13971943,0.05256515,0.12211375,0.124287896,0.8391206,0.92447484,0.67246294,0.2820571,0.47798067,0.72602457,0.55886585,0.6715799,0.23152459,0.763627,0.7661009,0.7237036,0.19454987,0.5284973,0.8721304,0.066431955,0.8032812,0.77046365,0.37053344,0.35452932,0.012537621
10,190,1,visual,0.025817897,0.11150812,0.10708553,0.25699058,0.1801364,0.09500766,0.02824866,0.781044,0.9282226,0.72254795,0.25345466,0.8407677,0.87220806,0.2658959,0.6264104,0.39122885,0.3707575,0.6398069,0.6469361,0.28234655,0.31805846,0.8853833,0.47759432,0.6867001,0.7045377,0.2269587,0.321767,0.46876192
10,190,2,visual,0.3797228,0.118452944,0.24701808,0.1359046,0.19578396,0.29316798,0.30295828,0.87598896,0.9369153,0.84956026,0.18427464,0.877644,0.90645957,0.6857591,0.68232346,0.13750848,0.6986776,0.75831664,0.8157459,0.08174121,0.13960446,0.86065483,0.3677715,0.83920705,0.8275567,0.11482877,0.092717215,0.33713114
10,190,3,visual,0.2486899,0.10481788,0.12622021,0.18955603,0.5676541,0.042298,0.19866346,0.8431535,0.91193527,0.79248524,0.21481057,0.89445865,0.8859588,0.67008996,0.5212889,0.667814,0.5967467,0.7617632,0.7544043,0.33384684,0.049025808,0.83369654,0.42440888,0.763505,0.7711794,0.27538258,0.3119163,0.48676708
10,190,4,visual,0.32813418,0.04010722,0.2281512,0.104312435,0.18374659,0.17363496,0.29522377,0.9053813,0.917505,0.7766432,0.12754638,0.88445,0.89177233,0.6137358,0.5575843,0.45189935,0.4425873,0.7264467,0.6669383,0.14786752,0.27714422,0.9207246,0.41118544,0.641788,0.69073856,0.16869056,0.106038325,0.6509247
10,190,5,visual,0.6304098,0.2076688,0.56473505,0.0831028,0.2410761,0.4960601,0.60200447,0.95976424,0.9395472,0.9147081,0.33968467,0.9392939,0.9220491,0.7756591,0.717079,0.4732015,0.5419494,0.88242555,0.8142128,0.45704165,0.55458415,0.81495816,0.25002754,0.7419492,0.8245073,0.49366245,0.44325072,0.83186847
10,190,6,visual,0.02735367,0.06357491,0.0008733954,0.1292963,0.14295775,0.055785444,0.1278708,0.58267486,0.78744036,0.6400687,0.04412508,0.7319865,0.6463819,0.2038381,0.66373724,0.027217397,0.15162334,0.43921974,0.6454529,0.21079467,0.22082038,0.8577305,0.36703488,0.62074757,0.6810048,0.118014954,0.19167855,0.8075582
10,190,7,visual,0.17524108,0.16276659,0.19962332,0.20734394,0.37400988,0.17258462,0.19877712,0.78659916,0.8447545,0.82062936,0.13779166,0.7967843,0.79497325,0.5059167,0.60855085,0.63796943,0.67631555,0.5311217,0.83363575,0.11807153,0.045659956,0.62263227,0.5487131,0.8334346,0.8173025,0.015394767,0.10824204,0.31712022
10,190,8,visual,0.4137613,0.39640117,0.51304984,0.2727084,0.0053706416,0.4710716,0.53120184,0.6520486,0.8582701,0.82277274,0.48657483,0.8316273,0.8030387,0.33442387,0.599177,0.49297947,0.27304402,0.41748422,0.74281615,0.40742514,0.3702101,0.686903,0.18973672,0.6968071,0.7477303,0.6188127,0.43886817,0.69355154
10,190,9,visual,0.3432621,0.3324248,0.1317774,0.13631639,0.24071796,0.016338255,0.11931753,0.8947973,0.8924809,0.7413522,0.3263052,0.9070223,0.86791104,0.8089501,0.3689863,0.2747743,0.64133877,0.82993555,0.6765245,0.042648032,0.63171506,0.07304174,0.36058766,0.4895422,0.6243231,0.0063161785,0.104482226,0.78131163
10,190,10,visual,0.1187865,0.12191333,0.049274042,0.22344393,0.46830425,0.073953375,0.06394606,0.8369504,0.87234354,0.7182411,0.22410908,0.78142565,0.8128895,0.55119425,0.60863376,0.33924824,0.410663,0.6560543,0.7404558,0.39909407,0.08117944,0.74582,0.41674608,0.7149284,0.72533417,0.26047206,0.3806445,0.17304441
10,190,11,visual,0.29653162,0.50345886,0.011596135,0.37816158,0.269923,0.0035288392,0.12029148,0.92556274,0.95622563,0.8811444,0.3155738,0.93291086,0.9315302,0.9269905,0.3755812,0.017502975,0.9372477,0.940741,0.82715565,0.48369944,0.38784006,0.6451783,0.31357062,0.7831372,0.8204445,0.49613357,0.44494167,0.7204514
10,190,12,visual,0.3383471,0.13633513,0.24464227,0.086911194,0.12752005,0.2039583,0.26173922,0.7912303,0.8778185,0.7458963,0.110539176,0.7519402,0.8161575,0.40978932,0.65118825,0.2485536,0.48287362,0.51302385,0.6930779,0.3051008,0.09213396,0.72763956,0.14284639,0.723816,0.6855899,0.5058635,0.34935433,0.3436885
10,190,13,visual,0.24655876,0.14421628,0.17597242,0.11203726,0.080457084,0.14145204,0.21102795,0.83657753,0.85923076,0.6816237,0.027948933,0.7312964,0.75257224,0.6655407,0.48295355,0.25624,0.714817,0.7219048,0.6487044,0.07837789,0.0063896673,0.7823135,0.043119416,0.6245684,0.62745404,0.24848068,0.06555339,0.32386842
10,190,14,visual,0.39266628,0.035067625,0.36430913,0.050777957,0.48767787,0.1950854,0.41144547,0.849648,0.9447112,0.7871952,0.41582027,0.9166519,0.79554546,0.73206496,0.42860582,0.46207443,0.5856516,0.83128023,0.72048914,0.06385469,0.4956738,0.6615514,0.44507995,0.595668,0.72137725,0.17381226,0.37989792,0.8202434
10,190,15,visual,0.535554,0.21148606,0.4517763,0.17307375,0.23222508,0.43322256,0.5150174,0.9024178,0.9566485,0.7854943,0.26173088,0.89242166,0.9217764,0.7303561,0.5051676,0.1786519,0.7018553,0.82175595,0.7050052,0.30143633,0.15156609,0.83341813,0.08278097,0.6768778,0.7264675,0.34882492,0.30660492,0.6483006
10,191,1,visual,0.026882533,0.26088956,0.108562596,0.36833057,0.1824332,0.018476987,0.02272965,0.82993275,0.8989743,0.85711557,0.20144668,0.8845274,0.854015,0.63253504,0.738236,0.2527418,0.62762445,0.7033593,0.8078113,0.04825938,0.21925117,0.6403911,0.2135668,0.75523204,0.8011608,0.14435278,0.028504273,0.5267485
10,191,2,visual,0.006957823,0.2610281,0.004817528,0.24146265,0.22899541,0.053502988,0.05051898,0.6082813,0.7409508,0.74610704,0.012333023,0.58854276,0.53953373,0.4071306,0.82186157,0.07100327,0.4045865,0.588602,0.8052346,0.060685843,0.007487859,0.805188,0.37447238,0.79677534,0.7988828,0.08581785,0.003531718,0.38123584
10,191,3,visual,0.049053967,0.004185828,0.06056917,0.008547509,0.17435251,0.030003153,0.014967041,0.6858297,0.8597976,0.687105,0.13891095,0.80300623,0.7774258,0.097540855,0.73338675,0.02129348,0.19786482,0.28144902,0.6273355,0.07461966,0.062648274,0.71806854,0.22443202,0.64187694,0.6141697,0.062125385,0.055132393,0.24391967
10,191,4,visual,0.2989528,0.13571598,0.16190933,0.28092286,0.08125005,0.070019595,0.20294712,0.661722,0.79489666,0.6948428,0.1571008,0.70481557,0.676788,0.36559397,0.68545127,0.19725776,0.13481042,0.5244955,0.73949856,0.18046124,0.35385966,0.8389318,0.27833435,0.65179896,0.73254836,0.22597636,0.21754281,0.61534065
10,191,5,visual,0.05483905,0.18880402,0.06378137,0.37002495,0.20349577,0.050165698,0.012438289,0.57940304,0.75968486,0.7251249,0.03344858,0.5831194,0.47460663,0.29352078,0.8268836,0.36971536,0.073227294,0.44821057,0.81207836,0.12939271,0.065647036,0.79246074,0.11174736,0.7900417,0.82403135,0.23844923,0.25782233,0.60764873
10,191,6,visual,0.05631087,0.17017195,0.0047828685,0.25565577,0.14463334,0.038205378,0.023502966,0.8254489,0.87488824,0.75269765,0.056706328,0.78376186,0.80649734,0.5883219,0.6624909,0.0053773182,0.48233885,0.6589276,0.7260352,0.13957702,0.29875857,0.6518172,0.22173406,0.6710524,0.7191809,0.29391408,0.17972045,0.5602011
10,191,7,visual,0.021091608,0.24824072,0.011696097,0.17457557,0.029764822,0.015080197,0.01670224,0.7655869,0.76534235,0.6665178,0.6453523,0.60527927,0.60681945,0.578988,0.5310558,0.06278658,0.48597503,0.576212,0.73625135,0.5311466,0.013808617,0.65728104,0.22460781,0.67934275,0.7208398,0.6027822,0.47641826,0.26553175
10,191,8,visual,0.2929323,0.04600571,0.16179878,0.3015785,0.47238854,0.113906115,0.20105687,0.77715516,0.895948,0.6729212,0.0760964,0.8485305,0.7882374,0.4579536,0.6004026,0.6255174,0.2786243,0.5970226,0.6991102,0.35010952,0.30888832,0.768534,0.16678755,0.6394079,0.6878192,0.48626044,0.39172825,0.6426731
10,191,9,visual,0.8382227,0.9827518,0.97659785,0.9865901,0.9046327,0.9717181,0.96744794,0.994861,0.99768174,0.9943451,0.96664584,0.9972644,0.99672526,0.98888266,0.99465793,0.86999565,0.9875863,0.99170154,0.99642426,0.9355123,0.60082746,0.99592996,0.98527795,0.9961655,0.99624133,0.9281431,0.9435862,0.99212396
10,191,10,visual,0.07474147,0.295001,0.07407806,0.2868063,0.24414332,0.14823201,0.057654783,0.73055774,0.7051918,0.67464036,0.018814834,0.6826657,0.60886306,0.52411485,0.7223892,0.02973775,0.14083922,0.62210214,0.7635828,0.11800037,0.3190556,0.6392421,0.5174912,0.69372064,0.7531301,0.023865987,0.09830947,0.5320447
10,191,11,visual,0.0917945,0.041481443,0.043029893,0.3733567,0.0688183,0.1524284,0.08049652,0.74302465,0.85285103,0.7437462,0.31215534,0.68792087,0.74548167,0.0141767245,0.8286368,0.4334772,0.021272168,0.24740791,0.7202697,0.32156238,0.24928057,0.7500529,0.64787805,0.7654741,0.7210536,0.19787635,0.28171578,0.10355586
10,191,12,visual,0.07031872,0.14698207,0.16829096,0.03444569,0.1462375,0.14750582,0.1853268,0.72162616,0.8521164,0.745442,0.38475683,0.6911677,0.7706733,0.42872116,0.6782094,0.5349966,0.64686155,0.52273494,0.68549234,0.3816575,0.32685408,0.5963278,0.49673256,0.7087932,0.6688637,0.39605123,0.31383145,0.02273364
10,191,13,visual,0.13903932,0.32537133,0.075604714,0.44147766,0.05373682,0.10950005,0.012603444,0.6742406,0.7096324,0.7998166,0.008046763,0.64067495,0.57973194,0.65957624,0.75400823,0.39299867,0.5900362,0.724643,0.84088945,0.15004373,0.24407747,0.79126346,0.623764,0.8562624,0.8176323,0.08924299,0.12665279,0.028303402
10,191,14,visual,0.036377504,0.26889294,0.021998907,0.31743398,0.113324285,0.030169483,0.07024878,0.7834054,0.84273416,0.75055957,0.09609042,0.64644,0.7599143,0.6347835,0.6623177,0.16772531,0.74079573,0.71903807,0.8048668,0.07498412,0.04311008,0.76166403,0.42695647,0.7740507,0.7960379,0.111839384,0.053476565,0.26859802
10,191,15,visual,0.072906666,0.22721574,0.008766918,0.3041367,0.10677768,0.004206143,0.03508162,0.702297,0.81786776,0.7553695,0.12485404,0.73343927,0.74246633,0.4978669,0.70781934,0.21339078,0.42714217,0.54046875,0.7912489,0.12386681,0.31264326,0.43022662,0.2692652,0.7343472,0.7520905,0.076172985,0.08621169,0.547507
10,192,1,visual,0.16480242,0.021666933,0.08173147,0.22872443,0.08599585,0.032661367,0.14930339,0.76930255,0.80987793,0.7221522,0.24904415,0.7934928,0.69006145,0.37006384,0.70290476,0.22846293,0.039431524,0.49323073,0.7149205,0.088556096,0.43402433,0.75171036,0.09848719,0.62242204,0.70231616,0.004307164,0.07917318,0.6629914
10,192,2,visual,0.5496615,0.2268477,0.26171649,0.14793411,0.27501848,0.30886695,0.28863198,0.90008324,0.97181237,0.868381,0.12909366,0.9019733,0.96215075,0.4044905,0.6706067,0.42801583,0.5961274,0.54882777,0.7037905,0.1882891,0.50513554,0.78032434,0.5108588,0.75094587,0.7118479,0.17062823,0.12697287,0.16503681
10,192,3,visual,0.30688557,0.010088767,0.30314845,0.002125385,0.038036868,0.18919778,0.3552534,0.8048798,0.81207824,0.7928882,0.0664276,0.7783129,0.7139916,0.7575869,0.66033274,0.2579956,0.6099752,0.80779463,0.73855615,0.03452282,0.0943704,0.83129233,0.34582105,0.7095898,0.7356421,0.042877406,0.02451617,0.5095763
10,192,4,visual,0.14610909,0.046604868,0.12145489,0.30048296,0.12052499,0.23099326,0.17885986,0.86098164,0.8808788,0.8086671,0.3023513,0.72796553,0.74577624,0.72781247,0.62102056,0.58691037,0.762818,0.7461636,0.78335845,0.29647544,0.11410272,0.6586754,0.14116235,0.7689516,0.79692626,0.44956532,0.28439558,0.35587204
10,192,5,visual,0.27462256,0.029256988,0.30608988,0.042399853,0.15182647,0.1599789,0.34374925,0.85851717,0.8233194,0.7136649,0.47232226,0.8206346,0.715777,0.833104,0.45524967,0.1215933,0.70416987,0.8608042,0.715536,0.22405756,0.5235313,0.72160816,0.27995455,0.65017277,0.7283449,0.14532615,0.28558683,0.75951314
10,192,6,visual,0.38655803,0.39830872,0.22431457,0.18983114,0.0589972,0.02232999,0.24598469,0.78905004,0.8782719,0.7876327,0.061433956,0.8467795,0.82505697,0.78827345,0.5167769,0.28817314,0.6477843,0.81907785,0.7307506,0.09735812,0.6186038,0.087583326,0.25387052,0.5124795,0.67776144,0.43694466,0.24249032,0.7598288
10,192,7,visual,0.17116083,0.24618542,0.16356842,0.06431966,0.13718122,0.20514205,0.19562387,0.82059693,0.84269273,0.6616646,0.22884837,0.6060449,0.758597,0.6377177,0.51158684,0.19569549,0.7979302,0.71719134,0.69765043,0.27407342,0.07172619,0.6635243,0.09353089,0.6262433,0.66971457,0.5831682,0.32160306,0.21978211
10,192,8,visual,0.27158296,0.021377757,0.21631539,0.24365887,0.1971903,0.23165792,0.29045972,0.90070176,0.9293726,0.8508295,0.021190105,0.8848277,0.78502023,0.6776643,0.78891116,0.037405808,0.6990952,0.8249271,0.80371076,0.14217551,0.16361605,0.7840151,0.02593921,0.7953744,0.85236734,0.18316032,0.14405821,0.63786876
10,192,9,visual,0.037940513,0.113243364,0.08209916,0.072471425,0.14370961,0.107826516,0.08922557,0.819839,0.84529734,0.7530187,0.014542183,0.76916015,0.73807025,0.58296895,0.63206387,0.011977599,0.3105088,0.6864385,0.6905399,0.059395246,0.24575332,0.6280832,0.23980545,0.6410763,0.698752,0.07260586,0.052137483,0.6423211
10,192,10,visual,0.16178998,0.33929065,0.24874276,0.40760896,0.1253942,0.119881146,0.22772501,0.8099127,0.8603163,0.76148266,0.22029147,0.65891707,0.74918216,0.6985068,0.6217969,0.054201927,0.7906483,0.5643803,0.7513646,0.095841266,0.4404559,0.10451009,0.3049841,0.77904624,0.7104285,0.23908259,0.20773081,0.26238933
10,192,11,visual,0.00951431,0.2701345,0.11218004,0.42463273,0.11264265,0.05934034,0.06627756,0.8542685,0.89590186,0.7743321,0.09574182,0.82935727,0.8342458,0.7123328,0.64420086,0.18994927,0.70050365,0.7912447,0.75845927,0.09238427,0.06904591,0.7515898,0.114808135,0.75174373,0.75043774,0.065386295,0.06939541,0.46377042
10,192,12,visual,0.26492685,0.22188912,0.0063882754,0.3011016,0.27264282,0.072858915,0.05429319,0.9475457,0.95586854,0.869398,0.262841,0.93595016,0.9409763,0.8402583,0.66857034,0.12343042,0.72856057,0.8804129,0.7641937,0.25842845,0.1604953,0.8461316,0.40762988,0.74421704,0.7791942,0.12121501,0.255004,0.57402384
10,192,13,visual,0.06972715,0.40384918,0.04892479,0.19646928,0.033259373,0.12826703,0.02522107,0.9264994,0.9164478,0.78107387,0.36546978,0.8460155,0.8556245,0.90030813,0.40865088,0.37406707,0.84722716,0.92122775,0.74613214,0.09787125,0.05609616,0.84257674,0.36515918,0.7617359,0.7593345,0.13821954,0.17682338,0.42794234
10,192,14,visual,0.23786417,0.04702673,0.1480608,0.17487445,0.5070773,0.02360153,0.23888162,0.7877293,0.8885938,0.76296467,0.44802752,0.79502326,0.77882516,0.51294756,0.7381233,0.62321293,0.40357664,0.6171787,0.74351645,0.55963904,0.29663777,0.675769,0.3315605,0.6440349,0.73283786,0.5307647,0.54397756,0.54418164
10,192,15,visual,0.622298,0.67702204,0.2639572,0.015742756,0.27661312,0.14660126,0.2966264,0.16777389,0.18339078,0.21121962,0.7855087,0.13669617,0.18121643,0.23138738,0.30305323,0.83554524,0.19451383,0.22320345,0.65325886,0.40811324,0.4911923,0.42888802,0.24239808,0.51756096,0.6704227,0.33532023,0.3550771,0.767465
10,193,1,visual,0.062268123,0.067075334,0.17605686,0.07169141,0.26429713,0.3008932,0.22685544,0.42831737,0.21045215,0.021544252,0.23915806,0.23335606,0.27458036,0.5961874,0.6187537,0.3464091,0.6385122,0.592767,0.7188161,0.16610424,0.103812896,0.8350138,0.41692832,0.7427784,0.74358684,0.035142723,0.12798318,0.37800205
10,193,2,visual,0.06264215,0.22682077,0.085015684,0.38078135,0.39457586,0.027126387,0.057224922,0.5987695,0.72856694,0.74730533,0.16465032,0.6087596,0.5859094,0.5188039,0.66253656,0.38929123,0.36879036,0.507481,0.7914405,0.36708727,0.19779511,0.5070488,0.59916705,0.8189953,0.7879199,0.38242942,0.41828173,0.07818016
10,193,3,visual,0.27514106,0.48093984,0.614362,0.7379037,0.62965065,0.67553264,0.58812803,0.68769026,0.91180456,0.81763273,0.58765477,0.89338565,0.8794297,0.3727314,0.87577254,0.49886128,0.47188827,0.21651755,0.7652685,0.43607113,0.3400563,0.67404926,0.509513,0.73117316,0.76390773,0.51236534,0.47922677,0.53240174
10,193,4,visual,0.09023621,0.23681167,0.072910935,0.22064039,0.29010716,0.017154371,0.03595909,0.7748222,0.80766046,0.6961243,0.1485295,0.65844184,0.684141,0.6102716,0.63386613,0.046846684,0.62507516,0.71522593,0.6842987,0.18647973,0.09354707,0.85023046,0.088886894,0.6716409,0.6744304,0.18183964,0.21203862,0.24377735
10,193,5,visual,0.07959961,0.009090074,0.10660254,0.36278966,0.04024887,0.008451804,0.10887109,0.84743506,0.86033356,0.7837005,0.0178251,0.7427755,0.78390163,0.5003508,0.8052153,0.14214037,0.4817399,0.64067596,0.80026984,0.01891346,0.15541688,0.7893177,0.17431949,0.81850237,0.7908533,0.0015026114,0.013148082,0.16000752
10,193,6,visual,0.011916948,0.104294084,0.021661865,0.2042988,0.27373523,0.08956189,0.055352427,0.7446823,0.86970717,0.74570644,0.10445705,0.7764394,0.80306935,0.3429004,0.74036616,0.44471127,0.4706605,0.52159315,0.6883543,0.30155677,0.14830652,0.8216713,0.6188042,0.6855809,0.6960665,0.12247346,0.24629843,0.23766595
10,193,7,visual,0.083027676,0.19183233,0.18052016,0.2816008,0.23825762,0.12303949,0.21546675,0.8370212,0.5857774,0.6994542,0.0999698,0.32866454,0.43437785,0.73396623,0.6569467,0.032248728,0.72591114,0.78114676,0.76837665,0.1547052,0.08215085,0.68447894,0.23803481,0.78846925,0.7684125,0.1434568,0.14029762,0.20249465
10,193,8,visual,0.056740053,0.055210445,0.00016685693,0.19606248,0.29540652,0.051799826,0.023226054,0.80361944,0.86415863,0.7657163,0.35609686,0.7481704,0.81590813,0.5460652,0.8127093,0.2374517,0.5194966,0.63176495,0.77057105,0.39309263,0.008591877,0.47700036,0.45826462,0.7625958,0.7438932,0.17473988,0.36893457,0.21578556
10,193,9,visual,0.06232175,0.060513612,0.074642695,0.3277832,0.135727,0.02134849,0.014134966,0.74697876,0.81030285,0.77861184,0.0074951407,0.7268824,0.6899721,0.30236155,0.8050293,0.5055563,0.43807375,0.45335683,0.84202856,0.13372694,0.15620123,0.76585877,0.45225823,0.844631,0.8290848,0.120091476,0.0767454,0.35101345
10,193,10,visual,0.17623484,0.023132877,0.09052994,0.21123366,0.061806038,0.042140394,0.1418163,0.79879546,0.9384411,0.72753257,0.11960163,0.914048,0.8759976,0.28693098,0.6607658,0.23319584,0.26449648,0.48085687,0.66852856,0.03134561,0.15920205,0.78814596,0.39786246,0.64357406,0.67711973,0.08491425,0.012268533,0.6145671
10,193,11,visual,0.15018055,0.1008486,0.192458,0.09691396,0.007002927,0.13978344,0.22441253,0.63601506,0.7311807,0.67845047,0.06621429,0.58300644,0.52519315,0.6154975,0.6267565,0.3247191,0.33788157,0.6406557,0.7746524,0.30542052,0.188995,0.5706345,0.51097363,0.7151862,0.76775044,0.093919925,0.19188476,0.5218997
10,193,12,visual,0.054920927,0.16413802,0.04420713,0.20405126,0.012573572,0.08167312,0.01687559,0.7539768,0.81029284,0.7636968,0.0376604,0.6411065,0.7184378,0.59090465,0.64394695,0.078551054,0.6708611,0.6961268,0.7786837,0.01493084,0.011344798,0.62273145,0.31029493,0.76442534,0.7528253,0.022036467,0.043927554,0.31209743
10,193,13,visual,0.14215784,0.18051955,0.05189068,0.279041,0.17965895,0.059370004,0.02542288,0.7218566,0.7763815,0.72280306,0.0081375735,0.728076,0.7163901,0.24798733,0.78227574,0.07663179,0.071169436,0.400619,0.7578536,0.022465205,0.434904,0.58676195,0.107734285,0.6175791,0.7152445,0.18943883,0.011505504,0.6530207
10,193,14,visual,0.037470046,0.14330283,0.014269003,0.23829573,0.037884038,0.0095071895,0.09247667,0.7169066,0.74225247,0.7039396,0.07558641,0.5174128,0.47861338,0.3432529,0.76466423,0.22327301,0.37246683,0.49232817,0.797669,0.020973736,0.11515125,0.70271975,0.1709426,0.82387567,0.8023994,0.20180987,0.124710575,0.2858593
10,193,15,visual,0.005070433,0.091191344,0.03408608,0.20061196,0.1628866,0.04519044,0.00412759,0.63617676,0.7858727,0.6761393,0.11804984,0.7539578,0.71924484,0.099672124,0.78180456,0.4497879,0.29389903,0.2608547,0.69100535,0.23040368,0.034679543,0.6798251,0.48564005,0.64647317,0.6654784,0.072720975,0.22619121,0.21261112
10,194,1,visual,0.10920118,0.12137147,0.084258206,0.20897007,0.20345655,0.027092518,0.1173898,0.7982009,0.8135736,0.72682244,0.036507886,0.8031262,0.75010246,0.6825327,0.6097892,0.051094852,0.5828696,0.6988549,0.76201427,0.047443107,0.09905602,0.47508615,0.044796064,0.79008585,0.7470046,0.042202283,0.06979779,0.18722111
10,194,2,visual,0.06946028,0.44175932,0.07086666,0.10053819,0.4899344,0.11302053,0.012762929,0.8150306,0.83504415,0.8847419,0.17584248,0.78370166,0.6748636,0.70389867,0.42754406,0.23273838,0.650424,0.75244516,0.8467807,0.1710169,0.18044686,0.9126597,0.15019336,0.83280873,0.85120505,0.15548667,0.19344817,0.5873084
10,194,3,visual,0.0084539745,0.46494663,0.08732396,0.4058725,0.27061278,0.067109786,0.05009407,0.7016135,0.81233275,0.8382859,0.06720025,0.7732347,0.73779875,0.6752257,0.7185176,0.013869511,0.6678704,0.7343638,0.8398598,0.014559631,0.003912976,0.7067831,0.24844238,0.819249,0.8371766,0.082062475,0.063658886,0.46634653
10,194,4,visual,0.052836932,0.118048236,0.12103915,0.16747838,0.37826738,0.09400688,0.18761404,0.6446994,0.7878603,0.78354466,0.30149904,0.81035805,0.7421386,0.5849298,0.7648798,0.013027891,0.5545921,0.65022206,0.791369,0.24803336,0.1382387,0.6281485,0.08164956,0.8054238,0.78246284,0.37208194,0.2801537,0.28129587
10,194,5,visual,0.25604433,0.020407617,0.18763506,0.0031605219,0.47148585,0.16789958,0.2423933,0.95658803,0.9433882,0.83445936,0.5065791,0.9005369,0.9048591,0.8403057,0.5268077,0.5748628,0.79459214,0.9111354,0.7469238,0.6109653,0.06392303,0.919975,0.4083448,0.72352535,0.7632869,0.6577674,0.62864316,0.5875707
10,194,6,visual,0.42037794,0.26780596,0.24504414,0.15719429,0.44125813,0.15328641,0.2604744,0.91482776,0.94892883,0.8163317,0.028369071,0.9031555,0.9081121,0.8340249,0.5208578,0.3054708,0.7663198,0.8328697,0.7207903,0.25030303,0.18355417,0.3386904,0.14812048,0.68047327,0.6816451,0.27182224,0.24796708,0.33907333
10,194,7,visual,0.094341934,0.17464362,0.09170274,0.42691526,0.28759378,0.047971427,0.018125443,0.7264603,0.68211806,0.7011021,0.16450197,0.59716314,0.38748154,0.28499943,0.80734056,0.04249136,0.44177762,0.6268921,0.7727224,0.060967352,0.04408243,0.8919949,0.18543275,0.75309604,0.80343264,0.006409658,0.065709695,0.5817026
10,194,8,visual,0.099670574,0.275403,0.11006763,0.3912474,0.23323585,0.007315266,0.045866866,0.78622746,0.7341859,0.737062,0.19783823,0.71492773,0.6155565,0.65874386,0.6483033,0.11005435,0.60824245,0.77274376,0.7687973,0.2639937,0.122172356,0.72273874,0.062289797,0.74041903,0.75464195,0.28243387,0.30224428,0.45920494
10,194,9,visual,0.26243442,0.12149386,0.14757529,0.06462259,0.067147896,0.0968213,0.23772883,0.9196034,0.9415369,0.7783331,0.14512423,0.8644907,0.9098018,0.7239884,0.5094541,0.17045464,0.6464033,0.80655247,0.69164765,0.10459204,0.31313413,0.81342053,0.008038659,0.62896705,0.70398366,0.19650981,0.12353626,0.60674715
10,194,10,visual,0.16691722,0.08545054,0.12852125,0.10084096,0.26155823,0.12122889,0.11419151,0.86350304,0.93017197,0.7834084,0.16485578,0.8712395,0.8615694,0.4013509,0.6916244,0.044405576,0.1341365,0.57553446,0.720972,0.031601306,0.3736887,0.5175689,0.1843207,0.6331388,0.70019704,0.29595602,0.100104846,0.6985844
10,194,11,visual,0.21899839,0.23654267,0.22792691,0.11102211,0.3828641,0.2588397,0.2531495,0.7650478,0.8568069,0.7266563,0.110366926,0.82269853,0.8158193,0.618374,0.5630025,0.3476837,0.5744528,0.6374713,0.71266705,0.091464736,0.012983626,0.33579504,0.14277178,0.699862,0.6750917,0.058718067,0.0025564674,0.1487021
10,194,12,visual,0.06844936,0.05299341,0.052042857,0.1682974,0.34813893,0.015230415,0.010156221,0.793303,0.85869175,0.73440284,0.11137555,0.7456108,0.770436,0.50981003,0.54181814,0.49653178,0.53567696,0.585568,0.68533564,0.32740438,0.23189412,0.70985454,0.49506602,0.74205667,0.6885424,0.24429302,0.2873665,0.059674174
10,194,13,visual,0.27930185,0.14912125,0.24111238,0.08372501,0.048234064,0.21360038,0.25060618,0.8785018,0.9195768,0.76894635,0.32727674,0.729713,0.84612733,0.29515633,0.7666393,0.21720359,0.3129805,0.41230687,0.7425442,0.33932912,0.15807569,0.4441994,0.20984046,0.71947384,0.7095671,0.2215871,0.37014928,0.0012861452
10,194,14,visual,0.2366314,0.02654691,0.13273399,0.06107682,0.09453217,0.13408585,0.18466814,0.8363763,0.9166723,0.70090216,0.15101497,0.8373788,0.84973973,0.48198193,0.70215726,0.40096882,0.46737397,0.6257558,0.6852325,0.2028457,0.022197668,0.7115997,0.35154632,0.62305576,0.6807061,0.17954192,0.17521633,0.3835568
10,194,15,visual,0.0016578578,0.24306017,0.032515068,0.27613568,0.24965163,0.055684123,0.06618045,0.74015164,0.7525763,0.79180145,0.02930329,0.7148584,0.6742068,0.5757383,0.81339693,0.17441024,0.54138815,0.6941807,0.810977,0.1424139,0.17182197,0.70910174,0.24170785,0.78123343,0.79392916,0.055030633,0.110875964,0.59279
10,195,1,visual,0.22953315,0.05957536,0.10306072,0.41963965,0.050406624,0.026725434,0.19284566,0.8790355,0.9290446,0.82479566,0.2631853,0.87170714,0.8511723,0.4180049,0.80413306,0.22476013,0.3021398,0.5889716,0.7986982,0.18836176,0.22323059,0.8130392,0.0017949088,0.7634079,0.7905326,0.24100319,0.18829197,0.5683782
10,195,2,visual,0.028761508,0.049795836,0.11947419,0.20385663,0.10894471,0.028382482,0.08623226,0.85455215,0.82591504,0.7289765,0.20581456,0.82770336,0.7574917,0.5357336,0.7691817,0.1279697,0.23390076,0.6160749,0.7807067,0.2993998,0.4823063,0.6157915,0.30075467,0.6692159,0.7562747,0.31719983,0.26760295,0.6216905
10,195,3,visual,0.061699208,0.18679516,0.024185168,0.29782543,0.14936945,0.025428679,0.07250224,0.8063022,0.866479,0.74255896,0.19020739,0.75671065,0.793386,0.5607477,0.72598237,0.23519036,0.487314,0.617063,0.81685066,0.1590006,0.049198996,0.78888065,0.036857154,0.817285,0.7808909,0.25470772,0.18790862,0.2446029
10,195,4,visual,0.17437944,0.40491784,0.13624136,0.23250288,0.30660006,0.11862717,0.10099534,0.5505109,0.7370658,0.77483666,0.35722622,0.47040975,0.5837161,0.46701205,0.726569,0.6419081,0.45906058,0.57202166,0.8440735,0.4177327,0.10898631,0.6310386,0.19315962,0.8548124,0.8242592,0.26201966,0.4328553,0.13909766
10,195,5,visual,0.053136203,0.004000149,0.082968146,0.23616669,0.0068756077,0.12167405,0.19555378,0.77647156,0.8327236,0.7089715,0.19785699,0.54437345,0.5774842,0.4695745,0.69986385,0.2713536,0.6090848,0.6790994,0.7395097,0.17319916,0.3214665,0.79052055,0.36204833,0.76934797,0.7607947,0.07357269,0.23772196,0.12130183
10,195,6,visual,0.065815754,0.051611077,0.05039832,0.09389109,0.23357327,0.15728427,0.09654928,0.7660864,0.84732115,0.7525501,0.10355661,0.7005343,0.7623329,0.63453543,0.59975535,0.07739408,0.75153136,0.7274074,0.7940481,0.10423254,0.019444205,0.69566494,0.11551012,0.7322,0.7726057,0.2841834,0.070053756,0.2512017
10,195,7,visual,0.1753152,0.061136536,0.17306139,0.13989519,0.59780926,0.13773872,0.25370628,0.9040613,0.7974053,0.75968283,0.37006378,0.6997523,0.70828015,0.7300081,0.6537318,0.33496928,0.6632633,0.82813406,0.7350411,0.44492456,0.1541617,0.8622304,0.51011944,0.7006654,0.74360263,0.514429,0.41084123,0.24565934
10,195,8,visual,0.17596775,0.034652896,0.1358776,0.23051248,0.38009328,0.31055838,0.17028038,0.8955239,0.8983167,0.8028735,0.004566973,0.628721,0.7555465,0.68691313,0.6994905,0.156039,0.84181577,0.85318875,0.74588317,0.04716658,0.5287925,0.775869,0.16699561,0.8150001,0.7687749,0.11075693,0.06592894,0.021359673
10,195,9,visual,0.047977686,0.12324663,0.0025432499,0.15153295,0.31664652,0.08503161,0.008314458,0.88977337,0.8516062,0.7663389,0.27761078,0.79097205,0.8072384,0.7252447,0.5969374,0.62989354,0.45755675,0.67987114,0.74109787,0.45883986,0.2867017,0.30701876,0.52027655,0.6580474,0.70552033,0.5620418,0.45055473,0.3864343
10,195,10,visual,0.05199492,0.0211683,0.040323447,0.1457072,0.07222019,0.083560646,0.0004808558,0.8189212,0.8986381,0.7982388,0.47214618,0.81955516,0.80203176,0.30835173,0.80888057,0.3955314,0.15415396,0.5709497,0.79164964,0.5333509,0.21355556,0.76864445,0.33435804,0.73458755,0.7875561,0.4749349,0.5364155,0.6171774
10,195,11,visual,0.047702745,0.21746062,0.1333943,0.1778403,0.017662335,0.11082174,0.060499005,0.8133018,0.89157635,0.7146924,0.006215903,0.7045607,0.7497257,0.5241968,0.70468414,0.02623065,0.3158918,0.60143954,0.7291259,0.0013192701,0.08875646,0.7117576,0.49607068,0.714924,0.72905284,0.33481017,0.07902087,0.43578768
10,195,12,visual,0.19113539,0.01184548,0.120075,0.14709747,0.0043354733,0.21205737,0.21035253,0.79580194,0.80117416,0.71922094,0.19738124,0.6537161,0.6845813,0.4213482,0.75430703,0.45389867,0.3829424,0.5901811,0.7532871,0.21430162,0.22609779,0.7115769,0.49255183,0.804818,0.75012857,0.22330111,0.19141845,0.26828966
10,195,13,visual,0.12552346,0.1245211,0.037893232,0.19988798,0.085504726,0.03413777,0.10305554,0.877258,0.8806241,0.76977,0.016207488,0.8433783,0.8101725,0.53010327,0.6904233,0.026119126,0.39496437,0.60785747,0.7506593,0.0017325832,0.011377492,0.81889814,0.02395665,0.72335374,0.73147815,0.023218473,0.014440252,0.40667412
10,195,14,visual,0.03792188,0.28535372,0.10511448,0.39475897,0.17076814,0.040160317,0.10289202,0.73820245,0.80098796,0.8565228,0.08102676,0.6989545,0.72481984,0.5058301,0.77568895,0.0747132,0.48678517,0.56821,0.83927655,0.030515678,0.14506768,0.3168281,0.009297555,0.7886264,0.8087541,0.1831286,0.038917083,0.24559344
10,195,15,visual,0.005413437,0.25925145,0.101126656,0.31311685,0.03323487,0.0032606204,0.014871284,0.8388133,0.80997056,0.7935015,0.108656414,0.8086048,0.7265065,0.5864278,0.7604948,0.44267023,0.64932466,0.7691821,0.7800586,0.11755725,0.09470026,0.8510174,0.46931207,0.77679175,0.7801019,0.076832965,0.032375243,0.34567153
10,196,1,visual,0.33465582,0.003093187,0.33344445,0.12020824,0.40419167,0.2084648,0.35311723,0.84296817,0.81153727,0.80060655,0.09961719,0.73112386,0.75849086,0.76176846,0.54773605,0.58920383,0.7268351,0.8049146,0.7800484,0.38315788,0.07236082,0.47867334,0.40049368,0.73291355,0.7538217,0.573631,0.4652414,0.40962943
10,196,2,visual,0.14163756,0.12767652,0.003053807,0.52877367,0.20920376,0.10192172,0.039718807,0.8797214,0.9416515,0.91008157,0.045453127,0.8256952,0.8851347,0.5398108,0.8986207,0.060438,0.40380174,0.66121703,0.9131095,0.13985349,0.108101234,0.8764377,0.10848941,0.9013388,0.91347224,0.15467511,0.112972915,0.47492796
10,196,3,visual,0.5001927,0.23526214,0.3672957,0.39378825,0.17455721,0.35862267,0.39935607,0.8590024,0.96166956,0.8952829,0.14909336,0.9431055,0.9497279,0.35413128,0.857828,0.2508024,0.27128717,0.42168814,0.8595325,0.102420025,0.07373064,0.70560265,0.050058745,0.8664439,0.85189146,0.110272035,0.08271494,0.31069967
10,196,4,visual,0.08589046,0.0819068,0.2049904,0.017739013,0.07468331,0.24128719,0.22010262,0.8721015,0.83386564,0.7814323,0.089754604,0.7097565,0.7455828,0.28289843,0.7840397,0.1425968,0.12370328,0.46392164,0.72718376,0.10565702,0.09903998,0.7123715,0.06788907,0.6988844,0.71918166,0.3107926,0.10068067,0.42887053
10,196,5,visual,0.06616225,0.15606016,0.031341776,0.30696282,0.10806127,0.10172602,0.061861347,0.7679139,0.8933978,0.8579678,0.09663256,0.7421057,0.7914949,0.5320541,0.7616355,0.017018307,0.57091933,0.6549999,0.8516674,0.060104296,0.04264762,0.6919303,0.1924081,0.8536034,0.85389787,0.019839842,0.043469124,0.35733137
10,196,6,visual,0.32523215,0.090115964,0.24317203,0.15925407,0.28311238,0.29000327,0.2666022,0.79303133,0.905124,0.80076724,0.1386775,0.84454644,0.82782155,0.47681072,0.8051228,0.43646777,0.57132363,0.62219036,0.7939241,0.39397502,0.23445424,0.7045574,0.63160586,0.8252231,0.803361,0.20814689,0.35553312,0.14556915
10,196,7,visual,0.3890642,0.17115664,0.26988897,0.14688201,0.47039124,0.35937595,0.32916617,0.96188515,0.96635914,0.7972463,0.1405574,0.9152798,0.9442484,0.6948371,0.6927723,0.20698024,0.8275962,0.82269704,0.7382438,0.36751702,0.39462388,0.82158834,0.46818784,0.76675904,0.73966205,0.26552165,0.3576859,0.13823204
10,196,8,visual,0.10700879,0.523605,0.25503445,0.43537688,0.26795578,0.26693663,0.22425613,0.8400186,0.8763687,0.80238146,0.0371311,0.81644833,0.6447338,0.6986716,0.63605404,0.3223917,0.6831971,0.7933539,0.81584746,0.081931524,0.2687996,0.60273224,0.09860328,0.75248826,0.81425446,0.14696175,0.04282199,0.64238673
10,196,9,visual,0.31557727,0.14240204,0.2087421,0.31491992,0.069232844,0.2683654,0.32315353,0.7670134,0.88925964,0.83986735,0.21697243,0.8378578,0.8172401,0.4300364,0.7195428,0.44964296,0.369756,0.55774736,0.7971111,0.14567709,0.019921856,0.73144007,0.20729937,0.7937071,0.8092523,0.18781702,0.13852344,0.5287459
10,196,10,visual,0.06496937,0.0110722,0.065038435,0.08536225,0.23124428,0.08532601,0.067822926,0.8497563,0.8777508,0.7388307,0.4724385,0.78900474,0.8321222,0.653894,0.624407,0.7559213,0.51826495,0.720104,0.68723816,0.6372144,0.33955026,0.5104314,0.527185,0.5817494,0.6653665,0.67094094,0.65940213,0.5371397
10,196,11,visual,0.118889906,0.103778504,0.124194995,0.39327458,0.29618528,0.1036601,0.15742391,0.7313235,0.8797587,0.68039733,0.11034288,0.6665397,0.7058237,0.42303538,0.7671306,0.38761643,0.43092224,0.55691,0.74617106,0.16118902,0.04719537,0.59941006,0.31823188,0.7475703,0.7362798,0.10720997,0.18991454,0.31992486
10,196,12,visual,0.44188336,0.032486707,0.408626,0.08080501,0.18113863,0.36325327,0.41273716,0.8696541,0.79539245,0.83109,0.22281232,0.78360957,0.69741005,0.8481344,0.687025,0.15307158,0.77364624,0.8935048,0.81903243,0.09386254,0.09929679,0.8180063,0.48769748,0.8217922,0.82689434,0.20526038,0.14426917,0.45533228
10,196,13,visual,0.42831653,0.17062795,0.42446312,0.1243766,0.3579477,0.40619215,0.371095,0.8547281,0.90742004,0.80445117,0.2566425,0.7997432,0.83191335,0.7533097,0.52009004,0.5942858,0.77581054,0.79872334,0.7054656,0.05472587,0.5033315,0.6180265,0.3640495,0.76812065,0.70986855,0.13423862,0.045963135,0.10001864
10,196,14,visual,0.022513319,0.22549938,0.06431769,0.1817849,0.07003849,0.009029911,0.0262511,0.8667702,0.86231786,0.70638716,0.42026374,0.77967036,0.7513036,0.5771895,0.7000257,0.056710247,0.69347584,0.7547388,0.69000053,0.30102164,0.32836172,0.8816232,0.08498772,0.7240461,0.69926804,0.4527637,0.3757582,0.3205273
10,196,15,visual,0.047474053,0.23048486,0.1430174,0.14120299,0.07673203,0.07553607,0.15909299,0.7492698,0.8292151,0.75344145,0.05297187,0.6396354,0.6882771,0.6504694,0.5125696,0.10863116,0.65320027,0.7330897,0.79001933,0.06783916,0.10027887,0.5904183,0.30703297,0.73512995,0.7646318,0.19068652,0.05571003,0.32232952
10,197,1,visual,0.08777494,0.1682645,0.12822495,0.1865274,0.30623698,0.058744024,0.2071357,0.9098771,0.90123695,0.77188706,0.46947482,0.8890571,0.8526425,0.8187827,0.49191043,0.0956418,0.79501486,0.84911066,0.7392593,0.41507846,0.12224489,0.82749844,0.018098472,0.69821787,0.74994254,0.53954,0.41767442,0.600605
10,197,2,visual,0.10474267,0.112010956,0.022049187,0.085534416,0.20165588,0.039793156,0.0015888134,0.8042936,0.8672472,0.83722353,0.17837878,0.69602,0.7855697,0.59049964,0.7196925,0.06510228,0.57604766,0.6977815,0.817803,0.09425933,0.18563353,0.7407953,0.34769115,0.80879956,0.8149315,0.075971834,0.09976501,0.1557024
10,197,3,visual,0.06803582,0.11469991,0.062588066,0.2676675,0.11348352,0.06891956,0.15719734,0.72011393,0.7040586,0.74428904,0.19410536,0.5362688,0.56840354,0.45732322,0.73650354,0.23281993,0.4494963,0.5874261,0.7924864,0.35768506,0.16447894,0.8234276,0.5950569,0.78124595,0.79232234,0.41239336,0.3414472,0.20839189
10,197,4,visual,0.20065834,0.15235892,0.1619455,0.22635883,0.037757464,0.059527453,0.22740376,0.8202307,0.84964913,0.7646421,0.40736586,0.7836117,0.7384167,0.65469867,0.7477132,0.06588659,0.42895338,0.7809468,0.7813777,0.18708615,0.22141664,0.88487774,0.21548674,0.7706931,0.7830216,0.24032895,0.20865998,0.6107257
10,197,5,visual,0.020664848,0.026288114,0.0015211105,0.20411555,0.12922937,0.109791085,0.05397506,0.84319925,0.8538682,0.68313134,0.14493106,0.66809666,0.76083285,0.42968714,0.71851474,0.40085387,0.30835485,0.5930461,0.67194235,0.22941755,0.057599805,0.83755594,0.20800741,0.66082627,0.6875691,0.19938955,0.22487058,0.31296322
10,197,6,visual,0.09817369,0.13794199,0.00081239647,0.15845624,0.108004704,0.027697498,0.078226134,0.7874729,0.89814043,0.7128255,0.039814305,0.7807453,0.78773504,0.46482044,0.5112986,0.018483687,0.27172202,0.6066938,0.7379051,0.05649115,0.21165587,0.6935925,0.06354351,0.7299053,0.7152098,0.059710205,0.024342727,0.58301556
10,197,7,visual,0.0025970496,0.17748226,0.03772969,0.24506317,0.22546293,0.09340764,0.005278748,0.7969771,0.8028584,0.75384235,0.29316884,0.73723817,0.7120967,0.31401393,0.8029968,0.36279508,0.36069772,0.4708811,0.7843586,0.29301786,0.04721632,0.78490144,0.3962697,0.7460234,0.7606383,0.23131654,0.26100114,0.43769398
10,197,8,visual,0.019622996,0.14274082,0.02341516,0.3211163,0.073995665,0.059900276,0.039239444,0.75889564,0.8396626,0.7826614,0.11419472,0.7214033,0.7240535,0.31233716,0.7826966,0.2400956,0.24797584,0.46681908,0.81032485,0.17011935,0.04777116,0.6917212,0.21830973,0.7976479,0.8283533,0.17379588,0.21767329,0.36252093
10,197,9,visual,0.10952304,0.10827031,0.18722421,0.3441307,0.30044317,0.25627825,0.11119692,0.65420884,0.81892073,0.78021705,0.48299524,0.6053401,0.70536983,0.009161033,0.8990916,0.26895347,0.10712129,0.20375527,0.81008196,0.39466363,0.18282634,0.7700358,0.06405927,0.7810304,0.790458,0.41590348,0.39834994,0.24096486
10,197,10,visual,0.53392696,0.4615913,0.61827725,0.95529675,0.40218946,0.5293091,0.42528394,0.8734715,0.99087185,0.9775527,0.27950397,0.9812315,0.983882,0.6303177,0.9741634,0.08627482,0.44103315,0.20935674,0.9330774,0.0044009355,0.27691728,0.9898226,0.5434801,0.94161063,0.9492993,0.013875278,0.040681217,0.71049225
10,197,11,visual,0.49607357,0.22967319,0.31842923,0.368014,0.5438977,0.39329296,0.37123844,0.80779123,0.92497724,0.85214025,0.49731964,0.8774454,0.85237515,0.15887733,0.9024409,0.48624063,0.24732369,0.49478927,0.8157461,0.56435394,0.083376266,0.7828734,0.4008405,0.8283221,0.8502226,0.61656374,0.5595872,0.49074116
10,197,12,visual,0.13148268,0.17557512,0.1690234,0.006844471,0.0149701,0.30687395,0.27639973,0.8541407,0.8614627,0.690346,0.11071973,0.656341,0.6904542,0.61110234,0.67797154,0.058979824,0.6519756,0.6973036,0.6919982,0.017658766,0.36962274,0.70579,0.12407124,0.75225466,0.6992216,0.18400438,0.08265893,0.12145329
10,197,13,visual,0.08772829,0.19769382,0.026893122,0.3671314,0.14151874,0.028655594,0.088704154,0.7962806,0.7586969,0.7820265,0.308719,0.4764026,0.5747596,0.7306298,0.7960464,0.44258744,0.62217665,0.7325511,0.84693354,0.36557788,0.20958418,0.7322867,0.047374785,0.82417655,0.84003294,0.36733305,0.31945673,0.1132686
10,197,14,visual,0.076040246,0.02521852,0.07780884,0.18283415,0.4231437,0.11330521,0.13032258,0.86791444,0.82751745,0.80003065,0.33315346,0.7106608,0.7601124,0.4650002,0.72243077,0.45609936,0.41561913,0.54409313,0.7609015,0.55857307,0.11400892,0.5362286,0.42329594,0.7841323,0.7684856,0.60803807,0.5742767,0.40939575
10,197,15,visual,0.6979748,0.796386,0.8045617,0.8896663,0.6107011,0.7997273,0.77144074,0.05906441,0.8844471,0.9205322,0.3746106,0.8631724,0.82773817,0.6621186,0.9460589,0.33146816,0.67907006,0.565552,0.9281093,0.3250563,0.103414305,0.7139067,0.59807575,0.91386604,0.9269817,0.35621887,0.37699938,0.5625615
10,198,1,visual,0.07578696,0.26705563,0.0768684,0.1282688,0.13822314,0.04203701,0.10904693,0.8145382,0.8747123,0.79602987,0.26586172,0.8121938,0.8153938,0.6671026,0.6314396,0.3932959,0.6295159,0.7389805,0.80244005,0.060759384,0.078274,0.6603022,0.8010315,0.82907444,0.8012266,0.061338566,0.03231236,0.2201293
10,198,2,visual,0.38951746,0.070094,0.26880836,0.3898121,0.18569373,0.31765282,0.35715076,0.92422307,0.9303301,0.852511,0.60223186,0.8269067,0.8790367,0.6054268,0.6884286,0.16772418,0.68514735,0.7361239,0.78332245,0.18775985,0.31738225,0.89142644,0.5578824,0.8006982,0.8003276,0.42218584,0.30604616,0.27852604
10,198,3,visual,0.31492904,0.034193352,0.09229818,0.39125007,0.08926049,0.02786368,0.15593606,0.8254666,0.9142237,0.8419161,0.1792145,0.88688004,0.8354115,0.55612427,0.7299834,0.14360833,0.45903048,0.7182034,0.8083386,0.010297929,0.2606176,0.84900683,0.5668508,0.7814453,0.82424796,0.07996922,0.0547112,0.61013407
10,198,4,visual,0.009521324,0.33446714,0.13893415,0.31916612,0.31495094,0.05909519,0.052201044,0.86545205,0.89525694,0.8029565,0.21545824,0.90105563,0.8733052,0.76064235,0.51401746,0.5701571,0.78903717,0.8196829,0.72836274,0.4930191,0.36365694,0.7412562,0.8335241,0.76597667,0.7422801,0.44155777,0.37962437,0.16724628
10,198,5,visual,0.036359727,0.32298595,0.15696457,0.21917833,0.049110234,0.14319268,0.093477644,0.83933324,0.9358134,0.8139211,0.5218371,0.82040244,0.8481384,0.5588689,0.6376978,0.34736755,0.64726895,0.73294395,0.7370674,0.44499025,0.07038399,0.8789509,0.7786455,0.7280596,0.7543818,0.43204096,0.42404658,0.47480693
10,198,6,visual,0.09978886,0.37976953,0.34732085,0.42639202,0.24389042,0.2810896,0.23853734,0.794247,0.843899,0.81862897,0.27856657,0.8160153,0.7797245,0.3328564,0.7028824,0.1531829,0.44518316,0.5920992,0.7301922,0.14844175,0.24896042,0.9011424,0.20652856,0.7659403,0.7709617,0.2674639,0.13023764,0.50810486
10,198,7,visual,0.18127295,0.018313827,0.14542745,0.09554778,0.61065245,0.17070472,0.2036762,0.6640101,0.8359295,0.64983666,0.107467905,0.8288907,0.69953394,0.09994626,0.73893595,0.01914616,0.12778428,0.3102968,0.6299665,0.20586498,0.1943203,0.8447757,0.15664713,0.589993,0.635584,0.28127605,0.19445643,0.5938021
10,198,8,visual,0.21960486,0.098786876,0.2011146,0.10190466,0.20995489,0.20297758,0.25536802,0.7456027,0.88616997,0.80964375,0.1777469,0.80386937,0.79272854,0.2778098,0.7947909,0.14618808,0.16166274,0.42574498,0.7693831,0.022697836,0.13831621,0.74137,0.4858972,0.7714846,0.7617782,0.0870131,0.1150446,0.30186433
10,198,9,visual,0.30025268,0.18838033,0.16512366,0.061795406,0.07430164,0.07866883,0.17881241,0.8836016,0.91989654,0.7771038,0.05757676,0.8937876,0.90262157,0.5208155,0.60232353,0.3099468,0.3540952,0.5541528,0.6490912,0.2533343,0.4154412,0.53265685,0.54061,0.5765854,0.62651163,0.24155258,0.18776138,0.552035
10,198,10,visual,0.09719331,0.20421791,0.17990689,0.09659592,0.06683577,0.22403236,0.2607835,0.73492616,0.8471216,0.73866016,0.24766114,0.7064852,0.6581598,0.4221746,0.622726,0.42826554,0.44378185,0.53874636,0.7408916,0.21590526,0.023077236,0.6167013,0.06619872,0.7490017,0.75968766,0.13435228,0.23534624,0.48879793
10,198,11,visual,0.08390141,0.50893146,0.021550687,0.1962241,0.33048624,0.008567282,0.0020037896,0.79051083,0.8889057,0.730601,0.15254335,0.81117004,0.82357794,0.71343625,0.027280226,0.29628772,0.70672673,0.75165665,0.66989076,0.25551245,0.03018289,0.33203638,0.52743113,0.6299095,0.61602366,0.30092856,0.19764356,0.232839
10,198,12,visual,0.037111435,0.31265688,0.063143656,0.122808725,0.19335712,0.06662603,0.032086346,0.75399035,0.8824972,0.7585029,0.020932863,0.82927513,0.7570051,0.491011,0.7091322,0.25914,0.3792359,0.6143644,0.7306768,0.040988564,0.23681569,0.7280709,0.22919153,0.7277245,0.72899187,0.18582791,0.09280444,0.6300868
10,198,13,visual,0.00023334067,0.4534095,0.10145816,0.29971272,0.03310311,0.1418246,0.067500256,0.78901136,0.8605668,0.7862812,0.22669996,0.61084443,0.7711529,0.66525865,0.6098684,0.46075374,0.6852058,0.74447596,0.80942386,0.010684743,0.3343397,0.656949,0.6558446,0.84886247,0.78967905,0.21544419,0.08683409,0.09178779
10,198,14,visual,0.11449565,0.31983623,0.038198676,0.27508932,0.38488954,0.13478231,0.095426075,0.7738983,0.86655504,0.7476869,0.09970756,0.72892493,0.78162134,0.58825314,0.57901645,0.1830063,0.42825958,0.6791991,0.76485807,0.24019884,0.007429715,0.57177544,0.23020405,0.7584021,0.7415467,0.035846863,0.16727494,0.26454726
10,198,15,visual,0.061902057,0.18320373,0.13192748,0.21103182,0.4071477,0.18255048,0.04572067,0.65355873,0.8907026,0.75990266,0.114212506,0.7861426,0.8330088,0.022738824,0.75752544,0.06980789,0.26552472,0.27944848,0.72193086,0.19975856,0.3553116,0.7842013,0.52621734,0.7532963,0.73378724,0.19869095,0.17424428,0.22436693
10,199,1,visual,0.16976175,0.0786263,0.025463942,0.49720392,0.44874617,0.10758336,0.121050164,0.6687897,0.89496857,0.83255035,0.2523777,0.7983859,0.8343654,0.042401213,0.8714069,0.4430867,0.11586676,0.22093037,0.8130186,0.23444018,0.21939434,0.8742294,0.09043832,0.8163307,0.82270247,0.30781198,0.23787352,0.38018358
10,199,2,visual,0.12598999,0.34406233,0.1857351,0.41939083,0.07104299,0.18117449,0.16342476,0.8328474,0.8803434,0.8367774,0.0038255109,0.7758926,0.82933825,0.44927353,0.7778677,0.35034874,0.40600222,0.5079017,0.7994743,0.22309215,0.024842855,0.40806222,0.36142835,0.77837104,0.76629,0.13337618,0.24121493,0.16149603
10,199,3,visual,0.26425225,0.28033778,0.24461834,0.29532415,0.026499221,0.20328501,0.17275327,0.5170603,0.716593,0.73247796,0.18692657,0.54633987,0.6153112,0.31294236,0.7108222,0.24874648,0.3837194,0.4121734,0.7949124,0.08715157,0.10966133,0.8356671,0.18711355,0.7822665,0.777801,0.026788464,0.08496253,0.21729374
10,199,4,visual,0.0076650414,0.12660187,0.05884818,0.20912123,0.31176838,0.09776355,0.031360682,0.52059865,0.8893167,0.69839,0.07293234,0.8012476,0.7725518,0.121370435,0.61706555,0.5103343,0.18667413,0.2769614,0.6685353,0.3206728,0.19203094,0.8563315,0.5863793,0.6747905,0.6828327,0.25465962,0.29789117,0.31288305
10,199,5,visual,0.14002198,0.22114472,0.12283134,0.38525566,0.12769751,0.0010195686,0.08446117,0.650181,0.9032348,0.77655965,0.1465845,0.72062224,0.8321336,0.2787065,0.8421342,0.25466606,0.36418054,0.41216296,0.7832663,0.06719188,0.1925787,0.6901722,0.26776814,0.7928849,0.7852363,0.08563023,0.09687516,0.0699172
10,199,6,visual,0.16495496,0.16642809,0.14288123,0.048466478,0.1345763,0.05952426,0.20808655,0.73186296,0.83094114,0.6735117,0.53037566,0.7023695,0.7464896,0.31629544,0.56764364,0.3735281,0.22793594,0.4569932,0.6391912,0.45577994,0.07454855,0.7937871,0.055521965,0.59186107,0.6565754,0.540427,0.47484258,0.37305322
10,199,7,visual,0.14848396,0.26431137,0.112701,0.19463141,0.030790837,0.08711405,0.12207629,0.73506594,0.7008692,0.6713483,0.17946723,0.5027701,0.5369272,0.7550514,0.3897352,0.32299146,0.7651611,0.8017178,0.7060219,0.10728284,0.35001513,0.7788639,0.16887724,0.7284257,0.7112208,0.06361557,0.083453506,0.16327158
10,199,8,visual,0.10095616,0.14979392,0.10673513,0.36863455,0.21931355,0.018015455,0.059947032,0.48981068,0.7276448,0.80604094,0.07332118,0.6234153,0.60339975,0.33023325,0.769907,0.61061287,0.3614463,0.4096266,0.8245159,0.19184068,0.1447054,0.75661016,0.2080378,0.84079015,0.8040475,0.112017564,0.18448737,0.14292489
10,199,9,visual,0.14291422,0.1624407,0.13760152,0.07226746,0.10190115,0.005710548,0.1773527,0.6106059,0.8312539,0.77746534,0.19410577,0.7296654,0.69583344,0.035754748,0.75403917,0.4141139,0.15911038,0.18711028,0.7187423,0.1939297,0.07252983,0.7988638,0.27532804,0.70428455,0.7062903,0.04093118,0.25789034,0.36943343
10,199,10,visual,0.087206855,0.04871071,0.103835635,0.09250783,0.110763565,0.059184898,0.102536,0.6788676,0.74735534,0.751798,0.03274508,0.74034566,0.663874,0.41171402,0.7457034,0.22184876,0.011060404,0.4606387,0.7567557,0.10653603,0.362152,0.50614136,0.640643,0.6586751,0.7390501,0.065955594,0.09748023,0.6053144
10,199,11,visual,0.26166692,0.27084905,0.18971518,0.38740847,0.114728354,0.18820788,0.1983032,0.8072346,0.7818558,0.7462307,0.27264193,0.75255704,0.7882744,0.55689484,0.629554,0.5111682,0.38714078,0.42907053,0.7270657,0.38330272,0.05542186,0.04115941,0.6484721,0.6844602,0.64756286,0.30915156,0.33986923,0.09083505
10,199,12,visual,0.06509699,0.30178174,0.06708157,0.31932765,0.16850452,0.09566501,0.014909321,0.7008266,0.8275745,0.82302994,0.3797349,0.74494404,0.72554374,0.5549153,0.61857677,0.060183387,0.31612685,0.54847133,0.8041979,0.2689341,0.20091526,0.72794175,0.2726412,0.7495411,0.7854355,0.16091311,0.22999759,0.4547152
10,199,13,visual,0.008614864,0.13544157,0.03418274,0.28716978,0.48261592,0.01650344,0.014227811,0.57440335,0.7837756,0.77746487,0.12960918,0.65726095,0.68181473,0.24955581,0.75988126,0.17557038,0.17036001,0.34231964,0.80866694,0.21021922,0.05025605,0.60734016,0.4878117,0.80740196,0.786283,0.2213929,0.19781809,0.23592497
10,199,14,visual,0.11676139,0.32446468,0.06351711,0.2673802,0.12860814,0.07876011,0.132201,0.80301553,0.8704107,0.79572016,0.05272575,0.8357875,0.81584364,0.7615398,0.4604134,0.37530452,0.7203875,0.7894133,0.7524116,0.2575499,0.12631199,0.8047391,0.3209225,0.7228015,0.7532854,0.3793509,0.24413458,0.58770704
10,199,15,visual,0.024717385,0.23088633,0.18887565,0.3544901,0.38802603,0.042016964,0.08283524,0.7385039,0.943088,0.8315278,0.40051004,0.77432835,0.856369,0.3047402,0.6507602,0.3070604,0.43412516,0.5359319,0.7424246,0.36907074,0.45171267,0.90328515,0.031654377,0.77490914,0.77890855,0.43501174,0.37472665,0.2849226
10,200,1,visual,0.27841827,0.15585533,0.17487042,0.090183444,0.26106918,0.3004295,0.24058942,0.74007607,0.90088123,0.73579246,0.23232582,0.6677679,0.8356292,0.51682484,0.48725384,0.12217735,0.6509467,0.64840454,0.6489493,0.0090147955,0.4161048,0.8985752,0.2753305,0.7043317,0.66524595,0.22940417,0.050773293,0.04998855
10,200,2,visual,0.12939492,0.08454642,0.073254734,0.06733949,0.21214497,0.23585683,0.12189985,0.8325807,0.8445779,0.7606884,0.16613571,0.59240943,0.671186,0.50653905,0.591658,0.2791035,0.57232475,0.63332117,0.70553523,0.048282094,0.32551706,0.7359907,0.3087489,0.7205939,0.7214637,0.09562161,0.04919315,0.020120032
10,200,3,visual,0.21870482,0.042506184,0.037334803,0.11660665,0.14305688,0.081907906,0.06096181,0.79517144,0.8936167,0.90650976,0.24811788,0.8718884,0.86639667,0.3042961,0.8185229,0.023246069,0.44945222,0.45416394,0.8404751,0.07019749,0.14415841,0.718697,0.4400221,0.8647071,0.8462409,0.14040753,0.11265425,0.2531329
10,200,4,visual,0.34743857,0.19102581,0.3002046,0.0088307345,0.12510881,0.22731511,0.3690499,0.8404333,0.95350504,0.83741593,0.120306276,0.9227713,0.92302376,0.25128514,0.7580104,0.013053218,0.20559028,0.4718794,0.7382162,0.027645288,0.14277829,0.8474308,0.27845183,0.7046352,0.7527615,0.09167718,0.011588445,0.6089939
10,200,5,visual,0.11503354,0.2852937,0.11700499,0.07450903,0.09478738,0.025981978,0.07173366,0.8656486,0.9414289,0.79255915,0.017127963,0.74077094,0.8170468,0.6587486,0.49600825,0.27220526,0.8075357,0.79893255,0.72256255,0.016388638,0.4207547,0.67562425,0.2288627,0.7660745,0.7310111,0.089949384,0.07501265,0.120383486
10,200,6,visual,0.17429216,0.08975476,0.2121904,0.01118275,0.31112337,0.2718167,0.25743902,0.7132767,0.8374257,0.7517781,0.043957,0.66223276,0.72532994,0.45272812,0.33519292,0.3120006,0.62980074,0.57075745,0.603879,0.340166,0.55745095,0.80911845,0.6192594,0.68935806,0.6298996,0.15786286,0.30472615,0.0070707616
10,200,7,visual,0.6781252,0.6781951,0.75702745,0.82547224,0.41488844,0.7337167,0.7341804,0.18132465,0.9328129,0.9013119,0.2917045,0.91236395,0.89641327,0.46008927,0.8152801,0.51254666,0.4295084,0.33864817,0.84654593,0.35828748,0.1067113,0.8809817,0.0285331,0.8499131,0.8632522,0.383591,0.2638952,0.6760889
10,200,8,visual,0.40480965,0.5392266,0.58472586,0.7366686,0.71039265,0.52656925,0.5316237,0.6513928,0.855672,0.8363958,0.7419861,0.7825628,0.7611648,0.300537,0.6348857,0.65991056,0.29521233,0.41302615,0.83927983,0.78198177,0.14338808,0.7889682,0.5878014,0.8220462,0.8413455,0.8141937,0.8010425,0.47796714
10,200,9,visual,0.10556123,0.1930079,0.018728012,0.36288676,0.14377452,0.026810905,0.08340864,0.69041973,0.86292744,0.7263782,0.27245274,0.8800752,0.7639135,0.50610954,0.56607866,0.25503632,0.3285378,0.6177945,0.71167874,0.16087323,0.21009079,0.848915,0.5121197,0.6464835,0.7264964,0.12509696,0.1475021,0.6115583
10,200,10,visual,0.06518333,0.22664514,0.15701939,0.4007581,0.13005252,0.07760662,0.09308535,0.650288,0.89609516,0.814189,0.24609083,0.7840677,0.76152205,0.1351682,0.8542477,0.26733157,0.032665957,0.29209018,0.8234747,0.23680846,0.013235835,0.7841534,0.37248707,0.79174954,0.8180486,0.25003338,0.3175961,0.4433956
10,200,11,visual,0.03799026,0.1470548,0.06674494,0.25899455,0.07784605,0.08677391,0.029956616,0.760426,0.9264624,0.8355857,0.10062684,0.8423448,0.86132175,0.37581596,0.60594314,0.026175942,0.4338795,0.5240136,0.8087271,0.004465993,0.09241514,0.7796682,0.08463996,0.79887086,0.8016272,0.018158823,0.042206645,0.42251134
10,200,12,visual,0.20809603,0.020500034,0.07063383,0.42055437,0.021343153,0.08662343,0.1529724,0.82025546,0.90388083,0.8623005,0.30089924,0.80850846,0.82320225,0.5889241,0.6407151,0.17244093,0.6774288,0.72174263,0.83331215,0.122689545,0.15674998,0.87779516,0.5149058,0.8407027,0.8439588,0.045972984,0.17656928,0.40750134
10,200,13,visual,0.3172996,0.17189223,0.30261797,0.10608506,0.07075951,0.2753206,0.32270467,0.79692,0.906048,0.85664374,0.48278436,0.80496013,0.8102537,0.46287838,0.749272,0.027160535,0.53470266,0.6037134,0.8293184,0.34940508,0.03187556,0.74949527,0.23452863,0.8027032,0.81447816,0.3979545,0.37804067,0.3671971
10,200,14,visual,0.035851065,0.19481486,0.028670643,0.10481721,0.18826918,0.111637436,0.00288359,0.73213935,0.9236177,0.8377187,0.229016,0.80097264,0.84449464,0.44800705,0.5865727,0.5009322,0.24048445,0.50777984,0.802613,0.3385436,0.0026588787,0.75448364,0.09677899,0.7486334,0.7756273,0.4592413,0.3655702,0.40775275
10,200,15,visual,0.49986935,0.64757925,0.7349336,0.8356684,0.42324293,0.720761,0.70034283,0.4211215,0.9448339,0.89719933,0.14886972,0.8474153,0.88819,0.55432147,0.898553,0.19061421,0.2729809,0.3102837,0.8745321,0.034534246,0.71383685,0.8681277,0.5554144,0.91123486,0.8883179,0.022516401,0.05401557,0.14906098
