subject,trial,window,label,Fp1-Fp2,Fp1-F3,Fp1-F4,Fp1-C3,Fp1-C4,Fp1-O1,Fp1-O2,Fp2-F3,Fp2-F4,Fp2-C3,Fp2-C4,Fp2-O1,Fp2-O2,F3-F4,F3-C3,F3-C4,F3-O1,F3-O2,F4-C3,F4-C4,F4-O1,F4-O2,C3-C4,C3-O1,C3-O2,C4-O1,C4-O2,O1-O2
1,1,1,verbal,0.9885494,0.8841403,0.9289071,0.7890268,0.9617288,0.9727235,0.9549394,0.85604376,0.9547938,0.82133955,0.9774506,0.98574764,0.9723675,0.7618376,0.5894117,0.8261895,0.83443576,0.8218669,0.9017228,0.9640571,0.96547925,0.9823202,0.8492165,0.85455763,0.8410268,0.98542,0.9686723,0.9720794
1,1,2,verbal,0.8771175,0.8868819,0.7284903,0.7053998,0.67850655,0.7529602,0.7354495,0.8406254,0.8860779,0.78359413,0.85991484,0.91318035,0.9003503,0.65194833,0.5585018,0.66398734,0.6994567,0.67323184,0.89990276,0.9391181,0.9769374,0.96914434,0.810746,0.86679626,0.8416808,0.9607576,0.932253,0.9777784
1,1,3,verbal,0.857328,0.91771036,0.6556268,0.52477646,0.7170475,0.75538987,0.7115494,0.7831464,0.8904642,0.7310738,0.9122578,0.9515756,0.9350605,0.5662128,0.4231309,0.6482277,0.69844836,0.6461931,0.8824919,0.948504,0.94504315,0.9707484,0.8186049,0.7990573,0.7970649,0.97100484,0.94899833,0.9710708
1,1,4,verbal,0.87618804,0.9465334,0.7714203,0.6386362,0.77260005,0.8223741,0.7981253,0.8093387,0.9417354,0.82663566,0.9397409,0.9644746,0.9505588,0.6877912,0.53998953,0.69925654,0.75622016,0.731253,0.91680384,0.9699778,0.96673775,0.97640944,0.8873404,0.86895335,0.865136,0.9828488,0.97815853,0.9875762
1,1,5,verbal,0.8835519,0.9573333,0.6050005,0.47569796,0.6056237,0.6968853,0.5944081,0.87807226,0.81093544,0.6509075,0.7714448,0.8820286,0.8121571,0.58739865,0.4214348,0.59596694,0.6987801,0.59885955,0.88193065,0.84125954,0.898802,0.93543625,0.76644385,0.7823431,0.8015058,0.8889818,0.8691057,0.93719256
1,1,6,verbal,0.8803183,0.9704248,0.6710928,0.6026463,0.6008363,0.73128325,0.6768176,0.8517258,0.8640017,0.76668113,0.81719124,0.92171216,0.87170666,0.6253572,0.54984146,0.5590779,0.69622827,0.64108133,0.9436326,0.94037336,0.9671775,0.98689985,0.8647619,0.8824231,0.9091087,0.9388073,0.94180745,0.9784576
1,1,7,verbal,0.8373382,0.9480774,0.5830045,0.57184714,0.43274522,0.6405815,0.5679809,0.868475,0.81000286,0.71203846,0.66901207,0.88146216,0.8191145,0.6297529,0.5790285,0.5071946,0.6997638,0.6304968,0.89680034,0.80037355,0.95353967,0.9711062,0.7223413,0.8411351,0.8348303,0.84289294,0.79059607,0.94848406
1,1,8,verbal,0.902744,0.9606956,0.63536745,0.5124106,0.5775368,0.70379204,0.6102044,0.89053315,0.787841,0.6516325,0.74981534,0.86759675,0.8010412,0.60857457,0.4794518,0.553712,0.6792853,0.5956239,0.91623783,0.94701195,0.9484001,0.9396549,0.8784777,0.8423202,0.8791488,0.9273422,0.920911,0.9359324
1,1,9,verbal,0.81110466,0.9596903,0.6194464,0.49476275,0.64195603,0.7004845,0.6068738,0.8194345,0.8942378,0.78030366,0.88546073,0.9442711,0.8725189,0.6428846,0.5264331,0.6640885,0.72375876,0.64537084,0.9382542,0.943909,0.97823054,0.9736976,0.8893173,0.88996696,0.9312912,0.95034283,0.9271395,0.9597888
1,1,10,verbal,0.907658,0.9482986,0.7603219,0.75230294,0.7491865,0.81948173,0.7947502,0.8738947,0.8460388,0.8348498,0.8332795,0.9000131,0.8827309,0.758574,0.73920506,0.7634969,0.81243515,0.79019225,0.9841988,0.9651854,0.9783356,0.98178405,0.95855933,0.9675507,0.9655722,0.95632917,0.9522574,0.99309033
1,1,11,verbal,0.91005164,0.9757821,0.70783234,0.75829226,0.7121466,0.77063876,0.70583564,0.9396535,0.8459847,0.82165915,0.7784042,0.90835315,0.85858744,0.7326551,0.7413998,0.6881163,0.80617946,0.74837214,0.9083355,0.87991047,0.9660172,0.95478445,0.85533744,0.88902956,0.87103844,0.874947,0.80935293,0.94668114
1,1,12,verbal,0.8833094,0.9055637,0.7273367,0.66840583,0.71186006,0.73516643,0.6917627,0.911532,0.910694,0.8264973,0.87797767,0.925627,0.88841367,0.77759683,0.7034058,0.75199103,0.8027066,0.7572798,0.9340067,0.9473554,0.98565215,0.9838262,0.9062097,0.9113227,0.8957103,0.9427015,0.92921185,0.9768258
1,1,13,verbal,0.8408937,0.9513159,0.6539131,0.5906004,0.7175096,0.7015494,0.6345928,0.86139476,0.9006513,0.8081237,0.8825588,0.93222725,0.89095753,0.6798788,0.606256,0.75690466,0.7388407,0.67078435,0.934849,0.89474773,0.97964716,0.9933212,0.8537283,0.89772004,0.91744196,0.91629946,0.8922046,0.97762764
1,1,14,verbal,0.8941249,0.83374536,0.8365263,0.73863274,0.8506028,0.889682,0.8213041,0.782993,0.85393494,0.7116916,0.843378,0.8949587,0.8818589,0.7879057,0.7342486,0.79458326,0.81101596,0.7306697,0.9057587,0.9691182,0.98311126,0.96427083,0.8858406,0.87923574,0.8320244,0.96809363,0.93206376,0.95885223
1,1,15,verbal,0.9258429,0.92298007,0.8457261,0.77166474,0.8619093,0.8885853,0.8769545,0.8178423,0.9677509,0.88684046,0.958365,0.9864041,0.982875,0.7123941,0.6081495,0.7561153,0.777966,0.76226956,0.940515,0.95573884,0.9837307,0.98752826,0.877091,0.9013353,0.896268,0.9684887,0.95311254,0.99145263
1,2,1,verbal,0.90898824,0.9228033,0.7378264,0.7043177,0.7730214,0.78163594,0.7456257,0.8808716,0.883978,0.8202241,0.91065323,0.9233746,0.90076363,0.696356,0.6123904,0.77252966,0.7730952,0.73426276,0.87526524,0.931179,0.9721685,0.9816776,0.82700574,0.86306125,0.8367118,0.96659017,0.95347387,0.9814412
1,2,2,verbal,0.8883171,0.74863106,0.6682337,0.54070693,0.6298164,0.72606254,0.6753586,0.67308766,0.8265766,0.69391704,0.79238266,0.8718809,0.8406119,0.54626244,0.4230226,0.5432966,0.63479155,0.606134,0.8878875,0.94101983,0.948416,0.9354011,0.85822594,0.8233461,0.8179304,0.9592596,0.94343746,0.96330947
1,2,3,verbal,0.9763079,0.75776106,0.91625875,0.86379606,0.8757789,0.9380942,0.9272012,0.7770916,0.89483213,0.8492196,0.8588428,0.94811505,0.9386521,0.7852078,0.7057707,0.6883632,0.85668,0.7982488,0.9239359,0.8359177,0.95204765,0.8919598,0.78054094,0.9039288,0.8437077,0.8527814,0.8082756,0.9518062
1,2,4,verbal,0.9908398,0.8528888,0.94216305,0.6654654,0.73513484,0.97986865,0.9684571,0.81794655,0.9663348,0.6989652,0.75284326,0.9896284,0.9838607,0.7470708,0.41519296,0.5698921,0.7991127,0.79805994,0.78116,0.76493263,0.97036165,0.98463887,0.5331159,0.7284796,0.71794444,0.76492053,0.7635981,0.98444015
1,2,5,verbal,0.9804977,0.7951699,0.90706265,0.6227577,0.72337806,0.9478961,0.95165664,0.7647057,0.95046127,0.69601405,0.7617991,0.97490996,0.9744889,0.67769283,0.41082123,0.5327369,0.73889965,0.7501598,0.81457376,0.7357308,0.9581582,0.9774714,0.532688,0.7453955,0.7216942,0.78322476,0.72982925,0.95857424
1,2,6,verbal,0.8658895,0.93998736,0.6894828,0.73343575,0.63639826,0.7238013,0.62345916,0.8467575,0.85972273,0.7895145,0.8023556,0.89684916,0.8000631,0.7019788,0.6915254,0.6710512,0.74803454,0.65773636,0.89579463,0.8639503,0.95900345,0.9618776,0.75629896,0.8408931,0.82786566,0.9111578,0.87393856,0.9386505
1,2,7,verbal,0.9919774,0.99808484,0.93681616,0.93284035,0.92877483,0.9487717,0.90751624,0.9902977,0.95022804,0.9345896,0.9501027,0.96853775,0.92206365,0.93579984,0.9335289,0.9297974,0.9455796,0.9070715,0.9776073,0.99031496,0.9819423,0.9838818,0.964834,0.9602038,0.95894414,0.9841266,0.97232276,0.9721058
1,2,8,verbal,0.9871295,0.9451666,0.7296969,0.55577403,0.73829836,0.82497203,0.7468867,0.91297376,0.7775792,0.6010853,0.7853801,0.8735271,0.79479545,0.6388191,0.4822254,0.63694364,0.72252035,0.6634786,0.909013,0.942649,0.9231072,0.9670159,0.83651286,0.7859182,0.849091,0.9452947,0.95183575,0.9472695
1,2,9,verbal,0.83222073,0.8045887,0.78267044,0.6023846,0.82530046,0.83089983,0.82060516,0.8756616,0.93818164,0.79953855,0.9095775,0.969711,0.9612553,0.8060168,0.6328883,0.8243896,0.86103594,0.8430299,0.9057568,0.9081564,0.9745018,0.9825949,0.7889916,0.85468835,0.8538972,0.9307697,0.9013133,0.9804608
1,2,10,verbal,0.91345847,0.8357551,0.88452256,0.76268727,0.8406255,0.919102,0.9127591,0.8064227,0.9623074,0.8766055,0.89303744,0.9811398,0.96695465,0.77047926,0.595547,0.72860956,0.8313513,0.85269004,0.9243089,0.8652391,0.9688689,0.97748345,0.8292951,0.8848757,0.855096,0.9102457,0.8569511,0.9775514
1,2,11,verbal,0.95691365,0.8708073,0.90919226,0.7972826,0.8916313,0.9426187,0.94077027,0.8586672,0.96514297,0.87411106,0.939183,0.98402715,0.98079747,0.78023624,0.63605124,0.8277846,0.8570501,0.8443334,0.9481468,0.9292111,0.97119445,0.98669124,0.85123163,0.8885586,0.90117687,0.95720243,0.94416374,0.98922724
1,2,12,verbal,0.8518882,0.92964786,0.61391646,0.5154462,0.67765564,0.69584763,0.6393193,0.85533243,0.81049544,0.6972783,0.8338838,0.87551683,0.8015472,0.61319965,0.47962585,0.66921127,0.69204336,0.6434359,0.91165894,0.8468703,0.93753874,0.96244544,0.7292847,0.8312789,0.8578708,0.94292265,0.8840614,0.9561473
1,2,13,verbal,0.89910525,0.954133,0.67746997,0.5857208,0.6783472,0.7232068,0.65182775,0.85521704,0.8229941,0.7107176,0.8198955,0.87091506,0.79945105,0.60111845,0.48823902,0.62344646,0.6629163,0.5945757,0.94159263,0.95199907,0.9703779,0.9767402,0.8673946,0.8867363,0.9119215,0.9610825,0.96121943,0.9737512
1,2,14,verbal,0.93697333,0.98531526,0.7188026,0.67154485,0.71710885,0.7735997,0.679564,0.9442912,0.84421134,0.78431195,0.85116047,0.8992014,0.81739706,0.73084104,0.6768161,0.73281515,0.79064304,0.69993865,0.9297865,0.9619387,0.9564813,0.9618324,0.8889613,0.8740798,0.88464165,0.9563702,0.9615147,0.95378786
1,2,15,verbal,0.9876127,0.99882984,0.790118,0.6908327,0.81425226,0.9070337,0.90954876,0.98745656,0.82959133,0.7241862,0.8569364,0.94240713,0.94534457,0.7923109,0.69083476,0.81475246,0.90686506,0.90824693,0.9283147,0.95889646,0.9186152,0.9124304,0.86637366,0.80640554,0.8061031,0.94426626,0.93854344,0.99588215
1,3,1,verbal,0.9676789,0.95366824,0.71254545,0.6741547,0.6976933,0.8317419,0.8561158,0.9530636,0.78529024,0.7159578,0.78203446,0.9089878,0.9258557,0.6976934,0.6289649,0.6898191,0.82976824,0.8485295,0.92311686,0.87841696,0.8925879,0.8891758,0.79612136,0.80429375,0.7899847,0.9269814,0.8954432,0.9773827
1,3,2,verbal,0.8317312,0.94491136,0.5461783,0.48265052,0.5193173,0.6510684,0.6252598,0.79923505,0.8184652,0.75909466,0.7578209,0.89875245,0.8718745,0.5556423,0.49301285,0.5111676,0.65099144,0.6242575,0.97303385,0.8478018,0.9702784,0.976482,0.8003649,0.91940135,0.9404312,0.8661946,0.83089846,0.9805248
1,3,3,verbal,0.97046024,0.94697,0.9171415,0.88195175,0.90813905,0.94482845,0.92832834,0.9095527,0.94629043,0.9127861,0.93216485,0.9623986,0.9561656,0.8796842,0.82885087,0.8642924,0.9045709,0.8857905,0.9707766,0.940163,0.9858405,0.99065524,0.9242779,0.9605647,0.95938134,0.9632086,0.94057727,0.9883213
1,3,4,verbal,0.9242577,0.92859465,0.93836427,0.9131923,0.8776483,0.96166295,0.9239476,0.82653856,0.9367051,0.90308666,0.88717735,0.9449358,0.90515196,0.82535124,0.7911007,0.77580976,0.87522817,0.8301377,0.95411265,0.9338817,0.98096335,0.9629592,0.90664184,0.9436193,0.903172,0.93975633,0.89646536,0.96626407
1,3,5,verbal,0.9766335,0.89946866,0.90844774,0.883411,0.87975013,0.9639358,0.92840666,0.89544,0.92816544,0.88453686,0.90705603,0.9752958,0.9489325,0.7691497,0.7729051,0.8307473,0.86290544,0.8058161,0.92703366,0.89660203,0.95735115,0.98127294,0.8775247,0.91230536,0.888165,0.9398312,0.9035331,0.9686485
1,3,6,verbal,0.8836333,0.82276183,0.75447285,0.6110204,0.7701846,0.8259496,0.8023755,0.816326,0.8830852,0.7553411,0.89273065,0.9549076,0.91569,0.6770415,0.48472905,0.6970387,0.7536013,0.7229127,0.87072355,0.9251103,0.93755156,0.97989273,0.81755984,0.8144379,0.833825,0.9516208,0.9325396,0.957437
1,3,7,verbal,0.89970607,0.75269413,0.82186055,0.64701694,0.7434228,0.8610076,0.8768604,0.777205,0.92073804,0.70422286,0.8525989,0.93157256,0.9300706,0.74224293,0.5154279,0.727627,0.80970174,0.8025629,0.8213879,0.8610372,0.95651686,0.9537687,0.6954217,0.79979867,0.74733657,0.88316536,0.8174606,0.94840187
1,3,8,verbal,0.9211229,0.7897169,0.8916436,0.73691285,0.8744713,0.91131324,0.9150256,0.84751344,0.95745033,0.78414214,0.9571375,0.98266745,0.9767825,0.7663132,0.5332436,0.8248387,0.8333596,0.8399961,0.86421955,0.9402315,0.95891684,0.97996336,0.808021,0.81418836,0.7914358,0.9698949,0.94461495,0.9756375
1,3,9,verbal,0.93185973,0.87175524,0.91793483,0.812706,0.767401,0.9143878,0.92436135,0.913865,0.9684751,0.8553082,0.8469476,0.9730764,0.9783747,0.8478132,0.7013971,0.7815924,0.9064297,0.89723486,0.9235246,0.8387108,0.9559405,0.9865025,0.7662791,0.8694731,0.88384396,0.87552685,0.85167915,0.97546566
1,3,10,verbal,0.8747375,0.8680955,0.8426893,0.7476381,0.8439019,0.8638177,0.86334044,0.9070843,0.9589191,0.8657877,0.96295696,0.974005,0.9772061,0.8283827,0.68786085,0.87612337,0.87285566,0.87400067,0.92665136,0.9615052,0.96979415,0.9902916,0.863586,0.90185195,0.89524394,0.9709309,0.9730338,0.9830161
1,3,11,verbal,0.8917319,0.8163725,0.61950105,0.59545636,0.62613034,0.6830236,0.6203159,0.8001505,0.7742553,0.7108789,0.79769063,0.8387617,0.777228,0.67280036,0.5275818,0.7075735,0.7561082,0.71489406,0.84344393,0.9389772,0.94899696,0.97834456,0.7506759,0.7829869,0.77400565,0.9581724,0.957848,0.97240263
1,3,12,verbal,0.945614,0.9489423,0.62481713,0.6003588,0.65516984,0.79481006,0.61996955,0.93212295,0.7584736,0.68067276,0.7808367,0.91057515,0.75764525,0.6451337,0.6030463,0.68625176,0.8331349,0.6686527,0.86310136,0.9026544,0.8813081,0.95561737,0.8196356,0.77965796,0.774799,0.9188364,0.8735816,0.8919282
1,3,13,verbal,0.8411169,0.89044166,0.6914101,0.62003666,0.6930055,0.756622,0.6247328,0.8374834,0.8370736,0.74682575,0.83813,0.88719493,0.7643594,0.7014625,0.6244241,0.67825615,0.79744357,0.7026155,0.8256982,0.8798237,0.92638475,0.9428645,0.80695117,0.8351774,0.75227576,0.86635965,0.8159277,0.9080645
1,3,14,verbal,0.8754009,0.8523427,0.7062234,0.69547457,0.6803621,0.76907814,0.6761598,0.82865345,0.8868475,0.8408636,0.8331192,0.9261396,0.8394075,0.6931043,0.64595705,0.65638,0.76567215,0.6873957,0.8931152,0.85348916,0.9457243,0.9579328,0.77100384,0.8485463,0.7957787,0.89985484,0.8582817,0.9423682
1,3,15,verbal,0.90413415,0.86237437,0.8339547,0.6389168,0.8250057,0.87798595,0.87734574,0.82680035,0.9443791,0.7764237,0.893858,0.97397655,0.960565,0.76524615,0.5197338,0.75951046,0.82851106,0.8443707,0.8416603,0.88982886,0.96231043,0.9759281,0.75880104,0.80273134,0.7529443,0.9059449,0.8868494,0.9720433
1,4,1,verbal,0.9017531,0.8594201,0.8692072,0.66230893,0.76914084,0.8943983,0.9138961,0.85438424,0.94181705,0.7728776,0.863721,0.9801132,0.969117,0.79143953,0.53471625,0.74668944,0.84562,0.87986064,0.832541,0.8579622,0.95178753,0.97423506,0.7211773,0.79971826,0.75633955,0.8855891,0.85875744,0.9725793
1,4,2,verbal,0.9050656,0.8317658,0.7759672,0.5280397,0.7759917,0.8569878,0.8504206,0.8111886,0.8685831,0.65586853,0.85272175,0.9359666,0.90900004,0.68266344,0.4401423,0.71376854,0.7958749,0.80639124,0.7886971,0.9095853,0.92495924,0.9539814,0.72167397,0.7502286,0.6842531,0.92216885,0.9162635,0.9574148
1,4,3,verbal,0.8809657,0.76980174,0.8071172,0.6091231,0.7998145,0.85749555,0.8525583,0.7610249,0.91129297,0.74169236,0.89485496,0.96607524,0.94781864,0.6538173,0.44539908,0.64408904,0.75061214,0.75711596,0.8484853,0.8598297,0.94753945,0.95400447,0.74822205,0.8033914,0.7665327,0.9063766,0.8677052,0.9635892
1,4,4,verbal,0.87869483,0.8348687,0.76568794,0.44732812,0.7631182,0.8504265,0.8402849,0.76531875,0.91175205,0.5901403,0.8822306,0.94722927,0.9523024,0.647403,0.27564952,0.6968174,0.73691714,0.7525888,0.7228801,0.899686,0.92373675,0.9690583,0.6321912,0.6690092,0.6248142,0.9199702,0.9046931,0.95503783
1,4,5,verbal,0.8652313,0.8294212,0.7382345,0.35794988,0.791055,0.7996508,0.80535966,0.7411786,0.93141603,0.5661531,0.92923784,0.9760099,0.96774775,0.574712,0.24301797,0.63037574,0.6770438,0.67921656,0.71121585,0.91491896,0.954442,0.9729878,0.6376342,0.64753515,0.61303073,0.9443541,0.90600276,0.9686494
1,4,6,verbal,0.88996613,0.8859836,0.80141515,0.48538968,0.7785211,0.8551286,0.8522534,0.8176595,0.9655217,0.6655975,0.92623484,0.9747013,0.9820953,0.71965873,0.3559777,0.7089487,0.76494354,0.7772991,0.7821025,0.92725784,0.951351,0.97020316,0.73521525,0.69476026,0.67866904,0.9470801,0.9074373,0.965068
1,4,7,verbal,0.7678265,0.84009963,0.57372034,0.25409424,0.5769432,0.67358583,0.6429688,0.7322412,0.85076535,0.51815045,0.8584535,0.9417083,0.9167199,0.48630607,0.12589866,0.51293284,0.6276307,0.59966993,0.7313565,0.90922517,0.87735814,0.9585805,0.6749462,0.64349145,0.61445135,0.89897037,0.90474755,0.91625166
1,4,8,verbal,0.85491824,0.74668866,0.7422201,0.6628876,0.80693865,0.82804817,0.7490589,0.8208769,0.8890311,0.6393826,0.9186849,0.9535601,0.93122405,0.64773875,0.420493,0.718608,0.7772345,0.74941444,0.7385987,0.87478507,0.8905376,0.95936173,0.6957392,0.70452094,0.6259893,0.9382665,0.88303334,0.9159451
1,4,9,verbal,0.8047009,0.7909369,0.62811154,0.32585293,0.61431664,0.72166675,0.70278144,0.6773051,0.8293116,0.5502459,0.84516066,0.9156466,0.8713334,0.485403,0.161499,0.4818237,0.6153291,0.6009672,0.76506615,0.90265197,0.9181136,0.9525229,0.7350335,0.68255794,0.65311366,0.9233362,0.8730226,0.9374041
1,4,10,verbal,0.8323123,0.8291815,0.66702676,0.39616886,0.6132116,0.7223177,0.6816541,0.8494632,0.8339845,0.57939994,0.77439606,0.8921611,0.84443885,0.65915143,0.40245298,0.6403835,0.7822442,0.7085649,0.73852575,0.87217975,0.90744084,0.95764226,0.6402934,0.70309,0.6799552,0.8342974,0.8516272,0.938821
1,4,11,verbal,0.69390833,0.7692886,0.6020029,0.2975323,0.6355041,0.6635337,0.63758403,0.6428135,0.86481494,0.5978876,0.7965195,0.8836554,0.8326818,0.55222225,0.19251329,0.55170876,0.6496958,0.62537813,0.76603264,0.8516998,0.9503308,0.94271296,0.6167616,0.68634754,0.6633772,0.87008476,0.83351946,0.9637221
1,4,12,verbal,0.82465714,0.8093049,0.68144876,0.43395028,0.77065855,0.76639223,0.71703607,0.7142556,0.8474106,0.620478,0.8743385,0.91517806,0.8740591,0.5667869,0.3530605,0.68459713,0.70235,0.61813784,0.7999245,0.88825047,0.91033596,0.94870156,0.6831505,0.71758133,0.700509,0.9108845,0.880233,0.93404824
1,4,13,verbal,0.88722306,0.7340752,0.7829359,0.62783504,0.8176246,0.84081656,0.79700935,0.69659895,0.8713055,0.741752,0.8617887,0.93687814,0.86604327,0.615105,0.4160794,0.65299505,0.73952585,0.70213544,0.83293295,0.82474464,0.929385,0.95366096,0.719801,0.76522464,0.74403805,0.8819268,0.82005024,0.9481444
1,4,14,verbal,0.8432519,0.8048338,0.7122606,0.46140814,0.7463144,0.7963077,0.7685908,0.7528063,0.87914056,0.65252835,0.8562884,0.9357276,0.90766597,0.56513596,0.3572859,0.6822297,0.7207437,0.6437751,0.80735195,0.83387256,0.91587645,0.97413343,0.6991712,0.72703654,0.72501093,0.8962231,0.8443593,0.9424225
1,4,15,verbal,0.91254836,0.82412785,0.78011423,0.5850143,0.8091162,0.87133104,0.8258229,0.76544756,0.888852,0.66350013,0.8855042,0.94095784,0.90615153,0.59366024,0.40712568,0.6918546,0.7429487,0.69051164,0.7947312,0.88408756,0.91003036,0.9675889,0.7189698,0.71143854,0.69665676,0.9249992,0.89120924,0.9427241
1,5,1,verbal,0.9291243,0.78517425,0.8438714,0.703375,0.84358376,0.88138795,0.8399981,0.81928676,0.8843728,0.7449758,0.90175456,0.9388907,0.8848798,0.7166376,0.5339982,0.7823134,0.83101106,0.78236485,0.7659938,0.869275,0.90676355,0.9657961,0.764549,0.77242285,0.6780747,0.92657506,0.8701418,0.91868585
1,5,2,verbal,0.9148712,0.8575044,0.86087143,0.63036555,0.7595011,0.88526547,0.8968994,0.8575716,0.9327181,0.7281382,0.8182403,0.95867413,0.95738244,0.7563108,0.51995033,0.6924426,0.83912355,0.8287918,0.8314837,0.79457635,0.9301736,0.97235346,0.72637945,0.77707005,0.7440377,0.88509774,0.7951934,0.94838667
1,5,3,verbal,0.8572694,0.8410471,0.83559436,0.69749993,0.83047944,0.8733404,0.861838,0.83902884,0.92555726,0.78125167,0.86272985,0.9315647,0.92865324,0.83368325,0.66646504,0.8336442,0.8969377,0.8774713,0.8714156,0.8825074,0.94487953,0.9801306,0.78446734,0.8453222,0.8467468,0.9166963,0.89634454,0.95995444
1,5,4,verbal,0.9062899,0.9463735,0.76167357,0.6905195,0.7566366,0.8048155,0.7725436,0.917216,0.91129714,0.8511591,0.8530532,0.93662935,0.9147527,0.7921774,0.70011085,0.78103596,0.83231914,0.8082635,0.9626954,0.8681953,0.97974604,0.9964512,0.829706,0.9308502,0.9472208,0.9107892,0.8699226,0.9838787
1,5,5,verbal,0.8708318,0.8747601,0.78572273,0.71260244,0.7848825,0.8099807,0.7846925,0.829723,0.93754166,0.8789635,0.912845,0.9611612,0.93605375,0.735209,0.6163202,0.82149565,0.77495956,0.74286026,0.9522009,0.9004432,0.97985834,0.98981637,0.79204184,0.9166701,0.9290678,0.93599904,0.9105369,0.9844763
1,5,6,verbal,0.87395406,0.8448786,0.77209747,0.6232653,0.61092705,0.78216416,0.7743168,0.81447905,0.8936871,0.7625369,0.7417141,0.92704654,0.8993788,0.6941298,0.5196583,0.51920426,0.74799854,0.72579694,0.87305486,0.8461484,0.9595772,0.98601395,0.83025503,0.84224856,0.8300858,0.8229154,0.8159627,0.97124755
1,5,7,verbal,0.85374063,0.92709625,0.588969,0.53475094,0.5901456,0.69536585,0.5596625,0.8290892,0.8253314,0.7754735,0.78858835,0.9107759,0.7966279,0.5793193,0.4974219,0.61198467,0.69499195,0.56967753,0.92374563,0.78652257,0.93898815,0.98008597,0.71598446,0.8613634,0.87010616,0.8528727,0.79584044,0.93135244
1,5,8,verbal,0.8688665,0.9012413,0.60067004,0.53063494,0.5006896,0.69898903,0.5852443,0.82324076,0.77659035,0.675596,0.6614529,0.85908705,0.7533725,0.6254702,0.54681635,0.55581284,0.74218696,0.63642794,0.9003739,0.8049835,0.91746724,0.95391667,0.78214806,0.8350989,0.8877013,0.83250296,0.7891094,0.9270153
1,5,9,verbal,0.85505074,0.812366,0.6858264,0.5903942,0.6657081,0.71964717,0.6265815,0.8438711,0.85648835,0.7523093,0.82440794,0.90066737,0.80498755,0.7185008,0.55012274,0.65956545,0.7967462,0.7454429,0.8712288,0.83002245,0.9449186,0.94883925,0.8180604,0.8271131,0.76660585,0.8719089,0.79291284,0.93396384
1,5,10,verbal,0.9185148,0.8731061,0.83792096,0.8431355,0.8204606,0.86131257,0.82703936,0.8970695,0.94243366,0.9435376,0.8959512,0.9569832,0.9262079,0.85686564,0.8703481,0.79519707,0.89743096,0.85619617,0.96936756,0.8935002,0.97794664,0.9905313,0.90682554,0.9712166,0.9462526,0.90990114,0.8837877,0.9729044
1,5,11,verbal,0.91101253,0.91572773,0.8764071,0.78164154,0.88252723,0.9178987,0.87590706,0.85710704,0.9056427,0.8488966,0.83618414,0.9316907,0.8926267,0.8343692,0.75232065,0.78019816,0.8855309,0.83517706,0.9319328,0.8670862,0.9727836,0.97308284,0.801425,0.92164207,0.9325703,0.8956503,0.8711707,0.9755501
1,5,12,verbal,0.91231644,0.68820584,0.8023043,0.6635379,0.8636367,0.8955199,0.8272323,0.6518108,0.8724517,0.77074194,0.8796613,0.9432738,0.87947065,0.5658452,0.37906033,0.5841253,0.7061638,0.6730594,0.83013165,0.8248787,0.9112899,0.94405687,0.75768,0.785775,0.73750573,0.8889133,0.7850869,0.9310044
1,5,13,verbal,0.958352,0.9202435,0.9226735,0.83603454,0.76711786,0.940809,0.9499161,0.8760715,0.9761969,0.913471,0.81535715,0.9797094,0.9811932,0.8314301,0.6989415,0.67754346,0.85265344,0.8806628,0.9457162,0.8311704,0.97433096,0.9891235,0.8298776,0.9278615,0.9087875,0.8581724,0.8164387,0.9789459
1,5,14,verbal,0.96927613,0.87281173,0.9199517,0.8565035,0.7995626,0.9521738,0.933395,0.88602656,0.970899,0.91196835,0.82665294,0.98689586,0.9778221,0.84124315,0.7423815,0.7484808,0.88273233,0.8774786,0.95683163,0.82916963,0.9778733,0.98978955,0.8454955,0.93494356,0.92209184,0.86129516,0.8123528,0.9817257
1,5,15,verbal,0.88113195,0.8194263,0.8165181,0.6740975,0.7558417,0.80578995,0.8099845,0.85343724,0.9406032,0.82363975,0.9192807,0.9502335,0.9241249,0.7895426,0.6607448,0.7407154,0.81623846,0.8080641,0.85638905,0.9365155,0.9667732,0.9712167,0.81289864,0.850653,0.7926524,0.95072126,0.93121594,0.97274405
1,6,1,verbal,0.88282895,0.92908716,0.77922356,0.65398526,0.6773084,0.78823584,0.7864937,0.8887595,0.9254701,0.79970485,0.83811426,0.9441383,0.9366073,0.7828251,0.63436306,0.7040245,0.80915046,0.8029368,0.91431284,0.9271878,0.9815298,0.99218297,0.8788673,0.8795366,0.8838377,0.9332844,0.9271479,0.9909683
1,6,2,verbal,0.93516225,0.84959525,0.8981119,0.71727407,0.8576868,0.93929875,0.92588574,0.85399926,0.93775314,0.78280884,0.88393396,0.98260677,0.9644786,0.7655863,0.51929545,0.791502,0.8570612,0.840203,0.84718966,0.8585709,0.94512004,0.98036706,0.7222116,0.7868432,0.79292506,0.90738505,0.87665784,0.9755442
1,6,3,verbal,0.91318846,0.77033246,0.8974905,0.6891961,0.88887084,0.9198829,0.86645657,0.70525604,0.94251555,0.79176354,0.92150843,0.9498881,0.89546305,0.66061276,0.44965705,0.69211084,0.74751014,0.7229566,0.8150979,0.9164641,0.93254757,0.9094532,0.7723662,0.81224614,0.76074445,0.93987083,0.8675011,0.94219035
1,6,4,verbal,0.9374221,0.83048856,0.8537515,0.71456015,0.72635555,0.892254,0.88609695,0.84194976,0.918409,0.81021005,0.7920025,0.96030736,0.92495215,0.74643016,0.6226713,0.7997743,0.8363837,0.8010813,0.9088915,0.784661,0.9392894,0.92768586,0.74644345,0.8719395,0.8376806,0.8349181,0.7742388,0.94614494
1,6,5,verbal,0.8589034,0.59393996,0.74412775,0.6174998,0.78491133,0.8399335,0.7609228,0.5514603,0.8376543,0.7575434,0.73875046,0.8819599,0.84496665,0.63049555,0.34575233,0.515663,0.65799266,0.64424014,0.83016807,0.67503464,0.91044307,0.9519371,0.6430582,0.7910199,0.7947129,0.8095954,0.66244584,0.91216654
1,6,6,verbal,0.8799585,0.7037345,0.822203,0.60499084,0.7360375,0.8682361,0.8469155,0.62651896,0.8486202,0.7114713,0.7748172,0.9194993,0.8751321,0.61394554,0.34902737,0.5247174,0.69568354,0.6984919,0.8086463,0.7534108,0.9178206,0.9155374,0.74014115,0.76056194,0.72144413,0.8259341,0.71853006,0.9467464
1,6,7,verbal,0.8807259,0.6366164,0.780509,0.55891246,0.78045464,0.81369823,0.76964664,0.6930799,0.8374346,0.62830853,0.8557482,0.9076773,0.8394816,0.75769657,0.26779464,0.49935338,0.7229919,0.79387975,0.56742334,0.73831993,0.91622233,0.95511216,0.77302814,0.6636195,0.5436283,0.84736174,0.7343121,0.92785996
1,6,8,verbal,0.83897,0.7645214,0.7814665,0.6351522,0.7072708,0.8261035,0.7789137,0.66604936,0.82159543,0.72394043,0.7770453,0.8765936,0.83849967,0.61544955,0.38520306,0.6352158,0.7123551,0.6879528,0.80278707,0.86428636,0.9231211,0.9372063,0.74112064,0.7739401,0.75190264,0.9206085,0.88644344,0.9506651
1,6,9,verbal,0.88438535,0.7643538,0.8115566,0.5305561,0.7986478,0.87540793,0.86421084,0.6486079,0.92871946,0.68834764,0.87124306,0.9698206,0.93726045,0.539546,0.23077954,0.6252538,0.690638,0.68994045,0.7676217,0.82000464,0.91754633,0.946305,0.6779842,0.67321455,0.62734807,0.9102866,0.82910997,0.95186895
1,6,10,verbal,0.9281007,0.7328202,0.8887075,0.6651086,0.8940669,0.90105593,0.90067863,0.8000566,0.9431635,0.69715106,0.94398785,0.97639227,0.9605199,0.70557237,0.39425588,0.70677257,0.776447,0.7741325,0.79779136,0.9613044,0.9561868,0.98408884,0.7744877,0.74303913,0.72670096,0.9584006,0.95180696,0.96904445
1,6,11,verbal,0.9534364,0.8227956,0.8886646,0.664132,0.9254771,0.94790167,0.9263841,0.80384225,0.9385787,0.7041277,0.94856197,0.9764291,0.9645138,0.6772471,0.40451127,0.7509197,0.78042924,0.7602787,0.80019397,0.9247698,0.9201167,0.98013073,0.6859591,0.74157894,0.7295477,0.93407243,0.9439087,0.93862414
1,6,12,verbal,0.95631105,0.8543208,0.86111164,0.6612076,0.85811174,0.93609786,0.92860955,0.8256815,0.92756593,0.76547784,0.90470415,0.97777885,0.955594,0.71427715,0.49756923,0.7243767,0.82922536,0.81880516,0.8509937,0.906249,0.92429155,0.9631735,0.81056833,0.7836421,0.7512576,0.91696554,0.88846517,0.9549807
1,6,13,verbal,0.96311253,0.8384632,0.90702164,0.6948611,0.9349407,0.96101576,0.95417744,0.78280985,0.9636428,0.76540357,0.9686967,0.9807714,0.9846882,0.68717706,0.4433279,0.7922227,0.7939484,0.77261776,0.8299944,0.92583627,0.9347564,0.97914374,0.7230038,0.7682453,0.7622355,0.966671,0.9479274,0.9629159
1,6,14,verbal,0.9496808,0.7800583,0.850513,0.72465986,0.8858011,0.9354061,0.8413404,0.7511873,0.9199994,0.7660214,0.9272478,0.9775257,0.91454905,0.6187003,0.4418726,0.6784164,0.7530012,0.6962286,0.8282859,0.8746471,0.9232184,0.959242,0.78612393,0.7875246,0.74333864,0.9176208,0.83892125,0.9220198
1,6,15,verbal,0.93597233,0.7251664,0.86149997,0.61122143,0.8555689,0.9269494,0.8959971,0.69700545,0.9442956,0.70753324,0.91833216,0.97913545,0.9561122,0.6102078,0.31121755,0.6184548,0.71860325,0.7181365,0.7626094,0.9203749,0.94532335,0.9732134,0.72923195,0.70072436,0.6729635,0.94482684,0.91063464,0.96901816
1,7,1,verbal,0.9436641,0.85894996,0.8720555,0.7308456,0.915041,0.9511749,0.91887933,0.80805063,0.92526495,0.8170683,0.9655716,0.9811572,0.9412419,0.6942272,0.5095747,0.7362963,0.81424993,0.79895407,0.85540956,0.9265288,0.933024,0.9609706,0.84156287,0.8065742,0.7625352,0.95166206,0.9200355,0.9573923
1,7,2,verbal,0.92133856,0.9208008,0.8967026,0.7025047,0.885283,0.92600846,0.92894024,0.88800126,0.97745717,0.8441646,0.9702031,0.9882262,0.9785549,0.85566914,0.6350506,0.8509607,0.90166277,0.9162718,0.8732587,0.97313344,0.97500545,0.98086315,0.8573323,0.8331748,0.8151067,0.9734324,0.9585228,0.9870747
1,7,3,verbal,0.9042062,0.7810117,0.8275383,0.7349498,0.87293893,0.8999695,0.87951237,0.7985487,0.94070035,0.8175837,0.95471704,0.96636724,0.97572756,0.6982477,0.51403874,0.7419669,0.78503406,0.78913176,0.8752153,0.9496188,0.9206645,0.9543862,0.85278726,0.8482238,0.82564145,0.94766796,0.9432799,0.96392566
1,7,4,verbal,0.9338144,0.83764964,0.65766263,0.6237933,0.78782284,0.8490535,0.82198536,0.87296784,0.7334945,0.7007759,0.86959517,0.91792375,0.8871917,0.5589291,0.49192268,0.7121888,0.7742804,0.74573517,0.91428584,0.89199764,0.87561506,0.9036015,0.8220907,0.81862867,0.81378853,0.9520945,0.9522548,0.9774734
1,7,5,verbal,0.9405224,0.93477315,0.6156719,0.5169086,0.6585755,0.7545686,0.77030975,0.8760462,0.6557877,0.6001751,0.68607223,0.8067027,0.8051098,0.5271138,0.42555243,0.5814427,0.6795848,0.6855932,0.8716871,0.89846486,0.9066956,0.9027325,0.7729464,0.76685214,0.72930056,0.9018473,0.87071806,0.9634382
1,7,6,verbal,0.89632064,0.95964766,0.67702085,0.5264597,0.7018325,0.8154162,0.7771732,0.8885684,0.7453358,0.5707998,0.75240785,0.87786645,0.8387782,0.6624628,0.5015403,0.672127,0.79380876,0.7504865,0.8827175,0.897653,0.9032206,0.8862143,0.80427605,0.7335587,0.6933502,0.9152859,0.8704325,0.9676605
1,7,7,verbal,0.9652635,0.955926,0.7899588,0.75555336,0.7376211,0.8779783,0.8542572,0.9489338,0.8518474,0.8001051,0.7967847,0.9294611,0.9027843,0.80408794,0.7435191,0.7422344,0.89343804,0.86791056,0.91563404,0.8927225,0.9290904,0.91350096,0.84589744,0.853942,0.82076967,0.90083295,0.8280008,0.93973064
1,7,8,verbal,0.97621226,0.93695444,0.73074687,0.77324075,0.65521497,0.84462225,0.82530636,0.9087869,0.77970797,0.7966915,0.70170027,0.8883426,0.878555,0.7152054,0.7224526,0.66962135,0.83348775,0.80575675,0.8693482,0.9180392,0.9014658,0.90630186,0.75145054,0.80143994,0.8030367,0.88299835,0.8728974,0.95489216
1,7,9,verbal,0.93826073,0.9727845,0.7753413,0.7685012,0.7513579,0.81114084,0.73459244,0.95517105,0.8737395,0.8292499,0.85310906,0.91304344,0.8447857,0.81075054,0.7799922,0.7932088,0.8522556,0.7777855,0.9182923,0.9461116,0.9727516,0.97083855,0.862,0.8877202,0.8586712,0.9458574,0.94069827,0.9698007
1,7,10,verbal,0.92489654,0.96444684,0.72978085,0.6977925,0.68120694,0.7503072,0.69429207,0.9490613,0.83897567,0.7534546,0.8145398,0.876754,0.8137744,0.78094715,0.74802595,0.73707616,0.80185646,0.7493375,0.92026633,0.9602082,0.9751107,0.9908574,0.86320066,0.8709714,0.8937153,0.97757715,0.97244906,0.97398555
1,7,11,verbal,0.9122085,0.94102997,0.6773998,0.57104266,0.7436719,0.75692165,0.63007474,0.85905206,0.8366672,0.7179058,0.8784589,0.91486764,0.80467445,0.6470311,0.5345712,0.71909356,0.73865855,0.61102164,0.8694857,0.9273909,0.924631,0.9636678,0.8199775,0.8257131,0.8067225,0.95962745,0.9106586,0.9138388
1,7,12,verbal,0.91490644,0.76411694,0.876589,0.74041134,0.879607,0.921294,0.89214265,0.7532403,0.9448921,0.80628526,0.91461754,0.9446838,0.94215524,0.7000283,0.50441927,0.7420691,0.76651734,0.72153735,0.8768033,0.9092374,0.9527485,0.98691106,0.8259991,0.85227126,0.8441547,0.95165443,0.89482677,0.9517724
1,7,13,verbal,0.8602465,0.88653606,0.6741774,0.5551931,0.5701644,0.7369781,0.6796017,0.81061625,0.81310856,0.69318485,0.76861674,0.88839483,0.8183133,0.7253086,0.59730154,0.6126159,0.7767942,0.73548514,0.89357,0.865015,0.93067974,0.95840365,0.805168,0.8546282,0.8438489,0.9096765,0.880531,0.9494913
1,7,14,verbal,0.869543,0.875088,0.65836865,0.5239741,0.6867202,0.74178207,0.6706699,0.76868474,0.8468567,0.74089944,0.8758122,0.9124162,0.85151976,0.56811166,0.4102544,0.60611224,0.67542166,0.5961515,0.88255244,0.9207146,0.9163286,0.97173834,0.85462826,0.8530117,0.8387509,0.9651761,0.9267837,0.9363309
1,7,15,verbal,0.85911447,0.63907677,0.5862429,0.56540483,0.5212328,0.6644722,0.54629636,0.5601468,0.6919052,0.5721601,0.63420004,0.77701205,0.6613346,0.4906547,0.3416778,0.5768252,0.58814913,0.4854332,0.78522146,0.8110035,0.9426545,0.95523256,0.59963036,0.68867505,0.73088574,0.8454051,0.78582025,0.9254561
1,8,1,verbal,0.90291154,0.98038447,0.60421205,0.48629242,0.65254444,0.7610816,0.7527784,0.885627,0.7662012,0.67083347,0.8292782,0.9102153,0.91225696,0.56865865,0.44645518,0.6073126,0.7235464,0.72319186,0.95198023,0.9332653,0.93098366,0.9233236,0.8937771,0.8624551,0.859441,0.95492125,0.9249119,0.9808479
1,8,2,verbal,0.9495092,0.8936256,0.55998474,0.44962043,0.51240236,0.74914944,0.6935121,0.8676494,0.6255157,0.49957904,0.59782743,0.82411236,0.75117826,0.45448777,0.30227685,0.48300895,0.66871816,0.6666114,0.888711,0.7023778,0.8066344,0.75704664,0.5915811,0.66970336,0.6133772,0.77913344,0.6744502,0.9064279
1,8,3,verbal,0.86967146,0.73757434,0.73056054,0.6221251,0.86186266,0.8577292,0.76590174,0.6534857,0.7916949,0.7474285,0.8732698,0.88840455,0.7910833,0.6819267,0.45278585,0.60998064,0.76947635,0.8066558,0.82977635,0.77044034,0.89888954,0.89002144,0.7053832,0.778912,0.7079983,0.86110723,0.7489035,0.92279255
1,8,4,verbal,0.94255024,0.87310725,0.72116953,0.5170072,0.7530216,0.8474731,0.7975515,0.7881717,0.7721449,0.57619786,0.84731674,0.8873874,0.84827566,0.676435,0.4850587,0.6088309,0.7775372,0.7775971,0.8175142,0.87336,0.91661954,0.8712805,0.71045345,0.69753325,0.64679015,0.91170627,0.8499251,0.93908876
1,8,5,verbal,0.9265429,0.9349302,0.6339808,0.5574756,0.7092142,0.8213448,0.79376113,0.8716253,0.7216147,0.63369256,0.7933584,0.911439,0.87816566,0.54216146,0.4224229,0.6094722,0.7341662,0.7238201,0.8761217,0.89967734,0.8612479,0.89161843,0.86437654,0.79795146,0.78648883,0.9200197,0.8973199,0.9661947
1,8,6,verbal,0.9707238,0.9600689,0.61797947,0.56119406,0.61280245,0.7930152,0.806901,0.93447775,0.6986684,0.6305558,0.7033035,0.86814666,0.8805372,0.6185369,0.5353388,0.62195265,0.7919575,0.79246414,0.89113474,0.93740237,0.8560809,0.84024394,0.84101665,0.73633677,0.70001596,0.902801,0.8756729,0.9813114
1,8,7,verbal,0.94836414,0.96461487,0.6198301,0.5659607,0.6924852,0.817897,0.7487208,0.90613693,0.7166318,0.6514716,0.78099227,0.8893699,0.83608764,0.5875883,0.524294,0.6683734,0.79402214,0.71747625,0.8962728,0.94807327,0.87648666,0.92116314,0.82681006,0.77124584,0.7889798,0.943021,0.9685808,0.96044606
1,8,8,verbal,0.8768223,0.8949739,0.70401865,0.5637894,0.7073304,0.7936688,0.76102674,0.79498917,0.8839082,0.74551475,0.86773545,0.93236226,0.91431755,0.64873576,0.44740954,0.6757315,0.752622,0.7111893,0.8050199,0.9549926,0.9263134,0.9672786,0.76656586,0.75650644,0.77318126,0.9516906,0.94016516,0.95919496
1,8,9,verbal,0.9214516,0.86739564,0.8858028,0.6575693,0.79249233,0.915956,0.87139153,0.7925254,0.8890833,0.7464604,0.8034932,0.9202189,0.8592754,0.74050057,0.4909049,0.7196728,0.8373512,0.782056,0.7639564,0.79092723,0.91206217,0.9078592,0.61630327,0.73273164,0.6856989,0.8567466,0.7973602,0.9245954
1,8,10,verbal,0.9512588,0.7815472,0.8038322,0.6830155,0.8507578,0.90848744,0.86177295,0.7676929,0.862963,0.70586294,0.8672813,0.9461293,0.92284566,0.5261249,0.46377736,0.6458805,0.71460646,0.65118515,0.7949778,0.8552251,0.8933171,0.96057975,0.7514566,0.77198386,0.7346409,0.9357606,0.8862711,0.94605637
1,8,11,verbal,0.94699425,0.83842057,0.7081482,0.5127643,0.76289916,0.7747925,0.75699085,0.80792713,0.75550747,0.5870736,0.8287255,0.85629773,0.80669653,0.49166378,0.2949018,0.6017551,0.6742335,0.59888864,0.8177394,0.910893,0.8583204,0.908168,0.72853667,0.699252,0.676351,0.95673853,0.9412897,0.93341017
1,8,12,verbal,0.9292884,0.7932865,0.8465265,0.6201076,0.8271108,0.9026057,0.8657107,0.72203,0.9340728,0.71040094,0.9057842,0.96084386,0.934039,0.5950605,0.3632486,0.671966,0.73188925,0.6883757,0.8015585,0.8593452,0.9228181,0.96548146,0.65247536,0.73795766,0.7074604,0.91621166,0.8702829,0.9397049
1,8,13,verbal,0.95817125,0.8061075,0.9256358,0.83132255,0.8813816,0.9218803,0.8907168,0.8080596,0.9519523,0.81950897,0.9051059,0.9430112,0.9456038,0.7288455,0.5919795,0.75093323,0.83418405,0.7880501,0.85772115,0.92998457,0.9260068,0.9603197,0.80911624,0.8356714,0.7845769,0.93265164,0.9408285,0.9479809
1,8,14,verbal,0.91171896,0.789599,0.7599037,0.592509,0.81299126,0.8519364,0.7889757,0.72683793,0.87116224,0.6677865,0.90747404,0.939921,0.8848584,0.5020612,0.38073656,0.61227804,0.6991824,0.6267757,0.7845434,0.918502,0.8731652,0.9365028,0.7134366,0.7148075,0.67886466,0.9429217,0.92224437,0.92667866
1,8,15,verbal,0.9090551,0.82553047,0.717231,0.3959853,0.7769437,0.8235444,0.7779471,0.7556942,0.8284862,0.5058258,0.8849961,0.91993153,0.8859007,0.5239956,0.23620413,0.6403725,0.67729783,0.59387404,0.7160131,0.9241475,0.885055,0.9677686,0.6507893,0.6534221,0.6718639,0.9628165,0.9496042,0.9409535
1,9,1,verbal,0.9122207,0.8479594,0.7373684,0.6741366,0.82879454,0.8426724,0.7663794,0.7970251,0.8733941,0.7890967,0.94805425,0.9515982,0.897387,0.6151637,0.50250477,0.72326,0.7493577,0.6921688,0.83843195,0.93894994,0.9202392,0.9677558,0.81277114,0.81556016,0.78775233,0.96781874,0.94074357,0.94991076
1,9,2,verbal,0.91320765,0.7968102,0.6756479,0.5980121,0.76614344,0.8560883,0.7635174,0.77392495,0.7689536,0.63925445,0.85151786,0.9336393,0.86408305,0.45122343,0.3570812,0.56104404,0.69449216,0.6009532,0.8078789,0.8852918,0.831036,0.9343171,0.78382254,0.7494527,0.7040969,0.928979,0.9071588,0.9028441
1,9,3,verbal,0.92042696,0.85426253,0.7667633,0.6949423,0.7637805,0.83402216,0.8503252,0.88159055,0.84191036,0.777911,0.8713941,0.93007135,0.936849,0.7404744,0.69058937,0.78032607,0.82642186,0.8189842,0.91061646,0.9357351,0.9287994,0.91741985,0.895973,0.8773947,0.8173674,0.966794,0.9198496,0.96093637
1,9,4,verbal,0.93892014,0.8406023,0.7968014,0.8304853,0.8222471,0.91591924,0.8804609,0.7824496,0.845804,0.83279943,0.8465881,0.9247598,0.9153608,0.6299431,0.6729729,0.7138626,0.80010545,0.77544785,0.9015384,0.91867596,0.9126185,0.93266684,0.8585227,0.9186057,0.8965467,0.93947965,0.9163762,0.9724173
1,9,5,verbal,0.947559,0.7193083,0.9156604,0.84163225,0.8882679,0.93973756,0.8899743,0.72328407,0.93295884,0.86937934,0.903349,0.9691026,0.9307689,0.70010763,0.55647695,0.6843339,0.7874432,0.7960112,0.9039514,0.8541026,0.9524604,0.9473483,0.75913554,0.8689552,0.842093,0.89081275,0.8464932,0.9706702
1,9,6,verbal,0.9631761,0.77953696,0.92998374,0.8428053,0.87482727,0.96165025,0.93192345,0.80481863,0.95532465,0.8844823,0.9050269,0.9830117,0.96146595,0.749465,0.6114,0.6730884,0.8224143,0.84171945,0.9092979,0.8600483,0.9571487,0.95866203,0.89034307,0.8883947,0.8763976,0.9107854,0.87061965,0.979657
1,9,7,verbal,0.9525048,0.76653767,0.91859555,0.81043243,0.89677763,0.9664162,0.919062,0.8050077,0.9525537,0.8476641,0.95938516,0.98184943,0.9774889,0.7005283,0.5310135,0.79288524,0.8037234,0.826757,0.89209664,0.897216,0.9612891,0.94650835,0.8302002,0.84204394,0.8135862,0.94492847,0.944002,0.974413
1,9,8,verbal,0.94466347,0.7829325,0.91044134,0.77859163,0.90459013,0.92628646,0.91280967,0.8145922,0.95176953,0.83624536,0.97213495,0.98615324,0.9756625,0.7691414,0.5592437,0.8493121,0.82722384,0.8426817,0.8894279,0.9349288,0.93938917,0.955052,0.8133295,0.82566446,0.8176891,0.9751843,0.97607183,0.98455554
1,9,9,verbal,0.95381725,0.7672808,0.90534437,0.8093801,0.8708906,0.9405337,0.88632363,0.77575034,0.96437544,0.87587535,0.9364865,0.98013365,0.9481935,0.72546256,0.5754785,0.7368467,0.8148678,0.85474503,0.94232273,0.93189245,0.95735294,0.9432727,0.86198455,0.8702574,0.841372,0.9470045,0.9213275,0.96771866
1,9,10,verbal,0.9656357,0.8603633,0.96615994,0.8986431,0.9422086,0.98081046,0.96047604,0.8663098,0.9539991,0.8884654,0.9344281,0.9759131,0.9485521,0.8230948,0.6786098,0.8284504,0.88461906,0.9018933,0.93510234,0.94830394,0.96891654,0.9619733,0.88334435,0.8992716,0.867199,0.9611679,0.9290731,0.9778127
1,9,11,verbal,0.94996905,0.83549666,0.94522315,0.8555735,0.89700425,0.9511752,0.93387866,0.84899306,0.9512204,0.89126366,0.93714285,0.980822,0.957611,0.8116762,0.69787765,0.78490114,0.88360125,0.90742284,0.9267139,0.9268664,0.95413035,0.94939864,0.8937198,0.891899,0.8560799,0.9389445,0.9050165,0.97950137
1,9,12,verbal,0.8510272,0.7757186,0.7692584,0.5665838,0.7355241,0.81597376,0.7871756,0.7424408,0.92604774,0.76596963,0.86874753,0.9287476,0.91159785,0.7241944,0.4570088,0.66975874,0.7813623,0.80682415,0.83785355,0.9145661,0.96004033,0.9615472,0.8114422,0.7876788,0.7589604,0.9275333,0.8860838,0.9566732
1,9,13,verbal,0.944554,0.7635345,0.92726505,0.85280764,0.91196746,0.94536376,0.90392566,0.7917033,0.9680164,0.8925704,0.93937075,0.9811121,0.9578602,0.7771825,0.6462658,0.75464386,0.83119255,0.8715474,0.91167593,0.96736807,0.97583807,0.954414,0.89431566,0.9074223,0.87024677,0.951159,0.9163169,0.9794299
1,9,14,verbal,0.9019936,0.80306107,0.86734176,0.78803796,0.8905158,0.9039652,0.8669636,0.8213674,0.8991535,0.85181576,0.9293834,0.957215,0.9206292,0.78344226,0.6777676,0.847202,0.8622943,0.8747098,0.94027436,0.9692829,0.9551108,0.9609749,0.90497416,0.8991628,0.88444626,0.9730561,0.9703665,0.9780674
1,9,15,verbal,0.945538,0.8801084,0.8928512,0.82698005,0.93093216,0.95470417,0.9275224,0.80579025,0.9507522,0.8942306,0.9734755,0.98328614,0.9662776,0.75018543,0.6820229,0.79665565,0.8339464,0.81365955,0.9561185,0.9454644,0.9677324,0.9696059,0.8707868,0.914353,0.8956729,0.9777641,0.9704269,0.9835036
1,10,1,verbal,0.8565843,0.7482774,0.72020215,0.61686444,0.75129706,0.7988805,0.6455375,0.72233856,0.82716554,0.7392291,0.878827,0.8886519,0.74648654,0.6872736,0.559604,0.7083238,0.7756898,0.7498659,0.8434311,0.88092685,0.92524403,0.89225125,0.8085976,0.85602313,0.79607284,0.91552985,0.84853816,0.90015393
1,10,2,verbal,0.78718674,0.81242764,0.6066419,0.18423602,0.55533046,0.60801464,0.5407232,0.8074257,0.8908933,0.52361315,0.84258676,0.8959092,0.85601085,0.6565704,0.23901081,0.6183734,0.6777107,0.5776679,0.7247975,0.91396654,0.9735091,0.9637042,0.6959393,0.7157912,0.79959464,0.9298548,0.90798086,0.9519851
1,10,3,verbal,0.86219394,0.6888285,0.8488102,0.47277993,0.74562496,0.79448086,0.79593444,0.6694455,0.9652954,0.6736811,0.9286241,0.9655737,0.9505424,0.6329926,0.18236548,0.5433263,0.65249187,0.60831636,0.6856508,0.9171375,0.9418707,0.9452008,0.76698416,0.7053493,0.68542755,0.96398365,0.9273996,0.95371217
1,10,4,verbal,0.9208439,0.7512894,0.8933354,0.68056273,0.83158994,0.90311515,0.9014327,0.7938357,0.9551415,0.71739954,0.8971121,0.97590566,0.9679423,0.71781564,0.4317109,0.72383475,0.81187266,0.7975317,0.7573689,0.8956256,0.94626486,0.97318643,0.734036,0.7339567,0.72497624,0.9338367,0.8894374,0.9730393
1,10,5,verbal,0.8361393,0.68697673,0.73581165,0.5809454,0.771429,0.7979951,0.686809,0.7498401,0.9025959,0.74371785,0.886191,0.9639469,0.89346844,0.67396593,0.4511421,0.6214584,0.7534536,0.73815227,0.8698208,0.8830351,0.95182455,0.96545964,0.8270363,0.80968696,0.81083703,0.9193914,0.82586616,0.94317997
1,10,6,verbal,0.920748,0.8500596,0.88955194,0.6748026,0.89041847,0.88945025,0.8806349,0.86150986,0.95962846,0.7781283,0.9557915,0.96433187,0.9413772,0.8382968,0.5764405,0.84001213,0.8523258,0.8427361,0.8229992,0.95941204,0.9661372,0.97347474,0.82450557,0.8297599,0.8229723,0.9783333,0.9527526,0.9643256
1,10,7,verbal,0.9080128,0.74526185,0.8429064,0.72053164,0.8831628,0.92164004,0.8876928,0.6883916,0.8740001,0.7812086,0.87376255,0.93670505,0.90864444,0.6433234,0.4297687,0.68593085,0.7636618,0.7517377,0.844063,0.8602329,0.936715,0.95116556,0.7819919,0.8024072,0.759591,0.9183938,0.8551707,0.9650617
1,10,8,verbal,0.9242876,0.7281376,0.8749712,0.610161,0.91089344,0.90947413,0.8862714,0.69355863,0.9681192,0.7350708,0.9640208,0.97829396,0.96704787,0.61487794,0.31503597,0.6899005,0.6915167,0.65760934,0.78221476,0.9452379,0.9411259,0.97512007,0.7227761,0.74864876,0.743051,0.9720726,0.9491962,0.9548012
1,10,9,verbal,0.8619057,0.56055844,0.79899853,0.84103066,0.812729,0.84140575,0.75579727,0.6095821,0.89461315,0.85765314,0.9083556,0.9079281,0.8440562,0.61492044,0.4770781,0.6494717,0.7193647,0.70363235,0.8108925,0.8881554,0.86751795,0.85541624,0.8375387,0.8574016,0.7655094,0.9508767,0.86276823,0.9113592
1,10,10,verbal,0.8799558,0.75664407,0.74950635,0.67818177,0.806785,0.8441937,0.8047043,0.7120714,0.8750546,0.79255974,0.9239589,0.95019096,0.8947137,0.5185625,0.43808243,0.59574455,0.6829961,0.64510816,0.8856215,0.9055517,0.9259243,0.9386816,0.8439594,0.8432042,0.8133378,0.93596727,0.8853686,0.9615001
1,10,11,verbal,0.90338,0.8025663,0.6655482,0.49853715,0.77913344,0.7521855,0.6487288,0.7743678,0.79981697,0.57492036,0.88117164,0.8743102,0.7789992,0.51514316,0.3201591,0.6923842,0.6906507,0.6265986,0.66268253,0.8562697,0.8608776,0.90551174,0.67799777,0.7125221,0.655675,0.95053875,0.89109373,0.91694105
1,10,12,verbal,0.9186959,0.6804062,0.759381,0.75645375,0.8656967,0.88596624,0.78949755,0.6976181,0.73251843,0.6980303,0.8365854,0.8586981,0.7771969,0.43779033,0.39214322,0.62103134,0.65510595,0.5892842,0.81273186,0.87167364,0.88884705,0.9101835,0.7844247,0.80224353,0.7721362,0.9643517,0.90171117,0.9420972
1,10,13,verbal,0.8850265,0.8310988,0.8134474,0.63128287,0.8469773,0.8944801,0.8602194,0.7276466,0.9034325,0.7300882,0.9198347,0.9341352,0.92779213,0.6275924,0.40172005,0.6916595,0.7638421,0.72335637,0.7671381,0.8662279,0.8664481,0.92567647,0.7848146,0.760848,0.7291516,0.9488945,0.92140156,0.93479764
1,10,14,verbal,0.9273765,0.59860176,0.80917734,0.65469795,0.86778295,0.8806018,0.8054378,0.5124458,0.9061808,0.74353343,0.9365582,0.91759527,0.8813404,0.40349865,0.27489033,0.5397058,0.6142745,0.55362046,0.8280725,0.90925217,0.87943554,0.9060452,0.7393527,0.75173575,0.7054881,0.9276314,0.92264676,0.92673796
1,10,15,verbal,0.9399234,0.75131863,0.91126496,0.63146234,0.91185665,0.8783872,0.791328,0.7510134,0.9582958,0.71739906,0.95828813,0.9530748,0.86085796,0.6690872,0.41204676,0.74376667,0.7720751,0.64008975,0.7790842,0.94329816,0.9163194,0.8695988,0.7333237,0.74396765,0.69623935,0.94930935,0.8697087,0.88652116
1,11,1,verbal,0.93684113,0.788235,0.83541375,0.59764796,0.8786929,0.92337924,0.8780198,0.7383192,0.92021,0.7214906,0.95756567,0.9808092,0.93676585,0.612824,0.38843822,0.72681916,0.76353276,0.71526635,0.77861625,0.9090148,0.8908099,0.9478727,0.73575896,0.7163049,0.6931502,0.95871764,0.91143084,0.93186945
1,11,2,verbal,0.9456497,0.824482,0.90423363,0.7310781,0.9148771,0.9457646,0.9248712,0.8108736,0.9550413,0.81432956,0.9606542,0.99047905,0.95658857,0.7395916,0.5134391,0.767469,0.804958,0.77748835,0.85604006,0.9739275,0.9468072,0.97383374,0.83899564,0.8245049,0.80799997,0.96293783,0.9660908,0.9566032
1,11,3,verbal,0.8451375,0.8292407,0.8709876,0.7398089,0.8562803,0.8865921,0.8624338,0.8008419,0.9012641,0.88807195,0.900986,0.94750166,0.90487313,0.7954957,0.67531955,0.8752742,0.86489505,0.8469933,0.8669821,0.8821552,0.94068515,0.9447053,0.8205205,0.89147794,0.86251044,0.9539185,0.9318826,0.9680576
1,11,4,verbal,0.94500726,0.82430285,0.9231682,0.8175002,0.87020683,0.9254382,0.87310755,0.82448184,0.9588781,0.85889864,0.8665684,0.9579863,0.9148788,0.8242788,0.7330272,0.8627731,0.87635195,0.84817684,0.92063755,0.88513684,0.9711296,0.9347641,0.84303105,0.91141653,0.8915755,0.91880167,0.8464848,0.954666
1,11,5,verbal,0.8812852,0.7852824,0.8071027,0.6774552,0.8130437,0.8356057,0.79034364,0.9051066,0.9449463,0.82418823,0.9502068,0.9688647,0.94035625,0.8681544,0.70955676,0.8988789,0.90163136,0.87916493,0.9166696,0.9690933,0.9798484,0.98295045,0.8620849,0.8862777,0.90915376,0.9785364,0.96705836,0.97490406
1,11,6,verbal,0.93520635,0.64126617,0.850259,0.8006937,0.870036,0.8912545,0.8023159,0.6885712,0.9136924,0.8689347,0.93269026,0.9543777,0.87635225,0.6613964,0.5040574,0.7802816,0.7898308,0.84016085,0.91069615,0.9021224,0.93343085,0.9061624,0.8245016,0.8455221,0.7749637,0.9792217,0.93910384,0.9617984
1,11,7,verbal,0.9466804,0.6921058,0.8929024,0.8176629,0.90211284,0.93881667,0.8975352,0.7244432,0.96709025,0.88203484,0.95000416,0.9742981,0.95636886,0.6554104,0.5148434,0.7864811,0.7908507,0.78396094,0.919287,0.93327135,0.9423849,0.9525518,0.83399504,0.8580707,0.8454193,0.9739023,0.9583722,0.97485965
1,11,8,verbal,0.91555643,0.86617804,0.86648095,0.79257417,0.916141,0.950037,0.91568696,0.8169084,0.87053597,0.8204144,0.8912282,0.9444789,0.90084016,0.7621825,0.6591729,0.8256048,0.86386347,0.8552905,0.79836017,0.8504499,0.90324193,0.90907186,0.8565575,0.87703526,0.83774745,0.9526772,0.9248353,0.95778
1,11,9,verbal,0.90441257,0.7394759,0.8077598,0.8042486,0.77533984,0.86702114,0.81713516,0.79712504,0.8070101,0.8513681,0.8354288,0.91941905,0.87129855,0.6297507,0.85949737,0.85508466,0.9254556,0.9094154,0.644195,0.6214813,0.77378345,0.7163122,0.8765749,0.9334267,0.9421327,0.91734356,0.9040328,0.9790844
1,11,10,verbal,0.8613554,0.8683446,0.8577559,0.65185475,0.8454543,0.88133883,0.8533488,0.8150218,0.9488668,0.84006536,0.9310803,0.969958,0.94095445,0.83746594,0.6320345,0.82773125,0.8561493,0.80810875,0.88177615,0.9570756,0.9736842,0.9493792,0.85545105,0.86023414,0.84536195,0.9666982,0.9292481,0.9717991
1,11,11,verbal,0.9124485,0.8464719,0.92189586,0.8404227,0.91575617,0.9251809,0.883302,0.91520256,0.9309027,0.8762094,0.939858,0.9808446,0.92639214,0.86081696,0.7456238,0.88075143,0.91046643,0.86693764,0.90323657,0.94089437,0.9645926,0.952432,0.888859,0.90826046,0.87459654,0.9722211,0.92312926,0.9564143
1,11,12,verbal,0.90617466,0.72406715,0.84215933,0.76440865,0.8880736,0.9018878,0.84497595,0.73849446,0.92759585,0.8641711,0.9639409,0.9769434,0.92326516,0.6126727,0.5167549,0.7422625,0.76950103,0.7436942,0.8842972,0.9075585,0.92245847,0.9204374,0.8267534,0.8557054,0.8060443,0.96846586,0.92487097,0.9460228
1,11,13,verbal,0.88749146,0.85755825,0.84932154,0.64563996,0.83381575,0.88864136,0.84437335,0.8589948,0.9605863,0.75208354,0.9320011,0.96672094,0.9297966,0.7826535,0.541206,0.7781572,0.8468189,0.7897657,0.8040276,0.92869633,0.9520905,0.93998915,0.7580941,0.79956406,0.7485057,0.93169487,0.9154477,0.9481463
1,11,14,verbal,0.92034245,0.6987758,0.89950794,0.7843582,0.8557014,0.89227486,0.8371273,0.7786924,0.91623807,0.82859474,0.94794565,0.9704449,0.88517296,0.6228049,0.5736951,0.77589685,0.79257023,0.72798556,0.8233816,0.84810406,0.88884413,0.8560764,0.80387884,0.85229975,0.78386056,0.94369453,0.8240095,0.89281654
1,11,15,verbal,0.9549582,0.8090473,0.9070368,0.7915531,0.9056671,0.93559504,0.9186139,0.86365455,0.9080273,0.8156027,0.94235957,0.97003335,0.9387061,0.7188957,0.663919,0.8252039,0.86341286,0.85227317,0.80645305,0.8735952,0.8973093,0.8967041,0.8783356,0.86839783,0.84654003,0.98028505,0.9382126,0.96977216
1,12,1,verbal,0.93518096,0.85824805,0.8585143,0.8640241,0.89373195,0.92266685,0.8720886,0.93227315,0.87593704,0.92107725,0.94498765,0.98014027,0.93977815,0.75705135,0.8595575,0.8784057,0.9458256,0.9285674,0.7810451,0.8678861,0.8600268,0.81403875,0.89713365,0.9396873,0.8995797,0.94629836,0.8940371,0.9743795
1,12,2,verbal,0.92250824,0.7314725,0.8998897,0.73751354,0.8527699,0.91690016,0.9024592,0.75547713,0.9340406,0.76211387,0.8937518,0.9599673,0.9481335,0.6759344,0.46186814,0.7196186,0.7634021,0.7323739,0.80785185,0.9049949,0.92924047,0.98176503,0.7545854,0.79881436,0.7701652,0.9353942,0.92328966,0.94900346
1,12,3,verbal,0.8183336,0.7333755,0.79317933,0.53568524,0.7062002,0.7936349,0.6912894,0.7462093,0.748093,0.5432184,0.7558243,0.84213984,0.7441021,0.6410818,0.47879082,0.7390606,0.7907528,0.68518364,0.7402504,0.8187241,0.88319844,0.8408835,0.78454643,0.7502566,0.7385543,0.9168053,0.8609416,0.9145954
1,12,4,verbal,0.90092045,0.73910475,0.7551304,0.5636206,0.7901915,0.8497803,0.8034469,0.7909488,0.8059356,0.5907762,0.83294713,0.9047022,0.86124337,0.562035,0.39426792,0.7144271,0.7362815,0.75777036,0.7348256,0.74890006,0.86511654,0.8379085,0.75344896,0.7576785,0.7163074,0.9031246,0.88394195,0.92165726
1,12,5,verbal,0.9309881,0.77695656,0.85934114,0.49911004,0.87674534,0.8996969,0.8987338,0.7870112,0.91997945,0.5441243,0.95562416,0.9585839,0.9656448,0.61424893,0.30367544,0.7235149,0.73640317,0.7160586,0.66725796,0.9191813,0.9173862,0.9575316,0.5860247,0.63328373,0.601641,0.95734394,0.9637884,0.957863
1,12,6,verbal,0.9380266,0.7736948,0.87389743,0.44134948,0.8764801,0.9068408,0.8853728,0.75483567,0.937008,0.5263279,0.9328889,0.97201717,0.9533572,0.6320916,0.23380919,0.6966857,0.7255666,0.7170815,0.6091055,0.9079123,0.93016577,0.96389645,0.62035197,0.60039455,0.5789041,0.9685272,0.9530474,0.9636033
1,12,7,verbal,0.9033645,0.83516735,0.8181517,0.6837202,0.89246035,0.90217745,0.82234937,0.8176771,0.8782736,0.7286993,0.90290344,0.9279895,0.87551117,0.7576413,0.55849755,0.83455646,0.836985,0.8029519,0.82436633,0.88200426,0.91841394,0.96093136,0.7640325,0.8186276,0.78409153,0.9680045,0.8914974,0.92500305
1,12,8,verbal,0.9195812,0.73456544,0.77337444,0.67336035,0.79112464,0.93277544,0.8901691,0.6989999,0.81466645,0.66213965,0.7963205,0.9239901,0.88363135,0.5804998,0.3488729,0.6933158,0.76303107,0.74626726,0.6544008,0.79424894,0.85831636,0.8642957,0.6521701,0.7194335,0.6984789,0.87909645,0.9042812,0.960942
1,12,9,verbal,0.9300099,0.7937399,0.86307395,0.69456434,0.8432215,0.91994405,0.9140203,0.7248761,0.9514078,0.8191607,0.9161643,0.96370703,0.9541051,0.67882466,0.5076698,0.72494715,0.7881025,0.7866098,0.8515726,0.92842996,0.95212567,0.9697577,0.805784,0.8227126,0.79127485,0.94645315,0.94255507,0.97911274
1,12,10,verbal,0.8881619,0.55362755,0.9006077,0.7283965,0.8387268,0.90965444,0.87635475,0.4119444,0.8783546,0.7966766,0.84903115,0.8552165,0.82635486,0.5511235,0.26574692,0.5536727,0.6379713,0.61847234,0.8386129,0.90469486,0.95190895,0.9534979,0.76323056,0.78635705,0.79317874,0.9269374,0.8994144,0.9727457
1,12,11,verbal,0.933838,0.7854861,0.86045706,0.78322554,0.8722676,0.9332737,0.8575532,0.84236526,0.8910276,0.7592513,0.911613,0.97093636,0.91817266,0.69377947,0.5081243,0.8546926,0.8309079,0.7821667,0.8202596,0.8226726,0.9131428,0.9572559,0.6448679,0.7687351,0.7334011,0.9139617,0.86134183,0.9473932
1,12,12,verbal,0.92520213,0.78080755,0.88833857,0.5393081,0.79469806,0.9091465,0.91649747,0.7496322,0.9562007,0.65881675,0.86488765,0.9731168,0.9621946,0.6355135,0.36852816,0.60744184,0.7457472,0.6983743,0.75050867,0.85552067,0.94280404,0.97229296,0.7269079,0.7001068,0.6753603,0.90232044,0.84861565,0.95599943
1,12,13,verbal,0.8929144,0.74733585,0.83207566,0.72997856,0.8331188,0.8861218,0.83175933,0.79389614,0.8852972,0.7746315,0.92356986,0.96960014,0.93254113,0.6831623,0.4977818,0.76333326,0.7808814,0.7568595,0.8734735,0.916918,0.92826146,0.9294916,0.8147765,0.822929,0.7872767,0.9521553,0.8997027,0.9539553
1,12,14,verbal,0.89880633,0.7021137,0.815942,0.69150585,0.80324095,0.8586636,0.8264742,0.73994213,0.8887762,0.76517224,0.89756644,0.96958196,0.89667124,0.6251055,0.42000937,0.63473,0.7473864,0.76471776,0.82547575,0.90145993,0.9118666,0.93342835,0.81247485,0.78839195,0.692664,0.91506934,0.86916435,0.92655706
1,12,15,verbal,0.8351905,0.75769323,0.73340213,0.4448511,0.79578257,0.79085183,0.7652719,0.7742609,0.9054347,0.6503014,0.9229823,0.9538846,0.9351749,0.6277429,0.41572908,0.78228194,0.7600704,0.69427365,0.72492486,0.84771925,0.8841547,0.9758591,0.64039016,0.7223045,0.6934808,0.93131006,0.8715215,0.91877174
1,13,1,verbal,0.8320736,0.7970577,0.7043621,0.44674325,0.7497339,0.7983825,0.72224045,0.81539416,0.88231325,0.63842493,0.9155572,0.9598958,0.8765738,0.668326,0.37960917,0.76730794,0.7821229,0.726007,0.7487409,0.9116507,0.92074686,0.96987677,0.67914736,0.6970789,0.6746022,0.9557524,0.9102857,0.9192302
1,13,2,verbal,0.88850045,0.79253715,0.8687036,0.67426044,0.83580536,0.8799395,0.8670507,0.83874995,0.94496346,0.786862,0.96068066,0.9916947,0.9660931,0.75089467,0.52873486,0.80189764,0.8370443,0.81738263,0.8147009,0.91007745,0.94133234,0.97120357,0.8039762,0.79716295,0.77454436,0.9735267,0.9468042,0.96596354
1,13,3,verbal,0.8425352,0.7409999,0.8770409,0.71258605,0.74938744,0.84091026,0.8161944,0.8311817,0.9126748,0.7465395,0.82490987,0.9219571,0.8965766,0.753589,0.61413,0.80745333,0.86447024,0.8176677,0.792701,0.8391805,0.904294,0.8995464,0.78701043,0.8312075,0.80988216,0.9360465,0.9158196,0.95235825
1,13,4,verbal,0.888654,0.82395804,0.69977444,0.72685796,0.7584759,0.8522021,0.80575776,0.7468912,0.7715982,0.79427797,0.8479519,0.9183585,0.8510774,0.61186105,0.55433965,0.6264351,0.7543004,0.7404887,0.69824153,0.7214941,0.882318,0.90688103,0.85375375,0.8040398,0.7435499,0.8557058,0.7851162,0.9650832
1,13,5,verbal,0.87523127,0.78789634,0.8324723,0.7507702,0.77344877,0.8446664,0.827278,0.9013379,0.9245102,0.8518371,0.896325,0.9583046,0.9155453,0.8805536,0.7749829,0.86911327,0.91548014,0.8874187,0.9308498,0.93746233,0.9815147,0.9904628,0.8649403,0.920802,0.91961086,0.9550159,0.929814,0.9775677
1,13,6,verbal,0.9452632,0.77950937,0.93766534,0.8234347,0.94830376,0.95894957,0.9291415,0.726658,0.9593844,0.8778158,0.9568164,0.9633778,0.9263104,0.7351233,0.5512365,0.76413715,0.81210214,0.8025161,0.903761,0.9576335,0.96380913,0.9658592,0.85699487,0.8614575,0.8564602,0.9751248,0.93924856,0.9738165
1,13,7,verbal,0.95135784,0.86153156,0.9317071,0.85961145,0.9274878,0.95886534,0.93032897,0.85657537,0.9596231,0.8960366,0.9563044,0.9856546,0.9560865,0.83218527,0.70309263,0.8720591,0.8750493,0.87994045,0.9352468,0.95395684,0.97725767,0.98423344,0.8726877,0.90847105,0.8960448,0.97517616,0.9680487,0.9794296
1,13,8,verbal,0.9215686,0.84054875,0.8528105,0.7556666,0.8143052,0.88889927,0.86317545,0.8524827,0.92188776,0.851345,0.89630544,0.956883,0.9086855,0.8555638,0.7095898,0.8028344,0.89409655,0.89754015,0.91622853,0.9127799,0.9681252,0.95872533,0.88101953,0.89714736,0.8522006,0.9275626,0.8819733,0.96728593
1,13,9,verbal,0.92067134,0.6986608,0.91310054,0.808113,0.8393088,0.9249,0.8754402,0.69333464,0.9185152,0.84970504,0.90044117,0.948432,0.9089239,0.6364293,0.5514432,0.64982176,0.7716936,0.78467184,0.89871174,0.8597346,0.941144,0.9019021,0.84033644,0.8723557,0.81598955,0.9067128,0.8966874,0.97031116
1,13,10,verbal,0.882307,0.7297211,0.83973056,0.6456276,0.8100867,0.8665852,0.70760113,0.78534585,0.9055915,0.7196658,0.88092136,0.9375396,0.7892476,0.7528974,0.5798857,0.84656245,0.8612922,0.7786195,0.8217799,0.90132815,0.9381408,0.7969224,0.7796777,0.7767058,0.6616539,0.9578448,0.8466058,0.88076496
1,13,11,verbal,0.91236836,0.72621405,0.8591161,0.78774846,0.84398144,0.8818208,0.79118973,0.7825535,0.96099234,0.89847183,0.93861014,0.96746194,0.91830057,0.71441716,0.6721204,0.7895871,0.81556845,0.78400534,0.9351397,0.9268941,0.94815475,0.92385614,0.91121787,0.9185725,0.89645886,0.97222084,0.918419,0.9484081
1,13,12,verbal,0.9434514,0.81506926,0.9314375,0.8788784,0.9086648,0.9343924,0.90040237,0.85579425,0.9630638,0.9041916,0.9527289,0.98207957,0.9619288,0.79682213,0.6994517,0.8412789,0.8725216,0.8525274,0.94189525,0.91789293,0.95021,0.9486421,0.8534705,0.90054953,0.8848643,0.9611606,0.9330842,0.97694284
1,13,13,verbal,0.89592594,0.8320489,0.88370043,0.697881,0.85511285,0.87263966,0.8081668,0.79415965,0.9654653,0.8547126,0.93472534,0.95198196,0.9093568,0.79358804,0.62783206,0.80746394,0.85534286,0.78584886,0.87777716,0.93412393,0.9619657,0.9534536,0.8305327,0.87163,0.8728993,0.9582315,0.91121554,0.9608767
1,13,14,verbal,0.94877535,0.91379464,0.9376117,0.7758631,0.8316855,0.93299514,0.91238207,0.92124057,0.9695469,0.86192924,0.9191489,0.9900408,0.936416,0.8718388,0.7146571,0.81834817,0.9112743,0.8604528,0.90229255,0.91177917,0.9747102,0.9612491,0.86949295,0.8926642,0.8493922,0.93181473,0.8673012,0.95211154
1,13,15,verbal,0.92761487,0.7902433,0.91327834,0.81876075,0.8886051,0.9453359,0.9110704,0.7502909,0.96675605,0.8899524,0.9560654,0.9824897,0.9459933,0.71389407,0.55591047,0.7407913,0.7816947,0.7798514,0.929514,0.9255449,0.9546585,0.929158,0.8529029,0.8612273,0.82044095,0.9635844,0.9136232,0.9577401
1,14,1,verbal,0.9475412,0.804683,0.8963597,0.8133351,0.8843058,0.9432395,0.9099839,0.8335872,0.9704413,0.882259,0.95133066,0.9916257,0.9730229,0.8062759,0.6264214,0.7870599,0.85378855,0.851755,0.91709316,0.96743757,0.97246534,0.9710977,0.9072611,0.8702365,0.86244535,0.95302093,0.9353835,0.98343843
1,14,2,verbal,0.9252864,0.6588166,0.62589055,0.6824166,0.817706,0.9331012,0.8848462,0.5995603,0.70253456,0.77581924,0.8788488,0.9730774,0.8842887,0.21972375,0.3152147,0.5889035,0.6064412,0.6122103,0.8320255,0.69318926,0.718238,0.6900738,0.7552816,0.77129304,0.67087746,0.87949014,0.75398874,0.9144489
1,14,3,verbal,0.92758477,0.78572005,0.8289477,0.5953094,0.85796344,0.937406,0.89254034,0.70336187,0.8569979,0.717804,0.8957781,0.9688619,0.913118,0.6305246,0.3063805,0.61097467,0.7432643,0.71800864,0.6711467,0.7930765,0.88939166,0.86116093,0.7464374,0.68837196,0.65769607,0.8894067,0.8431256,0.9305153
1,14,4,verbal,0.93274736,0.7067493,0.8620351,0.7343567,0.8732217,0.936454,0.91410375,0.6532421,0.91638064,0.8404937,0.8849849,0.9660407,0.9219175,0.53444105,0.4010907,0.6239564,0.70729214,0.69069004,0.89294094,0.88279927,0.91680205,0.9088709,0.76300937,0.81926143,0.7739978,0.9222173,0.88622266,0.9577168
1,14,5,verbal,0.9508824,0.6965405,0.8201581,0.59796244,0.91762584,0.9313969,0.85423046,0.66209745,0.8618157,0.62579,0.91609114,0.94351256,0.8604993,0.6454796,0.34868324,0.6805574,0.74389225,0.7964899,0.6518231,0.814272,0.88637745,0.85784495,0.7351165,0.6908287,0.6651612,0.9627153,0.901232,0.9450237
1,14,6,verbal,0.86462474,0.79822123,0.8189797,0.4542622,0.77061003,0.8751943,0.80169016,0.74165094,0.937902,0.55670094,0.8909484,0.9626446,0.95587635,0.6534397,0.2699478,0.600116,0.719246,0.67545927,0.58747184,0.8861407,0.92254966,0.9279826,0.71447086,0.61369854,0.583447,0.9249506,0.87782276,0.9237374
1,14,7,verbal,0.926464,0.7667528,0.7888422,0.51155823,0.82329744,0.899936,0.841887,0.70957136,0.90590036,0.6003712,0.92603284,0.97865295,0.9420471,0.54189223,0.23601097,0.584183,0.6660538,0.6314401,0.6978317,0.9430615,0.9143406,0.9696861,0.6875287,0.666916,0.6295713,0.9455315,0.939724,0.9406759
1,14,8,verbal,0.9264402,0.711688,0.8455789,0.51694447,0.79583406,0.88156784,0.86585885,0.640048,0.89325774,0.61500007,0.8608064,0.91729736,0.88240683,0.59177864,0.2893106,0.5906321,0.7010931,0.6956615,0.69327164,0.8508433,0.91276,0.94226295,0.732054,0.6842153,0.61552316,0.9303058,0.873435,0.9219484
1,14,9,verbal,0.89566636,0.7287771,0.8007018,0.6290221,0.8156062,0.86617863,0.81110847,0.76023626,0.86710095,0.72184473,0.92546576,0.95530176,0.9164415,0.5986423,0.4462995,0.71757585,0.74717855,0.67357254,0.78737533,0.9023327,0.8833141,0.9035624,0.77667177,0.7904295,0.7721684,0.9580712,0.9153458,0.92320275
1,14,10,verbal,0.9105683,0.7918996,0.85016507,0.6210677,0.8495911,0.9040896,0.8845248,0.8090417,0.9268762,0.7336455,0.94368637,0.97523,0.91948664,0.72604066,0.466851,0.72039026,0.8057716,0.7967793,0.79817575,0.9075313,0.9411348,0.9594655,0.7559959,0.75558466,0.6883431,0.9389801,0.87862176,0.9421551
1,14,11,verbal,0.9457691,0.8005803,0.9080811,0.70909303,0.93926454,0.94959134,0.9283759,0.74393857,0.95192415,0.7980722,0.96129155,0.98427165,0.9643822,0.718913,0.4289136,0.7913507,0.78083783,0.7684877,0.8133688,0.94830996,0.94793475,0.9774969,0.7482788,0.77532834,0.7627539,0.97976166,0.9627343,0.9709915
1,14,12,verbal,0.9529895,0.84915984,0.8900795,0.66717124,0.9023728,0.9377396,0.9077118,0.83569807,0.9247742,0.7249201,0.9636382,0.9832771,0.9366669,0.73170066,0.44955927,0.8009304,0.8084106,0.7811232,0.79121286,0.9393516,0.935234,0.98035467,0.75064874,0.7571458,0.7220785,0.97807693,0.93444645,0.93858194
1,14,13,verbal,0.9585744,0.9162556,0.91762143,0.65318483,0.8322935,0.9315604,0.94226104,0.86484385,0.9652782,0.7490042,0.8870013,0.98445046,0.9725153,0.79078656,0.50238293,0.73275346,0.8388427,0.839281,0.8271327,0.86135125,0.95618814,0.97847027,0.7320985,0.77934825,0.76279473,0.89135396,0.84173805,0.9625377
1,14,14,verbal,0.9261822,0.83349144,0.8522982,0.56900525,0.8437284,0.8849335,0.8300589,0.813649,0.9375995,0.7168178,0.9192187,0.9648449,0.89804584,0.74950695,0.4502373,0.77995074,0.804784,0.7238283,0.80134004,0.90819204,0.96231055,0.9531052,0.7231936,0.7636897,0.75828177,0.9556937,0.8960793,0.93793887
1,14,15,verbal,0.9102993,0.8067446,0.8831087,0.64598703,0.91618794,0.91206753,0.9141353,0.79984635,0.961237,0.7426514,0.94032985,0.97609454,0.9685545,0.72154564,0.4330918,0.7556741,0.80453175,0.78305775,0.8000843,0.9477335,0.9467771,0.9750307,0.7579393,0.759242,0.74670815,0.95497006,0.95300615,0.9694107
1,15,1,verbal,0.92895734,0.69408387,0.8701952,0.60560167,0.82943213,0.8870473,0.8809795,0.7136762,0.93825537,0.686728,0.89631224,0.9713525,0.9432137,0.6063305,0.35770777,0.61093205,0.7039014,0.68974435,0.752784,0.8706884,0.93849534,0.97249585,0.75020844,0.7319729,0.66464716,0.91815126,0.8445613,0.9430406
1,15,2,verbal,0.89781594,0.8531996,0.7877342,0.55658644,0.8146178,0.84418726,0.80928123,0.80512226,0.91759455,0.716853,0.90878475,0.96501446,0.9177989,0.672565,0.44038332,0.6905377,0.7696008,0.7096745,0.80884665,0.88591653,0.9271989,0.9452362,0.73903656,0.7872357,0.752126,0.9146571,0.86738575,0.92996293
1,15,3,verbal,0.882119,0.6889137,0.6029095,0.5746611,0.6888357,0.7305336,0.6908865,0.6934617,0.72000545,0.66995585,0.8128079,0.83529955,0.7912913,0.6172647,0.49674907,0.58358115,0.7334019,0.7126748,0.77711475,0.8495126,0.90912163,0.9616471,0.76364493,0.7876094,0.7472243,0.89505035,0.85448843,0.9452614
1,15,4,verbal,0.85040724,0.8080933,0.82479835,0.6620528,0.8388477,0.85081965,0.8183639,0.87171483,0.956115,0.8113242,0.9319576,0.9783391,0.92612195,0.8590529,0.63408273,0.86600894,0.87808937,0.8472568,0.8646287,0.9448416,0.9826221,0.9623148,0.7796136,0.8518014,0.82100916,0.9492103,0.90460193,0.9522885
1,15,5,verbal,0.78284764,0.8297585,0.68303645,0.50523484,0.687555,0.75451964,0.7529642,0.75982726,0.79582036,0.6281943,0.7624754,0.8319811,0.816922,0.7372579,0.5459985,0.7410085,0.79120225,0.80643356,0.85468656,0.9344485,0.9576673,0.89212596,0.798679,0.8210691,0.7450027,0.9494104,0.86100495,0.9232727
1,15,6,verbal,0.84317493,0.87595844,0.7553817,0.5581016,0.62178206,0.76600647,0.7786366,0.8418447,0.9016508,0.7432731,0.75635594,0.91798675,0.88883233,0.74663794,0.5074416,0.6410586,0.8052087,0.8064609,0.84112585,0.84654874,0.965148,0.9290915,0.73400277,0.7872845,0.7132984,0.8488845,0.77355784,0.9470991
1,15,7,verbal,0.8367326,0.84696275,0.8226366,0.7687866,0.80289936,0.84826523,0.81970245,0.86294603,0.92686194,0.87552243,0.8842813,0.96185106,0.94280845,0.85010666,0.7287726,0.8427518,0.89379746,0.8579935,0.873824,0.9335644,0.9610856,0.9794054,0.8544149,0.8879297,0.842926,0.94888455,0.91592705,0.9613024
1,15,8,verbal,0.77844083,0.68977034,0.73475665,0.64703333,0.73527014,0.76819897,0.74829346,0.80388176,0.96564466,0.8051216,0.93877906,0.9773585,0.9498118,0.8098141,0.51178443,0.792362,0.83627975,0.83891296,0.788391,0.9337264,0.9690647,0.97797143,0.78993654,0.7797388,0.7388638,0.9498547,0.91085,0.96589094
1,15,9,verbal,0.78457963,0.7099767,0.76631564,0.5475082,0.7650729,0.77312577,0.7716177,0.8414121,0.9532748,0.5419408,0.96818626,0.9356073,0.97562915,0.7632753,0.47659236,0.8035705,0.84248304,0.83277315,0.63883483,0.959209,0.92567056,0.9739293,0.58145463,0.66628337,0.590757,0.9387542,0.9680312,0.9525254
1,15,10,verbal,0.73275083,0.6597165,0.737267,0.5764032,0.70742095,0.75602883,0.7404765,0.8073213,0.9169784,0.5767076,0.9269023,0.9523928,0.92120135,0.87039626,0.48892418,0.83927673,0.83171076,0.9019394,0.64125854,0.9049423,0.93106073,0.98207796,0.60680926,0.66027594,0.5740872,0.94415647,0.9059716,0.92842096
1,15,11,verbal,0.79919696,0.70310014,0.79773355,0.57423586,0.81500685,0.7900495,0.795253,0.86107785,0.9362681,0.6934984,0.9584259,0.9506136,0.9442182,0.7931151,0.5915051,0.8294938,0.849405,0.82774824,0.7777253,0.97205484,0.95057297,0.97737104,0.74500036,0.7881417,0.7514199,0.9709472,0.96967417,0.9660078
1,15,12,verbal,0.85321367,0.49997553,0.7440249,0.52948034,0.74930066,0.7995806,0.80176365,0.56171286,0.8952946,0.56343365,0.8782201,0.93544096,0.93676704,0.57419926,0.0710491,0.5113521,0.6082762,0.6255614,0.537947,0.898127,0.9531882,0.9371987,0.56907856,0.5370876,0.5310031,0.93475324,0.8739735,0.96157265
1,15,13,verbal,0.90678126,0.8232902,0.90112007,0.59243643,0.87883925,0.8982802,0.9161055,0.88072866,0.97079855,0.6867421,0.96289194,0.986548,0.95497125,0.8260217,0.5060329,0.8509375,0.8737456,0.8502578,0.7330498,0.94219786,0.965401,0.96275043,0.67764866,0.712175,0.67389405,0.9630788,0.9280853,0.9577949
1,15,14,verbal,0.9500548,0.70372736,0.9006662,0.6904117,0.8961828,0.9319507,0.8985879,0.7063734,0.94246507,0.720096,0.9221766,0.9559673,0.907376,0.6879499,0.3757779,0.7396287,0.75218177,0.7350048,0.78561187,0.93547964,0.95240724,0.9478923,0.72056335,0.73561335,0.6781877,0.9793842,0.9230775,0.94429874
1,15,15,verbal,0.9558605,0.8420558,0.9429392,0.68728876,0.94298095,0.96947026,0.9499596,0.7879488,0.976621,0.73314166,0.9577887,0.9740758,0.97876763,0.7635683,0.44428548,0.7994474,0.82003075,0.810624,0.7648091,0.96176195,0.97298497,0.98235244,0.73191756,0.7368329,0.7027657,0.97922504,0.96278155,0.9753434
1,16,1,verbal,0.932936,0.7946852,0.8104288,0.61645806,0.78365934,0.8323908,0.83158594,0.81842905,0.91572535,0.70491904,0.889326,0.9263271,0.92820233,0.75636953,0.48621693,0.76245475,0.80122143,0.7938937,0.8121149,0.9804378,0.98241174,0.98630786,0.7859915,0.7897067,0.7710168,0.9782022,0.9763972,0.9853749
1,16,2,verbal,0.96867913,0.95265025,0.57022065,0.5127848,0.5627358,0.7124834,0.73574674,0.9377984,0.6637983,0.57417727,0.65824556,0.7977833,0.79937464,0.57916546,0.5331657,0.5743447,0.71923167,0.72912633,0.84749144,0.93155766,0.91083705,0.84377986,0.7995445,0.7960132,0.7550231,0.9403857,0.830891,0.90056884
1,16,3,verbal,0.95804113,0.89381737,0.7755011,0.41771525,0.7745587,0.8221573,0.78284353,0.87665963,0.8643707,0.5193278,0.85930985,0.8993605,0.8521383,0.7087135,0.3775513,0.70388156,0.78302515,0.71406853,0.7495482,0.9434612,0.94525856,0.90796524,0.6705656,0.6667232,0.6604209,0.94267315,0.90354276,0.9271515
1,16,4,verbal,0.9801905,0.9112281,0.92799264,0.7420107,0.938991,0.95699024,0.9405554,0.91650295,0.9551668,0.7647734,0.9571003,0.97885525,0.9492331,0.8478024,0.62026614,0.8834899,0.90021515,0.8833348,0.86210376,0.9603215,0.9710079,0.9493293,0.8149577,0.8120148,0.7583961,0.9833331,0.93776524,0.96206534
1,16,5,verbal,0.93535197,0.7749534,0.8499371,0.55575234,0.8810453,0.9083972,0.84376,0.8087606,0.94681245,0.5904466,0.9618194,0.96408886,0.9235297,0.75942117,0.3760583,0.7678882,0.80610913,0.80150986,0.687998,0.97360086,0.9625438,0.96471924,0.64737,0.6640342,0.6457572,0.9674933,0.9434486,0.9578394
1,16,6,verbal,0.9481665,0.7675559,0.9126183,0.5110012,0.890583,0.9017662,0.8651655,0.8099243,0.94993657,0.53911394,0.95107424,0.9588886,0.9181624,0.69252676,0.32429302,0.7487642,0.755792,0.70977527,0.6609135,0.9414556,0.95956177,0.95322174,0.63431567,0.6403475,0.6243161,0.9738775,0.9248715,0.9564034
1,16,7,verbal,0.96320194,0.8454949,0.9174502,0.65138686,0.9429255,0.9540669,0.8916363,0.84462714,0.95134836,0.6914738,0.9614137,0.98509395,0.9438954,0.7606524,0.4697097,0.7825952,0.8390155,0.8210244,0.7654444,0.9234403,0.9559609,0.9423319,0.73157763,0.7330726,0.6675686,0.9600982,0.8796863,0.9485657
1,16,8,verbal,0.9474804,0.51331717,0.8751849,0.68608147,0.9122242,0.9319645,0.89229155,0.60558265,0.9094406,0.6633553,0.91636837,0.9657951,0.91968733,0.6085878,0.20248744,0.50791335,0.64725846,0.6420577,0.6495141,0.9034349,0.9441257,0.9621504,0.77155215,0.6598564,0.6026783,0.9428131,0.8965111,0.95508486
1,16,9,verbal,0.95154583,0.7585489,0.87027425,0.5591705,0.901252,0.93628615,0.90415514,0.72643346,0.90955776,0.6217799,0.9596619,0.98347104,0.93207127,0.73576504,0.22932301,0.67708343,0.73892826,0.7572947,0.5968805,0.8766569,0.93020844,0.9626069,0.6846042,0.6370821,0.5906646,0.96158797,0.90851426,0.95261323
1,16,10,verbal,0.95517606,0.85357594,0.9006971,0.56824994,0.9309394,0.9517913,0.939737,0.8375004,0.9626006,0.6637797,0.96874464,0.9886902,0.97410077,0.755338,0.40240103,0.8170508,0.83444935,0.84012455,0.7375796,0.9548128,0.95770496,0.9659212,0.6787393,0.6736893,0.6353988,0.9832748,0.96628016,0.9749979
1,16,11,verbal,0.9433441,0.78949165,0.83206266,0.5732666,0.9016657,0.9306468,0.9059071,0.7571756,0.9078161,0.6214998,0.9614222,0.9659995,0.95341885,0.5678812,0.45926863,0.73845935,0.7522757,0.6682834,0.7391839,0.9058083,0.88898116,0.9445389,0.67223465,0.68908,0.62025714,0.9638887,0.9176653,0.9283835
1,16,12,verbal,0.8894333,0.74596876,0.8523404,0.59532696,0.87394285,0.8609307,0.85847515,0.7708346,0.8953139,0.6654148,0.90466213,0.9291578,0.92846954,0.652325,0.42408425,0.72248185,0.7730663,0.7446469,0.7733906,0.92824095,0.9104911,0.94559574,0.76173365,0.74750143,0.6738336,0.95336765,0.9194802,0.9303152
1,16,13,verbal,0.97459465,0.87291086,0.8966037,0.5805976,0.9466397,0.92493397,0.84134895,0.8524434,0.93020904,0.6284911,0.94893664,0.95032424,0.8607681,0.713368,0.4090254,0.81512904,0.79707634,0.7093006,0.7531124,0.9323696,0.9338594,0.8627847,0.68508303,0.7230549,0.57822955,0.9711062,0.8393109,0.86231726
1,16,14,verbal,0.9629965,0.83091074,0.90328765,0.52878225,0.9348616,0.93406767,0.9452578,0.8161123,0.9392431,0.5794481,0.9744714,0.97098994,0.97250605,0.680987,0.30475694,0.7556954,0.77603245,0.7649703,0.7032497,0.9550061,0.93141663,0.96646273,0.65391827,0.6459344,0.6218184,0.9831761,0.96496475,0.9588741
1,16,15,verbal,0.9395816,0.9101024,0.8854198,0.62106425,0.8954117,0.9272537,0.9300088,0.8784903,0.9467441,0.7050859,0.9465592,0.9677383,0.9455884,0.80250335,0.5344184,0.8278124,0.87526524,0.86261886,0.7879526,0.9576113,0.9499869,0.9434137,0.74847084,0.7256831,0.6666098,0.9725881,0.9433725,0.9623535
1,17,1,verbal,0.96283257,0.9035112,0.9273599,0.78514105,0.9361784,0.9412599,0.9174994,0.90635216,0.9679185,0.81814027,0.96389705,0.97536033,0.9570588,0.86124814,0.679756,0.8826371,0.87588894,0.8455179,0.8692761,0.9638788,0.9765247,0.9745835,0.78001004,0.8374124,0.8365016,0.97150576,0.9533893,0.97328866
1,17,2,verbal,0.91491216,0.5861682,0.88333017,0.58091253,0.8835395,0.8991276,0.87599564,0.5348333,0.94814277,0.6683684,0.94757026,0.9659693,0.9055644,0.4632267,0.16216788,0.50377345,0.57485664,0.5970199,0.7197924,0.9267793,0.9293322,0.9304672,0.6863007,0.6442894,0.56242937,0.94399434,0.86918855,0.9181001
1,17,3,verbal,0.9332753,0.8268152,0.88758963,0.59476066,0.8920185,0.92621946,0.89309305,0.84423476,0.9550389,0.66975653,0.9447064,0.9786714,0.93590045,0.84240586,0.44195393,0.82440853,0.8522141,0.85062283,0.7305335,0.96485513,0.96507895,0.9425199,0.7026864,0.7020419,0.65520537,0.95379347,0.91062146,0.96234214
1,17,4,verbal,0.9650917,0.8554235,0.9519241,0.79276913,0.9519754,0.9609116,0.934585,0.87035966,0.9689271,0.7981181,0.96985245,0.9835592,0.95603085,0.85743165,0.6067655,0.881979,0.90016216,0.8675305,0.85169244,0.95903814,0.98095155,0.9581017,0.799249,0.8148517,0.7851779,0.9791895,0.93746316,0.9702411
1,17,5,verbal,0.94307065,0.85851014,0.9175815,0.72382337,0.93312216,0.93777806,0.91135347,0.8091365,0.9683801,0.8149754,0.97085905,0.9879521,0.9600547,0.78032744,0.51709306,0.81339544,0.8249185,0.8219899,0.8499653,0.96472394,0.9736413,0.9739931,0.8152459,0.8134057,0.7830374,0.9838818,0.94521767,0.9720159
1,17,6,verbal,0.96445924,0.8678097,0.93451935,0.8316234,0.94103056,0.9602126,0.9299795,0.8797408,0.9634936,0.8420699,0.97877896,0.98024565,0.96327186,0.84064955,0.6974508,0.88009876,0.8765721,0.88397396,0.91771567,0.962425,0.98013264,0.98582304,0.8648094,0.89139354,0.8819824,0.97988975,0.96206534,0.9833602
1,17,7,verbal,0.95924574,0.7531173,0.9360969,0.69048053,0.9318196,0.9316593,0.91350347,0.77600455,0.97204804,0.7275611,0.96917474,0.9771238,0.9539845,0.70208335,0.44392577,0.7959798,0.7876984,0.7295046,0.800533,0.9522039,0.96252066,0.95362824,0.7409568,0.7631243,0.7336891,0.98507863,0.938997,0.9565645
1,17,8,verbal,0.9444888,0.74277663,0.9004296,0.6687198,0.9194191,0.93634564,0.9367849,0.6864315,0.89932805,0.6600049,0.9277855,0.929934,0.92390776,0.6329653,0.3297688,0.69705695,0.7169185,0.71869785,0.79147553,0.9412471,0.9303775,0.95947474,0.7356884,0.7423791,0.7063869,0.9672156,0.94456106,0.9439061
1,17,9,verbal,0.907037,0.6878221,0.85144556,0.5123965,0.77932453,0.8748482,0.8252639,0.65441847,0.94430256,0.6166445,0.89716864,0.9476496,0.89186805,0.6927421,0.28029677,0.6181393,0.7186898,0.7672501,0.68894947,0.94257146,0.9796779,0.96569896,0.72979,0.68282545,0.6472985,0.9350356,0.9161008,0.96621555
1,17,10,verbal,0.94147855,0.78510654,0.928734,0.68614197,0.9064135,0.945257,0.93434703,0.73733443,0.98139286,0.7848074,0.96557176,0.9781063,0.96277535,0.7374518,0.41026416,0.74426377,0.77981085,0.81683624,0.8016454,0.96917677,0.9748657,0.9620536,0.78721374,0.76514006,0.71699446,0.97473717,0.9608475,0.9796047
1,17,11,verbal,0.9571199,0.7734501,0.9278863,0.6684337,0.9548237,0.95329285,0.9407387,0.75343746,0.97759974,0.74620384,0.97857153,0.99114805,0.97566307,0.69636345,0.36183894,0.7635256,0.7568087,0.76646364,0.81439227,0.96492326,0.9832586,0.9795655,0.7423201,0.7590373,0.7388532,0.9827514,0.9641267,0.98227787
1,17,12,verbal,0.97234666,0.8914119,0.94560856,0.68830687,0.942034,0.9515195,0.9500004,0.90330327,0.9752164,0.72973514,0.9745553,0.98088336,0.9756339,0.8527116,0.5479608,0.8811581,0.8785046,0.892142,0.8122873,0.9705726,0.9827403,0.97735846,0.7600098,0.78000855,0.73875743,0.9836893,0.95745456,0.97365
1,17,13,verbal,0.94499046,0.7444927,0.9369315,0.7053145,0.93831885,0.95753914,0.9348412,0.68178564,0.96287286,0.7879338,0.96383035,0.9716403,0.93931603,0.7338744,0.3718617,0.7094733,0.74428236,0.7917335,0.77848065,0.9856612,0.98787963,0.9843267,0.79872537,0.76211244,0.70770264,0.9877993,0.9612351,0.9764743
1,17,14,verbal,0.95912844,0.84565455,0.93976945,0.701199,0.92051744,0.9511296,0.93631554,0.8935254,0.9723363,0.70868415,0.9598931,0.98617065,0.97279227,0.8422599,0.5038628,0.8209561,0.88030607,0.9023776,0.78853357,0.9702264,0.9716774,0.9680734,0.80535257,0.740347,0.69920915,0.9683864,0.93998975,0.9774642
1,17,15,verbal,0.9251033,0.91088307,0.8789831,0.66789657,0.8863807,0.89956635,0.8939593,0.92443174,0.9752316,0.8153092,0.97128195,0.981133,0.9698312,0.8958892,0.6691364,0.9290312,0.92782533,0.92081165,0.87076867,0.96393776,0.98420346,0.9817415,0.812965,0.83547986,0.81638354,0.9824302,0.9658051,0.98881483
1,18,1,verbal,0.96994215,0.8285825,0.9632534,0.7895714,0.9543737,0.96730185,0.95774806,0.8193934,0.9643532,0.8216379,0.95627964,0.9878009,0.9662368,0.80431664,0.5445994,0.8128874,0.8418005,0.8242549,0.86155623,0.94647163,0.9758963,0.9781946,0.7987435,0.82304907,0.81462204,0.9623661,0.9388455,0.98099744
1,18,2,verbal,0.9395868,0.859082,0.94084066,0.7342506,0.94309324,0.945307,0.9497847,0.88634914,0.96916676,0.72976905,0.950193,0.97686124,0.9730675,0.82026476,0.5435938,0.8131535,0.8582445,0.85113794,0.8190759,0.9749446,0.9736548,0.983925,0.8191385,0.78805166,0.7823141,0.9772801,0.96695024,0.9747587
1,18,3,verbal,0.9352448,0.8370983,0.8921258,0.44892138,0.9145899,0.9081051,0.9110731,0.80891633,0.9473867,0.5392189,0.9684874,0.9766128,0.95600075,0.6901292,0.26371545,0.7741183,0.76917046,0.7578063,0.65690106,0.93807983,0.9446136,0.97279775,0.5821346,0.59433085,0.55795777,0.97912645,0.9319774,0.9501873
1,18,4,verbal,0.95084214,0.7969648,0.90765655,0.6116815,0.8952527,0.93733704,0.9125193,0.70585304,0.96655715,0.71814775,0.9587941,0.9823129,0.96823424,0.6389012,0.30649704,0.6216902,0.69131637,0.66683596,0.7999867,0.9424399,0.9707549,0.9836446,0.76578176,0.75163573,0.7583228,0.960614,0.9355708,0.96510345
1,18,5,verbal,0.9798807,0.70179963,0.93329567,0.8633891,0.9477079,0.959343,0.92426294,0.7352366,0.9623298,0.8943925,0.9703594,0.98462075,0.95506597,0.7163731,0.68776,0.7550824,0.7924015,0.7894248,0.9441189,0.94125,0.96078545,0.94752973,0.8626648,0.9101563,0.9065946,0.96908003,0.934575,0.98093784
1,18,6,verbal,0.97134286,0.8903289,0.9516761,0.8566351,0.93122816,0.96744543,0.9531499,0.88648224,0.9863456,0.9045161,0.972889,0.9924657,0.9884431,0.8530397,0.69547594,0.8683044,0.88649493,0.88013726,0.9441455,0.9747513,0.9895439,0.9896371,0.90302384,0.9087652,0.9107127,0.98023355,0.97841054,0.9935229
1,18,7,verbal,0.9615142,0.8751793,0.929251,0.7735135,0.9488051,0.9463219,0.92246085,0.8170563,0.97714853,0.8493686,0.97362304,0.9900959,0.97090304,0.7700419,0.56202143,0.7979121,0.8130194,0.7983191,0.87352484,0.96245646,0.9800923,0.9632587,0.82918507,0.8468164,0.82816297,0.9704772,0.94638824,0.98213667
1,18,8,verbal,0.9873073,0.91767174,0.97207224,0.86835986,0.9765642,0.98584455,0.97922325,0.90294963,0.98880494,0.88907105,0.9817863,0.98863715,0.9857845,0.8815564,0.7382781,0.915667,0.9189198,0.9147488,0.918653,0.9753619,0.9851212,0.98116815,0.87547773,0.8895331,0.86609715,0.9792283,0.97418195,0.98919296
1,18,9,verbal,0.98372126,0.92712915,0.9710024,0.8842806,0.9768863,0.98150796,0.9611454,0.92746526,0.9867313,0.9007391,0.98033214,0.98679143,0.97007626,0.92570263,0.8197353,0.93980104,0.9428334,0.92054135,0.9329019,0.98484117,0.9907441,0.9825503,0.91156214,0.9178478,0.91395205,0.98511577,0.97232455,0.98503786
1,18,10,verbal,0.99148935,0.9524635,0.9733308,0.8476102,0.97688663,0.9887509,0.9814611,0.93752253,0.987885,0.8792017,0.98545736,0.99283063,0.98375535,0.9248069,0.7705197,0.9428699,0.9551046,0.96226424,0.9156975,0.9919423,0.98933595,0.9864087,0.88923645,0.88339496,0.8705028,0.9907207,0.98676395,0.9925081
1,18,11,verbal,0.9921186,0.801925,0.97909844,0.84719765,0.97910786,0.9815358,0.97802603,0.7901287,0.9854248,0.8615302,0.9866355,0.9783706,0.98068243,0.80500126,0.5797878,0.82439667,0.85923713,0.84925795,0.8865529,0.9873506,0.98619866,0.9928096,0.8387041,0.8427141,0.84838766,0.98080903,0.98912036,0.9938627
1,18,12,verbal,0.9929007,0.9161945,0.98665375,0.89189136,0.9788052,0.9920465,0.9867741,0.898273,0.9866955,0.8911858,0.98493105,0.990184,0.9807911,0.915668,0.7817388,0.9221195,0.93281025,0.9433759,0.9206166,0.98157865,0.9929169,0.9889987,0.87598103,0.8989834,0.89155686,0.9869139,0.9821591,0.9946771
1,18,13,verbal,0.97685045,0.70741546,0.9285587,0.8277077,0.95838904,0.93748784,0.93316346,0.74365795,0.9414039,0.8343594,0.9733512,0.9573599,0.9456564,0.77974695,0.65308183,0.7901384,0.8289519,0.7811558,0.919013,0.96877086,0.98560315,0.9944744,0.86677456,0.88728267,0.8940232,0.9798643,0.96603465,0.9862198
1,18,14,verbal,0.98894256,0.8882936,0.98568714,0.8581004,0.98465216,0.993818,0.9907669,0.85374707,0.99646205,0.89666116,0.98785526,0.9921413,0.98967314,0.8456965,0.6274494,0.86902165,0.8868944,0.89729047,0.907554,0.9876581,0.98802716,0.98953086,0.8789008,0.8652256,0.85732794,0.98966783,0.98573595,0.9924235
1,18,15,verbal,0.9911367,0.94396436,0.9835938,0.9156663,0.9861001,0.98949295,0.9881403,0.92986834,0.99255306,0.9380752,0.98600614,0.9911425,0.9902789,0.9247641,0.8155095,0.94800013,0.9462878,0.9503901,0.959039,0.98002607,0.99323666,0.9923306,0.9063017,0.9373407,0.93210334,0.9891603,0.9839721,0.99431115
1,19,1,verbal,0.9921847,0.9099178,0.9776496,0.8568526,0.9843551,0.99083287,0.9869246,0.8908801,0.98627234,0.8772199,0.9890127,0.9885173,0.98742723,0.8862322,0.73170364,0.8899976,0.9269506,0.9185915,0.9099352,0.987355,0.98237324,0.9907694,0.8722336,0.863894,0.86950195,0.9868379,0.9895101,0.9922934
1,19,2,verbal,0.9921827,0.91518533,0.9845425,0.8868673,0.99002707,0.99078345,0.9923066,0.8975838,0.99001503,0.9011796,0.9941309,0.9913756,0.9928204,0.86731344,0.72051966,0.90536827,0.9210923,0.9253857,0.9378506,0.982663,0.9817311,0.98184437,0.8879825,0.89008826,0.87929296,0.99067414,0.9904483,0.9936887
1,19,3,verbal,0.98422664,0.9412499,0.9682508,0.88821214,0.96215695,0.9829595,0.97149897,0.92607176,0.9817278,0.91777194,0.9844668,0.99226856,0.9789654,0.92084324,0.82717466,0.9213804,0.9427386,0.9401227,0.9511115,0.9751035,0.98556715,0.9832094,0.9236119,0.9231383,0.9131794,0.9825899,0.9691168,0.9867687
1,19,4,verbal,0.98882586,0.9113494,0.9788168,0.93022394,0.96238136,0.98580295,0.97811615,0.9007047,0.98946905,0.94993126,0.98346573,0.9862577,0.9765061,0.90774304,0.8380695,0.8757515,0.93396884,0.93694735,0.9647317,0.97641236,0.98756635,0.98632145,0.93651366,0.94088054,0.9338982,0.96833265,0.9536539,0.991883
1,19,5,verbal,0.9903031,0.91537005,0.96117383,0.8851829,0.96914756,0.983163,0.9649246,0.9185999,0.98265,0.91351306,0.98543775,0.9922054,0.9821598,0.9175485,0.81840634,0.9331814,0.943921,0.944244,0.95036477,0.98540807,0.9870695,0.99374217,0.9155888,0.92124605,0.927943,0.9892129,0.9868933,0.99144876
1,19,6,verbal,0.99539477,0.9734692,0.993014,0.9725069,0.988082,0.9959689,0.99249065,0.9721644,0.99624467,0.97484595,0.9952588,0.99659806,0.99526024,0.9687757,0.93006563,0.97289,0.98069113,0.97596973,0.9846523,0.9942974,0.9951872,0.99449635,0.96894264,0.97204876,0.9674212,0.99376047,0.9952323,0.9965998
1,19,7,verbal,0.99330616,0.9614974,0.9910512,0.9704021,0.98449486,0.9917893,0.9869513,0.967919,0.9955552,0.9726629,0.99370956,0.99695206,0.990943,0.9646268,0.92069423,0.96619964,0.97682106,0.9783552,0.98265165,0.99065405,0.9949612,0.9933969,0.96050006,0.96765625,0.9620572,0.9919599,0.986225,0.99587274
1,19,8,verbal,0.99247026,0.93394256,0.9858075,0.9414719,0.9715165,0.98536485,0.9617344,0.9304758,0.9949696,0.95862174,0.9812982,0.99097246,0.96923834,0.9140569,0.8326865,0.9301058,0.9499626,0.9236595,0.9684902,0.9824943,0.98749155,0.9686795,0.9433577,0.94166297,0.9161439,0.98581976,0.96474236,0.9780069
1,19,9,verbal,0.9893544,0.95883054,0.9818475,0.9437654,0.97293353,0.9884129,0.9878562,0.9579057,0.99237734,0.9531862,0.98737866,0.99682885,0.9933193,0.9439766,0.9106638,0.93171656,0.9568629,0.9551793,0.97409797,0.98632336,0.9945645,0.994707,0.9486257,0.96186876,0.9621648,0.9879161,0.9841969,0.9963792
1,19,10,verbal,0.9883234,0.9601141,0.9800161,0.93458474,0.98160464,0.9847219,0.9639452,0.9635239,0.99177474,0.9554092,0.98524123,0.99246854,0.9772808,0.95536405,0.89655924,0.96349055,0.9705194,0.9482618,0.97183764,0.9890119,0.9937007,0.98408365,0.9532285,0.9526135,0.94526047,0.9930439,0.97623324,0.98687345
1,19,11,verbal,0.99217236,0.935603,0.98424053,0.9151607,0.983947,0.9900385,0.9875793,0.9211473,0.99231863,0.93355954,0.989672,0.9922192,0.98843443,0.90687495,0.7920377,0.9309614,0.9387168,0.9394566,0.95722455,0.98621166,0.9887221,0.990019,0.9231098,0.9244328,0.92063254,0.9910496,0.98467636,0.9927435
1,19,12,verbal,0.98263985,0.8815611,0.97148347,0.92500395,0.97473234,0.97100407,0.9699435,0.9009627,0.9931424,0.945932,0.99111104,0.9905017,0.9911314,0.8831878,0.7932445,0.9166608,0.93416333,0.9147643,0.97018117,0.981036,0.9878573,0.99181926,0.9210958,0.9359201,0.941747,0.9875662,0.9880936,0.9948799
1,19,13,verbal,0.9851184,0.92226064,0.9804042,0.9428469,0.97249275,0.9736901,0.9740883,0.93680507,0.9942041,0.9615367,0.9849567,0.9885152,0.98896027,0.9439627,0.8750805,0.96549565,0.97163,0.96036184,0.9728327,0.982859,0.99240667,0.9943306,0.92552644,0.9505091,0.9576751,0.9912822,0.9854576,0.9958805
1,19,14,verbal,0.9566645,0.88849795,0.9428243,0.90397835,0.9162638,0.9685053,0.9641442,0.85570854,0.982273,0.92587703,0.95938474,0.9878386,0.98176634,0.8052621,0.7281937,0.77564955,0.8589099,0.84901756,0.9629649,0.9816622,0.98302007,0.983962,0.94566417,0.9297236,0.92808664,0.9604019,0.9579901,0.9946529
1,19,15,verbal,0.9904087,0.8821253,0.98284703,0.952215,0.9751997,0.9844894,0.9823329,0.89175785,0.9956485,0.97011346,0.9848389,0.9928958,0.99019355,0.8874219,0.81647587,0.91825765,0.9116413,0.9100508,0.978673,0.985984,0.9939353,0.99138975,0.94857824,0.95922714,0.95216054,0.9899383,0.98692924,0.994595
1,20,1,verbal,0.9778238,0.9457676,0.97389513,0.94847906,0.9644423,0.9758682,0.9606007,0.95003325,0.9909063,0.9667573,0.9790399,0.99015397,0.9706308,0.9532713,0.90696156,0.96822995,0.96274763,0.95223665,0.9810435,0.9865156,0.99294114,0.9754093,0.9532134,0.96550435,0.93574524,0.9895659,0.9719324,0.9779471
1,20,2,verbal,0.98823,0.95101386,0.9782775,0.9258276,0.97661114,0.98874575,0.98522764,0.95695174,0.98601186,0.93124455,0.9846753,0.990364,0.9880406,0.9265378,0.84548384,0.9339967,0.9559404,0.9509205,0.9682883,0.9944498,0.9896095,0.9899498,0.96119314,0.94308025,0.9387886,0.9919085,0.9884401,0.9940298
1,20,3,verbal,0.99026376,0.9448786,0.9716656,0.9315269,0.9732093,0.9870465,0.9776307,0.93979883,0.9864648,0.9520404,0.98728335,0.9940056,0.9872635,0.92175627,0.8482063,0.9418213,0.9533103,0.93605846,0.9699384,0.9788018,0.9873192,0.99056494,0.9322389,0.94404256,0.95138127,0.98473936,0.9765667,0.9932425
1,20,4,verbal,0.9690681,0.76274157,0.94344026,0.86871475,0.9420675,0.9728958,0.9296833,0.68221474,0.97195023,0.9162488,0.9727838,0.98434144,0.9537068,0.6981285,0.6074126,0.6606962,0.7462037,0.73384887,0.9516623,0.94295144,0.98259354,0.9554942,0.88297683,0.9176945,0.8939807,0.9604063,0.909477,0.9746705
1,20,5,verbal,0.96898615,0.77719027,0.97337556,0.8713393,0.94283074,0.9719219,0.9634129,0.7743378,0.97882575,0.9105547,0.9782462,0.98593676,0.98297197,0.77470475,0.61417043,0.78521174,0.8181102,0.8005762,0.92511684,0.9682858,0.9838329,0.9860913,0.9084749,0.89819056,0.89841396,0.9792118,0.9678483,0.98713917
1,20,6,verbal,0.98766685,0.90858006,0.9603638,0.8818901,0.9869426,0.9864667,0.94169825,0.893287,0.97535276,0.90969723,0.99000144,0.98679566,0.9495527,0.8972943,0.8204973,0.9192961,0.92902714,0.89516026,0.953062,0.9656173,0.97681665,0.9586825,0.8923987,0.9136304,0.90104693,0.9866612,0.9442694,0.9650123
1,20,7,verbal,0.98693955,0.8639831,0.9755681,0.8988286,0.9654036,0.9819902,0.98436713,0.84659994,0.9821782,0.92856765,0.979535,0.981753,0.980518,0.8587504,0.7011854,0.88069254,0.89651775,0.8880983,0.92145985,0.9745747,0.9874877,0.98314023,0.9037068,0.90515107,0.90806925,0.9815723,0.97356164,0.99182105
1,20,8,verbal,0.9772854,0.8840916,0.95127606,0.81610006,0.954591,0.97467655,0.9567522,0.84016645,0.96858597,0.8570941,0.9766209,0.98189014,0.9652135,0.83920175,0.64911145,0.8393079,0.88522786,0.8874918,0.88849306,0.9777958,0.97311455,0.9840588,0.88027656,0.84622043,0.8464696,0.97620875,0.9690487,0.9848375
1,20,9,verbal,0.9810967,0.95814013,0.9690176,0.81366104,0.9720903,0.9888711,0.9836592,0.936872,0.97324395,0.8342926,0.9673768,0.989718,0.9884083,0.90082467,0.7000281,0.9203344,0.94123966,0.9318433,0.89720863,0.9853403,0.9864082,0.9897038,0.8527978,0.85022193,0.85295695,0.98396987,0.9857493,0.99530804
1,20,10,verbal,0.9892415,0.9549811,0.96497387,0.8093181,0.9851099,0.9833301,0.982176,0.9392933,0.98483217,0.84646654,0.9887341,0.9910572,0.9893783,0.9094901,0.7372349,0.9372075,0.9507674,0.9395616,0.9071613,0.9827697,0.98431635,0.987919,0.8496665,0.85806674,0.8651133,0.9875601,0.9868212,0.9919636
1,20,11,verbal,0.981813,0.8879176,0.94700354,0.8563964,0.9687622,0.9854616,0.9757156,0.877365,0.97151065,0.878635,0.97823656,0.9822627,0.9827523,0.83586955,0.70482165,0.881675,0.9152506,0.895173,0.92920136,0.95436656,0.95630515,0.97010535,0.8562542,0.8671078,0.87148,0.97387916,0.97426766,0.9876094
1,20,12,verbal,0.9939403,0.9215425,0.9818415,0.8825798,0.97753394,0.9917221,0.9798968,0.91132385,0.98526,0.89116544,0.97580785,0.9935975,0.98150843,0.9049628,0.7508622,0.93760663,0.91339666,0.909932,0.93411815,0.9825318,0.9898527,0.98798555,0.8773423,0.90901583,0.90806866,0.98098063,0.97629213,0.9884216
1,20,13,verbal,0.9916738,0.9568807,0.98274213,0.9106572,0.98933685,0.9896652,0.971476,0.96109086,0.9876097,0.918028,0.9884753,0.9950678,0.9774148,0.9332269,0.8341485,0.95905614,0.9646961,0.9393225,0.9572865,0.9871614,0.98840696,0.97995615,0.9198657,0.9236205,0.91851336,0.99092686,0.97563773,0.9840752
1,20,14,verbal,0.98920804,0.9136387,0.98998195,0.91561884,0.98428875,0.9842018,0.90984046,0.9238764,0.9909227,0.9092886,0.9881275,0.9892002,0.9175275,0.8936465,0.7480371,0.9171437,0.9320852,0.8858808,0.9423299,0.9872389,0.9834492,0.90705234,0.91496754,0.9013856,0.81190026,0.9917424,0.9155193,0.94428307
1,20,15,verbal,0.99077994,0.9569731,0.98360866,0.9110731,0.98281825,0.9892686,0.92097056,0.95147514,0.9929056,0.9230515,0.9899746,0.99549305,0.9333267,0.9230887,0.80735475,0.9553252,0.95450306,0.8887683,0.9507215,0.98043156,0.9889839,0.93541956,0.89600134,0.9146012,0.84411687,0.9876181,0.9232953,0.94859916
2,21,1,verbal,0.5963628,0.7742953,0.63808453,0.57648885,0.57986724,0.9934728,0.5023344,0.67301667,0.34389642,0.9884111,0.9919412,0.5601491,0.788379,0.7806286,0.70590365,0.6837933,0.76925206,0.37743908,0.39280754,0.3623354,0.6646198,0.07798068,0.99156314,0.54178345,0.7396076,0.54375124,0.77214265,0.46740896
2,21,2,verbal,0.5963628,0.7742953,0.63808453,0.57648885,0.57986724,0.9934728,0.5023344,0.67301667,0.34389642,0.9884111,0.9919412,0.5601491,0.788379,0.7806286,0.70590365,0.6837933,0.76925206,0.37743908,0.39280754,0.3623354,0.6646198,0.07798068,0.99156314,0.54178345,0.7396076,0.54375124,0.77214265,0.46740896
2,21,3,verbal,0.5963628,0.7742953,0.63808453,0.57648885,0.57986724,0.9934728,0.5023344,0.67301667,0.34389642,0.9884111,0.9919412,0.5601491,0.788379,0.7806286,0.70590365,0.6837933,0.76925206,0.37743908,0.39280754,0.3623354,0.6646198,0.07798068,0.99156314,0.54178345,0.7396076,0.54375124,0.77214265,0.46740896
2,21,4,verbal,0.5963628,0.7742953,0.63808453,0.57648885,0.57986724,0.9934728,0.5023344,0.67301667,0.34389642,0.9884111,0.9919412,0.5601491,0.788379,0.7806286,0.70590365,0.6837933,0.76925206,0.37743908,0.39280754,0.3623354,0.6646198,0.07798068,0.99156314,0.54178345,0.7396076,0.54375124,0.77214265,0.46740896
2,21,5,verbal,0.5963628,0.7742953,0.63808453,0.57648885,0.57986724,0.9934728,0.5023344,0.67301667,0.34389642,0.9884111,0.9919412,0.5601491,0.788379,0.7806286,0.70590365,0.6837933,0.76925206,0.37743908,0.39280754,0.3623354,0.6646198,0.07798068,0.99156314,0.54178345,0.7396076,0.54375124,0.77214265,0.46740896
2,21,6,verbal,0.5963628,0.7742953,0.63808453,0.57648885,0.57986724,0.9934728,0.5023344,0.67301667,0.34389642,0.9884111,0.9919412,0.5601491,0.788379,0.7806286,0.70590365,0.6837933,0.76925206,0.37743908,0.39280754,0.3623354,0.6646198,0.07798068,0.99156314,0.54178345,0.7396076,0.54375124,0.77214265,0.46740896
2,21,7,verbal,0.5963628,0.7742953,0.63808453,0.57648885,0.57986724,0.9934728,0.5023344,0.67301667,0.34389642,0.9884111,0.9919412,0.5601491,0.788379,0.7806286,0.70590365,0.6837933,0.76925206,0.37743908,0.39280754,0.3623354,0.6646198,0.07798068,0.99156314,0.54178345,0.7396076,0.54375124,0.77214265,0.46740896
2,21,8,verbal,0.5963628,0.7742953,0.63808453,0.57648885,0.57986724,0.9934728,0.5023344,0.67301667,0.34389642,0.9884111,0.9919412,0.5601491,0.788379,0.7806286,0.70590365,0.6837933,0.76925206,0.37743908,0.39280754,0.3623354,0.6646198,0.07798068,0.99156314,0.54178345,0.7396076,0.54375124,0.77214265,0.46740896
2,21,9,verbal,0.5963628,0.7742953,0.63808453,0.57648885,0.57986724,0.9934728,0.5023344,0.67301667,0.34389642,0.9884111,0.9919412,0.5601491,0.788379,0.7806286,0.70590365,0.6837933,0.76925206,0.37743908,0.39280754,0.3623354,0.6646198,0.07798068,0.99156314,0.54178345,0.7396076,0.54375124,0.77214265,0.46740896
2,21,10,verbal,0.5963628,0.7742953,0.63808453,0.57648885,0.57986724,0.9934728,0.5023344,0.67301667,0.34389642,0.9884111,0.9919412,0.5601491,0.788379,0.7806286,0.70590365,0.6837933,0.76925206,0.37743908,0.39280754,0.3623354,0.6646198,0.07798068,0.99156314,0.54178345,0.7396076,0.54375124,0.77214265,0.46740896
2,21,11,verbal,0.5963628,0.7742953,0.63808453,0.57648885,0.57986724,0.9934728,0.5023344,0.67301667,0.34389642,0.9884111,0.9919412,0.5601491,0.788379,0.7806286,0.70590365,0.6837933,0.76925206,0.37743908,0.39280754,0.3623354,0.6646198,0.07798068,0.99156314,0.54178345,0.7396076,0.54375124,0.77214265,0.46740896
2,21,12,verbal,0.5963628,0.7742953,0.63808453,0.57648885,0.57986724,0.9934728,0.5023344,0.67301667,0.34389642,0.9884111,0.9919412,0.5601491,0.788379,0.7806286,0.70590365,0.6837933,0.76925206,0.37743908,0.39280754,0.3623354,0.6646198,0.07798068,0.99156314,0.54178345,0.7396076,0.54375124,0.77214265,0.46740896
2,21,13,verbal,0.5963628,0.7742953,0.63808453,0.57648885,0.57986724,0.9934728,0.5023344,0.67301667,0.34389642,0.9884111,0.9919412,0.5601491,0.788379,0.7806286,0.70590365,0.6837933,0.76925206,0.37743908,0.39280754,0.3623354,0.6646198,0.07798068,0.99156314,0.54178345,0.7396076,0.54375124,0.77214265,0.46740896
2,21,14,verbal,0.5963628,0.7742953,0.63808453,0.57648885,0.57986724,0.9934728,0.5023344,0.67301667,0.34389642,0.9884111,0.9919412,0.5601491,0.788379,0.7806286,0.70590365,0.6837933,0.76925206,0.37743908,0.39280754,0.3623354,0.6646198,0.07798068,0.99156314,0.54178345,0.7396076,0.54375124,0.77214265,0.46740896
2,21,15,verbal,0.5963628,0.7742953,0.63808453,0.57648885,0.57986724,0.9934728,0.5023344,0.67301667,0.34389642,0.9884111,0.9919412,0.5601491,0.788379,0.7806286,0.70590365,0.6837933,0.76925206,0.37743908,0.39280754,0.3623354,0.6646198,0.07798068,0.99156314,0.54178345,0.7396076,0.54375124,0.77214265,0.46740896
2,22,1,verbal,0.5963628,0.7742953,0.63808453,0.57648885,0.57986724,0.9934728,0.5023344,0.67301667,0.34389642,0.9884111,0.9919412,0.5601491,0.788379,0.7806286,0.70590365,0.6837933,0.76925206,0.37743908,0.39280754,0.3623354,0.6646198,0.07798068,0.99156314,0.54178345,0.7396076,0.54375124,0.77214265,0.46740896
2,22,2,verbal,0.5963628,0.7742953,0.63808453,0.57648885,0.57986724,0.9934728,0.5023344,0.67301667,0.34389642,0.9884111,0.9919412,0.5601491,0.788379,0.7806286,0.70590365,0.6837933,0.76925206,0.37743908,0.39280754,0.3623354,0.6646198,0.07798068,0.99156314,0.54178345,0.7396076,0.54375124,0.77214265,0.46740896
2,22,3,verbal,0.5963628,0.7742953,0.63808453,0.57648885,0.57986724,0.9934728,0.5023344,0.67301667,0.34389642,0.9884111,0.9919412,0.5601491,0.788379,0.7806286,0.70590365,0.6837933,0.76925206,0.37743908,0.39280754,0.3623354,0.6646198,0.07798068,0.99156314,0.54178345,0.7396076,0.54375124,0.77214265,0.46740896
2,22,4,verbal,0.5963628,0.7742953,0.63808453,0.57648885,0.57986724,0.9934728,0.5023344,0.67301667,0.34389642,0.9884111,0.9919412,0.5601491,0.788379,0.7806286,0.70590365,0.6837933,0.76925206,0.37743908,0.39280754,0.3623354,0.6646198,0.07798068,0.99156314,0.54178345,0.7396076,0.54375124,0.77214265,0.46740896
2,22,5,verbal,0.5963628,0.7742953,0.63808453,0.57648885,0.57986724,0.9934728,0.5023344,0.67301667,0.34389642,0.9884111,0.9919412,0.5601491,0.788379,0.7806286,0.70590365,0.6837933,0.76925206,0.37743908,0.39280754,0.3623354,0.6646198,0.07798068,0.99156314,0.54178345,0.7396076,0.54375124,0.77214265,0.46740896
2,22,6,verbal,0.5963628,0.7742953,0.63808453,0.57648885,0.57986724,0.9934728,0.5023344,0.67301667,0.34389642,0.9884111,0.9919412,0.5601491,0.788379,0.7806286,0.70590365,0.6837933,0.76925206,0.37743908,0.39280754,0.3623354,0.6646198,0.07798068,0.99156314,0.54178345,0.7396076,0.54375124,0.77214265,0.46740896
2,22,7,verbal,0.5963628,0.7742953,0.63808453,0.57648885,0.57986724,0.9934728,0.5023344,0.67301667,0.34389642,0.9884111,0.9919412,0.5601491,0.788379,0.7806286,0.70590365,0.6837933,0.76925206,0.37743908,0.39280754,0.3623354,0.6646198,0.07798068,0.99156314,0.54178345,0.7396076,0.54375124,0.77214265,0.46740896
2,22,8,verbal,0.5963628,0.7742953,0.63808453,0.57648885,0.57986724,0.9934728,0.5023344,0.67301667,0.34389642,0.9884111,0.9919412,0.5601491,0.788379,0.7806286,0.70590365,0.6837933,0.76925206,0.37743908,0.39280754,0.3623354,0.6646198,0.07798068,0.99156314,0.54178345,0.7396076,0.54375124,0.77214265,0.46740896
2,22,9,verbal,0.5963628,0.7742953,0.63808453,0.57648885,0.57986724,0.9934728,0.5023344,0.67301667,0.34389642,0.9884111,0.9919412,0.5601491,0.788379,0.7806286,0.70590365,0.6837933,0.76925206,0.37743908,0.39280754,0.3623354,0.6646198,0.07798068,0.99156314,0.54178345,0.7396076,0.54375124,0.77214265,0.46740896
2,22,10,verbal,0.5963628,0.7742953,0.63808453,0.57648885,0.57986724,0.9934728,0.5023344,0.67301667,0.34389642,0.9884111,0.9919412,0.5601491,0.788379,0.7806286,0.70590365,0.6837933,0.76925206,0.37743908,0.39280754,0.3623354,0.6646198,0.07798068,0.99156314,0.54178345,0.7396076,0.54375124,0.77214265,0.46740896
2,22,11,verbal,0.5963628,0.7742953,0.63808453,0.57648885,0.57986724,0.9934728,0.5023344,0.67301667,0.34389642,0.9884111,0.9919412,0.5601491,0.788379,0.7806286,0.70590365,0.6837933,0.76925206,0.37743908,0.39280754,0.3623354,0.6646198,0.07798068,0.99156314,0.54178345,0.7396076,0.54375124,0.77214265,0.46740896
2,22,12,verbal,0.5963628,0.7742953,0.63808453,0.57648885,0.57986724,0.9934728,0.5023344,0.67301667,0.34389642,0.9884111,0.9919412,0.5601491,0.788379,0.7806286,0.70590365,0.6837933,0.76925206,0.37743908,0.39280754,0.3623354,0.6646198,0.07798068,0.99156314,0.54178345,0.7396076,0.54375124,0.77214265,0.46740896
2,22,13,verbal,0.5963628,0.7742953,0.63808453,0.57648885,0.57986724,0.9934728,0.5023344,0.67301667,0.34389642,0.9884111,0.9919412,0.5601491,0.788379,0.7806286,0.70590365,0.6837933,0.76925206,0.37743908,0.39280754,0.3623354,0.6646198,0.07798068,0.99156314,0.54178345,0.7396076,0.54375124,0.77214265,0.46740896
2,22,14,verbal,0.5963628,0.7742953,0.63808453,0.57648885,0.57986724,0.9934728,0.5023344,0.67301667,0.34389642,0.9884111,0.9919412,0.5601491,0.788379,0.7806286,0.70590365,0.6837933,0.76925206,0.37743908,0.39280754,0.3623354,0.6646198,0.07798068,0.99156314,0.54178345,0.7396076,0.54375124,0.77214265,0.46740896
2,22,15,verbal,0.5963628,0.7742953,0.63808453,0.57648885,0.57986724,0.9934728,0.5023344,0.67301667,0.34389642,0.9884111,0.9919412,0.5601491,0.788379,0.7806286,0.70590365,0.6837933,0.76925206,0.37743908,0.39280754,0.3623354,0.6646198,0.07798068,0.99156314,0.54178345,0.7396076,0.54375124,0.77214265,0.46740896
2,23,1,verbal,0.5963628,0.7742953,0.63808453,0.57648885,0.57986724,0.9934728,0.5023344,0.67301667,0.34389642,0.9884111,0.9919412,0.5601491,0.788379,0.7806286,0.70590365,0.6837933,0.76925206,0.37743908,0.39280754,0.3623354,0.6646198,0.07798068,0.99156314,0.54178345,0.7396076,0.54375124,0.77214265,0.46740896
2,23,2,verbal,0.5963628,0.7742953,0.63808453,0.57648885,0.57986724,0.9934728,0.5023344,0.67301667,0.34389642,0.9884111,0.9919412,0.5601491,0.788379,0.7806286,0.70590365,0.6837933,0.76925206,0.37743908,0.39280754,0.3623354,0.6646198,0.07798068,0.99156314,0.54178345,0.7396076,0.54375124,0.77214265,0.46740896
2,23,3,verbal,0.5963628,0.7742953,0.63808453,0.57648885,0.57986724,0.9934728,0.5023344,0.67301667,0.34389642,0.9884111,0.9919412,0.5601491,0.788379,0.7806286,0.70590365,0.6837933,0.76925206,0.37743908,0.39280754,0.3623354,0.6646198,0.07798068,0.99156314,0.54178345,0.7396076,0.54375124,0.77214265,0.46740896
2,23,4,verbal,0.5963628,0.7742953,0.63808453,0.57648885,0.57986724,0.9934728,0.5023344,0.67301667,0.34389642,0.9884111,0.9919412,0.5601491,0.788379,0.7806286,0.70590365,0.6837933,0.76925206,0.37743908,0.39280754,0.3623354,0.6646198,0.07798068,0.99156314,0.54178345,0.7396076,0.54375124,0.77214265,0.46740896
2,23,5,verbal,0.5963628,0.7742953,0.63808453,0.57648885,0.57986724,0.9934728,0.5023344,0.67301667,0.34389642,0.9884111,0.9919412,0.5601491,0.788379,0.7806286,0.70590365,0.6837933,0.76925206,0.37743908,0.39280754,0.3623354,0.6646198,0.07798068,0.99156314,0.54178345,0.7396076,0.54375124,0.77214265,0.46740896
2,23,6,verbal,0.5963628,0.7742953,0.63808453,0.57648885,0.57986724,0.9934728,0.5023344,0.67301667,0.34389642,0.9884111,0.9919412,0.5601491,0.788379,0.7806286,0.70590365,0.6837933,0.76925206,0.37743908,0.39280754,0.3623354,0.6646198,0.07798068,0.99156314,0.54178345,0.7396076,0.54375124,0.77214265,0.46740896
2,23,7,verbal,0.5963628,0.7742953,0.63808453,0.57648885,0.57986724,0.9934728,0.5023344,0.67301667,0.34389642,0.9884111,0.9919412,0.5601491,0.788379,0.7806286,0.70590365,0.6837933,0.76925206,0.37743908,0.39280754,0.3623354,0.6646198,0.07798068,0.99156314,0.54178345,0.7396076,0.54375124,0.77214265,0.46740896
2,23,8,verbal,0.5963628,0.7742953,0.63808453,0.57648885,0.57986724,0.9934728,0.5023344,0.67301667,0.34389642,0.9884111,0.9919412,0.5601491,0.788379,0.7806286,0.70590365,0.6837933,0.76925206,0.37743908,0.39280754,0.3623354,0.6646198,0.07798068,0.99156314,0.54178345,0.7396076,0.54375124,0.77214265,0.46740896
2,23,9,verbal,0.5963628,0.7742953,0.63808453,0.57648885,0.57986724,0.9934728,0.5023344,0.67301667,0.34389642,0.9884111,0.9919412,0.5601491,0.788379,0.7806286,0.70590365,0.6837933,0.76925206,0.37743908,0.39280754,0.3623354,0.6646198,0.07798068,0.99156314,0.54178345,0.7396076,0.54375124,0.77214265,0.46740896
2,23,10,verbal,0.5963628,0.7742953,0.63808453,0.57648885,0.57986724,0.9934728,0.5023344,0.67301667,0.34389642,0.9884111,0.9919412,0.5601491,0.788379,0.7806286,0.70590365,0.6837933,0.76925206,0.37743908,0.39280754,0.3623354,0.6646198,0.07798068,0.99156314,0.54178345,0.7396076,0.54375124,0.77214265,0.46740896
2,23,11,verbal,0.5963628,0.7742953,0.63808453,0.57648885,0.57986724,0.9934728,0.5023344,0.67301667,0.34389642,0.9884111,0.9919412,0.5601491,0.788379,0.7806286,0.70590365,0.6837933,0.76925206,0.37743908,0.39280754,0.3623354,0.6646198,0.07798068,0.99156314,0.54178345,0.7396076,0.54375124,0.77214265,0.46740896
2,23,12,verbal,0.5963628,0.7742953,0.63808453,0.57648885,0.57986724,0.9934728,0.5023344,0.67301667,0.34389642,0.9884111,0.9919412,0.5601491,0.788379,0.7806286,0.70590365,0.6837933,0.76925206,0.37743908,0.39280754,0.3623354,0.6646198,0.07798068,0.99156314,0.54178345,0.7396076,0.54375124,0.77214265,0.46740896
2,23,13,verbal,0.5963628,0.7742953,0.63808453,0.57648885,0.57986724,0.9934728,0.5023344,0.67301667,0.34389642,0.9884111,0.9919412,0.5601491,0.788379,0.7806286,0.70590365,0.6837933,0.76925206,0.37743908,0.39280754,0.3623354,0.6646198,0.07798068,0.99156314,0.54178345,0.7396076,0.54375124,0.77214265,0.46740896
2,23,14,verbal,0.5963628,0.7742953,0.63808453,0.57648885,0.57986724,0.9934728,0.5023344,0.67301667,0.34389642,0.9884111,0.9919412,0.5601491,0.788379,0.7806286,0.70590365,0.6837933,0.76925206,0.37743908,0.39280754,0.3623354,0.6646198,0.07798068,0.99156314,0.54178345,0.7396076,0.54375124,0.77214265,0.46740896
2,23,15,verbal,0.5963628,0.7742953,0.63808453,0.57648885,0.57986724,0.9934728,0.5023344,0.67301667,0.34389642,0.9884111,0.9919412,0.5601491,0.788379,0.7806286,0.70590365,0.6837933,0.76925206,0.37743908,0.39280754,0.3623354,0.6646198,0.07798068,0.99156314,0.54178345,0.7396076,0.54375124,0.77214265,0.46740896
2,24,1,verbal,0.5963628,0.7742953,0.63808453,0.57648885,0.57986724,0.9934728,0.5023344,0.67301667,0.34389642,0.9884111,0.9919412,0.5601491,0.788379,0.7806286,0.70590365,0.6837933,0.76925206,0.37743908,0.39280754,0.3623354,0.6646198,0.07798068,0.99156314,0.54178345,0.7396076,0.54375124,0.77214265,0.46740896
2,24,2,verbal,0.5963628,0.7742953,0.63808453,0.57648885,0.57986724,0.9934728,0.5023344,0.67301667,0.34389642,0.9884111,0.9919412,0.5601491,0.788379,0.7806286,0.70590365,0.6837933,0.76925206,0.37743908,0.39280754,0.3623354,0.6646198,0.07798068,0.99156314,0.54178345,0.7396076,0.54375124,0.77214265,0.46740896
2,24,3,verbal,0.5963628,0.7742953,0.63808453,0.57648885,0.57986724,0.9934728,0.5023344,0.67301667,0.34389642,0.9884111,0.9919412,0.5601491,0.788379,0.7806286,0.70590365,0.6837933,0.76925206,0.37743908,0.39280754,0.3623354,0.6646198,0.07798068,0.99156314,0.54178345,0.7396076,0.54375124,0.77214265,0.46740896
2,24,4,verbal,0.5963628,0.7742953,0.63808453,0.57648885,0.57986724,0.9934728,0.5023344,0.67301667,0.34389642,0.9884111,0.9919412,0.5601491,0.788379,0.7806286,0.70590365,0.6837933,0.76925206,0.37743908,0.39280754,0.3623354,0.6646198,0.07798068,0.99156314,0.54178345,0.7396076,0.54375124,0.77214265,0.46740896
2,24,5,verbal,0.5963628,0.7742953,0.63808453,0.57648885,0.57986724,0.9934728,0.5023344,0.67301667,0.34389642,0.9884111,0.9919412,0.5601491,0.788379,0.7806286,0.70590365,0.6837933,0.76925206,0.37743908,0.39280754,0.3623354,0.6646198,0.07798068,0.99156314,0.54178345,0.7396076,0.54375124,0.77214265,0.46740896
2,24,6,verbal,0.5963628,0.7742953,0.63808453,0.57648885,0.57986724,0.9934728,0.5023344,0.67301667,0.34389642,0.9884111,0.9919412,0.5601491,0.788379,0.7806286,0.70590365,0.6837933,0.76925206,0.37743908,0.39280754,0.3623354,0.6646198,0.07798068,0.99156314,0.54178345,0.7396076,0.54375124,0.77214265,0.46740896
2,24,7,verbal,0.5963628,0.7742953,0.63808453,0.57648885,0.57986724,0.9934728,0.5023344,0.67301667,0.34389642,0.9884111,0.9919412,0.5601491,0.788379,0.7806286,0.70590365,0.6837933,0.76925206,0.37743908,0.39280754,0.3623354,0.6646198,0.07798068,0.99156314,0.54178345,0.7396076,0.54375124,0.77214265,0.46740896
2,24,8,verbal,0.5963628,0.7742953,0.63808453,0.57648885,0.57986724,0.9934728,0.5023344,0.67301667,0.34389642,0.9884111,0.9919412,0.5601491,0.788379,0.7806286,0.70590365,0.6837933,0.76925206,0.37743908,0.39280754,0.3623354,0.6646198,0.07798068,0.99156314,0.54178345,0.7396076,0.54375124,0.77214265,0.46740896
2,24,9,verbal,0.5963628,0.7742953,0.63808453,0.57648885,0.57986724,0.9934728,0.5023344,0.67301667,0.34389642,0.9884111,0.9919412,0.5601491,0.788379,0.7806286,0.70590365,0.6837933,0.76925206,0.37743908,0.39280754,0.3623354,0.6646198,0.07798068,0.99156314,0.54178345,0.7396076,0.54375124,0.77214265,0.46740896
2,24,10,verbal,0.5963628,0.7742953,0.63808453,0.57648885,0.57986724,0.9934728,0.5023344,0.67301667,0.34389642,0.9884111,0.9919412,0.5601491,0.788379,0.7806286,0.70590365,0.6837933,0.76925206,0.37743908,0.39280754,0.3623354,0.6646198,0.07798068,0.99156314,0.54178345,0.7396076,0.54375124,0.77214265,0.46740896
2,24,11,verbal,0.5963628,0.7742953,0.63808453,0.57648885,0.57986724,0.9934728,0.5023344,0.67301667,0.34389642,0.9884111,0.9919412,0.5601491,0.788379,0.7806286,0.70590365,0.6837933,0.76925206,0.37743908,0.39280754,0.3623354,0.6646198,0.07798068,0.99156314,0.54178345,0.7396076,0.54375124,0.77214265,0.46740896
2,24,12,verbal,0.5963628,0.7742953,0.63808453,0.57648885,0.57986724,0.9934728,0.5023344,0.67301667,0.34389642,0.9884111,0.9919412,0.5601491,0.788379,0.7806286,0.70590365,0.6837933,0.76925206,0.37743908,0.39280754,0.3623354,0.6646198,0.07798068,0.99156314,0.54178345,0.7396076,0.54375124,0.77214265,0.46740896
2,24,13,verbal,0.5963628,0.7742953,0.63808453,0.57648885,0.57986724,0.9934728,0.5023344,0.67301667,0.34389642,0.9884111,0.9919412,0.5601491,0.788379,0.7806286,0.70590365,0.6837933,0.76925206,0.37743908,0.39280754,0.3623354,0.6646198,0.07798068,0.99156314,0.54178345,0.7396076,0.54375124,0.77214265,0.46740896
2,24,14,verbal,0.5963628,0.7742953,0.63808453,0.57648885,0.57986724,0.9934728,0.5023344,0.67301667,0.34389642,0.9884111,0.9919412,0.5601491,0.788379,0.7806286,0.70590365,0.6837933,0.76925206,0.37743908,0.39280754,0.3623354,0.6646198,0.07798068,0.99156314,0.54178345,0.7396076,0.54375124,0.77214265,0.46740896
2,24,15,verbal,0.5963628,0.7742953,0.63808453,0.57648885,0.57986724,0.9934728,0.5023344,0.67301667,0.34389642,0.9884111,0.9919412,0.5601491,0.788379,0.7806286,0.70590365,0.6837933,0.76925206,0.37743908,0.39280754,0.3623354,0.6646198,0.07798068,0.99156314,0.54178345,0.7396076,0.54375124,0.77214265,0.46740896
2,25,1,verbal,0.5963628,0.7742953,0.63808453,0.57648885,0.57986724,0.9934728,0.5023344,0.67301667,0.34389642,0.9884111,0.9919412,0.5601491,0.788379,0.7806286,0.70590365,0.6837933,0.76925206,0.37743908,0.39280754,0.3623354,0.6646198,0.07798068,0.99156314,0.54178345,0.7396076,0.54375124,0.77214265,0.46740896
2,25,2,verbal,0.5963628,0.7742953,0.63808453,0.57648885,0.57986724,0.9934728,0.5023344,0.67301667,0.34389642,0.9884111,0.9919412,0.5601491,0.788379,0.7806286,0.70590365,0.6837933,0.76925206,0.37743908,0.39280754,0.3623354,0.6646198,0.07798068,0.99156314,0.54178345,0.7396076,0.54375124,0.77214265,0.46740896
2,25,3,verbal,0.5963628,0.7742953,0.63808453,0.57648885,0.57986724,0.9934728,0.5023344,0.67301667,0.34389642,0.9884111,0.9919412,0.5601491,0.788379,0.7806286,0.70590365,0.6837933,0.76925206,0.37743908,0.39280754,0.3623354,0.6646198,0.07798068,0.99156314,0.54178345,0.7396076,0.54375124,0.77214265,0.46740896
2,25,4,verbal,0.5963628,0.7742953,0.63808453,0.57648885,0.57986724,0.9934728,0.5023344,0.67301667,0.34389642,0.9884111,0.9919412,0.5601491,0.788379,0.7806286,0.70590365,0.6837933,0.76925206,0.37743908,0.39280754,0.3623354,0.6646198,0.07798068,0.99156314,0.54178345,0.7396076,0.54375124,0.77214265,0.46740896
2,25,5,verbal,0.5963628,0.7742953,0.63808453,0.57648885,0.57986724,0.9934728,0.5023344,0.67301667,0.34389642,0.9884111,0.9919412,0.5601491,0.788379,0.7806286,0.70590365,0.6837933,0.76925206,0.37743908,0.39280754,0.3623354,0.6646198,0.07798068,0.99156314,0.54178345,0.7396076,0.54375124,0.77214265,0.46740896
2,25,6,verbal,0.5963628,0.7742953,0.63808453,0.57648885,0.57986724,0.9934728,0.5023344,0.67301667,0.34389642,0.9884111,0.9919412,0.5601491,0.788379,0.7806286,0.70590365,0.6837933,0.76925206,0.37743908,0.39280754,0.3623354,0.6646198,0.07798068,0.99156314,0.54178345,0.7396076,0.54375124,0.77214265,0.46740896
2,25,7,verbal,0.5963628,0.7742953,0.63808453,0.57648885,0.57986724,0.9934728,0.5023344,0.67301667,0.34389642,0.9884111,0.9919412,0.5601491,0.788379,0.7806286,0.70590365,0.6837933,0.76925206,0.37743908,0.39280754,0.3623354,0.6646198,0.07798068,0.99156314,0.54178345,0.7396076,0.54375124,0.77214265,0.46740896
2,25,8,verbal,0.5963628,0.7742953,0.63808453,0.57648885,0.57986724,0.9934728,0.5023344,0.67301667,0.34389642,0.9884111,0.9919412,0.5601491,0.788379,0.7806286,0.70590365,0.6837933,0.76925206,0.37743908,0.39280754,0.3623354,0.6646198,0.07798068,0.99156314,0.54178345,0.7396076,0.54375124,0.77214265,0.46740896
2,25,9,verbal,0.5963628,0.7742953,0.63808453,0.57648885,0.57986724,0.9934728,0.5023344,0.67301667,0.34389642,0.9884111,0.9919412,0.5601491,0.788379,0.7806286,0.70590365,0.6837933,0.76925206,0.37743908,0.39280754,0.3623354,0.6646198,0.07798068,0.99156314,0.54178345,0.7396076,0.54375124,0.77214265,0.46740896
2,25,10,verbal,0.5963628,0.7742953,0.63808453,0.57648885,0.57986724,0.9934728,0.5023344,0.67301667,0.34389642,0.9884111,0.9919412,0.5601491,0.788379,0.7806286,0.70590365,0.6837933,0.76925206,0.37743908,0.39280754,0.3623354,0.6646198,0.07798068,0.99156314,0.54178345,0.7396076,0.54375124,0.77214265,0.46740896
2,25,11,verbal,0.5963628,0.7742953,0.63808453,0.57648885,0.57986724,0.9934728,0.5023344,0.67301667,0.34389642,0.9884111,0.9919412,0.5601491,0.788379,0.7806286,0.70590365,0.6837933,0.76925206,0.37743908,0.39280754,0.3623354,0.6646198,0.07798068,0.99156314,0.54178345,0.7396076,0.54375124,0.77214265,0.46740896
2,25,12,verbal,0.5963628,0.7742953,0.63808453,0.57648885,0.57986724,0.9934728,0.5023344,0.67301667,0.34389642,0.9884111,0.9919412,0.5601491,0.788379,0.7806286,0.70590365,0.6837933,0.76925206,0.37743908,0.39280754,0.3623354,0.6646198,0.07798068,0.99156314,0.54178345,0.7396076,0.54375124,0.77214265,0.46740896
2,25,13,verbal,0.5963628,0.7742953,0.63808453,0.57648885,0.57986724,0.9934728,0.5023344,0.67301667,0.34389642,0.9884111,0.9919412,0.5601491,0.788379,0.7806286,0.70590365,0.6837933,0.76925206,0.37743908,0.39280754,0.3623354,0.6646198,0.07798068,0.99156314,0.54178345,0.7396076,0.54375124,0.77214265,0.46740896
2,25,14,verbal,0.5963628,0.7742953,0.63808453,0.57648885,0.57986724,0.9934728,0.5023344,0.67301667,0.34389642,0.9884111,0.9919412,0.5601491,0.788379,0.7806286,0.70590365,0.6837933,0.76925206,0.37743908,0.39280754,0.3623354,0.6646198,0.07798068,0.99156314,0.54178345,0.7396076,0.54375124,0.77214265,0.46740896
2,25,15,verbal,0.5963628,0.7742953,0.63808453,0.57648885,0.57986724,0.9934728,0.5023344,0.67301667,0.34389642,0.9884111,0.9919412,0.5601491,0.788379,0.7806286,0.70590365,0.6837933,0.76925206,0.37743908,0.39280754,0.3623354,0.6646198,0.07798068,0.99156314,0.54178345,0.7396076,0.54375124,0.77214265,0.46740896
2,26,1,verbal,0.5963628,0.7742953,0.63808453,0.57648885,0.57986724,0.9934728,0.5023344,0.67301667,0.34389642,0.9884111,0.9919412,0.5601491,0.788379,0.7806286,0.70590365,0.6837933,0.76925206,0.37743908,0.39280754,0.3623354,0.6646198,0.07798068,0.99156314,0.54178345,0.7396076,0.54375124,0.77214265,0.46740896
2,26,2,verbal,0.5963628,0.7742953,0.63808453,0.57648885,0.57986724,0.9934728,0.5023344,0.67301667,0.34389642,0.9884111,0.9919412,0.5601491,0.788379,0.7806286,0.70590365,0.6837933,0.76925206,0.37743908,0.39280754,0.3623354,0.6646198,0.07798068,0.99156314,0.54178345,0.7396076,0.54375124,0.77214265,0.46740896
2,26,3,verbal,0.5963628,0.7742953,0.63808453,0.57648885,0.57986724,0.9934728,0.5023344,0.67301667,0.34389642,0.9884111,0.9919412,0.5601491,0.788379,0.7806286,0.70590365,0.6837933,0.76925206,0.37743908,0.39280754,0.3623354,0.6646198,0.07798068,0.99156314,0.54178345,0.7396076,0.54375124,0.77214265,0.46740896
2,26,4,verbal,0.5963628,0.7742953,0.63808453,0.57648885,0.57986724,0.9934728,0.5023344,0.67301667,0.34389642,0.9884111,0.9919412,0.5601491,0.788379,0.7806286,0.70590365,0.6837933,0.76925206,0.37743908,0.39280754,0.3623354,0.6646198,0.07798068,0.99156314,0.54178345,0.7396076,0.54375124,0.77214265,0.46740896
2,26,5,verbal,0.5963628,0.7742953,0.63808453,0.57648885,0.57986724,0.9934728,0.5023344,0.67301667,0.34389642,0.9884111,0.9919412,0.5601491,0.788379,0.7806286,0.70590365,0.6837933,0.76925206,0.37743908,0.39280754,0.3623354,0.6646198,0.07798068,0.99156314,0.54178345,0.7396076,0.54375124,0.77214265,0.46740896
2,26,6,verbal,0.5963628,0.7742953,0.63808453,0.57648885,0.57986724,0.9934728,0.5023344,0.67301667,0.34389642,0.9884111,0.9919412,0.5601491,0.788379,0.7806286,0.70590365,0.6837933,0.76925206,0.37743908,0.39280754,0.3623354,0.6646198,0.07798068,0.99156314,0.54178345,0.7396076,0.54375124,0.77214265,0.46740896
2,26,7,verbal,0.5963628,0.7742953,0.63808453,0.57648885,0.57986724,0.9934728,0.5023344,0.67301667,0.34389642,0.9884111,0.9919412,0.5601491,0.788379,0.7806286,0.70590365,0.6837933,0.76925206,0.37743908,0.39280754,0.3623354,0.6646198,0.07798068,0.99156314,0.54178345,0.7396076,0.54375124,0.77214265,0.46740896
2,26,8,verbal,0.5963628,0.7742953,0.63808453,0.57648885,0.57986724,0.9934728,0.5023344,0.67301667,0.34389642,0.9884111,0.9919412,0.5601491,0.788379,0.7806286,0.70590365,0.6837933,0.76925206,0.37743908,0.39280754,0.3623354,0.6646198,0.07798068,0.99156314,0.54178345,0.7396076,0.54375124,0.77214265,0.46740896
2,26,9,verbal,0.5963628,0.7742953,0.63808453,0.57648885,0.57986724,0.9934728,0.5023344,0.67301667,0.34389642,0.9884111,0.9919412,0.5601491,0.788379,0.7806286,0.70590365,0.6837933,0.76925206,0.37743908,0.39280754,0.3623354,0.6646198,0.07798068,0.99156314,0.54178345,0.7396076,0.54375124,0.77214265,0.46740896
2,26,10,verbal,0.5963628,0.7742953,0.63808453,0.57648885,0.57986724,0.9934728,0.5023344,0.67301667,0.34389642,0.9884111,0.9919412,0.5601491,0.788379,0.7806286,0.70590365,0.6837933,0.76925206,0.37743908,0.39280754,0.3623354,0.6646198,0.07798068,0.99156314,0.54178345,0.7396076,0.54375124,0.77214265,0.46740896
2,26,11,verbal,0.5963628,0.7742953,0.63808453,0.57648885,0.57986724,0.9934728,0.5023344,0.67301667,0.34389642,0.9884111,0.9919412,0.5601491,0.788379,0.7806286,0.70590365,0.6837933,0.76925206,0.37743908,0.39280754,0.3623354,0.6646198,0.07798068,0.99156314,0.54178345,0.7396076,0.54375124,0.77214265,0.46740896
2,26,12,verbal,0.5963628,0.7742953,0.63808453,0.57648885,0.57986724,0.9934728,0.5023344,0.67301667,0.34389642,0.9884111,0.9919412,0.5601491,0.788379,0.7806286,0.70590365,0.6837933,0.76925206,0.37743908,0.39280754,0.3623354,0.6646198,0.07798068,0.99156314,0.54178345,0.7396076,0.54375124,0.77214265,0.46740896
2,26,13,verbal,0.5963628,0.7742953,0.63808453,0.57648885,0.57986724,0.9934728,0.5023344,0.67301667,0.34389642,0.9884111,0.9919412,0.5601491,0.788379,0.7806286,0.70590365,0.6837933,0.76925206,0.37743908,0.39280754,0.3623354,0.6646198,0.07798068,0.99156314,0.54178345,0.7396076,0.54375124,0.77214265,0.46740896
2,26,14,verbal,0.5963628,0.7742953,0.63808453,0.57648885,0.57986724,0.9934728,0.5023344,0.67301667,0.34389642,0.9884111,0.9919412,0.5601491,0.788379,0.7806286,0.70590365,0.6837933,0.76925206,0.37743908,0.39280754,0.3623354,0.6646198,0.07798068,0.99156314,0.54178345,0.7396076,0.54375124,0.77214265,0.46740896
2,26,15,verbal,0.5963628,0.7742953,0.63808453,0.57648885,0.57986724,0.9934728,0.5023344,0.67301667,0.34389642,0.9884111,0.9919412,0.5601491,0.788379,0.7806286,0.70590365,0.6837933,0.76925206,0.37743908,0.39280754,0.3623354,0.6646198,0.07798068,0.99156314,0.54178345,0.7396076,0.54375124,0.77214265,0.46740896
2,27,1,verbal,0.5963628,0.7742953,0.63808453,0.57648885,0.57986724,0.9934728,0.5023344,0.67301667,0.34389642,0.9884111,0.9919412,0.5601491,0.788379,0.7806286,0.70590365,0.6837933,0.76925206,0.37743908,0.39280754,0.3623354,0.6646198,0.07798068,0.99156314,0.54178345,0.7396076,0.54375124,0.77214265,0.46740896
2,27,2,verbal,0.5963628,0.7742953,0.63808453,0.57648885,0.57986724,0.9934728,0.5023344,0.67301667,0.34389642,0.9884111,0.9919412,0.5601491,0.788379,0.7806286,0.70590365,0.6837933,0.76925206,0.37743908,0.39280754,0.3623354,0.6646198,0.07798068,0.99156314,0.54178345,0.7396076,0.54375124,0.77214265,0.46740896
2,27,3,verbal,0.5963628,0.7742953,0.63808453,0.57648885,0.57986724,0.9934728,0.5023344,0.67301667,0.34389642,0.9884111,0.9919412,0.5601491,0.788379,0.7806286,0.70590365,0.6837933,0.76925206,0.37743908,0.39280754,0.3623354,0.6646198,0.07798068,0.99156314,0.54178345,0.7396076,0.54375124,0.77214265,0.46740896
2,27,4,verbal,0.5963628,0.7742953,0.63808453,0.57648885,0.57986724,0.9934728,0.5023344,0.67301667,0.34389642,0.9884111,0.9919412,0.5601491,0.788379,0.7806286,0.70590365,0.6837933,0.76925206,0.37743908,0.39280754,0.3623354,0.6646198,0.07798068,0.99156314,0.54178345,0.7396076,0.54375124,0.77214265,0.46740896
2,27,5,verbal,0.5963628,0.7742953,0.63808453,0.57648885,0.57986724,0.9934728,0.5023344,0.67301667,0.34389642,0.9884111,0.9919412,0.5601491,0.788379,0.7806286,0.70590365,0.6837933,0.76925206,0.37743908,0.39280754,0.3623354,0.6646198,0.07798068,0.99156314,0.54178345,0.7396076,0.54375124,0.77214265,0.46740896
2,27,6,verbal,0.5963628,0.7742953,0.63808453,0.57648885,0.57986724,0.9934728,0.5023344,0.67301667,0.34389642,0.9884111,0.9919412,0.5601491,0.788379,0.7806286,0.70590365,0.6837933,0.76925206,0.37743908,0.39280754,0.3623354,0.6646198,0.07798068,0.99156314,0.54178345,0.7396076,0.54375124,0.77214265,0.46740896
2,27,7,verbal,0.5963628,0.7742953,0.63808453,0.57648885,0.57986724,0.9934728,0.5023344,0.67301667,0.34389642,0.9884111,0.9919412,0.5601491,0.788379,0.7806286,0.70590365,0.6837933,0.76925206,0.37743908,0.39280754,0.3623354,0.6646198,0.07798068,0.99156314,0.54178345,0.7396076,0.54375124,0.77214265,0.46740896
2,27,8,verbal,0.5963628,0.7742953,0.63808453,0.57648885,0.57986724,0.9934728,0.5023344,0.67301667,0.34389642,0.9884111,0.9919412,0.5601491,0.788379,0.7806286,0.70590365,0.6837933,0.76925206,0.37743908,0.39280754,0.3623354,0.6646198,0.07798068,0.99156314,0.54178345,0.7396076,0.54375124,0.77214265,0.46740896
2,27,9,verbal,0.5963628,0.7742953,0.63808453,0.57648885,0.57986724,0.9934728,0.5023344,0.67301667,0.34389642,0.9884111,0.9919412,0.5601491,0.788379,0.7806286,0.70590365,0.6837933,0.76925206,0.37743908,0.39280754,0.3623354,0.6646198,0.07798068,0.99156314,0.54178345,0.7396076,0.54375124,0.77214265,0.46740896
2,27,10,verbal,0.5963628,0.7742953,0.63808453,0.57648885,0.57986724,0.9934728,0.5023344,0.67301667,0.34389642,0.9884111,0.9919412,0.5601491,0.788379,0.7806286,0.70590365,0.6837933,0.76925206,0.37743908,0.39280754,0.3623354,0.6646198,0.07798068,0.99156314,0.54178345,0.7396076,0.54375124,0.77214265,0.46740896
2,27,11,verbal,0.5963628,0.7742953,0.63808453,0.57648885,0.57986724,0.9934728,0.5023344,0.67301667,0.34389642,0.9884111,0.9919412,0.5601491,0.788379,0.7806286,0.70590365,0.6837933,0.76925206,0.37743908,0.39280754,0.3623354,0.6646198,0.07798068,0.99156314,0.54178345,0.7396076,0.54375124,0.77214265,0.46740896
2,27,12,verbal,0.5963628,0.7742953,0.63808453,0.57648885,0.57986724,0.9934728,0.5023344,0.67301667,0.34389642,0.9884111,0.9919412,0.5601491,0.788379,0.7806286,0.70590365,0.6837933,0.76925206,0.37743908,0.39280754,0.3623354,0.6646198,0.07798068,0.99156314,0.54178345,0.7396076,0.54375124,0.77214265,0.46740896
2,27,13,verbal,0.5963628,0.7742953,0.63808453,0.57648885,0.57986724,0.9934728,0.5023344,0.67301667,0.34389642,0.9884111,0.9919412,0.5601491,0.788379,0.7806286,0.70590365,0.6837933,0.76925206,0.37743908,0.39280754,0.3623354,0.6646198,0.07798068,0.99156314,0.54178345,0.7396076,0.54375124,0.77214265,0.46740896
2,27,14,verbal,0.5963628,0.7742953,0.63808453,0.57648885,0.57986724,0.9934728,0.5023344,0.67301667,0.34389642,0.9884111,0.9919412,0.5601491,0.788379,0.7806286,0.70590365,0.6837933,0.76925206,0.37743908,0.39280754,0.3623354,0.6646198,0.07798068,0.99156314,0.54178345,0.7396076,0.54375124,0.77214265,0.46740896
2,27,15,verbal,0.5963628,0.7742953,0.63808453,0.57648885,0.57986724,0.9934728,0.5023344,0.67301667,0.34389642,0.9884111,0.9919412,0.5601491,0.788379,0.7806286,0.70590365,0.6837933,0.76925206,0.37743908,0.39280754,0.3623354,0.6646198,0.07798068,0.99156314,0.54178345,0.7396076,0.54375124,0.77214265,0.46740896
2,28,1,verbal,0.5963628,0.7742953,0.63808453,0.57648885,0.57986724,0.9934728,0.5023344,0.67301667,0.34389642,0.9884111,0.9919412,0.5601491,0.788379,0.7806286,0.70590365,0.6837933,0.76925206,0.37743908,0.39280754,0.3623354,0.6646198,0.07798068,0.99156314,0.54178345,0.7396076,0.54375124,0.77214265,0.46740896
2,28,2,verbal,0.5963628,0.7742953,0.63808453,0.57648885,0.57986724,0.9934728,0.5023344,0.67301667,0.34389642,0.9884111,0.9919412,0.5601491,0.788379,0.7806286,0.70590365,0.6837933,0.76925206,0.37743908,0.39280754,0.3623354,0.6646198,0.07798068,0.99156314,0.54178345,0.7396076,0.54375124,0.77214265,0.46740896
2,28,3,verbal,0.5963628,0.7742953,0.63808453,0.57648885,0.57986724,0.9934728,0.5023344,0.67301667,0.34389642,0.9884111,0.9919412,0.5601491,0.788379,0.7806286,0.70590365,0.6837933,0.76925206,0.37743908,0.39280754,0.3623354,0.6646198,0.07798068,0.99156314,0.54178345,0.7396076,0.54375124,0.77214265,0.46740896
2,28,4,verbal,0.5963628,0.7742953,0.63808453,0.57648885,0.57986724,0.9934728,0.5023344,0.67301667,0.34389642,0.9884111,0.9919412,0.5601491,0.788379,0.7806286,0.70590365,0.6837933,0.76925206,0.37743908,0.39280754,0.3623354,0.6646198,0.07798068,0.99156314,0.54178345,0.7396076,0.54375124,0.77214265,0.46740896
2,28,5,verbal,0.5963628,0.7742953,0.63808453,0.57648885,0.57986724,0.9934728,0.5023344,0.67301667,0.34389642,0.9884111,0.9919412,0.5601491,0.788379,0.7806286,0.70590365,0.6837933,0.76925206,0.37743908,0.39280754,0.3623354,0.6646198,0.07798068,0.99156314,0.54178345,0.7396076,0.54375124,0.77214265,0.46740896
2,28,6,verbal,0.5963628,0.7742953,0.63808453,0.57648885,0.57986724,0.9934728,0.5023344,0.67301667,0.34389642,0.9884111,0.9919412,0.5601491,0.788379,0.7806286,0.70590365,0.6837933,0.76925206,0.37743908,0.39280754,0.3623354,0.6646198,0.07798068,0.99156314,0.54178345,0.7396076,0.54375124,0.77214265,0.46740896
2,28,7,verbal,0.5963628,0.7742953,0.63808453,0.57648885,0.57986724,0.9934728,0.5023344,0.67301667,0.34389642,0.9884111,0.9919412,0.5601491,0.788379,0.7806286,0.70590365,0.6837933,0.76925206,0.37743908,0.39280754,0.3623354,0.6646198,0.07798068,0.99156314,0.54178345,0.7396076,0.54375124,0.77214265,0.46740896
2,28,8,verbal,0.5963628,0.7742953,0.63808453,0.57648885,0.57986724,0.9934728,0.5023344,0.67301667,0.34389642,0.9884111,0.9919412,0.5601491,0.788379,0.7806286,0.70590365,0.6837933,0.76925206,0.37743908,0.39280754,0.3623354,0.6646198,0.07798068,0.99156314,0.54178345,0.7396076,0.54375124,0.77214265,0.46740896
2,28,9,verbal,0.5963628,0.7742953,0.63808453,0.57648885,0.57986724,0.9934728,0.5023344,0.67301667,0.34389642,0.9884111,0.9919412,0.5601491,0.788379,0.7806286,0.70590365,0.6837933,0.76925206,0.37743908,0.39280754,0.3623354,0.6646198,0.07798068,0.99156314,0.54178345,0.7396076,0.54375124,0.77214265,0.46740896
2,28,10,verbal,0.5963628,0.7742953,0.63808453,0.57648885,0.57986724,0.9934728,0.5023344,0.67301667,0.34389642,0.9884111,0.9919412,0.5601491,0.788379,0.7806286,0.70590365,0.6837933,0.76925206,0.37743908,0.39280754,0.3623354,0.6646198,0.07798068,0.99156314,0.54178345,0.7396076,0.54375124,0.77214265,0.46740896
2,28,11,verbal,0.5963628,0.7742953,0.63808453,0.57648885,0.57986724,0.9934728,0.5023344,0.67301667,0.34389642,0.9884111,0.9919412,0.5601491,0.788379,0.7806286,0.70590365,0.6837933,0.76925206,0.37743908,0.39280754,0.3623354,0.6646198,0.07798068,0.99156314,0.54178345,0.7396076,0.54375124,0.77214265,0.46740896
2,28,12,verbal,0.5963628,0.7742953,0.63808453,0.57648885,0.57986724,0.9934728,0.5023344,0.67301667,0.34389642,0.9884111,0.9919412,0.5601491,0.788379,0.7806286,0.70590365,0.6837933,0.76925206,0.37743908,0.39280754,0.3623354,0.6646198,0.07798068,0.99156314,0.54178345,0.7396076,0.54375124,0.77214265,0.46740896
2,28,13,verbal,0.5963628,0.7742953,0.63808453,0.57648885,0.57986724,0.9934728,0.5023344,0.67301667,0.34389642,0.9884111,0.9919412,0.5601491,0.788379,0.7806286,0.70590365,0.6837933,0.76925206,0.37743908,0.39280754,0.3623354,0.6646198,0.07798068,0.99156314,0.54178345,0.7396076,0.54375124,0.77214265,0.46740896
2,28,14,verbal,0.5963628,0.7742953,0.63808453,0.57648885,0.57986724,0.9934728,0.5023344,0.67301667,0.34389642,0.9884111,0.9919412,0.5601491,0.788379,0.7806286,0.70590365,0.6837933,0.76925206,0.37743908,0.39280754,0.3623354,0.6646198,0.07798068,0.99156314,0.54178345,0.7396076,0.54375124,0.77214265,0.46740896
2,28,15,verbal,0.5963628,0.7742953,0.63808453,0.57648885,0.57986724,0.9934728,0.5023344,0.67301667,0.34389642,0.9884111,0.9919412,0.5601491,0.788379,0.7806286,0.70590365,0.6837933,0.76925206,0.37743908,0.39280754,0.3623354,0.6646198,0.07798068,0.99156314,0.54178345,0.7396076,0.54375124,0.77214265,0.46740896
2,29,1,verbal,0.5963628,0.7742953,0.63808453,0.57648885,0.57986724,0.9934728,0.5023344,0.67301667,0.34389642,0.9884111,0.9919412,0.5601491,0.788379,0.7806286,0.70590365,0.6837933,0.76925206,0.37743908,0.39280754,0.3623354,0.6646198,0.07798068,0.99156314,0.54178345,0.7396076,0.54375124,0.77214265,0.46740896
2,29,2,verbal,0.5963628,0.7742953,0.63808453,0.57648885,0.57986724,0.9934728,0.5023344,0.67301667,0.34389642,0.9884111,0.9919412,0.5601491,0.788379,0.7806286,0.70590365,0.6837933,0.76925206,0.37743908,0.39280754,0.3623354,0.6646198,0.07798068,0.99156314,0.54178345,0.7396076,0.54375124,0.77214265,0.46740896
2,29,3,verbal,0.5963628,0.7742953,0.63808453,0.57648885,0.57986724,0.9934728,0.5023344,0.67301667,0.34389642,0.9884111,0.9919412,0.5601491,0.788379,0.7806286,0.70590365,0.6837933,0.76925206,0.37743908,0.39280754,0.3623354,0.6646198,0.07798068,0.99156314,0.54178345,0.7396076,0.54375124,0.77214265,0.46740896
2,29,4,verbal,0.5963628,0.7742953,0.63808453,0.57648885,0.57986724,0.9934728,0.5023344,0.67301667,0.34389642,0.9884111,0.9919412,0.5601491,0.788379,0.7806286,0.70590365,0.6837933,0.76925206,0.37743908,0.39280754,0.3623354,0.6646198,0.07798068,0.99156314,0.54178345,0.7396076,0.54375124,0.77214265,0.46740896
2,29,5,verbal,0.5963628,0.7742953,0.63808453,0.57648885,0.57986724,0.9934728,0.5023344,0.67301667,0.34389642,0.9884111,0.9919412,0.5601491,0.788379,0.7806286,0.70590365,0.6837933,0.76925206,0.37743908,0.39280754,0.3623354,0.6646198,0.07798068,0.99156314,0.54178345,0.7396076,0.54375124,0.77214265,0.46740896
2,29,6,verbal,0.5963628,0.7742953,0.63808453,0.57648885,0.57986724,0.9934728,0.5023344,0.67301667,0.34389642,0.9884111,0.9919412,0.5601491,0.788379,0.7806286,0.70590365,0.6837933,0.76925206,0.37743908,0.39280754,0.3623354,0.6646198,0.07798068,0.99156314,0.54178345,0.7396076,0.54375124,0.77214265,0.46740896
2,29,7,verbal,0.5963628,0.7742953,0.63808453,0.57648885,0.57986724,0.9934728,0.5023344,0.67301667,0.34389642,0.9884111,0.9919412,0.5601491,0.788379,0.7806286,0.70590365,0.6837933,0.76925206,0.37743908,0.39280754,0.3623354,0.6646198,0.07798068,0.99156314,0.54178345,0.7396076,0.54375124,0.77214265,0.46740896
2,29,8,verbal,0.5963628,0.7742953,0.63808453,0.57648885,0.57986724,0.9934728,0.5023344,0.67301667,0.34389642,0.9884111,0.9919412,0.5601491,0.788379,0.7806286,0.70590365,0.6837933,0.76925206,0.37743908,0.39280754,0.3623354,0.6646198,0.07798068,0.99156314,0.54178345,0.7396076,0.54375124,0.77214265,0.46740896
2,29,9,verbal,0.5963628,0.7742953,0.63808453,0.57648885,0.57986724,0.9934728,0.5023344,0.67301667,0.34389642,0.9884111,0.9919412,0.5601491,0.788379,0.7806286,0.70590365,0.6837933,0.76925206,0.37743908,0.39280754,0.3623354,0.6646198,0.07798068,0.99156314,0.54178345,0.7396076,0.54375124,0.77214265,0.46740896
2,29,10,verbal,0.5963628,0.7742953,0.63808453,0.57648885,0.57986724,0.9934728,0.5023344,0.67301667,0.34389642,0.9884111,0.9919412,0.5601491,0.788379,0.7806286,0.70590365,0.6837933,0.76925206,0.37743908,0.39280754,0.3623354,0.6646198,0.07798068,0.99156314,0.54178345,0.7396076,0.54375124,0.77214265,0.46740896
2,29,11,verbal,0.5963628,0.7742953,0.63808453,0.57648885,0.57986724,0.9934728,0.5023344,0.67301667,0.34389642,0.9884111,0.9919412,0.5601491,0.788379,0.7806286,0.70590365,0.6837933,0.76925206,0.37743908,0.39280754,0.3623354,0.6646198,0.07798068,0.99156314,0.54178345,0.7396076,0.54375124,0.77214265,0.46740896
2,29,12,verbal,0.5963628,0.7742953,0.63808453,0.57648885,0.57986724,0.9934728,0.5023344,0.67301667,0.34389642,0.9884111,0.9919412,0.5601491,0.788379,0.7806286,0.70590365,0.6837933,0.76925206,0.37743908,0.39280754,0.3623354,0.6646198,0.07798068,0.99156314,0.54178345,0.7396076,0.54375124,0.77214265,0.46740896
2,29,13,verbal,0.5963628,0.7742953,0.63808453,0.57648885,0.57986724,0.9934728,0.5023344,0.67301667,0.34389642,0.9884111,0.9919412,0.5601491,0.788379,0.7806286,0.70590365,0.6837933,0.76925206,0.37743908,0.39280754,0.3623354,0.6646198,0.07798068,0.99156314,0.54178345,0.7396076,0.54375124,0.77214265,0.46740896
2,29,14,verbal,0.5963628,0.7742953,0.63808453,0.57648885,0.57986724,0.9934728,0.5023344,0.67301667,0.34389642,0.9884111,0.9919412,0.5601491,0.788379,0.7806286,0.70590365,0.6837933,0.76925206,0.37743908,0.39280754,0.3623354,0.6646198,0.07798068,0.99156314,0.54178345,0.7396076,0.54375124,0.77214265,0.46740896
2,29,15,verbal,0.5963628,0.7742953,0.63808453,0.57648885,0.57986724,0.9934728,0.5023344,0.67301667,0.34389642,0.9884111,0.9919412,0.5601491,0.788379,0.7806286,0.70590365,0.6837933,0.76925206,0.37743908,0.39280754,0.3623354,0.6646198,0.07798068,0.99156314,0.54178345,0.7396076,0.54375124,0.77214265,0.46740896
2,30,1,verbal,0.5963628,0.7742953,0.63808453,0.57648885,0.57986724,0.9934728,0.5023344,0.67301667,0.34389642,0.9884111,0.9919412,0.5601491,0.788379,0.7806286,0.70590365,0.6837933,0.76925206,0.37743908,0.39280754,0.3623354,0.6646198,0.07798068,0.99156314,0.54178345,0.7396076,0.54375124,0.77214265,0.46740896
2,30,2,verbal,0.5963628,0.7742953,0.63808453,0.57648885,0.57986724,0.9934728,0.5023344,0.67301667,0.34389642,0.9884111,0.9919412,0.5601491,0.788379,0.7806286,0.70590365,0.6837933,0.76925206,0.37743908,0.39280754,0.3623354,0.6646198,0.07798068,0.99156314,0.54178345,0.7396076,0.54375124,0.77214265,0.46740896
2,30,3,verbal,0.5963628,0.7742953,0.63808453,0.57648885,0.57986724,0.9934728,0.5023344,0.67301667,0.34389642,0.9884111,0.9919412,0.5601491,0.788379,0.7806286,0.70590365,0.6837933,0.76925206,0.37743908,0.39280754,0.3623354,0.6646198,0.07798068,0.99156314,0.54178345,0.7396076,0.54375124,0.77214265,0.46740896
2,30,4,verbal,0.5963628,0.7742953,0.63808453,0.57648885,0.57986724,0.9934728,0.5023344,0.67301667,0.34389642,0.9884111,0.9919412,0.5601491,0.788379,0.7806286,0.70590365,0.6837933,0.76925206,0.37743908,0.39280754,0.3623354,0.6646198,0.07798068,0.99156314,0.54178345,0.7396076,0.54375124,0.77214265,0.46740896
2,30,5,verbal,0.5963628,0.7742953,0.63808453,0.57648885,0.57986724,0.9934728,0.5023344,0.67301667,0.34389642,0.9884111,0.9919412,0.5601491,0.788379,0.7806286,0.70590365,0.6837933,0.76925206,0.37743908,0.39280754,0.3623354,0.6646198,0.07798068,0.99156314,0.54178345,0.7396076,0.54375124,0.77214265,0.46740896
2,30,6,verbal,0.5963628,0.7742953,0.63808453,0.57648885,0.57986724,0.9934728,0.5023344,0.67301667,0.34389642,0.9884111,0.9919412,0.5601491,0.788379,0.7806286,0.70590365,0.6837933,0.76925206,0.37743908,0.39280754,0.3623354,0.6646198,0.07798068,0.99156314,0.54178345,0.7396076,0.54375124,0.77214265,0.46740896
2,30,7,verbal,0.5963628,0.7742953,0.63808453,0.57648885,0.57986724,0.9934728,0.5023344,0.67301667,0.34389642,0.9884111,0.9919412,0.5601491,0.788379,0.7806286,0.70590365,0.6837933,0.76925206,0.37743908,0.39280754,0.3623354,0.6646198,0.07798068,0.99156314,0.54178345,0.7396076,0.54375124,0.77214265,0.46740896
2,30,8,verbal,0.5963628,0.7742953,0.63808453,0.57648885,0.57986724,0.9934728,0.5023344,0.67301667,0.34389642,0.9884111,0.9919412,0.5601491,0.788379,0.7806286,0.70590365,0.6837933,0.76925206,0.37743908,0.39280754,0.3623354,0.6646198,0.07798068,0.99156314,0.54178345,0.7396076,0.54375124,0.77214265,0.46740896
2,30,9,verbal,0.5963628,0.7742953,0.63808453,0.57648885,0.57986724,0.9934728,0.5023344,0.67301667,0.34389642,0.9884111,0.9919412,0.5601491,0.788379,0.7806286,0.70590365,0.6837933,0.76925206,0.37743908,0.39280754,0.3623354,0.6646198,0.07798068,0.99156314,0.54178345,0.7396076,0.54375124,0.77214265,0.46740896
2,30,10,verbal,0.5963628,0.7742953,0.63808453,0.57648885,0.57986724,0.9934728,0.5023344,0.67301667,0.34389642,0.9884111,0.9919412,0.5601491,0.788379,0.7806286,0.70590365,0.6837933,0.76925206,0.37743908,0.39280754,0.3623354,0.6646198,0.07798068,0.99156314,0.54178345,0.7396076,0.54375124,0.77214265,0.46740896
2,30,11,verbal,0.5963628,0.7742953,0.63808453,0.57648885,0.57986724,0.9934728,0.5023344,0.67301667,0.34389642,0.9884111,0.9919412,0.5601491,0.788379,0.7806286,0.70590365,0.6837933,0.76925206,0.37743908,0.39280754,0.3623354,0.6646198,0.07798068,0.99156314,0.54178345,0.7396076,0.54375124,0.77214265,0.46740896
2,30,12,verbal,0.5963628,0.7742953,0.63808453,0.57648885,0.57986724,0.9934728,0.5023344,0.67301667,0.34389642,0.9884111,0.9919412,0.5601491,0.788379,0.7806286,0.70590365,0.6837933,0.76925206,0.37743908,0.39280754,0.3623354,0.6646198,0.07798068,0.99156314,0.54178345,0.7396076,0.54375124,0.77214265,0.46740896
2,30,13,verbal,0.5963628,0.7742953,0.63808453,0.57648885,0.57986724,0.9934728,0.5023344,0.67301667,0.34389642,0.9884111,0.9919412,0.5601491,0.788379,0.7806286,0.70590365,0.6837933,0.76925206,0.37743908,0.39280754,0.3623354,0.6646198,0.07798068,0.99156314,0.54178345,0.7396076,0.54375124,0.77214265,0.46740896
2,30,14,verbal,0.5963628,0.7742953,0.63808453,0.57648885,0.57986724,0.9934728,0.5023344,0.67301667,0.34389642,0.9884111,0.9919412,0.5601491,0.788379,0.7806286,0.70590365,0.6837933,0.76925206,0.37743908,0.39280754,0.3623354,0.6646198,0.07798068,0.99156314,0.54178345,0.7396076,0.54375124,0.77214265,0.46740896
2,30,15,verbal,0.5963628,0.7742953,0.63808453,0.57648885,0.57986724,0.9934728,0.5023344,0.67301667,0.34389642,0.9884111,0.9919412,0.5601491,0.788379,0.7806286,0.70590365,0.6837933,0.76925206,0.37743908,0.39280754,0.3623354,0.6646198,0.07798068,0.99156314,0.54178345,0.7396076,0.54375124,0.77214265,0.46740896
2,31,1,verbal,0.5963628,0.7742953,0.63808453,0.57648885,0.57986724,0.9934728,0.5023344,0.67301667,0.34389642,0.9884111,0.9919412,0.5601491,0.788379,0.7806286,0.70590365,0.6837933,0.76925206,0.37743908,0.39280754,0.3623354,0.6646198,0.07798068,0.99156314,0.54178345,0.7396076,0.54375124,0.77214265,0.46740896
2,31,2,verbal,0.5963628,0.7742953,0.63808453,0.57648885,0.57986724,0.9934728,0.5023344,0.67301667,0.34389642,0.9884111,0.9919412,0.5601491,0.788379,0.7806286,0.70590365,0.6837933,0.76925206,0.37743908,0.39280754,0.3623354,0.6646198,0.07798068,0.99156314,0.54178345,0.7396076,0.54375124,0.77214265,0.46740896
2,31,3,verbal,0.5963628,0.7742953,0.63808453,0.57648885,0.57986724,0.9934728,0.5023344,0.67301667,0.34389642,0.9884111,0.9919412,0.5601491,0.788379,0.7806286,0.70590365,0.6837933,0.76925206,0.37743908,0.39280754,0.3623354,0.6646198,0.07798068,0.99156314,0.54178345,0.7396076,0.54375124,0.77214265,0.46740896
2,31,4,verbal,0.5963628,0.7742953,0.63808453,0.57648885,0.57986724,0.9934728,0.5023344,0.67301667,0.34389642,0.9884111,0.9919412,0.5601491,0.788379,0.7806286,0.70590365,0.6837933,0.76925206,0.37743908,0.39280754,0.3623354,0.6646198,0.07798068,0.99156314,0.54178345,0.7396076,0.54375124,0.77214265,0.46740896
2,31,5,verbal,0.5963628,0.7742953,0.63808453,0.57648885,0.57986724,0.9934728,0.5023344,0.67301667,0.34389642,0.9884111,0.9919412,0.5601491,0.788379,0.7806286,0.70590365,0.6837933,0.76925206,0.37743908,0.39280754,0.3623354,0.6646198,0.07798068,0.99156314,0.54178345,0.7396076,0.54375124,0.77214265,0.46740896
2,31,6,verbal,0.5963628,0.7742953,0.63808453,0.57648885,0.57986724,0.9934728,0.5023344,0.67301667,0.34389642,0.9884111,0.9919412,0.5601491,0.788379,0.7806286,0.70590365,0.6837933,0.76925206,0.37743908,0.39280754,0.3623354,0.6646198,0.07798068,0.99156314,0.54178345,0.7396076,0.54375124,0.77214265,0.46740896
2,31,7,verbal,0.5963628,0.7742953,0.63808453,0.57648885,0.57986724,0.9934728,0.5023344,0.67301667,0.34389642,0.9884111,0.9919412,0.5601491,0.788379,0.7806286,0.70590365,0.6837933,0.76925206,0.37743908,0.39280754,0.3623354,0.6646198,0.07798068,0.99156314,0.54178345,0.7396076,0.54375124,0.77214265,0.46740896
2,31,8,verbal,0.5963628,0.7742953,0.63808453,0.57648885,0.57986724,0.9934728,0.5023344,0.67301667,0.34389642,0.9884111,0.9919412,0.5601491,0.788379,0.7806286,0.70590365,0.6837933,0.76925206,0.37743908,0.39280754,0.3623354,0.6646198,0.07798068,0.99156314,0.54178345,0.7396076,0.54375124,0.77214265,0.46740896
2,31,9,verbal,0.5963628,0.7742953,0.63808453,0.57648885,0.57986724,0.9934728,0.5023344,0.67301667,0.34389642,0.9884111,0.9919412,0.5601491,0.788379,0.7806286,0.70590365,0.6837933,0.76925206,0.37743908,0.39280754,0.3623354,0.6646198,0.07798068,0.99156314,0.54178345,0.7396076,0.54375124,0.77214265,0.46740896
2,31,10,verbal,0.5963628,0.7742953,0.63808453,0.57648885,0.57986724,0.9934728,0.5023344,0.67301667,0.34389642,0.9884111,0.9919412,0.5601491,0.788379,0.7806286,0.70590365,0.6837933,0.76925206,0.37743908,0.39280754,0.3623354,0.6646198,0.07798068,0.99156314,0.54178345,0.7396076,0.54375124,0.77214265,0.46740896
2,31,11,verbal,0.5963628,0.7742953,0.63808453,0.57648885,0.57986724,0.9934728,0.5023344,0.67301667,0.34389642,0.9884111,0.9919412,0.5601491,0.788379,0.7806286,0.70590365,0.6837933,0.76925206,0.37743908,0.39280754,0.3623354,0.6646198,0.07798068,0.99156314,0.54178345,0.7396076,0.54375124,0.77214265,0.46740896
2,31,12,verbal,0.5963628,0.7742953,0.63808453,0.57648885,0.57986724,0.9934728,0.5023344,0.67301667,0.34389642,0.9884111,0.9919412,0.5601491,0.788379,0.7806286,0.70590365,0.6837933,0.76925206,0.37743908,0.39280754,0.3623354,0.6646198,0.07798068,0.99156314,0.54178345,0.7396076,0.54375124,0.77214265,0.46740896
2,31,13,verbal,0.5963628,0.7742953,0.63808453,0.57648885,0.57986724,0.9934728,0.5023344,0.67301667,0.34389642,0.9884111,0.9919412,0.5601491,0.788379,0.7806286,0.70590365,0.6837933,0.76925206,0.37743908,0.39280754,0.3623354,0.6646198,0.07798068,0.99156314,0.54178345,0.7396076,0.54375124,0.77214265,0.46740896
2,31,14,verbal,0.5963628,0.7742953,0.63808453,0.57648885,0.57986724,0.9934728,0.5023344,0.67301667,0.34389642,0.9884111,0.9919412,0.5601491,0.788379,0.7806286,0.70590365,0.6837933,0.76925206,0.37743908,0.39280754,0.3623354,0.6646198,0.07798068,0.99156314,0.54178345,0.7396076,0.54375124,0.77214265,0.46740896
2,31,15,verbal,0.5963628,0.7742953,0.63808453,0.57648885,0.57986724,0.9934728,0.5023344,0.67301667,0.34389642,0.9884111,0.9919412,0.5601491,0.788379,0.7806286,0.70590365,0.6837933,0.76925206,0.37743908,0.39280754,0.3623354,0.6646198,0.07798068,0.99156314,0.54178345,0.7396076,0.54375124,0.77214265,0.46740896
2,32,1,verbal,0.5963628,0.7742953,0.63808453,0.57648885,0.57986724,0.9934728,0.5023344,0.67301667,0.34389642,0.9884111,0.9919412,0.5601491,0.788379,0.7806286,0.70590365,0.6837933,0.76925206,0.37743908,0.39280754,0.3623354,0.6646198,0.07798068,0.99156314,0.54178345,0.7396076,0.54375124,0.77214265,0.46740896
2,32,2,verbal,0.5963628,0.7742953,0.63808453,0.57648885,0.57986724,0.9934728,0.5023344,0.67301667,0.34389642,0.9884111,0.9919412,0.5601491,0.788379,0.7806286,0.70590365,0.6837933,0.76925206,0.37743908,0.39280754,0.3623354,0.6646198,0.07798068,0.99156314,0.54178345,0.7396076,0.54375124,0.77214265,0.46740896
2,32,3,verbal,0.5963628,0.7742953,0.63808453,0.57648885,0.57986724,0.9934728,0.5023344,0.67301667,0.34389642,0.9884111,0.9919412,0.5601491,0.788379,0.7806286,0.70590365,0.6837933,0.76925206,0.37743908,0.39280754,0.3623354,0.6646198,0.07798068,0.99156314,0.54178345,0.7396076,0.54375124,0.77214265,0.46740896
2,32,4,verbal,0.5963628,0.7742953,0.63808453,0.57648885,0.57986724,0.9934728,0.5023344,0.67301667,0.34389642,0.9884111,0.9919412,0.5601491,0.788379,0.7806286,0.70590365,0.6837933,0.76925206,0.37743908,0.39280754,0.3623354,0.6646198,0.07798068,0.99156314,0.54178345,0.7396076,0.54375124,0.77214265,0.46740896
2,32,5,verbal,0.5963628,0.7742953,0.63808453,0.57648885,0.57986724,0.9934728,0.5023344,0.67301667,0.34389642,0.9884111,0.9919412,0.5601491,0.788379,0.7806286,0.70590365,0.6837933,0.76925206,0.37743908,0.39280754,0.3623354,0.6646198,0.07798068,0.99156314,0.54178345,0.7396076,0.54375124,0.77214265,0.46740896
2,32,6,verbal,0.5963628,0.7742953,0.63808453,0.57648885,0.57986724,0.9934728,0.5023344,0.67301667,0.34389642,0.9884111,0.9919412,0.5601491,0.788379,0.7806286,0.70590365,0.6837933,0.76925206,0.37743908,0.39280754,0.3623354,0.6646198,0.07798068,0.99156314,0.54178345,0.7396076,0.54375124,0.77214265,0.46740896
2,32,7,verbal,0.5963628,0.7742953,0.63808453,0.57648885,0.57986724,0.9934728,0.5023344,0.67301667,0.34389642,0.9884111,0.9919412,0.5601491,0.788379,0.7806286,0.70590365,0.6837933,0.76925206,0.37743908,0.39280754,0.3623354,0.6646198,0.07798068,0.99156314,0.54178345,0.7396076,0.54375124,0.77214265,0.46740896
2,32,8,verbal,0.5963628,0.7742953,0.63808453,0.57648885,0.57986724,0.9934728,0.5023344,0.67301667,0.34389642,0.9884111,0.9919412,0.5601491,0.788379,0.7806286,0.70590365,0.6837933,0.76925206,0.37743908,0.39280754,0.3623354,0.6646198,0.07798068,0.99156314,0.54178345,0.7396076,0.54375124,0.77214265,0.46740896
2,32,9,verbal,0.5963628,0.7742953,0.63808453,0.57648885,0.57986724,0.9934728,0.5023344,0.67301667,0.34389642,0.9884111,0.9919412,0.5601491,0.788379,0.7806286,0.70590365,0.6837933,0.76925206,0.37743908,0.39280754,0.3623354,0.6646198,0.07798068,0.99156314,0.54178345,0.7396076,0.54375124,0.77214265,0.46740896
2,32,10,verbal,0.5963628,0.7742953,0.63808453,0.57648885,0.57986724,0.9934728,0.5023344,0.67301667,0.34389642,0.9884111,0.9919412,0.5601491,0.788379,0.7806286,0.70590365,0.6837933,0.76925206,0.37743908,0.39280754,0.3623354,0.6646198,0.07798068,0.99156314,0.54178345,0.7396076,0.54375124,0.77214265,0.46740896
2,32,11,verbal,0.5963628,0.7742953,0.63808453,0.57648885,0.57986724,0.9934728,0.5023344,0.67301667,0.34389642,0.9884111,0.9919412,0.5601491,0.788379,0.7806286,0.70590365,0.6837933,0.76925206,0.37743908,0.39280754,0.3623354,0.6646198,0.07798068,0.99156314,0.54178345,0.7396076,0.54375124,0.77214265,0.46740896
2,32,12,verbal,0.5963628,0.7742953,0.63808453,0.57648885,0.57986724,0.9934728,0.5023344,0.67301667,0.34389642,0.9884111,0.9919412,0.5601491,0.788379,0.7806286,0.70590365,0.6837933,0.76925206,0.37743908,0.39280754,0.3623354,0.6646198,0.07798068,0.99156314,0.54178345,0.7396076,0.54375124,0.77214265,0.46740896
2,32,13,verbal,0.5963628,0.7742953,0.63808453,0.57648885,0.57986724,0.9934728,0.5023344,0.67301667,0.34389642,0.9884111,0.9919412,0.5601491,0.788379,0.7806286,0.70590365,0.6837933,0.76925206,0.37743908,0.39280754,0.3623354,0.6646198,0.07798068,0.99156314,0.54178345,0.7396076,0.54375124,0.77214265,0.46740896
2,32,14,verbal,0.5963628,0.7742953,0.63808453,0.57648885,0.57986724,0.9934728,0.5023344,0.67301667,0.34389642,0.9884111,0.9919412,0.5601491,0.788379,0.7806286,0.70590365,0.6837933,0.76925206,0.37743908,0.39280754,0.3623354,0.6646198,0.07798068,0.99156314,0.54178345,0.7396076,0.54375124,0.77214265,0.46740896
2,32,15,verbal,0.5963628,0.7742953,0.63808453,0.57648885,0.57986724,0.9934728,0.5023344,0.67301667,0.34389642,0.9884111,0.9919412,0.5601491,0.788379,0.7806286,0.70590365,0.6837933,0.76925206,0.37743908,0.39280754,0.3623354,0.6646198,0.07798068,0.99156314,0.54178345,0.7396076,0.54375124,0.77214265,0.46740896
2,33,1,verbal,0.5963628,0.7742953,0.63808453,0.57648885,0.57986724,0.9934728,0.5023344,0.67301667,0.34389642,0.9884111,0.9919412,0.5601491,0.788379,0.7806286,0.70590365,0.6837933,0.76925206,0.37743908,0.39280754,0.3623354,0.6646198,0.07798068,0.99156314,0.54178345,0.7396076,0.54375124,0.77214265,0.46740896
2,33,2,verbal,0.5963628,0.7742953,0.63808453,0.57648885,0.57986724,0.9934728,0.5023344,0.67301667,0.34389642,0.9884111,0.9919412,0.5601491,0.788379,0.7806286,0.70590365,0.6837933,0.76925206,0.37743908,0.39280754,0.3623354,0.6646198,0.07798068,0.99156314,0.54178345,0.7396076,0.54375124,0.77214265,0.46740896
2,33,3,verbal,0.5963628,0.7742953,0.63808453,0.57648885,0.57986724,0.9934728,0.5023344,0.67301667,0.34389642,0.9884111,0.9919412,0.5601491,0.788379,0.7806286,0.70590365,0.6837933,0.76925206,0.37743908,0.39280754,0.3623354,0.6646198,0.07798068,0.99156314,0.54178345,0.7396076,0.54375124,0.77214265,0.46740896
2,33,4,verbal,0.5963628,0.7742953,0.63808453,0.57648885,0.57986724,0.9934728,0.5023344,0.67301667,0.34389642,0.9884111,0.9919412,0.5601491,0.788379,0.7806286,0.70590365,0.6837933,0.76925206,0.37743908,0.39280754,0.3623354,0.6646198,0.07798068,0.99156314,0.54178345,0.7396076,0.54375124,0.77214265,0.46740896
2,33,5,verbal,0.5963628,0.7742953,0.63808453,0.57648885,0.57986724,0.9934728,0.5023344,0.67301667,0.34389642,0.9884111,0.9919412,0.5601491,0.788379,0.7806286,0.70590365,0.6837933,0.76925206,0.37743908,0.39280754,0.3623354,0.6646198,0.07798068,0.99156314,0.54178345,0.7396076,0.54375124,0.77214265,0.46740896
2,33,6,verbal,0.5963628,0.7742953,0.63808453,0.57648885,0.57986724,0.9934728,0.5023344,0.67301667,0.34389642,0.9884111,0.9919412,0.5601491,0.788379,0.7806286,0.70590365,0.6837933,0.76925206,0.37743908,0.39280754,0.3623354,0.6646198,0.07798068,0.99156314,0.54178345,0.7396076,0.54375124,0.77214265,0.46740896
2,33,7,verbal,0.5963628,0.7742953,0.63808453,0.57648885,0.57986724,0.9934728,0.5023344,0.67301667,0.34389642,0.9884111,0.9919412,0.5601491,0.788379,0.7806286,0.70590365,0.6837933,0.76925206,0.37743908,0.39280754,0.3623354,0.6646198,0.07798068,0.99156314,0.54178345,0.7396076,0.54375124,0.77214265,0.46740896
2,33,8,verbal,0.5963628,0.7742953,0.63808453,0.57648885,0.57986724,0.9934728,0.5023344,0.67301667,0.34389642,0.9884111,0.9919412,0.5601491,0.788379,0.7806286,0.70590365,0.6837933,0.76925206,0.37743908,0.39280754,0.3623354,0.6646198,0.07798068,0.99156314,0.54178345,0.7396076,0.54375124,0.77214265,0.46740896
2,33,9,verbal,0.5963628,0.7742953,0.63808453,0.57648885,0.57986724,0.9934728,0.5023344,0.67301667,0.34389642,0.9884111,0.9919412,0.5601491,0.788379,0.7806286,0.70590365,0.6837933,0.76925206,0.37743908,0.39280754,0.3623354,0.6646198,0.07798068,0.99156314,0.54178345,0.7396076,0.54375124,0.77214265,0.46740896
2,33,10,verbal,0.5963628,0.7742953,0.63808453,0.57648885,0.57986724,0.9934728,0.5023344,0.67301667,0.34389642,0.9884111,0.9919412,0.5601491,0.788379,0.7806286,0.70590365,0.6837933,0.76925206,0.37743908,0.39280754,0.3623354,0.6646198,0.07798068,0.99156314,0.54178345,0.7396076,0.54375124,0.77214265,0.46740896
2,33,11,verbal,0.5963628,0.7742953,0.63808453,0.57648885,0.57986724,0.9934728,0.5023344,0.67301667,0.34389642,0.9884111,0.9919412,0.5601491,0.788379,0.7806286,0.70590365,0.6837933,0.76925206,0.37743908,0.39280754,0.3623354,0.6646198,0.07798068,0.99156314,0.54178345,0.7396076,0.54375124,0.77214265,0.46740896
2,33,12,verbal,0.5963628,0.7742953,0.63808453,0.57648885,0.57986724,0.9934728,0.5023344,0.67301667,0.34389642,0.9884111,0.9919412,0.5601491,0.788379,0.7806286,0.70590365,0.6837933,0.76925206,0.37743908,0.39280754,0.3623354,0.6646198,0.07798068,0.99156314,0.54178345,0.7396076,0.54375124,0.77214265,0.46740896
2,33,13,verbal,0.5963628,0.7742953,0.63808453,0.57648885,0.57986724,0.9934728,0.5023344,0.67301667,0.34389642,0.9884111,0.9919412,0.5601491,0.788379,0.7806286,0.70590365,0.6837933,0.76925206,0.37743908,0.39280754,0.3623354,0.6646198,0.07798068,0.99156314,0.54178345,0.7396076,0.54375124,0.77214265,0.46740896
2,33,14,verbal,0.5963628,0.7742953,0.63808453,0.57648885,0.57986724,0.9934728,0.5023344,0.67301667,0.34389642,0.9884111,0.9919412,0.5601491,0.788379,0.7806286,0.70590365,0.6837933,0.76925206,0.37743908,0.39280754,0.3623354,0.6646198,0.07798068,0.99156314,0.54178345,0.7396076,0.54375124,0.77214265,0.46740896
2,33,15,verbal,0.5963628,0.7742953,0.63808453,0.57648885,0.57986724,0.9934728,0.5023344,0.67301667,0.34389642,0.9884111,0.9919412,0.5601491,0.788379,0.7806286,0.70590365,0.6837933,0.76925206,0.37743908,0.39280754,0.3623354,0.6646198,0.07798068,0.99156314,0.54178345,0.7396076,0.54375124,0.77214265,0.46740896
2,34,1,verbal,0.5963628,0.7742953,0.63808453,0.57648885,0.57986724,0.9934728,0.5023344,0.67301667,0.34389642,0.9884111,0.9919412,0.5601491,0.788379,0.7806286,0.70590365,0.6837933,0.76925206,0.37743908,0.39280754,0.3623354,0.6646198,0.07798068,0.99156314,0.54178345,0.7396076,0.54375124,0.77214265,0.46740896
2,34,2,verbal,0.5963628,0.7742953,0.63808453,0.57648885,0.57986724,0.9934728,0.5023344,0.67301667,0.34389642,0.9884111,0.9919412,0.5601491,0.788379,0.7806286,0.70590365,0.6837933,0.76925206,0.37743908,0.39280754,0.3623354,0.6646198,0.07798068,0.99156314,0.54178345,0.7396076,0.54375124,0.77214265,0.46740896
2,34,3,verbal,0.5963628,0.7742953,0.63808453,0.57648885,0.57986724,0.9934728,0.5023344,0.67301667,0.34389642,0.9884111,0.9919412,0.5601491,0.788379,0.7806286,0.70590365,0.6837933,0.76925206,0.37743908,0.39280754,0.3623354,0.6646198,0.07798068,0.99156314,0.54178345,0.7396076,0.54375124,0.77214265,0.46740896
2,34,4,verbal,0.5963628,0.7742953,0.63808453,0.57648885,0.57986724,0.9934728,0.5023344,0.67301667,0.34389642,0.9884111,0.9919412,0.5601491,0.788379,0.7806286,0.70590365,0.6837933,0.76925206,0.37743908,0.39280754,0.3623354,0.6646198,0.07798068,0.99156314,0.54178345,0.7396076,0.54375124,0.77214265,0.46740896
2,34,5,verbal,0.5963628,0.7742953,0.63808453,0.57648885,0.57986724,0.9934728,0.5023344,0.67301667,0.34389642,0.9884111,0.9919412,0.5601491,0.788379,0.7806286,0.70590365,0.6837933,0.76925206,0.37743908,0.39280754,0.3623354,0.6646198,0.07798068,0.99156314,0.54178345,0.7396076,0.54375124,0.77214265,0.46740896
2,34,6,verbal,0.5963628,0.7742953,0.63808453,0.57648885,0.57986724,0.9934728,0.5023344,0.67301667,0.34389642,0.9884111,0.9919412,0.5601491,0.788379,0.7806286,0.70590365,0.6837933,0.76925206,0.37743908,0.39280754,0.3623354,0.6646198,0.07798068,0.99156314,0.54178345,0.7396076,0.54375124,0.77214265,0.46740896
2,34,7,verbal,0.5963628,0.7742953,0.63808453,0.57648885,0.57986724,0.9934728,0.5023344,0.67301667,0.34389642,0.9884111,0.9919412,0.5601491,0.788379,0.7806286,0.70590365,0.6837933,0.76925206,0.37743908,0.39280754,0.3623354,0.6646198,0.07798068,0.99156314,0.54178345,0.7396076,0.54375124,0.77214265,0.46740896
2,34,8,verbal,0.5963628,0.7742953,0.63808453,0.57648885,0.57986724,0.9934728,0.5023344,0.67301667,0.34389642,0.9884111,0.9919412,0.5601491,0.788379,0.7806286,0.70590365,0.6837933,0.76925206,0.37743908,0.39280754,0.3623354,0.6646198,0.07798068,0.99156314,0.54178345,0.7396076,0.54375124,0.77214265,0.46740896
2,34,9,verbal,0.5963628,0.7742953,0.63808453,0.57648885,0.57986724,0.9934728,0.5023344,0.67301667,0.34389642,0.9884111,0.9919412,0.5601491,0.788379,0.7806286,0.70590365,0.6837933,0.76925206,0.37743908,0.39280754,0.3623354,0.6646198,0.07798068,0.99156314,0.54178345,0.7396076,0.54375124,0.77214265,0.46740896
2,34,10,verbal,0.5963628,0.7742953,0.63808453,0.57648885,0.57986724,0.9934728,0.5023344,0.67301667,0.34389642,0.9884111,0.9919412,0.5601491,0.788379,0.7806286,0.70590365,0.6837933,0.76925206,0.37743908,0.39280754,0.3623354,0.6646198,0.07798068,0.99156314,0.54178345,0.7396076,0.54375124,0.77214265,0.46740896
2,34,11,verbal,0.5963628,0.7742953,0.63808453,0.57648885,0.57986724,0.9934728,0.5023344,0.67301667,0.34389642,0.9884111,0.9919412,0.5601491,0.788379,0.7806286,0.70590365,0.6837933,0.76925206,0.37743908,0.39280754,0.3623354,0.6646198,0.07798068,0.99156314,0.54178345,0.7396076,0.54375124,0.77214265,0.46740896
2,34,12,verbal,0.5963628,0.7742953,0.63808453,0.57648885,0.57986724,0.9934728,0.5023344,0.67301667,0.34389642,0.9884111,0.9919412,0.5601491,0.788379,0.7806286,0.70590365,0.6837933,0.76925206,0.37743908,0.39280754,0.3623354,0.6646198,0.07798068,0.99156314,0.54178345,0.7396076,0.54375124,0.77214265,0.46740896
2,34,13,verbal,0.5963628,0.7742953,0.63808453,0.57648885,0.57986724,0.9934728,0.5023344,0.67301667,0.34389642,0.9884111,0.9919412,0.5601491,0.788379,0.7806286,0.70590365,0.6837933,0.76925206,0.37743908,0.39280754,0.3623354,0.6646198,0.07798068,0.99156314,0.54178345,0.7396076,0.54375124,0.77214265,0.46740896
2,34,14,verbal,0.5963628,0.7742953,0.63808453,0.57648885,0.57986724,0.9934728,0.5023344,0.67301667,0.34389642,0.9884111,0.9919412,0.5601491,0.788379,0.7806286,0.70590365,0.6837933,0.76925206,0.37743908,0.39280754,0.3623354,0.6646198,0.07798068,0.99156314,0.54178345,0.7396076,0.54375124,0.77214265,0.46740896
2,34,15,verbal,0.5963628,0.7742953,0.63808453,0.57648885,0.57986724,0.9934728,0.5023344,0.67301667,0.34389642,0.9884111,0.9919412,0.5601491,0.788379,0.7806286,0.70590365,0.6837933,0.76925206,0.37743908,0.39280754,0.3623354,0.6646198,0.07798068,0.99156314,0.54178345,0.7396076,0.54375124,0.77214265,0.46740896
2,35,1,verbal,0.5963628,0.7742953,0.63808453,0.57648885,0.57986724,0.9934728,0.5023344,0.67301667,0.34389642,0.9884111,0.9919412,0.5601491,0.788379,0.7806286,0.70590365,0.6837933,0.76925206,0.37743908,0.39280754,0.3623354,0.6646198,0.07798068,0.99156314,0.54178345,0.7396076,0.54375124,0.77214265,0.46740896
2,35,2,verbal,0.5963628,0.7742953,0.63808453,0.57648885,0.57986724,0.9934728,0.5023344,0.67301667,0.34389642,0.9884111,0.9919412,0.5601491,0.788379,0.7806286,0.70590365,0.6837933,0.76925206,0.37743908,0.39280754,0.3623354,0.6646198,0.07798068,0.99156314,0.54178345,0.7396076,0.54375124,0.77214265,0.46740896
2,35,3,verbal,0.5963628,0.7742953,0.63808453,0.57648885,0.57986724,0.9934728,0.5023344,0.67301667,0.34389642,0.9884111,0.9919412,0.5601491,0.788379,0.7806286,0.70590365,0.6837933,0.76925206,0.37743908,0.39280754,0.3623354,0.6646198,0.07798068,0.99156314,0.54178345,0.7396076,0.54375124,0.77214265,0.46740896
2,35,4,verbal,0.5963628,0.7742953,0.63808453,0.57648885,0.57986724,0.9934728,0.5023344,0.67301667,0.34389642,0.9884111,0.9919412,0.5601491,0.788379,0.7806286,0.70590365,0.6837933,0.76925206,0.37743908,0.39280754,0.3623354,0.6646198,0.07798068,0.99156314,0.54178345,0.7396076,0.54375124,0.77214265,0.46740896
2,35,5,verbal,0.5963628,0.7742953,0.63808453,0.57648885,0.57986724,0.9934728,0.5023344,0.67301667,0.34389642,0.9884111,0.9919412,0.5601491,0.788379,0.7806286,0.70590365,0.6837933,0.76925206,0.37743908,0.39280754,0.3623354,0.6646198,0.07798068,0.99156314,0.54178345,0.7396076,0.54375124,0.77214265,0.46740896
2,35,6,verbal,0.5963628,0.7742953,0.63808453,0.57648885,0.57986724,0.9934728,0.5023344,0.67301667,0.34389642,0.9884111,0.9919412,0.5601491,0.788379,0.7806286,0.70590365,0.6837933,0.76925206,0.37743908,0.39280754,0.3623354,0.6646198,0.07798068,0.99156314,0.54178345,0.7396076,0.54375124,0.77214265,0.46740896
2,35,7,verbal,0.5963628,0.7742953,0.63808453,0.57648885,0.57986724,0.9934728,0.5023344,0.67301667,0.34389642,0.9884111,0.9919412,0.5601491,0.788379,0.7806286,0.70590365,0.6837933,0.76925206,0.37743908,0.39280754,0.3623354,0.6646198,0.07798068,0.99156314,0.54178345,0.7396076,0.54375124,0.77214265,0.46740896
2,35,8,verbal,0.5963628,0.7742953,0.63808453,0.57648885,0.57986724,0.9934728,0.5023344,0.67301667,0.34389642,0.9884111,0.9919412,0.5601491,0.788379,0.7806286,0.70590365,0.6837933,0.76925206,0.37743908,0.39280754,0.3623354,0.6646198,0.07798068,0.99156314,0.54178345,0.7396076,0.54375124,0.77214265,0.46740896
2,35,9,verbal,0.5963628,0.7742953,0.63808453,0.57648885,0.57986724,0.9934728,0.5023344,0.67301667,0.34389642,0.9884111,0.9919412,0.5601491,0.788379,0.7806286,0.70590365,0.6837933,0.76925206,0.37743908,0.39280754,0.3623354,0.6646198,0.07798068,0.99156314,0.54178345,0.7396076,0.54375124,0.77214265,0.46740896
2,35,10,verbal,0.5963628,0.7742953,0.63808453,0.57648885,0.57986724,0.9934728,0.5023344,0.67301667,0.34389642,0.9884111,0.9919412,0.5601491,0.788379,0.7806286,0.70590365,0.6837933,0.76925206,0.37743908,0.39280754,0.3623354,0.6646198,0.07798068,0.99156314,0.54178345,0.7396076,0.54375124,0.77214265,0.46740896
2,35,11,verbal,0.5963628,0.7742953,0.63808453,0.57648885,0.57986724,0.9934728,0.5023344,0.67301667,0.34389642,0.9884111,0.9919412,0.5601491,0.788379,0.7806286,0.70590365,0.6837933,0.76925206,0.37743908,0.39280754,0.3623354,0.6646198,0.07798068,0.99156314,0.54178345,0.7396076,0.54375124,0.77214265,0.46740896
2,35,12,verbal,0.5963628,0.7742953,0.63808453,0.57648885,0.57986724,0.9934728,0.5023344,0.67301667,0.34389642,0.9884111,0.9919412,0.5601491,0.788379,0.7806286,0.70590365,0.6837933,0.76925206,0.37743908,0.39280754,0.3623354,0.6646198,0.07798068,0.99156314,0.54178345,0.7396076,0.54375124,0.77214265,0.46740896
2,35,13,verbal,0.5963628,0.7742953,0.63808453,0.57648885,0.57986724,0.9934728,0.5023344,0.67301667,0.34389642,0.9884111,0.9919412,0.5601491,0.788379,0.7806286,0.70590365,0.6837933,0.76925206,0.37743908,0.39280754,0.3623354,0.6646198,0.07798068,0.99156314,0.54178345,0.7396076,0.54375124,0.77214265,0.46740896
2,35,14,verbal,0.5963628,0.7742953,0.63808453,0.57648885,0.57986724,0.9934728,0.5023344,0.67301667,0.34389642,0.9884111,0.9919412,0.5601491,0.788379,0.7806286,0.70590365,0.6837933,0.76925206,0.37743908,0.39280754,0.3623354,0.6646198,0.07798068,0.99156314,0.54178345,0.7396076,0.54375124,0.77214265,0.46740896
2,35,15,verbal,0.5963628,0.7742953,0.63808453,0.57648885,0.57986724,0.9934728,0.5023344,0.67301667,0.34389642,0.9884111,0.9919412,0.5601491,0.788379,0.7806286,0.70590365,0.6837933,0.76925206,0.37743908,0.39280754,0.3623354,0.6646198,0.07798068,0.99156314,0.54178345,0.7396076,0.54375124,0.77214265,0.46740896
2,36,1,verbal,0.5963628,0.7742953,0.63808453,0.57648885,0.57986724,0.9934728,0.5023344,0.67301667,0.34389642,0.9884111,0.9919412,0.5601491,0.788379,0.7806286,0.70590365,0.6837933,0.76925206,0.37743908,0.39280754,0.3623354,0.6646198,0.07798068,0.99156314,0.54178345,0.7396076,0.54375124,0.77214265,0.46740896
2,36,2,verbal,0.5963628,0.7742953,0.63808453,0.57648885,0.57986724,0.9934728,0.5023344,0.67301667,0.34389642,0.9884111,0.9919412,0.5601491,0.788379,0.7806286,0.70590365,0.6837933,0.76925206,0.37743908,0.39280754,0.3623354,0.6646198,0.07798068,0.99156314,0.54178345,0.7396076,0.54375124,0.77214265,0.46740896
2,36,3,verbal,0.5963628,0.7742953,0.63808453,0.57648885,0.57986724,0.9934728,0.5023344,0.67301667,0.34389642,0.9884111,0.9919412,0.5601491,0.788379,0.7806286,0.70590365,0.6837933,0.76925206,0.37743908,0.39280754,0.3623354,0.6646198,0.07798068,0.99156314,0.54178345,0.7396076,0.54375124,0.77214265,0.46740896
2,36,4,verbal,0.5963628,0.7742953,0.63808453,0.57648885,0.57986724,0.9934728,0.5023344,0.67301667,0.34389642,0.9884111,0.9919412,0.5601491,0.788379,0.7806286,0.70590365,0.6837933,0.76925206,0.37743908,0.39280754,0.3623354,0.6646198,0.07798068,0.99156314,0.54178345,0.7396076,0.54375124,0.77214265,0.46740896
2,36,5,verbal,0.5963628,0.7742953,0.63808453,0.57648885,0.57986724,0.9934728,0.5023344,0.67301667,0.34389642,0.9884111,0.9919412,0.5601491,0.788379,0.7806286,0.70590365,0.6837933,0.76925206,0.37743908,0.39280754,0.3623354,0.6646198,0.07798068,0.99156314,0.54178345,0.7396076,0.54375124,0.77214265,0.46740896
2,36,6,verbal,0.5963628,0.7742953,0.63808453,0.57648885,0.57986724,0.9934728,0.5023344,0.67301667,0.34389642,0.9884111,0.9919412,0.5601491,0.788379,0.7806286,0.70590365,0.6837933,0.76925206,0.37743908,0.39280754,0.3623354,0.6646198,0.07798068,0.99156314,0.54178345,0.7396076,0.54375124,0.77214265,0.46740896
2,36,7,verbal,0.5963628,0.7742953,0.63808453,0.57648885,0.57986724,0.9934728,0.5023344,0.67301667,0.34389642,0.9884111,0.9919412,0.5601491,0.788379,0.7806286,0.70590365,0.6837933,0.76925206,0.37743908,0.39280754,0.3623354,0.6646198,0.07798068,0.99156314,0.54178345,0.7396076,0.54375124,0.77214265,0.46740896
2,36,8,verbal,0.5963628,0.7742953,0.63808453,0.57648885,0.57986724,0.9934728,0.5023344,0.67301667,0.34389642,0.9884111,0.9919412,0.5601491,0.788379,0.7806286,0.70590365,0.6837933,0.76925206,0.37743908,0.39280754,0.3623354,0.6646198,0.07798068,0.99156314,0.54178345,0.7396076,0.54375124,0.77214265,0.46740896
2,36,9,verbal,0.5963628,0.7742953,0.63808453,0.57648885,0.57986724,0.9934728,0.5023344,0.67301667,0.34389642,0.9884111,0.9919412,0.5601491,0.788379,0.7806286,0.70590365,0.6837933,0.76925206,0.37743908,0.39280754,0.3623354,0.6646198,0.07798068,0.99156314,0.54178345,0.7396076,0.54375124,0.77214265,0.46740896
2,36,10,verbal,0.5963628,0.7742953,0.63808453,0.57648885,0.57986724,0.9934728,0.5023344,0.67301667,0.34389642,0.9884111,0.9919412,0.5601491,0.788379,0.7806286,0.70590365,0.6837933,0.76925206,0.37743908,0.39280754,0.3623354,0.6646198,0.07798068,0.99156314,0.54178345,0.7396076,0.54375124,0.77214265,0.46740896
2,36,11,verbal,0.5963628,0.7742953,0.63808453,0.57648885,0.57986724,0.9934728,0.5023344,0.67301667,0.34389642,0.9884111,0.9919412,0.5601491,0.788379,0.7806286,0.70590365,0.6837933,0.76925206,0.37743908,0.39280754,0.3623354,0.6646198,0.07798068,0.99156314,0.54178345,0.7396076,0.54375124,0.77214265,0.46740896
2,36,12,verbal,0.5963628,0.7742953,0.63808453,0.57648885,0.57986724,0.9934728,0.5023344,0.67301667,0.34389642,0.9884111,0.9919412,0.5601491,0.788379,0.7806286,0.70590365,0.6837933,0.76925206,0.37743908,0.39280754,0.3623354,0.6646198,0.07798068,0.99156314,0.54178345,0.7396076,0.54375124,0.77214265,0.46740896
2,36,13,verbal,0.5963628,0.7742953,0.63808453,0.57648885,0.57986724,0.9934728,0.5023344,0.67301667,0.34389642,0.9884111,0.9919412,0.5601491,0.788379,0.7806286,0.70590365,0.6837933,0.76925206,0.37743908,0.39280754,0.3623354,0.6646198,0.07798068,0.99156314,0.54178345,0.7396076,0.54375124,0.77214265,0.46740896
2,36,14,verbal,0.5963628,0.7742953,0.63808453,0.57648885,0.57986724,0.9934728,0.5023344,0.67301667,0.34389642,0.9884111,0.9919412,0.5601491,0.788379,0.7806286,0.70590365,0.6837933,0.76925206,0.37743908,0.39280754,0.3623354,0.6646198,0.07798068,0.99156314,0.54178345,0.7396076,0.54375124,0.77214265,0.46740896
2,36,15,verbal,0.5963628,0.7742953,0.63808453,0.57648885,0.57986724,0.9934728,0.5023344,0.67301667,0.34389642,0.9884111,0.9919412,0.5601491,0.788379,0.7806286,0.70590365,0.6837933,0.76925206,0.37743908,0.39280754,0.3623354,0.6646198,0.07798068,0.99156314,0.54178345,0.7396076,0.54375124,0.77214265,0.46740896
2,37,1,verbal,0.5963628,0.7742953,0.63808453,0.57648885,0.57986724,0.9934728,0.5023344,0.67301667,0.34389642,0.9884111,0.9919412,0.5601491,0.788379,0.7806286,0.70590365,0.6837933,0.76925206,0.37743908,0.39280754,0.3623354,0.6646198,0.07798068,0.99156314,0.54178345,0.7396076,0.54375124,0.77214265,0.46740896
2,37,2,verbal,0.5963628,0.7742953,0.63808453,0.57648885,0.57986724,0.9934728,0.5023344,0.67301667,0.34389642,0.9884111,0.9919412,0.5601491,0.788379,0.7806286,0.70590365,0.6837933,0.76925206,0.37743908,0.39280754,0.3623354,0.6646198,0.07798068,0.99156314,0.54178345,0.7396076,0.54375124,0.77214265,0.46740896
2,37,3,verbal,0.5963628,0.7742953,0.63808453,0.57648885,0.57986724,0.9934728,0.5023344,0.67301667,0.34389642,0.9884111,0.9919412,0.5601491,0.788379,0.7806286,0.70590365,0.6837933,0.76925206,0.37743908,0.39280754,0.3623354,0.6646198,0.07798068,0.99156314,0.54178345,0.7396076,0.54375124,0.77214265,0.46740896
2,37,4,verbal,0.5963628,0.7742953,0.63808453,0.57648885,0.57986724,0.9934728,0.5023344,0.67301667,0.34389642,0.9884111,0.9919412,0.5601491,0.788379,0.7806286,0.70590365,0.6837933,0.76925206,0.37743908,0.39280754,0.3623354,0.6646198,0.07798068,0.99156314,0.54178345,0.7396076,0.54375124,0.77214265,0.46740896
2,37,5,verbal,0.5963628,0.7742953,0.63808453,0.57648885,0.57986724,0.9934728,0.5023344,0.67301667,0.34389642,0.9884111,0.9919412,0.5601491,0.788379,0.7806286,0.70590365,0.6837933,0.76925206,0.37743908,0.39280754,0.3623354,0.6646198,0.07798068,0.99156314,0.54178345,0.7396076,0.54375124,0.77214265,0.46740896
2,37,6,verbal,0.5963628,0.7742953,0.63808453,0.57648885,0.57986724,0.9934728,0.5023344,0.67301667,0.34389642,0.9884111,0.9919412,0.5601491,0.788379,0.7806286,0.70590365,0.6837933,0.76925206,0.37743908,0.39280754,0.3623354,0.6646198,0.07798068,0.99156314,0.54178345,0.7396076,0.54375124,0.77214265,0.46740896
2,37,7,verbal,0.5963628,0.7742953,0.63808453,0.57648885,0.57986724,0.9934728,0.5023344,0.67301667,0.34389642,0.9884111,0.9919412,0.5601491,0.788379,0.7806286,0.70590365,0.6837933,0.76925206,0.37743908,0.39280754,0.3623354,0.6646198,0.07798068,0.99156314,0.54178345,0.7396076,0.54375124,0.77214265,0.46740896
2,37,8,verbal,0.5963628,0.7742953,0.63808453,0.57648885,0.57986724,0.9934728,0.5023344,0.67301667,0.34389642,0.9884111,0.9919412,0.5601491,0.788379,0.7806286,0.70590365,0.6837933,0.76925206,0.37743908,0.39280754,0.3623354,0.6646198,0.07798068,0.99156314,0.54178345,0.7396076,0.54375124,0.77214265,0.46740896
2,37,9,verbal,0.5963628,0.7742953,0.63808453,0.57648885,0.57986724,0.9934728,0.5023344,0.67301667,0.34389642,0.9884111,0.9919412,0.5601491,0.788379,0.7806286,0.70590365,0.6837933,0.76925206,0.37743908,0.39280754,0.3623354,0.6646198,0.07798068,0.99156314,0.54178345,0.7396076,0.54375124,0.77214265,0.46740896
2,37,10,verbal,0.5963628,0.7742953,0.63808453,0.57648885,0.57986724,0.9934728,0.5023344,0.67301667,0.34389642,0.9884111,0.9919412,0.5601491,0.788379,0.7806286,0.70590365,0.6837933,0.76925206,0.37743908,0.39280754,0.3623354,0.6646198,0.07798068,0.99156314,0.54178345,0.7396076,0.54375124,0.77214265,0.46740896
2,37,11,verbal,0.5963628,0.7742953,0.63808453,0.57648885,0.57986724,0.9934728,0.5023344,0.67301667,0.34389642,0.9884111,0.9919412,0.5601491,0.788379,0.7806286,0.70590365,0.6837933,0.76925206,0.37743908,0.39280754,0.3623354,0.6646198,0.07798068,0.99156314,0.54178345,0.7396076,0.54375124,0.77214265,0.46740896
2,37,12,verbal,0.5963628,0.7742953,0.63808453,0.57648885,0.57986724,0.9934728,0.5023344,0.67301667,0.34389642,0.9884111,0.9919412,0.5601491,0.788379,0.7806286,0.70590365,0.6837933,0.76925206,0.37743908,0.39280754,0.3623354,0.6646198,0.07798068,0.99156314,0.54178345,0.7396076,0.54375124,0.77214265,0.46740896
2,37,13,verbal,0.5963628,0.7742953,0.63808453,0.57648885,0.57986724,0.9934728,0.5023344,0.67301667,0.34389642,0.9884111,0.9919412,0.5601491,0.788379,0.7806286,0.70590365,0.6837933,0.76925206,0.37743908,0.39280754,0.3623354,0.6646198,0.07798068,0.99156314,0.54178345,0.7396076,0.54375124,0.77214265,0.46740896
2,37,14,verbal,0.5963628,0.7742953,0.63808453,0.57648885,0.57986724,0.9934728,0.5023344,0.67301667,0.34389642,0.9884111,0.9919412,0.5601491,0.788379,0.7806286,0.70590365,0.6837933,0.76925206,0.37743908,0.39280754,0.3623354,0.6646198,0.07798068,0.99156314,0.54178345,0.7396076,0.54375124,0.77214265,0.46740896
2,37,15,verbal,0.5963628,0.7742953,0.63808453,0.57648885,0.57986724,0.9934728,0.5023344,0.67301667,0.34389642,0.9884111,0.9919412,0.5601491,0.788379,0.7806286,0.70590365,0.6837933,0.76925206,0.37743908,0.39280754,0.3623354,0.6646198,0.07798068,0.99156314,0.54178345,0.7396076,0.54375124,0.77214265,0.46740896
2,38,1,verbal,0.5963628,0.7742953,0.63808453,0.57648885,0.57986724,0.9934728,0.5023344,0.67301667,0.34389642,0.9884111,0.9919412,0.5601491,0.788379,0.7806286,0.70590365,0.6837933,0.76925206,0.37743908,0.39280754,0.3623354,0.6646198,0.07798068,0.99156314,0.54178345,0.7396076,0.54375124,0.77214265,0.46740896
2,38,2,verbal,0.5963628,0.7742953,0.63808453,0.57648885,0.57986724,0.9934728,0.5023344,0.67301667,0.34389642,0.9884111,0.9919412,0.5601491,0.788379,0.7806286,0.70590365,0.6837933,0.76925206,0.37743908,0.39280754,0.3623354,0.6646198,0.07798068,0.99156314,0.54178345,0.7396076,0.54375124,0.77214265,0.46740896
2,38,3,verbal,0.5963628,0.7742953,0.63808453,0.57648885,0.57986724,0.9934728,0.5023344,0.67301667,0.34389642,0.9884111,0.9919412,0.5601491,0.788379,0.7806286,0.70590365,0.6837933,0.76925206,0.37743908,0.39280754,0.3623354,0.6646198,0.07798068,0.99156314,0.54178345,0.7396076,0.54375124,0.77214265,0.46740896
2,38,4,verbal,0.5963628,0.7742953,0.63808453,0.57648885,0.57986724,0.9934728,0.5023344,0.67301667,0.34389642,0.9884111,0.9919412,0.5601491,0.788379,0.7806286,0.70590365,0.6837933,0.76925206,0.37743908,0.39280754,0.3623354,0.6646198,0.07798068,0.99156314,0.54178345,0.7396076,0.54375124,0.77214265,0.46740896
2,38,5,verbal,0.5963628,0.7742953,0.63808453,0.57648885,0.57986724,0.9934728,0.5023344,0.67301667,0.34389642,0.9884111,0.9919412,0.5601491,0.788379,0.7806286,0.70590365,0.6837933,0.76925206,0.37743908,0.39280754,0.3623354,0.6646198,0.07798068,0.99156314,0.54178345,0.7396076,0.54375124,0.77214265,0.46740896
2,38,6,verbal,0.5963628,0.7742953,0.63808453,0.57648885,0.57986724,0.9934728,0.5023344,0.67301667,0.34389642,0.9884111,0.9919412,0.5601491,0.788379,0.7806286,0.70590365,0.6837933,0.76925206,0.37743908,0.39280754,0.3623354,0.6646198,0.07798068,0.99156314,0.54178345,0.7396076,0.54375124,0.77214265,0.46740896
2,38,7,verbal,0.5963628,0.7742953,0.63808453,0.57648885,0.57986724,0.9934728,0.5023344,0.67301667,0.34389642,0.9884111,0.9919412,0.5601491,0.788379,0.7806286,0.70590365,0.6837933,0.76925206,0.37743908,0.39280754,0.3623354,0.6646198,0.07798068,0.99156314,0.54178345,0.7396076,0.54375124,0.77214265,0.46740896
2,38,8,verbal,0.5963628,0.7742953,0.63808453,0.57648885,0.57986724,0.9934728,0.5023344,0.67301667,0.34389642,0.9884111,0.9919412,0.5601491,0.788379,0.7806286,0.70590365,0.6837933,0.76925206,0.37743908,0.39280754,0.3623354,0.6646198,0.07798068,0.99156314,0.54178345,0.7396076,0.54375124,0.77214265,0.46740896
2,38,9,verbal,0.5963628,0.7742953,0.63808453,0.57648885,0.57986724,0.9934728,0.5023344,0.67301667,0.34389642,0.9884111,0.9919412,0.5601491,0.788379,0.7806286,0.70590365,0.6837933,0.76925206,0.37743908,0.39280754,0.3623354,0.6646198,0.07798068,0.99156314,0.54178345,0.7396076,0.54375124,0.77214265,0.46740896
2,38,10,verbal,0.5963628,0.7742953,0.63808453,0.57648885,0.57986724,0.9934728,0.5023344,0.67301667,0.34389642,0.9884111,0.9919412,0.5601491,0.788379,0.7806286,0.70590365,0.6837933,0.76925206,0.37743908,0.39280754,0.3623354,0.6646198,0.07798068,0.99156314,0.54178345,0.7396076,0.54375124,0.77214265,0.46740896
2,38,11,verbal,0.5963628,0.7742953,0.63808453,0.57648885,0.57986724,0.9934728,0.5023344,0.67301667,0.34389642,0.9884111,0.9919412,0.5601491,0.788379,0.7806286,0.70590365,0.6837933,0.76925206,0.37743908,0.39280754,0.3623354,0.6646198,0.07798068,0.99156314,0.54178345,0.7396076,0.54375124,0.77214265,0.46740896
2,38,12,verbal,0.5963628,0.7742953,0.63808453,0.57648885,0.57986724,0.9934728,0.5023344,0.67301667,0.34389642,0.9884111,0.9919412,0.5601491,0.788379,0.7806286,0.70590365,0.6837933,0.76925206,0.37743908,0.39280754,0.3623354,0.6646198,0.07798068,0.99156314,0.54178345,0.7396076,0.54375124,0.77214265,0.46740896
2,38,13,verbal,0.5963628,0.7742953,0.63808453,0.57648885,0.57986724,0.9934728,0.5023344,0.67301667,0.34389642,0.9884111,0.9919412,0.5601491,0.788379,0.7806286,0.70590365,0.6837933,0.76925206,0.37743908,0.39280754,0.3623354,0.6646198,0.07798068,0.99156314,0.54178345,0.7396076,0.54375124,0.77214265,0.46740896
2,38,14,verbal,0.5963628,0.7742953,0.63808453,0.57648885,0.57986724,0.9934728,0.5023344,0.67301667,0.34389642,0.9884111,0.9919412,0.5601491,0.788379,0.7806286,0.70590365,0.6837933,0.76925206,0.37743908,0.39280754,0.3623354,0.6646198,0.07798068,0.99156314,0.54178345,0.7396076,0.54375124,0.77214265,0.46740896
2,38,15,verbal,0.5963628,0.7742953,0.63808453,0.57648885,0.57986724,0.9934728,0.5023344,0.67301667,0.34389642,0.9884111,0.9919412,0.5601491,0.788379,0.7806286,0.70590365,0.6837933,0.76925206,0.37743908,0.39280754,0.3623354,0.6646198,0.07798068,0.99156314,0.54178345,0.7396076,0.54375124,0.77214265,0.46740896
2,39,1,verbal,0.5963628,0.7742953,0.63808453,0.57648885,0.57986724,0.9934728,0.5023344,0.67301667,0.34389642,0.9884111,0.9919412,0.5601491,0.788379,0.7806286,0.70590365,0.6837933,0.76925206,0.37743908,0.39280754,0.3623354,0.6646198,0.07798068,0.99156314,0.54178345,0.7396076,0.54375124,0.77214265,0.46740896
2,39,2,verbal,0.5963628,0.7742953,0.63808453,0.57648885,0.57986724,0.9934728,0.5023344,0.67301667,0.34389642,0.9884111,0.9919412,0.5601491,0.788379,0.7806286,0.70590365,0.6837933,0.76925206,0.37743908,0.39280754,0.3623354,0.6646198,0.07798068,0.99156314,0.54178345,0.7396076,0.54375124,0.77214265,0.46740896
2,39,3,verbal,0.5963628,0.7742953,0.63808453,0.57648885,0.57986724,0.9934728,0.5023344,0.67301667,0.34389642,0.9884111,0.9919412,0.5601491,0.788379,0.7806286,0.70590365,0.6837933,0.76925206,0.37743908,0.39280754,0.3623354,0.6646198,0.07798068,0.99156314,0.54178345,0.7396076,0.54375124,0.77214265,0.46740896
2,39,4,verbal,0.5963628,0.7742953,0.63808453,0.57648885,0.57986724,0.9934728,0.5023344,0.67301667,0.34389642,0.9884111,0.9919412,0.5601491,0.788379,0.7806286,0.70590365,0.6837933,0.76925206,0.37743908,0.39280754,0.3623354,0.6646198,0.07798068,0.99156314,0.54178345,0.7396076,0.54375124,0.77214265,0.46740896
2,39,5,verbal,0.5963628,0.7742953,0.63808453,0.57648885,0.57986724,0.9934728,0.5023344,0.67301667,0.34389642,0.9884111,0.9919412,0.5601491,0.788379,0.7806286,0.70590365,0.6837933,0.76925206,0.37743908,0.39280754,0.3623354,0.6646198,0.07798068,0.99156314,0.54178345,0.7396076,0.54375124,0.77214265,0.46740896
2,39,6,verbal,0.5963628,0.7742953,0.63808453,0.57648885,0.57986724,0.9934728,0.5023344,0.67301667,0.34389642,0.9884111,0.9919412,0.5601491,0.788379,0.7806286,0.70590365,0.6837933,0.76925206,0.37743908,0.39280754,0.3623354,0.6646198,0.07798068,0.99156314,0.54178345,0.7396076,0.54375124,0.77214265,0.46740896
2,39,7,verbal,0.5963628,0.7742953,0.63808453,0.57648885,0.57986724,0.9934728,0.5023344,0.67301667,0.34389642,0.9884111,0.9919412,0.5601491,0.788379,0.7806286,0.70590365,0.6837933,0.76925206,0.37743908,0.39280754,0.3623354,0.6646198,0.07798068,0.99156314,0.54178345,0.7396076,0.54375124,0.77214265,0.46740896
2,39,8,verbal,0.5963628,0.7742953,0.63808453,0.57648885,0.57986724,0.9934728,0.5023344,0.67301667,0.34389642,0.9884111,0.9919412,0.5601491,0.788379,0.7806286,0.70590365,0.6837933,0.76925206,0.37743908,0.39280754,0.3623354,0.6646198,0.07798068,0.99156314,0.54178345,0.7396076,0.54375124,0.77214265,0.46740896
2,39,9,verbal,0.5963628,0.7742953,0.63808453,0.57648885,0.57986724,0.9934728,0.5023344,0.67301667,0.34389642,0.9884111,0.9919412,0.5601491,0.788379,0.7806286,0.70590365,0.6837933,0.76925206,0.37743908,0.39280754,0.3623354,0.6646198,0.07798068,0.99156314,0.54178345,0.7396076,0.54375124,0.77214265,0.46740896
2,39,10,verbal,0.5963628,0.7742953,0.63808453,0.57648885,0.57986724,0.9934728,0.5023344,0.67301667,0.34389642,0.9884111,0.9919412,0.5601491,0.788379,0.7806286,0.70590365,0.6837933,0.76925206,0.37743908,0.39280754,0.3623354,0.6646198,0.07798068,0.99156314,0.54178345,0.7396076,0.54375124,0.77214265,0.46740896
2,39,11,verbal,0.5963628,0.7742953,0.63808453,0.57648885,0.57986724,0.9934728,0.5023344,0.67301667,0.34389642,0.9884111,0.9919412,0.5601491,0.788379,0.7806286,0.70590365,0.6837933,0.76925206,0.37743908,0.39280754,0.3623354,0.6646198,0.07798068,0.99156314,0.54178345,0.7396076,0.54375124,0.77214265,0.46740896
2,39,12,verbal,0.5963628,0.7742953,0.63808453,0.57648885,0.57986724,0.9934728,0.5023344,0.67301667,0.34389642,0.9884111,0.9919412,0.5601491,0.788379,0.7806286,0.70590365,0.6837933,0.76925206,0.37743908,0.39280754,0.3623354,0.6646198,0.07798068,0.99156314,0.54178345,0.7396076,0.54375124,0.77214265,0.46740896
2,39,13,verbal,0.5963628,0.7742953,0.63808453,0.57648885,0.57986724,0.9934728,0.5023344,0.67301667,0.34389642,0.9884111,0.9919412,0.5601491,0.788379,0.7806286,0.70590365,0.6837933,0.76925206,0.37743908,0.39280754,0.3623354,0.6646198,0.07798068,0.99156314,0.54178345,0.7396076,0.54375124,0.77214265,0.46740896
2,39,14,verbal,0.5963628,0.7742953,0.63808453,0.57648885,0.57986724,0.9934728,0.5023344,0.67301667,0.34389642,0.9884111,0.9919412,0.5601491,0.788379,0.7806286,0.70590365,0.6837933,0.76925206,0.37743908,0.39280754,0.3623354,0.6646198,0.07798068,0.99156314,0.54178345,0.7396076,0.54375124,0.77214265,0.46740896
2,39,15,verbal,0.5963628,0.7742953,0.63808453,0.57648885,0.57986724,0.9934728,0.5023344,0.67301667,0.34389642,0.9884111,0.9919412,0.5601491,0.788379,0.7806286,0.70590365,0.6837933,0.76925206,0.37743908,0.39280754,0.3623354,0.6646198,0.07798068,0.99156314,0.54178345,0.7396076,0.54375124,0.77214265,0.46740896
2,40,1,verbal,0.5963628,0.7742953,0.63808453,0.57648885,0.57986724,0.9934728,0.5023344,0.67301667,0.34389642,0.9884111,0.9919412,0.5601491,0.788379,0.7806286,0.70590365,0.6837933,0.76925206,0.37743908,0.39280754,0.3623354,0.6646198,0.07798068,0.99156314,0.54178345,0.7396076,0.54375124,0.77214265,0.46740896
2,40,2,verbal,0.5963628,0.7742953,0.63808453,0.57648885,0.57986724,0.9934728,0.5023344,0.67301667,0.34389642,0.9884111,0.9919412,0.5601491,0.788379,0.7806286,0.70590365,0.6837933,0.76925206,0.37743908,0.39280754,0.3623354,0.6646198,0.07798068,0.99156314,0.54178345,0.7396076,0.54375124,0.77214265,0.46740896
2,40,3,verbal,0.5963628,0.7742953,0.63808453,0.57648885,0.57986724,0.9934728,0.5023344,0.67301667,0.34389642,0.9884111,0.9919412,0.5601491,0.788379,0.7806286,0.70590365,0.6837933,0.76925206,0.37743908,0.39280754,0.3623354,0.6646198,0.07798068,0.99156314,0.54178345,0.7396076,0.54375124,0.77214265,0.46740896
2,40,4,verbal,0.5963628,0.7742953,0.63808453,0.57648885,0.57986724,0.9934728,0.5023344,0.67301667,0.34389642,0.9884111,0.9919412,0.5601491,0.788379,0.7806286,0.70590365,0.6837933,0.76925206,0.37743908,0.39280754,0.3623354,0.6646198,0.07798068,0.99156314,0.54178345,0.7396076,0.54375124,0.77214265,0.46740896
2,40,5,verbal,0.5963628,0.7742953,0.63808453,0.57648885,0.57986724,0.9934728,0.5023344,0.67301667,0.34389642,0.9884111,0.9919412,0.5601491,0.788379,0.7806286,0.70590365,0.6837933,0.76925206,0.37743908,0.39280754,0.3623354,0.6646198,0.07798068,0.99156314,0.54178345,0.7396076,0.54375124,0.77214265,0.46740896
2,40,6,verbal,0.5963628,0.7742953,0.63808453,0.57648885,0.57986724,0.9934728,0.5023344,0.67301667,0.34389642,0.9884111,0.9919412,0.5601491,0.788379,0.7806286,0.70590365,0.6837933,0.76925206,0.37743908,0.39280754,0.3623354,0.6646198,0.07798068,0.99156314,0.54178345,0.7396076,0.54375124,0.77214265,0.46740896
2,40,7,verbal,0.5963628,0.7742953,0.63808453,0.57648885,0.57986724,0.9934728,0.5023344,0.67301667,0.34389642,0.9884111,0.9919412,0.5601491,0.788379,0.7806286,0.70590365,0.6837933,0.76925206,0.37743908,0.39280754,0.3623354,0.6646198,0.07798068,0.99156314,0.54178345,0.7396076,0.54375124,0.77214265,0.46740896
2,40,8,verbal,0.5963628,0.7742953,0.63808453,0.57648885,0.57986724,0.9934728,0.5023344,0.67301667,0.34389642,0.9884111,0.9919412,0.5601491,0.788379,0.7806286,0.70590365,0.6837933,0.76925206,0.37743908,0.39280754,0.3623354,0.6646198,0.07798068,0.99156314,0.54178345,0.7396076,0.54375124,0.77214265,0.46740896
2,40,9,verbal,0.5963628,0.7742953,0.63808453,0.57648885,0.57986724,0.9934728,0.5023344,0.67301667,0.34389642,0.9884111,0.9919412,0.5601491,0.788379,0.7806286,0.70590365,0.6837933,0.76925206,0.37743908,0.39280754,0.3623354,0.6646198,0.07798068,0.99156314,0.54178345,0.7396076,0.54375124,0.77214265,0.46740896
2,40,10,verbal,0.5963628,0.7742953,0.63808453,0.57648885,0.57986724,0.9934728,0.5023344,0.67301667,0.34389642,0.9884111,0.9919412,0.5601491,0.788379,0.7806286,0.70590365,0.6837933,0.76925206,0.37743908,0.39280754,0.3623354,0.6646198,0.07798068,0.99156314,0.54178345,0.7396076,0.54375124,0.77214265,0.46740896
2,40,11,verbal,0.5963628,0.7742953,0.63808453,0.57648885,0.57986724,0.9934728,0.5023344,0.67301667,0.34389642,0.9884111,0.9919412,0.5601491,0.788379,0.7806286,0.70590365,0.6837933,0.76925206,0.37743908,0.39280754,0.3623354,0.6646198,0.07798068,0.99156314,0.54178345,0.7396076,0.54375124,0.77214265,0.46740896
2,40,12,verbal,0.5963628,0.7742953,0.63808453,0.57648885,0.57986724,0.9934728,0.5023344,0.67301667,0.34389642,0.9884111,0.9919412,0.5601491,0.788379,0.7806286,0.70590365,0.6837933,0.76925206,0.37743908,0.39280754,0.3623354,0.6646198,0.07798068,0.99156314,0.54178345,0.7396076,0.54375124,0.77214265,0.46740896
2,40,13,verbal,0.5963628,0.7742953,0.63808453,0.57648885,0.57986724,0.9934728,0.5023344,0.67301667,0.34389642,0.9884111,0.9919412,0.5601491,0.788379,0.7806286,0.70590365,0.6837933,0.76925206,0.37743908,0.39280754,0.3623354,0.6646198,0.07798068,0.99156314,0.54178345,0.7396076,0.54375124,0.77214265,0.46740896
2,40,14,verbal,0.5963628,0.7742953,0.63808453,0.57648885,0.57986724,0.9934728,0.5023344,0.67301667,0.34389642,0.9884111,0.9919412,0.5601491,0.788379,0.7806286,0.70590365,0.6837933,0.76925206,0.37743908,0.39280754,0.3623354,0.6646198,0.07798068,0.99156314,0.54178345,0.7396076,0.54375124,0.77214265,0.46740896
2,40,15,verbal,0.5963628,0.7742953,0.63808453,0.57648885,0.57986724,0.9934728,0.5023344,0.67301667,0.34389642,0.9884111,0.9919412,0.5601491,0.788379,0.7806286,0.70590365,0.6837933,0.76925206,0.37743908,0.39280754,0.3623354,0.6646198,0.07798068,0.99156314,0.54178345,0.7396076,0.54375124,0.77214265,0.46740896
3,41,1,verbal,0.9521914,0.92263085,0.81191087,0.7051748,0.6747887,0.7126254,0.8130967,0.8933317,0.8131903,0.7147459,0.75392896,0.72920734,0.81031567,0.7418115,0.63296103,0.6453514,0.6432182,0.75465745,0.95742226,0.7173247,0.9549175,0.86204547,0.72290057,0.9650409,0.804953,0.70270157,0.6681297,0.8278341
3,41,2,verbal,0.97922254,0.99331135,0.93611306,0.90024716,0.6834413,0.8839477,0.96975535,0.9637827,0.9217889,0.8867333,0.7091763,0.86009413,0.953868,0.93243414,0.8957159,0.67886794,0.8898829,0.9633082,0.9865487,0.70218235,0.96034515,0.9826809,0.6965236,0.96445805,0.95933163,0.6799976,0.6970368,0.9336645
3,41,3,verbal,0.9820759,0.9844442,0.8237203,0.69572735,0.79865605,0.74068415,0.9005168,0.97125053,0.8486743,0.72023165,0.7901656,0.76901597,0.90355396,0.80070317,0.66597104,0.77944016,0.72371125,0.88720167,0.93400335,0.81539446,0.96813923,0.90652204,0.7679582,0.948219,0.80120766,0.77692765,0.88155305,0.8622385
3,41,4,verbal,0.83218086,0.9522234,0.78546935,0.7064351,0.4955628,0.7430317,0.79951894,0.85289025,0.8744107,0.79303896,0.4657669,0.86350256,0.9316386,0.7426253,0.6531331,0.49209282,0.72953236,0.78397894,0.9497415,0.49635035,0.957168,0.9584613,0.57389456,0.915771,0.8950632,0.4669923,0.47034982,0.9511152
3,41,5,verbal,0.90586877,0.92624044,0.7325676,0.63379604,0.23005244,0.69614583,0.72315204,0.80565524,0.868569,0.7926355,0.36700958,0.8232389,0.8353609,0.6546035,0.54736537,0.16778348,0.6340364,0.6255613,0.95383716,0.4684304,0.9724008,0.8846585,0.55711937,0.9286514,0.8496057,0.48599988,0.46877757,0.8823283
3,41,6,verbal,0.9559122,0.9831711,0.9537273,0.9297507,0.7642909,0.9580656,0.77973604,0.94053096,0.9871073,0.95363826,0.7384365,0.9868655,0.83884835,0.92935616,0.8994328,0.74092996,0.94396156,0.753991,0.9724679,0.7232393,0.9908415,0.8410753,0.7645206,0.9580573,0.82353514,0.73280615,0.586108,0.83597094
3,41,7,verbal,0.87616324,0.9009232,0.8654419,0.7865562,0.29816964,0.8513826,0.7986491,0.7604478,0.93745816,0.88187706,0.45542464,0.96454066,0.9109429,0.7342139,0.6313018,0.18879539,0.7410048,0.6623248,0.94618577,0.47707283,0.9604061,0.9383789,0.55640495,0.9119776,0.9491028,0.51807934,0.54741955,0.9491368
3,41,8,verbal,0.89158916,0.95019007,0.77699834,0.6721709,0.32145905,0.7390236,0.8295069,0.8227581,0.83250755,0.7716352,0.35954145,0.8296765,0.8947292,0.6815786,0.5816636,0.3499292,0.6577376,0.732387,0.9476065,0.29462633,0.9549958,0.95387405,0.3663687,0.9202655,0.8922982,0.3190684,0.34971774,0.9040132
3,41,9,verbal,0.93118817,0.9503672,0.7590825,0.63874424,0.83336407,0.66392267,0.7736765,0.8903682,0.7547014,0.639288,0.8668986,0.6250186,0.7558621,0.68207324,0.5628127,0.75404495,0.6028167,0.7245419,0.9414393,0.8581706,0.91929215,0.80566835,0.7798957,0.93400943,0.7994018,0.7278513,0.78959906,0.8167548
3,41,10,verbal,0.95141697,0.97145504,0.83629775,0.7486128,0.5853143,0.77814823,0.8770709,0.93853825,0.8453192,0.75335914,0.58012533,0.7922445,0.88609725,0.7924707,0.7045907,0.54991096,0.7323328,0.8267854,0.96380836,0.54660416,0.9755244,0.97664267,0.5631763,0.96157885,0.9248025,0.5103411,0.5646885,0.94950527
3,41,11,verbal,0.88462436,0.91478014,0.76007265,0.6616071,0.23614775,0.7098891,0.77681535,0.85428447,0.81363606,0.7155985,0.33387,0.757414,0.82124877,0.64095974,0.532149,0.23136245,0.59123755,0.657466,0.9475559,0.30784756,0.97142416,0.9863787,0.38141927,0.9297664,0.92932063,0.3152418,0.30637428,0.97745055
3,41,12,verbal,0.79384416,0.87071854,0.7744976,0.73177993,0.5448004,0.75346345,0.5865398,0.7101152,0.83353984,0.7954663,0.67612994,0.82965684,0.692202,0.6347015,0.5838199,0.42654818,0.60724133,0.5001791,0.9867644,0.6436691,0.98856163,0.7763029,0.6564639,0.9740456,0.76666147,0.64722735,0.5856889,0.77177143
3,41,13,verbal,0.848419,0.9367181,0.8235766,0.78170615,0.6853225,0.77476895,0.7081719,0.81917125,0.89254,0.83833885,0.65143746,0.8268443,0.81103045,0.79597044,0.7484881,0.6486057,0.7578843,0.7165633,0.96192545,0.6233211,0.9682127,0.79348737,0.59971154,0.9445245,0.7494331,0.56331915,0.6880091,0.7329124
3,41,14,verbal,0.8407522,0.8610079,0.7796445,0.77766293,0.61606044,0.77929854,0.79430574,0.81333745,0.9229991,0.8877273,0.7287423,0.9294877,0.91425973,0.74505943,0.7310552,0.6034271,0.77018076,0.7387088,0.98375344,0.75698745,0.98497903,0.984539,0.7464575,0.95890003,0.9740922,0.76494604,0.7613166,0.968293
3,41,15,verbal,0.7470135,0.91007036,0.7300257,0.6594023,0.030403525,0.7520276,0.6942065,0.71979266,0.89746803,0.8491605,0.17103654,0.9253772,0.8212728,0.68478876,0.60144365,0.063902296,0.70339906,0.6385707,0.97017246,0.21727325,0.9823247,0.9109784,0.31043798,0.9341529,0.8974035,0.19596228,0.28897765,0.9033585
3,42,1,verbal,0.5158515,0.86614704,0.5594878,0.48147643,0.28592154,0.52515876,0.5326722,0.54876256,0.90486825,0.85986024,0.42341685,0.9103063,0.90560555,0.5364306,0.4398887,0.36764854,0.5027263,0.49668366,0.94962883,0.3595708,0.98214734,0.9929374,0.4409183,0.9326114,0.9496988,0.35038322,0.34431872,0.9904901
3,42,2,verbal,0.7124984,0.87293553,0.7558424,0.72216,0.474287,0.7247581,0.75928235,0.7520482,0.78988844,0.77830815,0.6145029,0.81338596,0.80303663,0.6924234,0.64579403,0.48059455,0.6853687,0.69542205,0.9556826,0.48068655,0.96243286,0.99658865,0.5258051,0.9127784,0.959983,0.5235507,0.4954824,0.96700513
3,42,3,verbal,0.867115,0.8641945,0.8004841,0.7644526,0.31885368,0.7669757,0.82043636,0.85244775,0.771654,0.7042569,0.30855134,0.73911947,0.7945117,0.6934095,0.66496927,0.3547007,0.6726304,0.70031464,0.9639569,0.2692969,0.9813727,0.98813355,0.3397527,0.94505113,0.95574963,0.25938085,0.26009896,0.9721478
3,42,4,verbal,0.81735474,0.9260609,0.69084495,0.647907,0.281224,0.655133,0.72552663,0.7781995,0.79593265,0.75059944,0.318698,0.7649354,0.8334727,0.5685539,0.52088106,0.22963427,0.53089863,0.60033935,0.9861681,0.3442601,0.986491,0.97957546,0.38633183,0.9736093,0.95460635,0.326152,0.31833,0.96567345
3,42,5,verbal,0.89580196,0.83591366,0.82857007,0.8071135,0.4546264,0.8177476,0.5933861,0.7852942,0.8877237,0.86341476,0.5104135,0.8784585,0.59357107,0.7014512,0.69039166,0.42480323,0.6721887,0.5507324,0.9888103,0.4899962,0.99325144,0.61010724,0.52228063,0.9778153,0.6470019,0.4756623,0.761274,0.6045812
3,42,6,verbal,0.7767113,0.8658735,0.626896,0.5929496,0.48772785,0.6071469,0.6224328,0.7387278,0.8166964,0.78141797,0.49720746,0.81408805,0.8336336,0.5587593,0.52115667,0.48147118,0.5242079,0.5539022,0.9887536,0.48578405,0.981282,0.98413765,0.48939133,0.97539765,0.9718496,0.47147602,0.47868901,0.98403907
3,42,7,verbal,0.76409537,0.90243864,0.66838795,0.6193095,0.25299117,0.64819753,0.5533372,0.73920655,0.749333,0.69643354,0.29352462,0.750026,0.61729956,0.5354152,0.47289416,0.16624197,0.51248235,0.42849565,0.9700056,0.17919202,0.98477185,0.87303317,0.2619549,0.9575906,0.839984,0.18590158,0.08457857,0.8778975
3,42,8,verbal,0.8338951,0.8856629,0.6790054,0.619954,0.2671092,0.63450587,0.6988828,0.8314596,0.74597734,0.67910343,0.35151032,0.72706646,0.793998,0.6153915,0.57192713,0.30359876,0.5692986,0.64397335,0.9645702,0.31195453,0.9664897,0.97895914,0.35115495,0.939288,0.9338532,0.32550567,0.35243717,0.97501606
3,42,9,verbal,0.93014276,0.91894364,0.843723,0.7935422,0.564056,0.8454291,0.7581672,0.8659113,0.83003217,0.7920401,0.5382809,0.8320553,0.7207845,0.78208554,0.7266801,0.54018766,0.8033184,0.7085956,0.95598316,0.48340684,0.97504276,0.85297835,0.55885625,0.9249394,0.84697807,0.45811296,0.54329455,0.8342257
3,42,10,verbal,0.68144804,0.8708336,0.7254991,0.6776031,0.2934492,0.6305993,0.5138641,0.74762625,0.7871415,0.73165166,0.32818344,0.7889466,0.62839323,0.7739376,0.71136194,0.323168,0.72321993,0.5354339,0.9135489,0.32143712,0.9304102,0.7334312,0.39754978,0.8800362,0.6896086,0.31726885,0.17807887,0.71238446
3,42,11,verbal,0.9637725,0.94116515,0.8720416,0.8161764,0.6893896,0.8963997,0.8838142,0.9369142,0.89191055,0.8299678,0.69084126,0.91547793,0.90432745,0.79237247,0.709536,0.6562634,0.8319435,0.81573915,0.9627698,0.7074325,0.9712816,0.96886873,0.668583,0.92810106,0.93796957,0.73319656,0.68245775,0.9705987
3,42,12,verbal,0.912829,0.9215292,0.7455627,0.68266624,0.29930973,0.75446993,0.7562679,0.86765826,0.85032594,0.7967663,0.37167746,0.8424076,0.8719081,0.64447117,0.57138515,0.30203888,0.6476547,0.66454387,0.9744385,0.295569,0.9814789,0.98013103,0.36367592,0.9493198,0.9620529,0.26702783,0.32512745,0.9667431
3,42,13,verbal,0.8991986,0.8957135,0.8108713,0.7690329,0.6234496,0.7899773,0.8252479,0.8319,0.8404523,0.8034864,0.59040797,0.81093335,0.8529968,0.6738494,0.63674736,0.58998084,0.63995427,0.6881754,0.9706917,0.64765155,0.9855409,0.9883241,0.6867107,0.9584687,0.9666007,0.63109654,0.65610725,0.98858714
3,42,14,verbal,0.8683404,0.87284064,0.83633757,0.7882379,0.13047652,0.84727097,0.8562935,0.81580263,0.86752987,0.8150312,0.20440982,0.88351786,0.88951427,0.7193227,0.67864645,0.11605324,0.7369457,0.74612325,0.9701909,0.18309586,0.980235,0.987932,0.27373073,0.930655,0.9520418,0.13491905,0.171366,0.9908774
3,42,15,verbal,0.82655793,0.9026749,0.784526,0.71970636,0.19308913,0.7590654,0.7721039,0.7875897,0.86873335,0.81043154,0.22636148,0.88294125,0.89169776,0.70337075,0.63085485,0.16358948,0.6978951,0.70752186,0.96260685,0.27782965,0.9798593,0.9870477,0.37555483,0.94630975,0.9587233,0.27243477,0.2890371,0.9923329
3,43,1,verbal,0.87595415,0.9408488,0.87844795,0.86903375,0.87544197,0.8721789,0.7418953,0.90770876,0.96144253,0.93079334,0.9557589,0.9706686,0.81336933,0.8696634,0.8454584,0.8743493,0.8797949,0.7673905,0.989639,0.9705347,0.9941902,0.81800765,0.9532543,0.9799785,0.79687893,0.9672058,0.8099129,0.81774384
3,43,2,verbal,0.91655064,0.9260498,0.8766567,0.8249087,0.60823506,0.8724793,0.8731529,0.89802307,0.92052066,0.86094975,0.6238806,0.9322004,0.93722504,0.7891968,0.7309568,0.57196826,0.8014225,0.7975027,0.9716779,0.6167585,0.98771226,0.9903013,0.6357905,0.94876486,0.95340633,0.5983927,0.61316603,0.9934275
3,43,3,verbal,0.93679017,0.9282525,0.8487442,0.8004141,0.7044267,0.8173231,0.8382336,0.86508226,0.8893952,0.8468124,0.7009987,0.8730717,0.88580626,0.7498631,0.6962652,0.6142096,0.7468692,0.7481179,0.984136,0.76910555,0.979048,0.9960223,0.7751678,0.96718013,0.98239857,0.74865514,0.760639,0.9881751
3,43,4,verbal,0.9409185,0.9372519,0.9141033,0.8723144,0.93063265,0.9170099,0.9018601,0.91718185,0.9411749,0.8962,0.952915,0.9438584,0.93358123,0.8603681,0.79684085,0.86293256,0.86335284,0.8496985,0.9757449,0.98368967,0.98813695,0.9860089,0.9598671,0.9636924,0.9678665,0.98288697,0.97343975,0.9877476
3,43,5,verbal,0.94351757,0.97122693,0.7749374,0.6951136,0.8188446,0.7467416,0.7977951,0.9306738,0.8494811,0.78009456,0.8739541,0.83329004,0.8792247,0.7362341,0.6436234,0.77237344,0.7305575,0.7694202,0.95789236,0.956323,0.967166,0.98809916,0.91987085,0.9385297,0.9482057,0.93196154,0.9587741,0.9769707
3,43,6,verbal,0.9699409,0.9497535,0.83922786,0.7144182,0.8802175,0.8644293,0.8646162,0.90585047,0.8703941,0.7609917,0.9097568,0.88167816,0.89337575,0.7213016,0.57437515,0.7680425,0.7563396,0.7498205,0.943654,0.97296405,0.9661865,0.9858694,0.90377676,0.89343286,0.9239832,0.95784706,0.97314215,0.98172987
3,43,7,verbal,0.9044367,0.85038805,0.8413299,0.8216842,0.8700473,0.8243714,0.7575589,0.78914124,0.8480723,0.8461184,0.9072501,0.81646943,0.8324421,0.77374005,0.7056262,0.73581094,0.7746359,0.7137105,0.96679485,0.93996304,0.9710504,0.8414011,0.9386069,0.93436223,0.818667,0.91342455,0.8404258,0.8106985
3,43,8,verbal,0.8062635,0.79670507,0.82204866,0.83743536,0.75097144,0.7650756,0.7744332,0.8807821,0.9550425,0.9337379,0.90687877,0.9274073,0.91894066,0.9379166,0.86608696,0.8853812,0.9053858,0.92397535,0.93354815,0.9331124,0.95813984,0.94279516,0.9308163,0.9458872,0.93060327,0.9683936,0.9526521,0.9739223
3,43,9,verbal,0.6867763,0.83800834,0.5234444,0.57240057,0.6697978,0.6167103,0.5507448,0.66557264,0.800769,0.79115725,0.7982291,0.82999986,0.8808732,0.51259065,0.53998846,0.66213787,0.69189537,0.6246914,0.91480374,0.84349155,0.82539046,0.83221924,0.9191701,0.8990855,0.8242842,0.9114216,0.83634365,0.8740411
3,43,10,verbal,0.8815106,0.8903499,0.81249666,0.80209666,0.80224365,0.81974226,0.814931,0.7590067,0.9332779,0.9373838,0.9388593,0.9553031,0.93033594,0.6769505,0.65870214,0.6700565,0.6898161,0.66873956,0.97370964,0.97285396,0.9569187,0.943132,0.988139,0.96204984,0.95210713,0.9715903,0.9571654,0.9594457
3,43,11,verbal,0.92379487,0.95390123,0.8950943,0.8704761,0.8884917,0.8854908,0.88250273,0.93934774,0.92388105,0.87864834,0.9241443,0.9087673,0.9169507,0.8713866,0.8361905,0.85758454,0.8591821,0.85448444,0.9765508,0.9838472,0.9887695,0.9876644,0.9562789,0.98030627,0.9712739,0.9706513,0.98699135,0.99030334
3,43,12,verbal,0.9289975,0.9647307,0.8256767,0.80906206,0.8476269,0.8495962,0.8501971,0.907941,0.88830614,0.86011106,0.9279146,0.9189772,0.91849667,0.8034942,0.7737451,0.8113238,0.8208543,0.82529515,0.9766959,0.96045965,0.98367393,0.98417145,0.9453339,0.9625238,0.9578474,0.96917087,0.97018296,0.98865515
3,43,13,verbal,0.938749,0.9312682,0.8845786,0.85140395,0.8965372,0.8797563,0.8930595,0.9190834,0.8922593,0.85604846,0.8994813,0.8978691,0.896843,0.82783884,0.7916844,0.8406755,0.8238738,0.83925796,0.97919357,0.98219657,0.9889052,0.98506,0.9674302,0.960793,0.965645,0.97231144,0.97737324,0.9860368
3,43,14,verbal,0.92359495,0.9414738,0.86278343,0.82597977,0.8617852,0.8706355,0.87238437,0.93821704,0.9052926,0.8576161,0.9184537,0.9242568,0.92221856,0.82861435,0.77148026,0.84152794,0.8513235,0.84311277,0.9699838,0.9720899,0.985379,0.9900944,0.94443744,0.94291115,0.9557751,0.96854967,0.97190404,0.99055713
3,43,15,verbal,0.90171653,0.96700126,0.8831224,0.8044249,0.8296825,0.8770777,0.6522552,0.91436493,0.94120485,0.87209064,0.895973,0.9498296,0.74546164,0.86278665,0.7671891,0.8063785,0.8596606,0.64458364,0.9545899,0.95604974,0.990845,0.7365143,0.96730644,0.9555749,0.7108485,0.95620567,0.7120721,0.75853944
3,44,1,verbal,0.87743807,0.9561497,0.8449195,0.80193835,0.85211825,0.8443169,0.86432725,0.8480266,0.9392754,0.8936375,0.89322096,0.94170195,0.93584204,0.78956753,0.73110485,0.8109299,0.7913026,0.80511844,0.96682656,0.9321382,0.98396504,0.98690015,0.907799,0.9668097,0.96862805,0.93057245,0.9361887,0.98206043
3,44,2,verbal,0.9901727,0.9862381,0.97258365,0.95128995,0.961751,0.9631898,0.96892524,0.9796931,0.97633684,0.94956493,0.9595287,0.97010815,0.9734036,0.9492389,0.9185069,0.9369568,0.9413067,0.9442229,0.9880696,0.98168683,0.9951704,0.99734795,0.97872627,0.98927176,0.98950285,0.9776148,0.9788236,0.9981532
3,44,3,verbal,0.9515283,0.96552014,0.9269896,0.8604,0.93524575,0.9221695,0.8301435,0.93531466,0.9301761,0.8666125,0.905953,0.9190341,0.87000513,0.8672296,0.7890617,0.8772123,0.86512667,0.82775116,0.965472,0.96685904,0.99413526,0.89492416,0.94235677,0.9636849,0.8658307,0.9714782,0.87415767,0.8822989
3,44,4,verbal,0.8739239,0.9211277,0.84665066,0.8225926,0.8372004,0.8231033,0.8495501,0.8486906,0.9121938,0.8980361,0.91727376,0.90414333,0.9139964,0.74688554,0.7043501,0.7554191,0.73646665,0.75069547,0.9830177,0.95452136,0.98231107,0.9957266,0.94941986,0.97499716,0.981854,0.9469335,0.95072687,0.98293287
3,44,5,verbal,0.95976686,0.92223656,0.91272646,0.89317757,0.8749651,0.9202093,0.91241306,0.94088143,0.91725826,0.8883848,0.898407,0.91468006,0.91592664,0.83267087,0.7916732,0.8122452,0.82628334,0.82903135,0.9890775,0.9463485,0.9909935,0.99843484,0.94347745,0.98336565,0.9900717,0.9478854,0.9522994,0.99445254
3,44,6,verbal,0.9323802,0.9209871,0.90349674,0.90777475,0.9053156,0.88186663,0.9022936,0.91331947,0.94229645,0.9415609,0.94840777,0.916101,0.938289,0.8559938,0.8510854,0.8502781,0.8157274,0.84485453,0.995015,0.9838683,0.99137115,0.9980151,0.97889984,0.98724395,0.9935943,0.98007977,0.9856225,0.9960592
3,44,7,verbal,0.96633214,0.95373076,0.8788764,0.8226281,0.92482936,0.83417374,0.91127044,0.9369721,0.90437937,0.85116285,0.951107,0.86141616,0.93860537,0.84806025,0.7969991,0.88425636,0.7986695,0.8653852,0.97535336,0.9711085,0.9817784,0.98051393,0.9278316,0.9897829,0.9346325,0.93348277,0.9912082,0.94745606
3,44,8,verbal,0.984243,0.9680231,0.72372186,0.5980041,0.924775,0.4843223,0.8586761,0.9716967,0.7240992,0.5960933,0.92877907,0.4894416,0.87458605,0.71092325,0.5890068,0.8830866,0.46612298,0.84408903,0.9398083,0.8458711,0.8801719,0.9025379,0.73454535,0.9276643,0.8145916,0.64940965,0.9519585,0.7329991
3,44,9,verbal,0.8647954,0.8945853,0.7227976,0.6419506,0.79355234,0.63974327,0.7096807,0.8782136,0.69046456,0.61627525,0.75352985,0.61126935,0.687108,0.6582663,0.5719957,0.73362434,0.56494576,0.6413235,0.9798694,0.9669385,0.97692233,0.9900589,0.9236635,0.9927821,0.9826171,0.9167143,0.95596814,0.9814974
3,44,10,verbal,0.8389537,0.89429027,0.69777495,0.67402935,0.7490947,0.61773336,0.4750627,0.8461182,0.7863737,0.7587939,0.72328836,0.71700495,0.5883561,0.63432276,0.59971863,0.6731527,0.5474905,0.46122164,0.9895899,0.88248587,0.97453606,0.6227855,0.86838454,0.9777913,0.63528967,0.8342577,0.5483479,0.612894
3,44,11,verbal,0.9657173,0.98031294,0.7709295,0.60239583,0.88441396,0.59311956,0.79699475,0.94771254,0.77615327,0.60979974,0.8921851,0.5971594,0.8188508,0.7530676,0.5823465,0.8553677,0.58371216,0.77133054,0.91376513,0.9071406,0.9068673,0.9443309,0.7794768,0.955022,0.84893656,0.7587081,0.9330627,0.83581835
3,44,12,verbal,0.98651886,0.9896256,0.9268406,0.89483523,0.9520182,0.88905334,0.9678898,0.98733395,0.9426314,0.9084784,0.97216713,0.90046114,0.9732298,0.94193393,0.9120529,0.9667494,0.9078935,0.970333,0.9904948,0.97883904,0.98444504,0.9708946,0.95398676,0.9950204,0.95051867,0.94409406,0.9756611,0.9433453
3,44,13,verbal,0.98233557,0.98329306,0.9553772,0.8797274,0.96140915,0.9442402,0.8573211,0.97369295,0.9405536,0.8665753,0.9622428,0.9297559,0.85330284,0.9291807,0.8432571,0.9309816,0.91670996,0.8227279,0.94781923,0.9817724,0.98995423,0.87538743,0.939134,0.9555039,0.8340031,0.98217344,0.8863955,0.8738818
3,44,14,verbal,0.8399759,0.89718443,0.80414945,0.75774544,0.7800513,0.764267,0.79390043,0.8488499,0.8126796,0.753995,0.8018481,0.779647,0.80267507,0.71446234,0.6559367,0.68802625,0.66881007,0.7117038,0.98511577,0.97339135,0.9884214,0.94148767,0.9579466,0.97906077,0.9218489,0.97143674,0.92143154,0.9399684
3,44,15,verbal,0.88042647,0.8728477,0.7727697,0.74068415,0.8163506,0.76029754,0.77633506,0.79787314,0.8082257,0.7782628,0.83204544,0.78603154,0.8046662,0.70454776,0.6628982,0.73172337,0.6805213,0.6950953,0.9911779,0.975365,0.9887011,0.9927803,0.96333784,0.9825553,0.9846977,0.9757649,0.9801083,0.99682456
3,45,1,verbal,0.8927408,0.92518425,0.7971211,0.78425914,0.7216853,0.8015636,0.8188993,0.8896264,0.8335555,0.7999204,0.7311319,0.8178711,0.83721215,0.76615137,0.73172736,0.697853,0.7608934,0.7761614,0.9903449,0.8726485,0.98632413,0.99347895,0.8610217,0.9842191,0.9906738,0.8521413,0.8670762,0.9935194
3,45,2,verbal,0.9316746,0.9099998,0.9022302,0.8702318,0.908803,0.8966979,0.90712076,0.87025636,0.8789088,0.84021467,0.8950261,0.86068106,0.88781846,0.8613841,0.81998324,0.8458179,0.8556058,0.8511591,0.9861924,0.98418653,0.99228466,0.99497765,0.96864986,0.9902471,0.98175055,0.9731216,0.99379116,0.9862294
3,45,3,verbal,0.85002464,0.84005374,0.7371816,0.7086312,0.78354156,0.70160306,0.7398916,0.8270435,0.7172002,0.6863951,0.76611215,0.6807924,0.7109725,0.5963364,0.56208795,0.6362271,0.5524916,0.5898898,0.9946757,0.9692637,0.99369144,0.99008346,0.9645969,0.9957495,0.98981005,0.96030974,0.9688619,0.98909163
3,45,4,verbal,0.92171675,0.94582576,0.7898359,0.71703756,0.7542472,0.70950806,0.7614329,0.88788223,0.7499977,0.6763837,0.71734643,0.6703936,0.72130185,0.7814362,0.7238991,0.7510203,0.7149098,0.7657833,0.98359686,0.98477143,0.98117876,0.9902449,0.97973484,0.9983314,0.99075174,0.97835046,0.98386884,0.9902941
3,45,5,verbal,0.93333316,0.9734845,0.7323088,0.56465155,0.89561814,0.551271,0.858342,0.9501815,0.71216357,0.5366894,0.8558609,0.5350644,0.9030176,0.73088986,0.5639116,0.88167566,0.550357,0.8756745,0.9235107,0.88417685,0.91726154,0.88376206,0.7481964,0.9820789,0.7421996,0.7360713,0.92799985,0.7421322
3,45,6,verbal,0.878388,0.85975206,0.6283012,0.6049044,0.78322303,0.55867016,0.54222125,0.7762519,0.6589706,0.6288245,0.81437933,0.5992133,0.6335011,0.7018094,0.6786609,0.742127,0.6382868,0.49120668,0.9943412,0.8927432,0.9848815,0.62485486,0.8804187,0.9885631,0.6219649,0.8473119,0.64271027,0.6178154
3,45,7,verbal,0.9505725,0.97561693,0.83556604,0.748899,0.845581,0.77093,0.8527703,0.9402062,0.84603405,0.7665664,0.8791602,0.77415824,0.88076746,0.86086583,0.7807028,0.82706666,0.81713074,0.8450151,0.9689589,0.92807746,0.9632518,0.95578086,0.8870149,0.9517062,0.91510564,0.84859383,0.98547995,0.8796318
3,45,8,verbal,0.92135835,0.8971126,0.957442,0.9370707,0.964968,0.9674634,0.9656801,0.934882,0.94308054,0.91370285,0.92522603,0.9575879,0.9404735,0.87074876,0.8169564,0.84829235,0.8886592,0.8626718,0.97875035,0.9775925,0.9839954,0.99076056,0.98184234,0.9688968,0.98125076,0.983905,0.99014556,0.9929258
3,45,9,verbal,0.84072614,0.8351027,0.8487676,0.8236448,0.76050776,0.86685044,0.8558353,0.74985605,0.93697035,0.9033963,0.85392517,0.9481805,0.93525314,0.7498102,0.67284065,0.6322899,0.7518051,0.72899944,0.96190894,0.90539956,0.9854307,0.99165326,0.88029695,0.9491154,0.9666664,0.89913106,0.9144463,0.9862212
3,45,10,verbal,0.86020523,0.90041876,0.8809105,0.86185694,0.89021796,0.8939803,0.8777967,0.8718525,0.9413571,0.9035466,0.92710894,0.95252156,0.93737745,0.82341987,0.7667565,0.820466,0.839714,0.81181794,0.9708011,0.98560107,0.99069047,0.99584746,0.9692867,0.95528054,0.9746528,0.9720545,0.98441106,0.98878133
3,45,11,verbal,0.8886202,0.89823365,0.82628113,0.7826837,0.6570044,0.84553504,0.8018136,0.88277197,0.88856584,0.80285007,0.6610947,0.90188456,0.8651268,0.7497021,0.6285897,0.5544259,0.77182966,0.714099,0.92632383,0.80516887,0.9718332,0.98401064,0.7539749,0.90035427,0.9216903,0.8053594,0.8379122,0.9767415
3,45,12,verbal,0.9534577,0.9438193,0.73815906,0.6900937,0.7675843,0.6823727,0.73370576,0.90869135,0.7888675,0.7382553,0.80928147,0.7354495,0.78734666,0.6787195,0.62841445,0.69414616,0.62805104,0.6730541,0.98189944,0.86980486,0.97957855,0.983174,0.83773774,0.96849215,0.9753291,0.8325151,0.84867746,0.9709326
3,45,13,verbal,0.93658274,0.9385338,0.7947176,0.7500565,0.851609,0.7792228,0.83150345,0.9302241,0.7979489,0.7302027,0.8673627,0.78103936,0.83808005,0.7787131,0.71244025,0.8303686,0.7544349,0.8144396,0.9679483,0.96144944,0.99104017,0.9700041,0.91702825,0.97665375,0.9343419,0.9511046,0.97104394,0.9665849
3,45,14,verbal,0.93225783,0.9580673,0.6000008,0.53852993,0.7755049,0.5119576,0.6518803,0.9294166,0.6142288,0.5545283,0.790837,0.5230415,0.6573761,0.53818667,0.4676348,0.70474666,0.44714698,0.5879882,0.9846379,0.8866995,0.98026717,0.9907916,0.8522984,0.9880621,0.9649793,0.8266747,0.91049004,0.9615014
3,45,15,verbal,0.88555735,0.93344617,0.76680815,0.7351904,0.85728,0.7226111,0.78176075,0.8150138,0.7170565,0.7089658,0.76843077,0.6723419,0.79069436,0.7462163,0.6881033,0.8111952,0.7122637,0.71890306,0.9721358,0.9007087,0.9783927,0.9322166,0.8644759,0.9700183,0.93345684,0.8678552,0.87251467,0.9174184
3,46,1,verbal,0.99635357,0.9694425,0.95062584,0.907254,0.97254944,0.90970844,0.97241366,0.96430606,0.9425411,0.8976234,0.97226244,0.89943355,0.96916586,0.9469009,0.9001641,0.9580309,0.92197704,0.9579905,0.98410267,0.98366565,0.9849144,0.9878555,0.9553473,0.9870147,0.9610638,0.95113903,0.99576783,0.9557239
3,46,2,verbal,0.9432563,0.9493512,0.7284405,0.6444702,0.8830721,0.6556398,0.86199176,0.9409255,0.70170385,0.59005815,0.836806,0.62066025,0.8192771,0.652659,0.5625721,0.8024303,0.5790115,0.78275657,0.9567586,0.8964174,0.9606245,0.9332417,0.83217096,0.96793085,0.86747825,0.8320395,0.971567,0.87576914
3,46,3,verbal,0.9471934,0.90320075,0.8376767,0.769133,0.9027165,0.79243004,0.8439443,0.8764902,0.8136478,0.73521525,0.89696854,0.763348,0.8168462,0.71881616,0.64567083,0.8107388,0.66339004,0.72165775,0.97105724,0.9545202,0.98447555,0.99447805,0.90373695,0.98012644,0.9654391,0.9132785,0.9497004,0.9844924
3,46,4,verbal,0.9160293,0.9559388,0.7411548,0.6701167,0.7925924,0.6709354,0.7413019,0.9142412,0.73986226,0.6574455,0.78881264,0.6617039,0.7368864,0.67407155,0.5963869,0.7250158,0.6034667,0.6717113,0.970358,0.9485025,0.9624234,0.9913921,0.91059536,0.9786632,0.9634866,0.8975968,0.9494391,0.9674141
3,46,5,verbal,0.9203516,0.9614468,0.68394905,0.58126134,0.67717624,0.59595734,0.57520396,0.9263372,0.59923106,0.49005342,0.6700861,0.4966598,0.4658479,0.6051068,0.50867474,0.60392725,0.52228737,0.4955934,0.96143323,0.82202476,0.96220493,0.88936657,0.7818778,0.9779993,0.8925518,0.74513555,0.72029126,0.9103328
3,46,6,verbal,0.9174918,0.9220003,0.6822958,0.5979366,0.7508874,0.61542845,0.6338762,0.8806641,0.7131904,0.6294862,0.73892653,0.64903855,0.6311756,0.5785186,0.47985327,0.66574115,0.50203073,0.5389413,0.9614017,0.93632275,0.9773482,0.7264925,0.89482075,0.96933407,0.67980474,0.8974388,0.6608545,0.70618033
3,46,7,verbal,0.98585004,0.96521413,0.8594974,0.81526,0.9104849,0.7906114,0.90896314,0.9454737,0.8462166,0.80381954,0.90763897,0.7841573,0.8986976,0.83158624,0.79254997,0.88372165,0.7727984,0.8585599,0.9860783,0.925629,0.9587443,0.9613009,0.8862845,0.96823424,0.92677456,0.83666676,0.97293234,0.88014257
3,46,8,verbal,0.86964774,0.83061266,0.87058604,0.8575832,0.85989213,0.8724525,0.6846794,0.81009984,0.8752387,0.8471679,0.86326116,0.89823973,0.7873707,0.72619283,0.6839065,0.7151765,0.7371787,0.6202305,0.9805901,0.9725936,0.9714979,0.7847483,0.9596404,0.9407305,0.76471263,0.954658,0.7650804,0.79711735
3,46,9,verbal,0.9549386,0.90189916,0.9419902,0.91566676,0.9394023,0.9379266,0.85996073,0.89481795,0.9513293,0.93128,0.93851274,0.94982916,0.8887545,0.8105542,0.7734522,0.80323476,0.8099888,0.79989433,0.9947376,0.9898819,0.99403805,0.8787601,0.98185194,0.98763084,0.8696206,0.986043,0.86632055,0.87980086
3,46,10,verbal,0.9580248,0.89948565,0.8291225,0.8018202,0.8758765,0.801409,0.81426257,0.8631446,0.8601827,0.8325486,0.9051502,0.84054834,0.84979695,0.70598245,0.66992086,0.76290387,0.6821776,0.6886559,0.98451495,0.9726271,0.99021775,0.99507177,0.9541025,0.9796576,0.98843724,0.95530486,0.9655037,0.9955717
3,46,11,verbal,0.96306264,0.95147914,0.6429865,0.60363525,0.69803673,0.5477455,0.61913806,0.9099663,0.60959643,0.57971597,0.67870754,0.5064112,0.58729064,0.5778467,0.5353398,0.6114949,0.4938383,0.5366146,0.9828222,0.9652417,0.96692324,0.977826,0.94386363,0.9586849,0.9649848,0.9011057,0.968801,0.9548468
3,46,12,verbal,0.93723434,0.87384105,0.5783531,0.5088962,0.7227764,0.48828867,0.5812847,0.8793616,0.5436321,0.46044257,0.7042267,0.45821422,0.560221,0.46463174,0.41034663,0.58615667,0.3733422,0.38424549,0.9706637,0.8884796,0.95709395,0.86046016,0.82869357,0.9506617,0.80379826,0.8308059,0.85779446,0.85788006
3,46,13,verbal,0.97835934,0.957372,0.84147733,0.8135578,0.9345221,0.8225299,0.87243974,0.96017057,0.8193197,0.792439,0.9296173,0.7992211,0.84664315,0.7943298,0.76185906,0.8881829,0.7702112,0.8008321,0.9569546,0.92038554,0.9564088,0.94010067,0.90927297,0.9913469,0.9282375,0.91875815,0.9329091,0.941223
3,46,14,verbal,0.9817327,0.9756446,0.7514179,0.64098656,0.7929013,0.6512982,0.82356924,0.96860206,0.7578021,0.64279073,0.7970109,0.65566725,0.8390934,0.73097306,0.61991847,0.7834698,0.63283134,0.80147165,0.9168565,0.89461297,0.92131704,0.8925193,0.81122524,0.9903139,0.8292439,0.81271136,0.83678013,0.85262185
3,46,15,verbal,0.9295317,0.94358134,0.7681009,0.6618988,0.8418851,0.6419717,0.83512855,0.8988328,0.7769171,0.6668277,0.8400997,0.6536993,0.85348034,0.6897414,0.58802825,0.7832411,0.586556,0.7914237,0.9268733,0.8754419,0.9139605,0.8647675,0.80419135,0.9753568,0.7701655,0.7913161,0.87802505,0.7687096
3,47,1,verbal,0.7932364,0.92400366,0.8748805,0.85138863,0.7977889,0.84980476,0.75383145,0.74979246,0.8207788,0.79824525,0.7906195,0.80547893,0.7056127,0.7831206,0.7629524,0.72669345,0.76104563,0.6696636,0.98040444,0.9306353,0.9775287,0.8545872,0.9211892,0.97973526,0.84494865,0.9229421,0.8293031,0.852515
3,47,2,verbal,0.8998623,0.9060077,0.8711363,0.84627837,0.87362534,0.8603556,0.8874006,0.9207805,0.82658446,0.79984033,0.83434486,0.8396004,0.8428224,0.7617019,0.72764444,0.7750862,0.7672293,0.7852183,0.9918687,0.9760984,0.98168635,0.977727,0.96232307,0.9737909,0.9734219,0.9891657,0.9445196,0.95828575
3,47,3,verbal,0.9728713,0.98332006,0.9042154,0.81789887,0.7875549,0.9121507,0.9012303,0.9570943,0.91119576,0.84063846,0.82123053,0.91265166,0.8964803,0.8644234,0.76897764,0.7720986,0.8778749,0.85545367,0.9594257,0.84825104,0.99120635,0.96454334,0.83535236,0.94663906,0.92132455,0.82871616,0.80925834,0.95007384
3,47,4,verbal,0.9068407,0.9231669,0.9411571,0.91581243,0.88615936,0.9378492,0.9093709,0.83267623,0.86754924,0.85192347,0.7554268,0.8716054,0.88203645,0.79928803,0.7665724,0.8006641,0.7997545,0.7804408,0.9938287,0.8976479,0.99584335,0.95935667,0.8912204,0.99283123,0.95812654,0.8951037,0.8642678,0.96989846
3,47,5,verbal,0.86950624,0.9319646,0.789311,0.7685177,0.79225516,0.8156178,0.7899843,0.8145664,0.7968979,0.78240466,0.80320483,0.8250883,0.75071406,0.6516535,0.61914676,0.65311694,0.67716575,0.69635665,0.9802332,0.96303445,0.98032284,0.8029045,0.9642454,0.96835476,0.8183474,0.97917944,0.79498035,0.801988
3,47,6,verbal,0.94132876,0.94164836,0.8834973,0.8344692,0.87780285,0.8890184,0.88557637,0.8875098,0.92618215,0.88503855,0.9271051,0.93871737,0.91801935,0.78933173,0.72893894,0.7797817,0.80044335,0.79745036,0.9831433,0.9854919,0.98690385,0.97158945,0.97918016,0.96964014,0.9599526,0.9790952,0.96426696,0.97895795
3,47,7,verbal,0.98384905,0.96570987,0.7389502,0.676621,0.7251546,0.6131548,0.89594513,0.9537602,0.71096087,0.64758384,0.6914531,0.5826884,0.8745443,0.7046482,0.6387838,0.6982166,0.58694446,0.8489311,0.9825416,0.79169536,0.9526352,0.8752891,0.7537694,0.95130247,0.83330125,0.71580106,0.8428355,0.7716112
3,47,8,verbal,0.78343886,0.73211837,0.74443936,0.7358479,0.8273822,0.7035997,0.8174219,0.6959806,0.7301283,0.6874829,0.8218513,0.6580512,0.71154225,0.6689179,0.62640554,0.7364432,0.62705696,0.7457529,0.96364367,0.9233108,0.9313627,0.8911276,0.8969745,0.89795613,0.8804884,0.8545534,0.9341592,0.87717795
3,47,9,verbal,0.8071452,0.8241255,0.8530886,0.8152134,0.820424,0.84451556,0.8069528,0.8342619,0.83999234,0.8382961,0.84276855,0.88354194,0.75520843,0.8204174,0.7849487,0.7963091,0.8292185,0.759776,0.9746985,0.9689752,0.95131016,0.93140745,0.98382187,0.9502729,0.91014045,0.9484433,0.91228604,0.89788246
3,47,10,verbal,0.90479374,0.9528425,0.77575624,0.7221099,0.7739729,0.7259146,0.7027699,0.8399392,0.8112861,0.7649779,0.8091217,0.765859,0.7502894,0.74969214,0.7081193,0.74933875,0.71099174,0.66828823,0.97882277,0.9579534,0.97265285,0.8877499,0.94171286,0.95550084,0.87347,0.9351992,0.8811976,0.8737024
3,47,11,verbal,0.8878498,0.89378196,0.8113627,0.79057604,0.8427459,0.7890573,0.7474612,0.8298535,0.8361311,0.82486135,0.89268595,0.8330884,0.7925505,0.73184127,0.72913533,0.7639624,0.7195409,0.7145526,0.98716575,0.94844884,0.9784568,0.87094593,0.94156975,0.9657377,0.8772022,0.9228082,0.8615735,0.8641457
3,47,12,verbal,0.87805146,0.9144547,0.85353094,0.8142708,0.8567102,0.8425376,0.81719345,0.84886414,0.90877277,0.82521325,0.90398043,0.9048986,0.8386078,0.79012656,0.74069816,0.78734744,0.78002346,0.76149803,0.956403,0.95488197,0.9843247,0.8767462,0.9379305,0.9355836,0.8543552,0.9495051,0.90087485,0.879535
3,47,13,verbal,0.90498775,0.9541654,0.8469875,0.81122375,0.8677461,0.81606454,0.7140199,0.9013675,0.86192006,0.8306062,0.89752907,0.82234716,0.7191332,0.8503464,0.8138715,0.86868525,0.8242584,0.68110734,0.9783752,0.9651327,0.9839392,0.81085813,0.9338052,0.9800209,0.82327193,0.942447,0.80350417,0.79364955
3,47,14,verbal,0.825658,0.93930155,0.8211047,0.79590416,0.8685583,0.80173314,0.7706808,0.8221797,0.8505771,0.79695505,0.77757835,0.8199842,0.7676031,0.7703922,0.74887365,0.8617347,0.75513965,0.7393205,0.97689384,0.8610206,0.98834586,0.91274667,0.85977966,0.9790422,0.8947102,0.8472755,0.777107,0.9229464
3,47,15,verbal,0.8426166,0.93917453,0.8646299,0.8186471,0.8964538,0.8060705,0.7410262,0.8261233,0.7077902,0.66685396,0.79700816,0.6637476,0.6281864,0.8553308,0.82441306,0.86396056,0.8210406,0.76155746,0.9626527,0.89310455,0.9692785,0.8592747,0.8582344,0.94013107,0.8484683,0.8373362,0.78949577,0.87005746
3,48,1,verbal,0.86057764,0.9514605,0.7409819,0.7456918,0.7757694,0.69079417,0.6882371,0.8181603,0.69242775,0.66419214,0.7230381,0.6475022,0.6754636,0.70647866,0.7072855,0.7202292,0.65949917,0.6441324,0.97404474,0.93868566,0.9719904,0.861996,0.93788433,0.944801,0.8811165,0.9044294,0.83442533,0.8677185
3,48,2,verbal,0.9592286,0.9463091,0.6301866,0.56194234,0.7476169,0.5280886,0.5490096,0.91476756,0.5986444,0.5250277,0.73079455,0.49574456,0.5321315,0.6077602,0.5374999,0.6812169,0.5193686,0.4954772,0.96641713,0.8922669,0.9453183,0.8596183,0.87307626,0.94264734,0.8613437,0.8123065,0.83617145,0.890571
3,48,3,verbal,0.94179696,0.93989724,0.83550704,0.80132186,0.85499686,0.77124685,0.720457,0.8725345,0.83367175,0.7974211,0.8875893,0.7820859,0.7453168,0.73275477,0.6961408,0.75081676,0.67172396,0.6419597,0.98146296,0.93838865,0.9571836,0.88355863,0.9391019,0.964333,0.87978375,0.91385484,0.83375084,0.877963
3,48,4,verbal,0.9199005,0.92050296,0.86994255,0.8495937,0.89233786,0.86007965,0.8113463,0.9014476,0.9054342,0.8906685,0.8812528,0.89697605,0.8438541,0.7824846,0.7554881,0.8211545,0.7693665,0.74287367,0.98324776,0.9361686,0.9924468,0.92582196,0.92286825,0.9699016,0.91191864,0.9271061,0.88228333,0.9150985
3,48,5,verbal,0.94272536,0.9188853,0.8479582,0.77361584,0.8733205,0.8357255,0.7594158,0.87169486,0.8437245,0.77821374,0.8221366,0.8314374,0.7647531,0.76356715,0.6885931,0.8040404,0.7566729,0.6993913,0.93573594,0.8599034,0.96816546,0.92127126,0.8457422,0.91226315,0.9097677,0.82947904,0.7874955,0.90844786
3,48,6,verbal,0.7999388,0.92033625,0.6972885,0.6185019,0.6948165,0.6258448,0.57124096,0.799339,0.6523053,0.5511691,0.6275059,0.6093684,0.5164829,0.70001304,0.6207376,0.6757369,0.63737917,0.5780758,0.92099386,0.90960646,0.94220406,0.8532576,0.8023077,0.9436909,0.915705,0.8307704,0.7294634,0.90580237
3,48,7,verbal,0.9023857,0.93436056,0.6706855,0.5832767,0.6764691,0.63571113,0.5871596,0.8808066,0.6622056,0.57585835,0.6348664,0.6140252,0.5675542,0.62990993,0.5452816,0.60366964,0.6072675,0.5695836,0.9597522,0.89009637,0.97188044,0.87802863,0.8567525,0.95322263,0.8474952,0.8763026,0.7861623,0.88198495
3,48,8,verbal,0.89596826,0.91096026,0.72305626,0.6543519,0.78346497,0.6794195,0.6879398,0.8136711,0.6453243,0.59278405,0.74949515,0.55735964,0.6105263,0.7104012,0.63122,0.71174824,0.7152697,0.64572686,0.92849797,0.9166953,0.92927146,0.87633526,0.89488196,0.87159866,0.85777617,0.83659154,0.88651186,0.859859
3,48,9,verbal,0.779444,0.91319144,0.8098374,0.7089562,0.8241628,0.68774766,0.70920193,0.7174497,0.7471332,0.7039291,0.8464299,0.68885595,0.6926673,0.7232161,0.62098086,0.7667702,0.62336624,0.6531918,0.9409055,0.88955903,0.9289036,0.83493394,0.84228516,0.927308,0.83638364,0.80087215,0.8152136,0.8279531
3,48,10,verbal,0.8886813,0.90487266,0.89459956,0.85305446,0.84543365,0.8732283,0.8246226,0.8242983,0.85378194,0.8401609,0.8274053,0.853979,0.85249925,0.81679726,0.7896021,0.7524009,0.8039374,0.7412825,0.9658897,0.88647497,0.95473486,0.8913526,0.9137097,0.9294616,0.9095606,0.8454348,0.84467584,0.8819484
3,48,11,verbal,0.85930294,0.9297167,0.79298824,0.7878692,0.70439935,0.80200964,0.56707615,0.8291879,0.83912796,0.8097126,0.6552501,0.8508297,0.6017814,0.7169115,0.7151919,0.6985252,0.7243931,0.48304412,0.97424346,0.7263181,0.97352046,0.7991301,0.74988854,0.94660807,0.80558985,0.7213705,0.48223823,0.7673401
3,48,12,verbal,0.81717634,0.8587023,0.86007446,0.83344656,0.814561,0.82444066,0.8517063,0.8241112,0.8524622,0.78822714,0.81175554,0.8518987,0.8570396,0.804747,0.77468115,0.79971164,0.7892517,0.8021858,0.96780425,0.9164706,0.9702769,0.98979944,0.91070974,0.9270193,0.97206527,0.908932,0.9325171,0.97589695
3,48,13,verbal,0.8870588,0.918906,0.8131049,0.8089417,0.8456685,0.8137488,0.8204482,0.8295733,0.8606693,0.84526926,0.8636503,0.8615352,0.84993607,0.73511654,0.7382334,0.7686795,0.7208998,0.7682033,0.9741575,0.9533258,0.96470845,0.93052554,0.9660459,0.9509632,0.94025785,0.9513292,0.9312148,0.9451943
3,48,14,verbal,0.9305226,0.90183264,0.76113605,0.6876653,0.7599546,0.70215565,0.7255961,0.88900024,0.7401573,0.67027205,0.75617826,0.6773439,0.6964007,0.6853972,0.6248979,0.683822,0.62457675,0.66869,0.9749616,0.9485575,0.9666524,0.6761926,0.9185174,0.9485312,0.6360875,0.9380304,0.7115881,0.65045494
3,48,15,verbal,0.95151794,0.9299832,0.6892466,0.52488375,0.7904049,0.61509734,0.44162637,0.87969035,0.70030725,0.53250104,0.80640113,0.62371624,0.37849343,0.66953444,0.5361024,0.7523688,0.63520557,0.43489358,0.9012111,0.92536837,0.94165325,0.43778393,0.808356,0.90993834,0.421668,0.8654104,0.45670664,0.41884282
3,49,1,verbal,0.9243789,0.88960284,0.83074033,0.7972463,0.8154529,0.831293,0.26174614,0.8243548,0.8203429,0.7955589,0.80101454,0.8221046,0.28666475,0.7564679,0.71631294,0.7340202,0.7558926,0.2457507,0.9771969,0.9435287,0.97054356,0.4877979,0.9496644,0.9461928,0.4730648,0.92332774,0.39042366,0.48177516
3,49,2,verbal,0.9056098,0.9225993,0.8164376,0.7640821,0.84160644,0.81323886,0.8093282,0.85016143,0.82157445,0.7821778,0.85867417,0.83233845,0.8273004,0.7292089,0.6708652,0.76697725,0.71935,0.7079777,0.93617016,0.87503135,0.9432003,0.95873284,0.8562597,0.89981604,0.9540561,0.9167927,0.9078395,0.97090465
3,49,3,verbal,0.8983733,0.9459071,0.68222594,0.5976928,0.7314703,0.61232764,0.61362803,0.86622274,0.67891544,0.6201964,0.736525,0.62144816,0.6341895,0.6837828,0.5957272,0.7114617,0.622193,0.61561555,0.9521725,0.94457006,0.9627287,0.96433175,0.93244135,0.9514925,0.9874242,0.91998875,0.939755,0.97721744
3,49,4,verbal,0.9395537,0.948363,0.6196024,0.52628905,0.69850415,0.57210714,0.61891115,0.92843294,0.6394381,0.5411323,0.70108646,0.59272474,0.6304947,0.61399615,0.5235296,0.65302837,0.5847257,0.6111275,0.95601004,0.9098141,0.9496936,0.9732192,0.8557018,0.9359587,0.96055573,0.86944336,0.90197366,0.957681
3,49,5,verbal,0.9406416,0.9383784,0.6303199,0.5381427,0.76778775,0.5324266,0.6336337,0.8750629,0.5881453,0.5101088,0.73232794,0.49256757,0.61704016,0.5701915,0.4740874,0.68690896,0.46796346,0.5798032,0.951613,0.879975,0.9425636,0.8207014,0.8304511,0.9784934,0.7971761,0.81182754,0.71068853,0.8082756
3,49,6,verbal,0.8474126,0.90333545,0.7548969,0.73454434,0.8550801,0.7141775,0.74330497,0.8030105,0.64998114,0.62373036,0.74389154,0.5959495,0.624398,0.75693375,0.70449877,0.8097786,0.7172732,0.71901613,0.96397895,0.92922425,0.9648865,0.9606926,0.9264867,0.9524103,0.98280823,0.8860907,0.92103624,0.9744019
3,49,7,verbal,0.8549826,0.9022099,0.8438872,0.799088,0.8470141,0.86269957,0.8125243,0.856301,0.81452316,0.7871818,0.8460331,0.8402137,0.8253595,0.82365835,0.7890086,0.8506126,0.82076037,0.78748137,0.9683411,0.90755564,0.9724715,0.970659,0.8598723,0.94066095,0.9735589,0.8891021,0.8725804,0.96252334
3,49,8,verbal,0.9189534,0.94650394,0.8973315,0.8971561,0.84509087,0.8750347,0.8437079,0.9171974,0.87349325,0.87002474,0.8429508,0.8832487,0.826985,0.8892203,0.8825451,0.853426,0.8827273,0.83250535,0.98587227,0.91027606,0.9637859,0.9041434,0.9077613,0.9509698,0.8860992,0.9049347,0.83244663,0.9118389
3,49,9,verbal,0.83325624,0.9198705,0.8401149,0.7891253,0.8389789,0.830925,0.80604595,0.81794035,0.8592248,0.8200924,0.80243987,0.8710787,0.82960373,0.80339843,0.7579056,0.7940637,0.80420715,0.7703286,0.9787124,0.9596936,0.9845107,0.9742258,0.9651711,0.9721435,0.98824507,0.94896376,0.95599467,0.9787826
3,49,10,verbal,0.87822956,0.911206,0.8900331,0.88195276,0.7626572,0.8880514,0.84658283,0.8204315,0.83978444,0.8414148,0.77388793,0.8594082,0.82156795,0.80202234,0.7973336,0.68547946,0.79872674,0.7931609,0.98967975,0.78653765,0.9671599,0.92759734,0.8049289,0.9513993,0.9106597,0.7554852,0.72588646,0.93392134
3,49,11,verbal,0.92059606,0.88885516,0.9544619,0.9279241,0.95483,0.9498269,0.77144414,0.82563204,0.9324962,0.9137503,0.93330055,0.9336805,0.72937834,0.8205292,0.7877492,0.82272726,0.80695957,0.7410937,0.9882282,0.98042476,0.9845779,0.7466851,0.9662929,0.9702937,0.73527676,0.98146194,0.7747214,0.7599736
3,49,12,verbal,0.9128393,0.8909792,0.91805995,0.91517776,0.90169424,0.8964729,0.66055465,0.896623,0.88748384,0.8874009,0.85212857,0.87659264,0.62205094,0.86655873,0.8702153,0.8378304,0.8488835,0.6170789,0.9833428,0.95154434,0.98778087,0.7365073,0.94864553,0.9654423,0.7099586,0.9307781,0.67593324,0.732202
3,49,13,verbal,0.918674,0.9144411,0.85938597,0.83399415,0.85138196,0.8654215,0.6643791,0.8604194,0.9326389,0.9059136,0.91678655,0.93824416,0.6874491,0.8031488,0.76977,0.8027424,0.80088246,0.5946025,0.9846091,0.9647831,0.98740095,0.73133665,0.9470099,0.97234386,0.7386979,0.9575344,0.69744694,0.736317
3,49,14,verbal,0.88347054,0.9154172,0.8565124,0.8149686,0.72247255,0.83592093,0.37348995,0.8168842,0.8683652,0.83548206,0.7466414,0.85732037,0.4003062,0.78795975,0.75434524,0.69457704,0.7752325,0.3608129,0.9796456,0.84376657,0.95755637,0.46026167,0.84927124,0.95355576,0.4982725,0.8228516,0.37961546,0.49014637
3,49,15,verbal,0.9487359,0.8787408,0.826658,0.77980095,0.7633071,0.766697,0.7347181,0.8853816,0.8306029,0.78598094,0.780134,0.7725514,0.74097186,0.84469134,0.8045232,0.80027133,0.799414,0.69204175,0.97576946,0.93917215,0.96804404,0.70735496,0.9635502,0.9666664,0.6795564,0.9209199,0.6875058,0.67632407
3,50,1,verbal,0.8819512,0.9108735,0.7736937,0.77190703,0.8374055,0.7022966,0.81972015,0.85541797,0.83262444,0.80896366,0.8909273,0.7719036,0.881086,0.7772204,0.7774869,0.81584316,0.72909856,0.799766,0.9749312,0.9282364,0.962155,0.9653772,0.94018596,0.92067945,0.95871675,0.8536058,0.9615225,0.8956669
3,50,2,verbal,0.84599763,0.92978114,0.844402,0.78728765,0.87885123,0.8371627,0.83563906,0.8265625,0.8122772,0.7381008,0.8181283,0.8701697,0.8266565,0.73089206,0.67667747,0.7723198,0.7480445,0.72912467,0.9422657,0.97262985,0.9487392,0.9786782,0.9271476,0.86212385,0.92971057,0.93107665,0.96581626,0.96268576
3,50,3,verbal,0.8603096,0.89936376,0.7876349,0.7764046,0.8291574,0.79941905,0.80232286,0.78681344,0.7809059,0.7525331,0.79631764,0.81964284,0.78618807,0.6566734,0.63941294,0.70708615,0.652503,0.65627646,0.943782,0.9457129,0.95641637,0.9544214,0.9438294,0.92433727,0.96998703,0.9218636,0.9562917,0.95501906
3,50,4,verbal,0.92298186,0.8863044,0.82681304,0.76144475,0.8200501,0.83880967,0.62001985,0.8647603,0.8687198,0.8087685,0.8455082,0.8734949,0.6442003,0.70668155,0.626811,0.69642746,0.71995765,0.5005967,0.9618662,0.95953935,0.9689252,0.7385429,0.9214851,0.9305243,0.75937086,0.9600805,0.68361133,0.6928948
3,50,5,verbal,0.8791171,0.9388558,0.88866794,0.8325324,0.81949633,0.8797221,0.836165,0.84645975,0.88062507,0.8119767,0.8322874,0.8962781,0.84173137,0.79713273,0.7301758,0.7412743,0.782947,0.7334713,0.9486364,0.8911071,0.952523,0.9438399,0.8922057,0.93027943,0.9603886,0.9246576,0.90928274,0.9538801
3,50,6,verbal,0.9390498,0.9304371,0.8660101,0.829991,0.8469285,0.89039445,0.8628251,0.92529553,0.8695244,0.81822395,0.8590939,0.8891393,0.8674245,0.7905336,0.7390429,0.8067987,0.80684185,0.7767163,0.96127677,0.94997096,0.96641994,0.9780204,0.9401268,0.9347261,0.9609714,0.91917217,0.9384305,0.97001344
3,50,7,verbal,0.9223937,0.941562,0.87370193,0.8127665,0.8601814,0.89419544,0.8691823,0.90643865,0.83076173,0.7713375,0.8083393,0.83872294,0.82084936,0.7797678,0.7219458,0.7817434,0.8020232,0.7773072,0.9419847,0.9447736,0.97120035,0.97210056,0.94086015,0.92285085,0.9670428,0.92871207,0.9555486,0.96957946
3,50,8,verbal,0.8482707,0.87982905,0.8563592,0.7740156,0.81600153,0.858244,0.77011764,0.79357594,0.8892368,0.82494235,0.8636177,0.88940895,0.805367,0.7192816,0.6407007,0.68616664,0.715894,0.67523694,0.9657267,0.9719977,0.9805753,0.9073363,0.965625,0.94750506,0.9026263,0.9621357,0.9086192,0.91532433
3,50,9,verbal,0.89280146,0.87278163,0.85306734,0.7951845,0.7847799,0.8737011,0.58265823,0.85010415,0.83639026,0.7904238,0.7683965,0.8539556,0.6273245,0.7075146,0.64906573,0.7409194,0.71782213,0.51133436,0.9819956,0.8586286,0.9801207,0.7223816,0.8401331,0.95795643,0.7325078,0.84544986,0.5890634,0.72071046
3,50,10,verbal,0.9443133,0.93069255,0.9238695,0.89967906,0.9170576,0.9290484,0.4246214,0.91191226,0.9108804,0.8857747,0.9087257,0.92500585,0.41119903,0.8571122,0.83662134,0.84594613,0.86264753,0.33232716,0.98541534,0.97110236,0.9787169,0.45060006,0.9668502,0.97065735,0.44433433,0.965792,0.47743052,0.4447322
3,50,11,verbal,0.8323664,0.8229382,0.8762466,0.85931915,0.84974974,0.8149868,0.87547755,0.75272405,0.80900526,0.7969688,0.8280454,0.79715306,0.8464976,0.7605949,0.7229951,0.7426772,0.7469761,0.7599089,0.9706087,0.88241404,0.9525231,0.95003414,0.8778315,0.9239545,0.95549226,0.8623258,0.9387074,0.928406
3,50,12,verbal,0.8080196,0.6176918,0.77394605,0.70762104,0.7628276,0.81866777,0.7878316,0.62645704,0.7943804,0.73886484,0.80830544,0.835105,0.8123699,0.5828842,0.54307824,0.65240985,0.5895866,0.581471,0.9680398,0.9365244,0.95422894,0.9635266,0.9168451,0.919501,0.95496005,0.925996,0.9273467,0.9755515
3,50,13,verbal,0.80763084,0.7298077,0.7453591,0.6865133,0.6625741,0.7114291,0.67510915,0.7579488,0.8039608,0.6824015,0.7664577,0.80654943,0.7748744,0.6696804,0.4809777,0.65090144,0.69202495,0.65307236,0.8767768,0.86727935,0.96271235,0.9652302,0.8046559,0.82210916,0.8585828,0.8591777,0.8849509,0.97868544
3,50,14,verbal,0.8644796,0.8614822,0.8341099,0.6765974,0.8458066,0.8578192,0.79577017,0.83790666,0.7659047,0.6355167,0.8109697,0.82017845,0.7705362,0.6680813,0.47801664,0.7066557,0.69576216,0.6262595,0.8801195,0.957678,0.9314059,0.95285434,0.84819394,0.8285753,0.90876496,0.942589,0.9551972,0.9605968
3,50,15,verbal,0.87296444,0.86053985,0.8087751,0.7765555,0.7446508,0.7996221,0.7884736,0.8257282,0.8711961,0.7999349,0.8021269,0.86473256,0.8482154,0.74084437,0.6990144,0.72291183,0.75737864,0.7321355,0.95063865,0.8547526,0.9681932,0.97623545,0.8426315,0.91195077,0.96216327,0.8207283,0.8523644,0.97806203
3,51,1,verbal,0.7766847,0.88574904,0.843383,0.78874,0.8403593,0.8279821,0.8200706,0.7134921,0.80054855,0.7172512,0.7662517,0.7852228,0.77755296,0.74197364,0.6755892,0.7463132,0.7176286,0.71095484,0.95525694,0.9717113,0.9736902,0.9891564,0.9453097,0.9297136,0.9651672,0.9472728,0.96992856,0.97862655
3,51,2,verbal,0.8701377,0.9194799,0.8699327,0.8343896,0.8742186,0.86689734,0.8617266,0.8539823,0.8535919,0.795692,0.87045777,0.8703878,0.8441051,0.785935,0.73510784,0.7923914,0.78775054,0.764305,0.96482986,0.97221714,0.974359,0.99087954,0.95151883,0.9329897,0.97427094,0.95310956,0.9761311,0.97508824
3,51,3,verbal,0.89599943,0.92204356,0.90602446,0.87299144,0.87102354,0.9078915,0.89487976,0.9150635,0.92385036,0.90896136,0.9213057,0.9208031,0.92207754,0.8630018,0.83455145,0.8523532,0.86119777,0.8585468,0.9802768,0.96068496,0.99175394,0.9936654,0.96903324,0.9756686,0.9901604,0.96342695,0.9726966,0.9923001
3,51,4,verbal,0.8872607,0.9336464,0.86112475,0.79363495,0.9191009,0.80198705,0.9013242,0.8420307,0.806505,0.7385176,0.87286764,0.76140535,0.85899854,0.8259766,0.7680288,0.8542607,0.78686726,0.8421266,0.9720525,0.9303308,0.9586304,0.96020216,0.88059384,0.9650631,0.9181219,0.8591795,0.9781462,0.8993284
3,51,5,verbal,0.9799747,0.9925387,0.90648526,0.79114234,0.94420564,0.79651,0.9501323,0.97442883,0.90234506,0.7787763,0.952639,0.79306525,0.9575317,0.8949625,0.7832953,0.930875,0.7914267,0.9373315,0.94323343,0.9637006,0.94032234,0.97492063,0.86689335,0.967111,0.87731546,0.87561846,0.9937729,0.8844708
3,51,6,verbal,0.9558844,0.97936887,0.8016754,0.6543615,0.9045574,0.6274318,0.876218,0.9127947,0.79640675,0.652039,0.9225414,0.63971776,0.8841878,0.80466586,0.6543558,0.8860761,0.63955915,0.87251145,0.9237309,0.9015066,0.9101835,0.9234371,0.7799275,0.9582473,0.8020797,0.756451,0.97003704,0.7766587
3,51,7,verbal,0.9090787,0.9474721,0.7984439,0.6790506,0.8924338,0.68595964,0.8799992,0.8639744,0.77001363,0.6634221,0.842874,0.66194993,0.85326403,0.77134746,0.6481023,0.83296263,0.6730344,0.8305274,0.94808084,0.9460726,0.9444105,0.94807124,0.86559236,0.9553099,0.867159,0.8528652,0.9724306,0.861587
3,51,8,verbal,0.86926025,0.87921184,0.7339393,0.66860247,0.77703315,0.6620092,0.76651937,0.86959046,0.70962787,0.6148255,0.82849747,0.6627142,0.7378576,0.74081796,0.62298566,0.7522393,0.6766864,0.75015265,0.9200307,0.83063596,0.96146804,0.96890134,0.7918151,0.926674,0.91359556,0.8125119,0.847204,0.9470071
3,51,9,verbal,0.78359747,0.87661785,0.6574272,0.61618817,0.80159795,0.44846335,0.6810261,0.74618644,0.7404474,0.6900231,0.86182666,0.5236531,0.7389575,0.7270621,0.6303774,0.78650135,0.5968312,0.7585024,0.88174677,0.87499243,0.8689827,0.98241585,0.85959846,0.79556036,0.8752296,0.6825801,0.88095933,0.8585464
3,51,10,verbal,0.7322743,0.8862119,0.7982206,0.7307492,0.8347983,0.7184829,0.7859172,0.65383357,0.7405759,0.6726969,0.7688931,0.670832,0.7438334,0.6945694,0.60906774,0.7274226,0.62026775,0.6666886,0.95906955,0.9364663,0.9526172,0.98766756,0.8804451,0.9557759,0.9537861,0.878227,0.94229597,0.95497984
3,51,11,verbal,0.8429678,0.9225312,0.8854551,0.87544346,0.8964816,0.8846778,0.8703369,0.8293707,0.8280075,0.7999631,0.8275533,0.8325949,0.81000775,0.78688174,0.75103605,0.80396813,0.7911128,0.7683127,0.98204726,0.9806478,0.99231005,0.9904675,0.9698268,0.97076195,0.979817,0.9752639,0.97722054,0.9892601
3,51,12,verbal,0.82584774,0.91133046,0.923295,0.8932545,0.9017413,0.9048603,0.8980146,0.77307415,0.81494987,0.78094125,0.8203523,0.81596714,0.8062023,0.8280391,0.78357583,0.8322898,0.8098802,0.8169738,0.9868356,0.9551576,0.99393153,0.9920503,0.9507711,0.9880924,0.98594666,0.95946264,0.9609985,0.99381185
3,51,13,verbal,0.8934185,0.8893699,0.93177485,0.92393005,0.92996025,0.92932993,0.9288481,0.86831135,0.8442571,0.8258564,0.8673573,0.85451174,0.85591674,0.8079922,0.78598565,0.85487115,0.8009278,0.8020186,0.9852637,0.92994106,0.98707354,0.9874036,0.92187107,0.9697352,0.9714335,0.9225438,0.9298479,0.99644154
3,51,14,verbal,0.9073261,0.91482633,0.91920584,0.9352218,0.92971474,0.9095291,0.9121449,0.9040526,0.9241122,0.90755683,0.933203,0.9223429,0.93245345,0.87136465,0.8552493,0.8896792,0.8652183,0.86022514,0.96121067,0.97530806,0.9921011,0.99177486,0.9690346,0.9566595,0.9645787,0.96837425,0.9764703,0.99477977
3,51,15,verbal,0.95947444,0.9631274,0.9669724,0.93783736,0.94525754,0.9629927,0.9158841,0.9283276,0.95023966,0.92485005,0.94830734,0.9523097,0.8993621,0.9050817,0.8701125,0.8813611,0.90210253,0.8499808,0.98588884,0.9816605,0.99559253,0.95193267,0.9785316,0.98352295,0.94706374,0.9829012,0.94249856,0.95124257
3,52,1,verbal,0.87395287,0.8805275,0.85649645,0.71699476,0.89203984,0.81467247,0.8482156,0.81876683,0.7725876,0.63320327,0.82823056,0.7450437,0.77665883,0.76409477,0.565686,0.795679,0.7074854,0.7483818,0.918393,0.89202124,0.9850998,0.9912563,0.78366864,0.9557668,0.91957116,0.8721119,0.88893706,0.98062605
3,52,2,verbal,0.9589728,0.95115805,0.852707,0.81987834,0.9328045,0.8121135,0.8298738,0.9075714,0.7992426,0.7755636,0.88491005,0.7579289,0.7862323,0.83234155,0.77874297,0.8888881,0.7984267,0.8082007,0.93092686,0.95059854,0.97112286,0.9368604,0.9162239,0.9375835,0.90920484,0.91273916,0.9025073,0.9351046
3,52,3,verbal,0.8905719,0.9454737,0.90286475,0.85423785,0.89823925,0.8378229,0.85891867,0.869847,0.8112754,0.75399613,0.79749125,0.7588587,0.7812976,0.873327,0.82658035,0.85114425,0.8243098,0.8541387,0.96148527,0.94614947,0.9676674,0.9644933,0.9050707,0.9562672,0.9192823,0.9030854,0.93016285,0.95072687
3,52,4,verbal,0.94553643,0.90422946,0.87999415,0.7984579,0.93837446,0.8206346,0.6993101,0.8226388,0.8196299,0.7636322,0.9017237,0.74533504,0.6835512,0.7867366,0.67540944,0.8217654,0.75449735,0.55551374,0.94255674,0.9595211,0.9619722,0.786816,0.9091005,0.9340721,0.8563562,0.90110546,0.78268516,0.7553459
3,52,5,verbal,0.7845656,0.85640055,0.83819324,0.6368982,0.8034408,0.8453201,0.87585825,0.7882211,0.6015077,0.5034876,0.65486234,0.61975473,0.67557824,0.63517386,0.4132624,0.6216277,0.6373096,0.70801884,0.85201436,0.91034573,0.9830505,0.84569544,0.7918138,0.8408219,0.71072596,0.91441536,0.7504578,0.8547726
3,52,6,verbal,0.93389314,0.9459102,0.9107531,0.88263595,0.9118866,0.92758334,0.83249885,0.9503781,0.8465922,0.8245864,0.8318007,0.8742381,0.8304062,0.82398283,0.7797192,0.81453735,0.8387082,0.8167209,0.9573439,0.94049627,0.9841059,0.8298903,0.9616112,0.96553755,0.7877974,0.9593116,0.77067274,0.83407855
3,52,7,verbal,0.9227919,0.9179535,0.9135381,0.81039935,0.92233354,0.91833806,0.9185529,0.8626782,0.86791116,0.764532,0.86014706,0.85701215,0.8755217,0.80803293,0.6613819,0.80099833,0.8119197,0.8165285,0.9172427,0.9601672,0.98488647,0.99259764,0.90761167,0.91859734,0.91554296,0.9692497,0.96644586,0.9911263
3,52,8,verbal,0.9705519,0.9546337,0.9158082,0.8705424,0.9294484,0.91070074,0.9235929,0.93133575,0.92505383,0.87735546,0.92312515,0.9120123,0.9342285,0.8322318,0.77091956,0.8605981,0.82927907,0.8426686,0.9561392,0.9631735,0.98559076,0.99636114,0.9059099,0.95124495,0.9533273,0.9622963,0.9660979,0.98193467
3,52,9,verbal,0.9130813,0.87222147,0.863295,0.8341006,0.8747308,0.8749446,0.8796244,0.8685702,0.80173224,0.74403006,0.7814038,0.8068062,0.80702275,0.7257219,0.63065886,0.71834373,0.71277046,0.73092365,0.9324748,0.94960666,0.9816497,0.9797631,0.96816653,0.94844174,0.939968,0.950251,0.95343775,0.98028845
3,52,10,verbal,0.91338664,0.8839725,0.8525705,0.82383657,0.85052425,0.8397485,0.8581541,0.80104357,0.868933,0.8451656,0.85602665,0.87264544,0.8757143,0.68143624,0.6287002,0.6875462,0.67783344,0.68114215,0.95664674,0.9376503,0.97915494,0.9906026,0.9019043,0.9246959,0.9638228,0.93300456,0.93527275,0.96799904
3,52,11,verbal,0.9185762,0.88732386,0.88348794,0.8774393,0.8988099,0.8605473,0.84321344,0.83669406,0.8851572,0.8418962,0.9225208,0.87614757,0.8550906,0.70236903,0.69632924,0.7401089,0.68575454,0.6794969,0.9726203,0.9602724,0.9846455,0.965041,0.93754584,0.9375479,0.93803614,0.945654,0.9281332,0.95189536
3,52,12,verbal,0.8119648,0.9011331,0.91571945,0.86912566,0.9370477,0.93158704,0.92351776,0.7369496,0.83456075,0.79685056,0.82988083,0.8283703,0.8225137,0.76002204,0.70332533,0.80788314,0.78418946,0.77245075,0.97200894,0.94988364,0.9866891,0.98302,0.91251236,0.9492183,0.95151114,0.95286256,0.9505283,0.9946111
3,52,13,verbal,0.91054505,0.93340915,0.92952245,0.92163694,0.8968795,0.9062027,0.9226483,0.8710199,0.8714292,0.84192383,0.8682663,0.8411608,0.8556618,0.8604854,0.85356945,0.80209285,0.839887,0.8596608,0.9746622,0.9578217,0.98614293,0.9857265,0.938818,0.9593463,0.9775012,0.9534194,0.9557926,0.9841745
3,52,14,verbal,0.95277876,0.93324995,0.9013537,0.8194952,0.8497137,0.877579,0.903912,0.9001767,0.88512784,0.7989533,0.84969354,0.8697349,0.90115815,0.7880227,0.6989754,0.763919,0.7576449,0.7892781,0.9585508,0.93141717,0.9907562,0.9850396,0.8820673,0.9560797,0.93279994,0.931032,0.9342859,0.98530805
3,52,15,verbal,0.8856294,0.9396179,0.9207366,0.88445467,0.92076546,0.92122525,0.91116077,0.8391968,0.82676584,0.8020523,0.8432025,0.8317334,0.81199926,0.8119609,0.77558446,0.8030738,0.8136289,0.79247266,0.9681685,0.96307737,0.9890739,0.9867267,0.9406618,0.95311826,0.9611277,0.9667342,0.9780245,0.98888046
3,53,1,verbal,0.9412953,0.9328371,0.8784165,0.843616,0.8701427,0.8833052,0.8600136,0.9095156,0.88476366,0.8501032,0.8732925,0.8853032,0.87830496,0.7626999,0.71187145,0.7493321,0.7698228,0.7460195,0.98697454,0.97809196,0.9910768,0.9880744,0.969525,0.9725389,0.97968745,0.96651775,0.97183543,0.9803004
3,53,2,verbal,0.85847944,0.91372836,0.8319267,0.7930148,0.81618184,0.8248869,0.8192503,0.8298702,0.75417703,0.71612465,0.7477985,0.75253034,0.75778687,0.7317856,0.7062109,0.72124213,0.72546476,0.7201552,0.94082916,0.9716942,0.9823106,0.97261184,0.92848134,0.90737474,0.9304206,0.957102,0.96003354,0.9696499
3,53,3,verbal,0.8740143,0.9025911,0.8168554,0.6958514,0.82548344,0.80886155,0.76710534,0.79258233,0.82838446,0.65184295,0.79772633,0.82360566,0.7856603,0.676517,0.5446,0.6927765,0.6769557,0.60099596,0.8726565,0.9137611,0.96728444,0.96965617,0.85376406,0.81649446,0.879374,0.900679,0.8999825,0.94554085
3,53,4,verbal,0.8928351,0.8790608,0.8718966,0.8283823,0.8959553,0.87757707,0.8719368,0.8290587,0.8290369,0.7514562,0.87922984,0.8401146,0.83615655,0.797242,0.70288044,0.80350435,0.8105105,0.78153974,0.9198161,0.86057866,0.9875049,0.97065735,0.8179121,0.8936885,0.9094472,0.85500234,0.84526557,0.9607273
3,53,5,verbal,0.9272319,0.9226044,0.9395461,0.8943112,0.88162404,0.9487957,0.9303334,0.9143874,0.88705486,0.8352141,0.82180035,0.8909621,0.8787346,0.83818245,0.7841891,0.76521957,0.83976763,0.8243034,0.9760608,0.8887333,0.97449696,0.963464,0.8632257,0.93130213,0.9344943,0.9078532,0.93805856,0.9683236
3,53,6,verbal,0.8942915,0.8804976,0.91083425,0.837982,0.85715675,0.898049,0.89184684,0.8312955,0.87636495,0.7888639,0.8357498,0.88334364,0.8500695,0.7427474,0.62240654,0.6679952,0.7360413,0.715915,0.93700594,0.9368335,0.9828222,0.97447675,0.92950636,0.9297015,0.96187764,0.91909987,0.92567813,0.9677288
3,53,7,verbal,0.91308355,0.9075916,0.9604647,0.9273385,0.90829706,0.9505642,0.9575375,0.8980406,0.89614457,0.8504254,0.84224236,0.8884869,0.88748986,0.8551833,0.7807237,0.8236123,0.8579608,0.85338455,0.9801156,0.93162745,0.9898803,0.9894129,0.90585756,0.9708168,0.97133774,0.9155356,0.9333986,0.9784964
3,53,8,verbal,0.92805344,0.9158016,0.72924715,0.6298635,0.8261733,0.62373674,0.67773765,0.9250443,0.6936858,0.57684225,0.792869,0.5845769,0.6331295,0.78717595,0.64605993,0.84174293,0.70125926,0.73373866,0.9050252,0.8961222,0.93813574,0.9759576,0.81660163,0.9344476,0.9283824,0.81458086,0.87278,0.9530064
3,53,9,verbal,0.9605294,0.95963526,0.821583,0.69220483,0.90042174,0.69400644,0.85223085,0.950473,0.7864083,0.6536768,0.8734438,0.6630624,0.82024163,0.7912009,0.64833057,0.87406427,0.6818562,0.8192283,0.90043825,0.9305089,0.91729826,0.98239636,0.7947561,0.9551346,0.87392354,0.82177645,0.9595918,0.8884885
3,53,10,verbal,0.97619337,0.9729539,0.8292578,0.715586,0.8838092,0.752278,0.8146953,0.94680506,0.7979016,0.6840524,0.86075145,0.7200464,0.8393605,0.83628476,0.717554,0.8732929,0.7738518,0.8151891,0.9377641,0.94587004,0.9659039,0.8444358,0.86016005,0.9642097,0.76770127,0.89167887,0.8393854,0.8031934
3,53,11,verbal,0.98712444,0.9799183,0.73135287,0.6666755,0.8517023,0.5953426,0.8335299,0.9740325,0.72700685,0.66581696,0.8504013,0.59327346,0.83823776,0.7479058,0.6793812,0.85219413,0.6214779,0.84390587,0.96209085,0.92046624,0.9398168,0.9433562,0.8892166,0.95269513,0.8930287,0.81102,0.96146315,0.83643186
3,53,12,verbal,0.9673494,0.9311836,0.7845538,0.69686764,0.91072094,0.6733535,0.8647254,0.8647396,0.7347828,0.65555245,0.8673566,0.6242017,0.8379743,0.80735767,0.70546407,0.908941,0.7077317,0.85153973,0.9505504,0.909127,0.95421565,0.92816406,0.8166115,0.9654689,0.8410309,0.81759477,0.96398926,0.8558222
3,53,13,verbal,0.99792403,0.9888403,0.7736132,0.64643896,0.9360971,0.64202654,0.89958847,0.9880242,0.77080935,0.64204085,0.9320311,0.63816845,0.8971902,0.77323973,0.6430038,0.91939044,0.641492,0.8873887,0.9459656,0.89481205,0.93731576,0.92186123,0.7911175,0.98476315,0.82304186,0.78247297,0.9819484,0.82377917
3,53,14,verbal,0.9809256,0.9882346,0.94167054,0.9137084,0.9543032,0.9361037,0.95254767,0.9773286,0.9567382,0.9330499,0.9696588,0.9536327,0.96885234,0.91920286,0.88667053,0.9319107,0.9174192,0.9283398,0.98704594,0.9926944,0.9976024,0.9948243,0.9749971,0.9839606,0.98153657,0.9888062,0.9949748,0.9906866
3,53,15,verbal,0.9942786,0.9890231,0.97639954,0.9564652,0.9716345,0.97665596,0.98344356,0.98299503,0.9736261,0.9504212,0.9791738,0.97225475,0.9802153,0.9646835,0.94070643,0.9577435,0.9699074,0.9699752,0.9904344,0.98693115,0.9982012,0.99720836,0.9711974,0.98940897,0.9838574,0.98488855,0.98832923,0.995406
3,54,1,verbal,0.97687656,0.9330881,0.9040655,0.8592665,0.9174581,0.91701055,0.90281147,0.9505011,0.8821637,0.8240328,0.8972727,0.8942588,0.88414013,0.8287218,0.7459989,0.8335157,0.8394382,0.8322677,0.95927966,0.9851057,0.9963475,0.99382085,0.9570837,0.9590686,0.94714934,0.9887306,0.98357725,0.99286765
3,54,2,verbal,0.9813446,0.97538525,0.9177041,0.8911335,0.906072,0.9178198,0.9047201,0.9567271,0.92741454,0.89526904,0.9143926,0.92620945,0.91896296,0.8713586,0.83679974,0.86814654,0.8749334,0.8602528,0.97550213,0.9697002,0.9938302,0.9912849,0.97403866,0.9637715,0.96084434,0.9671413,0.9577832,0.9864822
3,54,3,verbal,0.96687514,0.9696091,0.91829306,0.8518873,0.91173905,0.829303,0.95025146,0.9303887,0.891193,0.8524472,0.89532036,0.7885735,0.93053424,0.893405,0.8228638,0.87302876,0.8259318,0.9095864,0.9517156,0.90079165,0.96281505,0.9728596,0.84671074,0.92104036,0.92230564,0.8152709,0.9191889,0.8966733
3,54,4,verbal,0.9496035,0.8702871,0.813324,0.7147892,0.86787266,0.7554789,0.8341491,0.8465589,0.8155541,0.70659596,0.86967874,0.7487391,0.83030564,0.72185177,0.6095298,0.72439045,0.66476524,0.6949083,0.91791815,0.90463364,0.94402474,0.9311681,0.86516726,0.8769489,0.9027307,0.8232114,0.92999023,0.8771536
3,54,5,verbal,0.9482774,0.91514564,0.87031966,0.80895585,0.8688045,0.89060235,0.8053342,0.88750255,0.8725168,0.8227359,0.88826305,0.8855631,0.8382031,0.7628149,0.6941349,0.7573315,0.77284527,0.69677263,0.9731832,0.9765101,0.97866035,0.9169137,0.96687555,0.9479625,0.9061332,0.96867096,0.9102318,0.90848863
3,54,6,verbal,0.97009516,0.93751657,0.88806283,0.8352242,0.9234196,0.91750985,0.38170183,0.9152651,0.8720849,0.8262015,0.9157466,0.8970809,0.32861122,0.79809517,0.72963816,0.8290723,0.8296884,0.39009652,0.94424,0.92634064,0.9655796,0.43953502,0.91638374,0.9124446,0.36859888,0.93073136,0.381213,0.44050953
3,54,7,verbal,0.9838672,0.9596223,0.9630692,0.93943495,0.9610605,0.9770855,0.9425832,0.9520323,0.9465203,0.9205174,0.94534504,0.96296215,0.90937585,0.8855617,0.8539055,0.88090396,0.91140276,0.8634357,0.98937637,0.99103385,0.9925597,0.9492746,0.98441374,0.9770116,0.93922734,0.9878167,0.9496555,0.9445767
3,54,8,verbal,0.98663485,0.915774,0.9331533,0.9184293,0.9451832,0.9222849,0.31756973,0.9263325,0.9175153,0.9016448,0.9258825,0.9058519,0.3027674,0.86820865,0.84156877,0.8629036,0.8602929,0.39053163,0.9913983,0.9747331,0.98079133,0.27939507,0.97566676,0.9722419,0.26381138,0.95533735,0.28637046,0.29897255
3,54,9,verbal,0.9719083,0.9672586,0.89857936,0.87084466,0.91943324,0.8898798,0.3518071,0.9439207,0.90679467,0.8827205,0.91656375,0.89637256,0.37362784,0.81668913,0.780823,0.8492144,0.81244695,0.34303537,0.98809993,0.98331165,0.98831654,0.2867655,0.9673381,0.98210394,0.27702543,0.9884829,0.30820942,0.28662583
3,54,10,verbal,0.95839024,0.9676335,0.9259561,0.89076465,0.88130707,0.90985143,0.64356625,0.91593915,0.9149739,0.8835516,0.90143543,0.894147,0.6183686,0.85303324,0.8084251,0.8118752,0.8501599,0.6174393,0.98788005,0.95865405,0.9849411,0.6989503,0.9553341,0.97873014,0.70734465,0.95501465,0.663651,0.7181388
3,54,11,verbal,0.9720327,0.94914377,0.9244121,0.89684725,0.8997521,0.8974764,0.5700773,0.94904673,0.8985935,0.86864346,0.87897974,0.8742437,0.55964386,0.8614513,0.8296424,0.8259022,0.82612807,0.52496773,0.9924005,0.9812492,0.99128824,0.55918944,0.97545475,0.9874478,0.54628414,0.9872909,0.58326143,0.5710533
3,54,12,verbal,0.9304992,0.89311004,0.8993598,0.81973284,0.8815136,0.87531257,0.50233066,0.8585667,0.87493014,0.79296774,0.85175335,0.8568061,0.5143243,0.75118333,0.64235127,0.71671695,0.71707034,0.44375756,0.9565473,0.9650846,0.98405236,0.49124208,0.9574114,0.9606597,0.472879,0.9685246,0.4977322,0.49728206
3,54,13,verbal,0.97103435,0.95590204,0.87978584,0.83223414,0.83992445,0.8720907,0.6638651,0.9294338,0.8739812,0.8249273,0.80635995,0.8605636,0.6630297,0.78793895,0.7275291,0.758887,0.78063595,0.6161628,0.98454136,0.9140183,0.9877661,0.71778214,0.91899616,0.97296363,0.7272734,0.9235894,0.71493334,0.7451815
3,54,14,verbal,0.9495462,0.9272349,0.867427,0.8386567,0.8762647,0.8425718,0.2989305,0.92653656,0.8497211,0.82478744,0.8621914,0.83044845,0.23895283,0.73635036,0.700979,0.7580227,0.7059879,0.19496031,0.9875916,0.9786848,0.9863387,0.38107848,0.9661272,0.9859917,0.3823741,0.9667961,0.36368588,0.35598394
3,54,15,verbal,0.99246454,0.9798282,0.94870317,0.9233286,0.9520694,0.94349366,0.8332179,0.9694167,0.9394173,0.91751,0.94549406,0.9327724,0.8297315,0.91539276,0.88189626,0.9233747,0.915916,0.81474924,0.99110466,0.98877215,0.99368805,0.8622737,0.9828148,0.98292065,0.8513622,0.9900625,0.86573166,0.8583561
3,55,1,verbal,0.9695624,0.9630047,0.80789065,0.76862997,0.8348399,0.78173614,0.4307374,0.92312276,0.83968765,0.8075777,0.86874866,0.81346315,0.48452267,0.7219689,0.6803827,0.757734,0.6901002,0.39714617,0.98990095,0.96681654,0.9867428,0.5207718,0.9629064,0.979732,0.5227586,0.951139,0.5125494,0.5315343
3,55,2,verbal,0.97217643,0.9566369,0.8930703,0.8507396,0.8799711,0.88855904,0.61581594,0.94002247,0.9057144,0.86750734,0.8992015,0.8991316,0.61218923,0.8011753,0.7589457,0.78527635,0.79451394,0.5724423,0.9753178,0.9690557,0.98958415,0.6089144,0.95598495,0.95599145,0.5622109,0.96514994,0.5882902,0.63200253
3,55,3,verbal,0.9636659,0.92925906,0.8933667,0.864499,0.89359367,0.8751357,0.48179355,0.91488296,0.8723481,0.85443264,0.87014806,0.8457229,0.500249,0.78451616,0.74552995,0.7702707,0.7623651,0.42117158,0.9563811,0.9637775,0.9858001,0.5463924,0.96247184,0.9433154,0.5338174,0.95394856,0.54367465,0.5403667
3,55,4,verbal,0.98353016,0.9430421,0.9070993,0.88243806,0.93392533,0.9051038,0.37737992,0.9319119,0.91788805,0.89685255,0.94452363,0.9209379,0.36215872,0.8093384,0.77572685,0.8491073,0.80617344,0.32582274,0.9922667,0.9630044,0.9943363,0.43716392,0.95535463,0.9864744,0.43875784,0.96163034,0.4486046,0.41098428
3,55,5,verbal,0.9798777,0.9156415,0.92622066,0.9124724,0.9196839,0.9235685,0.31689143,0.91962606,0.8983328,0.8814083,0.8859175,0.89407265,0.26834106,0.80576295,0.78438234,0.7823077,0.79236054,0.21897213,0.9955975,0.95422006,0.99505436,0.39729834,0.95193684,0.99113476,0.40106872,0.94999254,0.36667255,0.41414675
3,55,6,verbal,0.96723235,0.9578328,0.88042414,0.84093964,0.8460291,0.86896855,0.09337396,0.92480206,0.88666123,0.8480946,0.840182,0.8743618,0.1263011,0.7847942,0.7407142,0.7540947,0.77112824,0.109443605,0.98444295,0.96245253,0.9929106,0.13856888,0.9496339,0.9789201,0.15942755,0.9594236,0.19203256,0.13605757
3,55,7,verbal,0.99937296,0.99745727,0.9873488,0.9787296,0.97810805,0.9893815,0.5613948,0.99617726,0.98921597,0.98134005,0.9793375,0.9908137,0.561047,0.97837305,0.96606964,0.96687037,0.9819201,0.55459005,0.9968543,0.98929894,0.99959016,0.5601925,0.990382,0.9951648,0.56218046,0.9885612,0.5343366,0.55759215
3,55,8,verbal,0.989018,0.9910706,0.95281696,0.93339115,0.95134616,0.9539782,0.5890888,0.9830174,0.948751,0.92427206,0.94550383,0.94875973,0.58238596,0.93458635,0.9103075,0.933996,0.93860275,0.5764963,0.99013484,0.9823794,0.99812925,0.58062714,0.9824288,0.99102736,0.5838456,0.9821138,0.57249546,0.5814198
3,55,9,verbal,0.9870071,0.95927256,0.9408735,0.91831,0.9462648,0.9232267,0.9341508,0.960911,0.91813225,0.89704907,0.9252286,0.8990883,0.90929866,0.8772777,0.8422821,0.88763535,0.8808326,0.875224,0.9891174,0.9914465,0.9847271,0.97629833,0.9745462,0.96388596,0.9583089,0.9837573,0.9782665,0.9659499
3,55,10,verbal,0.99795806,0.99777985,0.991547,0.98512113,0.99251866,0.9932014,0.9935145,0.9965216,0.9873846,0.98099655,0.9904307,0.9907112,0.99114865,0.9833312,0.9749644,0.98544276,0.98681515,0.98608476,0.9986796,0.99771404,0.9982231,0.998975,0.9962745,0.9962156,0.9972171,0.9992209,0.99931544,0.9994113
3,55,11,verbal,0.98686624,0.96900815,0.93330926,0.9032703,0.8947,0.9377292,0.94132096,0.9588977,0.94455045,0.9098776,0.90659094,0.94865024,0.9532472,0.8895263,0.8434966,0.8394979,0.90124655,0.89333767,0.97657704,0.9556926,0.99644005,0.9977421,0.9728988,0.9691088,0.97736317,0.9493178,0.9567881,0.9956485
3,55,12,verbal,0.9751892,0.9541553,0.9414232,0.9169983,0.930118,0.93684375,0.9393867,0.93247736,0.924755,0.908836,0.9160392,0.91847974,0.9270904,0.8537094,0.8247378,0.84587985,0.85166353,0.84996563,0.98618835,0.9862656,0.9933683,0.99627614,0.98074955,0.97393644,0.98370004,0.9780159,0.9846034,0.9960203
3,55,13,verbal,0.9741173,0.95482284,0.96442044,0.93992114,0.9650868,0.9658403,0.9658077,0.9503489,0.9318864,0.90592533,0.9355988,0.93198127,0.93409014,0.88062453,0.83923495,0.87878287,0.8807213,0.879897,0.99208665,0.9857955,0.9976199,0.9982571,0.9771769,0.9928764,0.9926677,0.9849576,0.9861722,0.9990923
3,55,14,verbal,0.9704247,0.94606465,0.89228046,0.8321997,0.8729796,0.8864255,0.89383584,0.90266854,0.914335,0.8803937,0.9022015,0.90593976,0.9182288,0.787175,0.71175766,0.7845755,0.7943388,0.79039365,0.95649207,0.94436306,0.9860398,0.9960294,0.9463213,0.93800384,0.9569887,0.9578481,0.9566513,0.9918816
3,55,15,verbal,0.9832379,0.9313657,0.90479594,0.840448,0.8024919,0.8974749,0.89536506,0.9125226,0.89193565,0.8361797,0.807778,0.8841419,0.88524866,0.80048126,0.73227024,0.7204077,0.80473435,0.7986777,0.96067667,0.85617,0.9868356,0.9951811,0.8739532,0.95237917,0.96922785,0.8362059,0.85731286,0.9908805
3,56,1,verbal,0.98904693,0.96757823,0.92829996,0.8872692,0.92472786,0.9336189,0.93897593,0.97051734,0.9138126,0.86754566,0.90071344,0.92555255,0.9259159,0.86220354,0.81151414,0.85542595,0.8796621,0.8745794,0.9855641,0.97678804,0.98596674,0.99719614,0.9749412,0.9592751,0.9769634,0.9584965,0.9752753,0.9920491
3,56,2,verbal,0.94104797,0.59377795,0.7070913,0.5758509,0.86360073,0.8255126,0.7740549,0.63370734,0.7429123,0.6294843,0.8647197,0.865518,0.8137585,0.6385705,0.6178364,0.59709334,0.58550555,0.62388766,0.9289123,0.86258394,0.8757589,0.89284575,0.7503474,0.7901026,0.8244764,0.89187205,0.85567766,0.95764834
3,56,3,verbal,0.89330375,0.7588536,0.8490277,0.8310476,0.86783093,0.8625316,0.87286896,0.81502295,0.8654773,0.8395584,0.8436016,0.83402735,0.8293897,0.659964,0.6339154,0.63187754,0.6141644,0.60692394,0.97727525,0.9722688,0.9724955,0.94918936,0.96638256,0.9608753,0.9383768,0.9749136,0.96862066,0.9821099
3,56,4,verbal,0.9635432,0.9140387,0.8558251,0.8298484,0.86995184,0.83796054,0.85701877,0.8556822,0.84667474,0.82725245,0.87064517,0.8299234,0.8500713,0.71642005,0.6818986,0.7327125,0.6957219,0.7092007,0.99255484,0.95827466,0.99337184,0.9947664,0.94957155,0.9878418,0.9886975,0.94691664,0.95136005,0.99476707
3,56,5,verbal,0.94709444,0.91068596,0.8433383,0.8075068,0.841991,0.831263,0.84684366,0.8732902,0.8559317,0.8259043,0.8409631,0.8440789,0.86549985,0.7180688,0.66744226,0.7365328,0.71364164,0.7290192,0.98046803,0.9488336,0.98512805,0.9885043,0.9279741,0.96829325,0.97224474,0.9486154,0.9422516,0.99344814
3,56,6,verbal,0.9591253,0.9684546,0.8664936,0.83111674,0.86932737,0.8857899,0.8710835,0.9328081,0.88218266,0.84888947,0.8827833,0.91020197,0.8940637,0.7973981,0.75886405,0.7983444,0.8202636,0.8045734,0.9774223,0.9705263,0.98597836,0.97959,0.96889096,0.9580755,0.976698,0.95833915,0.97957903,0.9804548
3,56,7,verbal,0.98517865,0.9615983,0.9368845,0.8895275,0.93269825,0.93589616,0.9302571,0.93790853,0.9441129,0.89296347,0.93925,0.94033027,0.93236464,0.85891676,0.8026308,0.8554603,0.86137104,0.8516482,0.97570443,0.9874515,0.99365115,0.9888422,0.9632619,0.9765012,0.98059547,0.9814396,0.97912633,0.9930084
3,56,8,verbal,0.9964693,0.99372846,0.97358567,0.96572155,0.97673833,0.97902346,0.9762836,0.9917894,0.9750692,0.9678824,0.97717845,0.97885233,0.9770793,0.9538714,0.9429159,0.9567543,0.96282613,0.959445,0.99756366,0.99808884,0.9975116,0.99811745,0.997348,0.99412835,0.9946457,0.99651146,0.9967524,0.99938923
3,56,9,verbal,0.98102474,0.9734943,0.917852,0.89396703,0.91201603,0.91389155,0.91321176,0.9545816,0.9312375,0.91110134,0.9299765,0.92114776,0.92492276,0.86456597,0.832412,0.85458153,0.86535716,0.85578775,0.9931471,0.97421837,0.989393,0.99299246,0.96808976,0.98098195,0.98850465,0.9684775,0.9767692,0.99426395
3,56,10,verbal,0.97951734,0.9818207,0.8998823,0.8231655,0.9230196,0.90005106,0.8984733,0.9607702,0.91160995,0.8421929,0.93017405,0.9031003,0.9083412,0.8532623,0.7696142,0.88343513,0.8586962,0.8537086,0.96495605,0.97426236,0.98249596,0.9927517,0.9368366,0.9588184,0.9632297,0.9807726,0.9830824,0.9914841
3,56,11,verbal,0.98610526,0.97928715,0.9237424,0.9102847,0.9379443,0.9192095,0.9346448,0.96080697,0.9231692,0.9056437,0.938103,0.9153719,0.9306754,0.8644163,0.84597945,0.8791314,0.85992575,0.87651956,0.99242336,0.99210453,0.995891,0.99734867,0.9854848,0.98978615,0.99285036,0.9900929,0.9943665,0.99607867
3,56,12,verbal,0.99335885,0.9806878,0.9747962,0.9528843,0.96544635,0.97730917,0.97907484,0.97725695,0.9873842,0.9702272,0.97953486,0.9902909,0.99059033,0.95658904,0.9318402,0.9356023,0.9630156,0.9581005,0.99475235,0.9901912,0.9981744,0.9988046,0.98753375,0.99038696,0.9919727,0.98660856,0.9914785,0.9977621
3,56,13,verbal,0.9406924,0.9604572,0.867692,0.84398,0.8823332,0.89487046,0.91427803,0.92947066,0.8238063,0.7914043,0.82400197,0.8479579,0.8684655,0.8276703,0.7979203,0.8487708,0.85530764,0.87522805,0.97151005,0.9557495,0.96903163,0.9715842,0.94646263,0.9469122,0.96612823,0.9350384,0.95263153,0.98118246
3,56,14,verbal,0.9549712,0.9607382,0.85342735,0.7753914,0.88672376,0.85763264,0.88357484,0.9247011,0.83764213,0.76138264,0.880509,0.83697486,0.8692357,0.7674669,0.6735313,0.8053611,0.77765,0.7982766,0.9558622,0.9719693,0.966828,0.9882019,0.9325895,0.9289669,0.9416132,0.9511667,0.97813475,0.9780748
3,56,15,verbal,0.9481625,0.95748353,0.8605203,0.83689404,0.8853896,0.8408602,0.85991144,0.96039134,0.86750805,0.8490675,0.8895657,0.8448496,0.8688657,0.8222986,0.7932786,0.85946673,0.8005401,0.8198088,0.9837757,0.9828491,0.9882656,0.9951672,0.9624124,0.9726873,0.9864897,0.9694154,0.97544754,0.9910684
3,57,1,verbal,0.9407989,0.95904535,0.80979836,0.7566771,0.79306984,0.8004985,0.84066856,0.9162613,0.7295055,0.66231656,0.78426874,0.7314025,0.7644394,0.77157384,0.7279968,0.7689113,0.76395804,0.8059213,0.96823263,0.8862054,0.9863047,0.9842477,0.841265,0.9460952,0.9502386,0.901922,0.8987323,0.9787924
3,57,2,verbal,0.9276267,0.9519026,0.82412916,0.80859154,0.84239703,0.8004049,0.83240336,0.8861692,0.79597795,0.7968187,0.81897765,0.76486415,0.8006804,0.79809785,0.7666786,0.83105415,0.7899034,0.809794,0.9861015,0.96840316,0.98506296,0.9919481,0.9581277,0.97464305,0.9856552,0.96491927,0.9794745,0.99047065
3,57,3,verbal,0.949974,0.95612067,0.8957594,0.8714697,0.87585896,0.87454486,0.90890616,0.9440596,0.86020195,0.8347156,0.85508806,0.8416481,0.87325764,0.86011636,0.84158295,0.83800775,0.8433066,0.8721214,0.97845244,0.95557684,0.9833252,0.98880905,0.925136,0.96381813,0.97813857,0.9543103,0.95346916,0.9838506
3,57,4,verbal,0.9611081,0.9529772,0.82912916,0.7744285,0.83381915,0.7959566,0.82423145,0.9291219,0.80225146,0.7522327,0.8013923,0.7747377,0.79820114,0.8608781,0.80860656,0.81463677,0.8362034,0.857707,0.9684626,0.88096017,0.97257596,0.98320407,0.8489119,0.98076606,0.9849986,0.84226,0.87188435,0.990125
3,57,5,verbal,0.91467583,0.9617615,0.7760302,0.71707064,0.7368908,0.72790873,0.7714646,0.900622,0.775962,0.73076874,0.73409116,0.74114573,0.781521,0.74486184,0.6767539,0.6998539,0.70219857,0.7427925,0.9652983,0.8813708,0.9703475,0.9801823,0.89113337,0.97088766,0.985204,0.85184413,0.88733566,0.9840251
3,57,6,verbal,0.9511255,0.94638354,0.89041555,0.8814943,0.8718677,0.8898274,0.9010451,0.9559131,0.84927225,0.84452945,0.81474864,0.84351295,0.8595624,0.83323973,0.83067536,0.8004357,0.83029056,0.8475901,0.98751014,0.9342466,0.987399,0.9905985,0.93823594,0.9824702,0.9912041,0.9451912,0.9393921,0.99189967
3,57,7,verbal,0.92082095,0.97675,0.90589964,0.900457,0.9515106,0.9061913,0.9013786,0.91408527,0.89170945,0.8860743,0.9289441,0.8833529,0.8901979,0.8632452,0.8562009,0.91799647,0.8599118,0.8624709,0.97237533,0.94789636,0.97003156,0.9701792,0.96388185,0.9831564,0.98252785,0.96238625,0.94889164,0.9700606
3,57,8,verbal,0.9165901,0.9375307,0.91676146,0.92292553,0.930635,0.9056053,0.9160111,0.8759222,0.8774029,0.87532717,0.90122914,0.8351993,0.862126,0.83376926,0.85704714,0.86579174,0.84533113,0.83501583,0.97113466,0.9729618,0.9627948,0.96345073,0.96979755,0.95442086,0.9606241,0.94909215,0.968049,0.936659
3,57,9,verbal,0.9428197,0.9198834,0.8453231,0.8031415,0.8591186,0.7532422,0.88454527,0.9416733,0.8687515,0.8345127,0.89183193,0.7607424,0.9095825,0.8770165,0.8407842,0.86597025,0.8107937,0.89198804,0.98698354,0.9000454,0.9404493,0.9704477,0.8903094,0.92215675,0.9559124,0.7808844,0.94541836,0.8665045
3,57,10,verbal,0.9056411,0.9116696,0.88024133,0.84755546,0.86858326,0.8862761,0.8800397,0.92793953,0.8977748,0.88480407,0.8930349,0.89191884,0.89718705,0.90021807,0.86994225,0.89695317,0.9189585,0.9042509,0.9837238,0.9745642,0.9827796,0.99575144,0.9689217,0.9567282,0.984734,0.9673131,0.98163193,0.9869272
3,57,11,verbal,0.9129566,0.903233,0.92090666,0.9040486,0.88145643,0.9246087,0.92232543,0.9379361,0.9391465,0.90956366,0.90154487,0.9457436,0.9403442,0.8841373,0.8512614,0.8800211,0.90033954,0.89472365,0.9849241,0.9457969,0.988893,0.9946051,0.9235811,0.9635398,0.9834101,0.9395378,0.94528824,0.9923942
3,57,12,verbal,0.9009914,0.8992108,0.8665901,0.83154684,0.83932656,0.85868245,0.87296057,0.90713656,0.87803787,0.84628254,0.83847815,0.8623132,0.8738109,0.8657715,0.8233157,0.8835242,0.8555642,0.855301,0.97234994,0.8886161,0.9798347,0.98613155,0.8721523,0.94369465,0.98254406,0.8731494,0.8859578,0.9701893
3,57,13,verbal,0.93790597,0.9468766,0.8629157,0.8626031,0.9351736,0.8161757,0.912984,0.8788888,0.8132217,0.81778246,0.91868436,0.7576036,0.8798492,0.8896384,0.87737626,0.91463906,0.84836125,0.9058921,0.9732907,0.9327124,0.9704607,0.95791084,0.93915343,0.9437118,0.96949,0.8817264,0.9750385,0.91192585
3,57,14,verbal,0.9695449,0.95747066,0.9214468,0.90362006,0.9168425,0.90996593,0.93001074,0.9319096,0.9196247,0.9084405,0.9046935,0.90757376,0.9292011,0.88107824,0.86350834,0.87756866,0.86800295,0.88914645,0.9911982,0.97375846,0.9939034,0.9966981,0.9611305,0.9888171,0.9928159,0.9743389,0.97624266,0.9942202
3,57,15,verbal,0.9584527,0.9394617,0.9265652,0.9073688,0.90916103,0.90899616,0.9317668,0.9093997,0.9305481,0.9095751,0.91168404,0.90812045,0.9323169,0.8672719,0.8486154,0.8689979,0.8626867,0.87731034,0.99359185,0.9681601,0.9890378,0.99774593,0.965733,0.980804,0.99114776,0.9572411,0.97377264,0.99197
3,58,1,verbal,0.9356976,0.93172747,0.88919014,0.8861936,0.8574037,0.8913563,0.90935385,0.9228059,0.8798422,0.86761314,0.8420745,0.88495237,0.89966756,0.8103711,0.80588126,0.7833765,0.8154111,0.8342856,0.99069965,0.9480951,0.99332803,0.9938486,0.9382592,0.98451334,0.9913879,0.9511531,0.9455625,0.99422115
3,58,2,verbal,0.9703264,0.94108117,0.8821469,0.85141253,0.85650235,0.8619519,0.875903,0.93405074,0.86904556,0.8384045,0.8513998,0.8475125,0.869007,0.85552734,0.80047476,0.8422122,0.845992,0.85855764,0.9640528,0.9500185,0.9835977,0.98704594,0.93581355,0.94451535,0.96596134,0.9393891,0.9633558,0.98012316
3,58,3,verbal,0.9714971,0.94285256,0.8404547,0.7934541,0.87099886,0.8366752,0.865132,0.9573501,0.83083737,0.7844796,0.86153233,0.8260959,0.8583745,0.80659384,0.75519013,0.8363979,0.80251646,0.8338021,0.98056954,0.9650497,0.9937436,0.9931417,0.93783236,0.9767769,0.9694064,0.95652854,0.9653849,0.991357
3,58,4,verbal,0.92944777,0.9487086,0.8624648,0.839267,0.8815093,0.84155816,0.8838617,0.911778,0.80477476,0.77249265,0.8501208,0.7875983,0.82509,0.8197544,0.79412466,0.8515444,0.8030605,0.84444916,0.99023163,0.97491974,0.9900343,0.99657255,0.9536678,0.97324663,0.9856715,0.96720356,0.97610474,0.9858265
3,58,5,verbal,0.94889605,0.9712168,0.8560852,0.8069705,0.81919473,0.8224659,0.8749689,0.9318396,0.8498254,0.8040811,0.80301154,0.81658775,0.86687875,0.7984346,0.74452996,0.7855582,0.7805269,0.82230496,0.9730438,0.8872465,0.9638702,0.9884004,0.8558231,0.9390915,0.9579482,0.8898632,0.89630324,0.9651784
3,58,6,verbal,0.9593094,0.938839,0.86424327,0.8416226,0.88184696,0.8243621,0.8909451,0.9193283,0.8735872,0.8531051,0.88508505,0.835752,0.89891434,0.8409518,0.81890583,0.8561568,0.818926,0.8630993,0.98813736,0.9791805,0.961073,0.9913181,0.9652986,0.94264627,0.97893554,0.9472079,0.97864634,0.9543205
3,58,7,verbal,0.9187655,0.88403016,0.8705561,0.8341384,0.8651058,0.8709633,0.864802,0.90075165,0.9027496,0.8690025,0.90506774,0.91034555,0.8930288,0.8433262,0.7865599,0.83877915,0.8584129,0.83985806,0.9749915,0.96895176,0.9797914,0.9940229,0.9679897,0.9381397,0.97633785,0.9548828,0.9682338,0.9769576
3,58,8,verbal,0.8792539,0.8842238,0.84459215,0.8147207,0.801011,0.8368589,0.83248657,0.89316756,0.87849855,0.83815044,0.86114395,0.8854295,0.877626,0.7979143,0.75834185,0.7907675,0.8141594,0.7946348,0.9612727,0.97187805,0.9705038,0.99342823,0.9387705,0.900362,0.95375216,0.9417867,0.9653443,0.9765278
3,58,9,verbal,0.8890969,0.9002726,0.8005917,0.7671204,0.7801735,0.8140517,0.80398196,0.876251,0.7940986,0.7637519,0.79683983,0.8195632,0.7949728,0.8268777,0.7978983,0.78717387,0.8448394,0.8344708,0.98219335,0.9116206,0.9651608,0.9881822,0.9064079,0.9292281,0.9755531,0.90425587,0.91885185,0.9775646
3,58,10,verbal,0.9012491,0.91310763,0.8650931,0.8187281,0.85404104,0.87088335,0.8662935,0.92699945,0.9061088,0.85927343,0.9063156,0.9016178,0.9047897,0.8251319,0.77189237,0.8410294,0.8396084,0.83153594,0.9806793,0.9577949,0.96753186,0.9975842,0.9319644,0.92557424,0.97956944,0.9419626,0.9587154,0.96776277
3,58,11,verbal,0.8533336,0.8790021,0.84822416,0.78645724,0.8415547,0.85561097,0.82154304,0.89779115,0.83790123,0.7399063,0.811145,0.86658895,0.8041894,0.80436754,0.7284871,0.7990275,0.8307534,0.7659404,0.9440134,0.94348323,0.9586309,0.97974455,0.9110342,0.8660281,0.95551676,0.91748554,0.92661196,0.93745327
3,58,12,verbal,0.9134054,0.91289026,0.85703534,0.7854371,0.8556022,0.8376134,0.8647451,0.9374773,0.87958115,0.8141092,0.89525634,0.8762955,0.8738177,0.8792649,0.79899424,0.8604699,0.8936502,0.85176617,0.947878,0.9576116,0.9594181,0.95355356,0.9364251,0.8833839,0.9539002,0.92267734,0.94813937,0.8995455
3,58,13,verbal,0.944015,0.9743585,0.7859866,0.76846945,0.86746,0.7536988,0.8012106,0.9332532,0.77150714,0.75078636,0.85303783,0.74288493,0.78679985,0.76246417,0.75294626,0.84175426,0.72791916,0.78068113,0.98714197,0.9446318,0.98120856,0.9945653,0.92477804,0.96364564,0.9875245,0.9217368,0.94965583,0.9807226
3,58,14,verbal,0.93615025,0.9457376,0.8846189,0.869989,0.8007566,0.8731472,0.91260576,0.93748504,0.8146176,0.7907747,0.75835747,0.80254644,0.84437436,0.776702,0.7572173,0.73216355,0.7674659,0.8142997,0.9916659,0.86298275,0.9915116,0.993352,0.8428354,0.9792634,0.9878062,0.8584598,0.8607282,0.9861054
3,58,15,verbal,0.908693,0.9155568,0.864386,0.82714677,0.86326754,0.837439,0.89104974,0.92482513,0.773647,0.7281575,0.8040674,0.75597274,0.806369,0.74989474,0.7009888,0.77723974,0.7408414,0.7881876,0.982404,0.93599707,0.97936964,0.99007356,0.91528,0.9517759,0.9695691,0.9420904,0.95187145,0.97856736
3,59,1,verbal,0.929107,0.96605605,0.7971769,0.75601256,0.7867391,0.7759182,0.83021647,0.90971196,0.8159826,0.7831597,0.8042901,0.78139216,0.8343028,0.75750273,0.7148439,0.7886602,0.74758977,0.79562443,0.99125236,0.87766695,0.9815264,0.9913833,0.8602406,0.9739219,0.97748667,0.8856056,0.8987258,0.9835364
3,59,2,verbal,0.9670263,0.9701951,0.82919556,0.79119825,0.8459608,0.8193842,0.8572443,0.9600347,0.83035326,0.8035012,0.85390365,0.82524157,0.86093366,0.7858526,0.7424602,0.80805147,0.78866017,0.8168866,0.9666162,0.97318393,0.98646396,0.9829654,0.962598,0.9451627,0.96430635,0.96738183,0.9777152,0.97930235
3,59,3,verbal,0.9510894,0.96454304,0.8817577,0.8481104,0.79935026,0.8670378,0.8943234,0.93705076,0.8597485,0.8239805,0.74104303,0.8361242,0.87026626,0.8286418,0.7904279,0.7891689,0.8200081,0.8467198,0.97418386,0.76450294,0.98258543,0.99421555,0.73941684,0.9473252,0.97095686,0.7541231,0.7756826,0.9845314
3,59,4,verbal,0.96185297,0.9759792,0.93419665,0.9197957,0.75036407,0.9140949,0.9420718,0.9435687,0.9175916,0.8986081,0.73434746,0.88096577,0.9141031,0.91572344,0.90312934,0.7415677,0.90779287,0.9279576,0.98820907,0.7881658,0.9828519,0.9938707,0.78293353,0.97637486,0.9908517,0.78397435,0.7803861,0.9895349
3,59,5,verbal,0.9558195,0.947064,0.8380254,0.80485123,0.7169458,0.78217864,0.8377911,0.91473913,0.78951085,0.75720453,0.72619957,0.7219016,0.78190327,0.81519055,0.7836531,0.73431444,0.76219124,0.81552416,0.9817733,0.76547295,0.9688497,0.9874312,0.76810217,0.97216266,0.9844145,0.7403405,0.7838046,0.9808172
3,59,6,verbal,0.95467794,0.9459062,0.90773135,0.88117933,0.675479,0.89750767,0.9275565,0.8921561,0.91379493,0.899665,0.6471709,0.8947752,0.9308142,0.8265739,0.7855061,0.6418835,0.83516335,0.85455745,0.9850757,0.7191102,0.98202103,0.9895741,0.7043129,0.95999235,0.9748327,0.69650096,0.7063022,0.9831518
3,59,7,verbal,0.95770395,0.9675127,0.9307273,0.88359165,0.13447657,0.91038543,0.9389681,0.9593971,0.9015515,0.8649979,0.18750192,0.8728354,0.9054906,0.9011233,0.85500973,0.14906317,0.878435,0.9100049,0.97103983,0.15790324,0.9865876,0.99496204,0.26341265,0.96106446,0.9689752,0.1370061,0.15046011,0.9892369
3,59,8,verbal,0.96130115,0.95545894,0.8802956,0.85059047,0.5031687,0.87109894,0.87457764,0.9311597,0.85314727,0.82407045,0.50893694,0.83988416,0.8486359,0.8187281,0.7889429,0.45469823,0.8146993,0.82187533,0.9824581,0.4954442,0.9922625,0.98990315,0.52912205,0.97207487,0.98228526,0.48090172,0.49342462,0.98743474
3,59,9,verbal,0.9574701,0.97505903,0.8452889,0.80885255,0.6311286,0.8339515,0.8466615,0.94381243,0.8431448,0.8138907,0.6510147,0.8255131,0.8513728,0.8312154,0.7919733,0.6375966,0.8158248,0.8364162,0.99019885,0.7149866,0.99027437,0.9848417,0.7184619,0.98487896,0.9735162,0.6902841,0.712894,0.978439
3,59,10,verbal,0.963038,0.9609943,0.8963098,0.87217325,0.34437963,0.8800842,0.91570944,0.9406575,0.9010142,0.88365364,0.3224494,0.87897646,0.9018268,0.8630829,0.84071493,0.35650927,0.84458286,0.8833636,0.993535,0.38176796,0.99208784,0.9690692,0.41526854,0.98916435,0.9611966,0.42339414,0.40926436,0.96518904
3,59,11,verbal,0.9193294,0.9634715,0.9065315,0.88243914,0.6089574,0.8812372,0.8894677,0.9260963,0.8617656,0.8480508,0.56496245,0.8392983,0.85391146,0.88846225,0.8678263,0.5935235,0.87185585,0.8826528,0.9931805,0.6023797,0.98834974,0.9894371,0.5755239,0.9855014,0.9856669,0.59375876,0.59217453,0.9877926
3,59,12,verbal,0.90098304,0.9596061,0.93884933,0.9346051,0.54699296,0.906569,0.92367584,0.8424634,0.8852212,0.8774361,0.49212712,0.85618186,0.8733229,0.8684183,0.8714681,0.54945165,0.8384633,0.85602283,0.98782086,0.46775934,0.98721325,0.9939158,0.5131245,0.97649574,0.9831139,0.41650578,0.43939877,0.99335116
3,59,13,verbal,0.9490317,0.9498304,0.85768753,0.8216739,0.55697167,0.82238555,0.86089176,0.9239736,0.81253386,0.7714749,0.4963811,0.77777493,0.8169572,0.8131818,0.77457726,0.5224762,0.7940855,0.8283091,0.9861163,0.72117823,0.9789615,0.9812492,0.7313935,0.96756506,0.97847724,0.73159254,0.7044393,0.9698082
3,59,14,verbal,0.8798361,0.9040361,0.85316205,0.79410136,0.44761205,0.86331135,0.8245481,0.9014062,0.78488725,0.7241953,0.495159,0.8097794,0.7521394,0.82744765,0.76951087,0.44268474,0.85615075,0.8088695,0.9701514,0.572825,0.97093916,0.98198426,0.5836843,0.93540204,0.98509705,0.570377,0.5701498,0.9613568
3,59,15,verbal,0.9220645,0.9161019,0.91260004,0.88690627,0.27805147,0.9199999,0.9134217,0.9135535,0.8744557,0.8620178,0.21030381,0.8824086,0.88304627,0.84522617,0.8164684,0.17936683,0.8657334,0.8522883,0.9888241,0.40581128,0.98699224,0.9974651,0.42203027,0.96946204,0.99171907,0.37475488,0.3902,0.9877876
3,60,1,verbal,0.9004864,0.8982663,0.9051896,0.8647485,0.61322385,0.90992093,0.9075833,0.9044581,0.89820063,0.85927707,0.6250765,0.9081767,0.8997204,0.8357972,0.7840598,0.6345929,0.8538713,0.8356867,0.97821647,0.65868014,0.9827653,0.997404,0.6283543,0.9471642,0.9780488,0.7003789,0.65684545,0.9837811
3,60,2,verbal,0.96970874,0.96977633,0.9429589,0.90057826,0.8192107,0.964902,0.9436424,0.9479188,0.9376265,0.9127878,0.80298144,0.94796973,0.946871,0.8893863,0.83511084,0.79042614,0.9245648,0.88925976,0.9783463,0.8227399,0.982762,0.9967097,0.797133,0.95183027,0.98277116,0.7989967,0.82109445,0.98108137
3,60,3,verbal,0.9795287,0.9533781,0.91276884,0.8976966,0.7825797,0.91451645,0.91797596,0.9288074,0.9285496,0.9151427,0.7610983,0.93336505,0.9349463,0.81817895,0.7956733,0.7822825,0.8266956,0.82402325,0.9946277,0.7090536,0.99530417,0.99710345,0.7096918,0.9887233,0.9949441,0.70658255,0.71813697,0.99656117
3,60,4,verbal,0.97837305,0.96251625,0.9302696,0.9090588,0.5259314,0.9201799,0.9278386,0.94511694,0.9309128,0.90789115,0.5005072,0.9235087,0.9270617,0.84688526,0.8209951,0.4811114,0.84027845,0.8455069,0.97478664,0.5108419,0.99270695,0.99514395,0.56001735,0.9625873,0.9712217,0.48131108,0.4945221,0.9961973
3,60,5,verbal,0.9819729,0.95625573,0.91994625,0.90020394,0.6899537,0.9166252,0.930188,0.97805107,0.8840442,0.8607408,0.66660875,0.8830209,0.8942891,0.8394086,0.81419283,0.6519693,0.8416498,0.84796023,0.9900241,0.6999852,0.99195147,0.9956769,0.72852564,0.97632676,0.98626506,0.67343426,0.70626664,0.9866082
3,60,6,verbal,0.966483,0.9229966,0.88184017,0.82259506,0.5454412,0.923126,0.8875774,0.88523954,0.89125097,0.8293551,0.5104681,0.9315296,0.90234125,0.74968547,0.6762238,0.4789167,0.81606126,0.7529551,0.96800023,0.5447421,0.96141183,0.98223627,0.57796574,0.9040208,0.9630814,0.52496517,0.56302917,0.9519735
3,60,7,verbal,0.9922578,0.95211893,0.9512023,0.9234002,0.87480015,0.96472645,0.9526316,0.9413334,0.95473975,0.93043536,0.8676469,0.9644406,0.9571936,0.87033516,0.8353367,0.8504292,0.8980136,0.87173617,0.99086964,0.8852739,0.98694766,0.9925557,0.86577183,0.9723228,0.9873437,0.89366823,0.87803155,0.9916331
3,60,8,verbal,0.96746904,0.90487987,0.951432,0.93162894,0.59266394,0.95661676,0.9480875,0.85862064,0.9447102,0.925001,0.5681083,0.9601879,0.9496765,0.7964104,0.77180415,0.47803086,0.7998807,0.7854211,0.9927656,0.6518498,0.9901195,0.9958169,0.68725795,0.98184645,0.99212,0.6534491,0.6597841,0.9958021
3,60,9,verbal,0.97871995,0.97702885,0.9737921,0.97145665,0.45489737,0.9712351,0.97229064,0.9414124,0.98395705,0.9779758,0.42776978,0.9795121,0.9817204,0.92073965,0.9205976,0.44372225,0.9151823,0.91729087,0.9959604,0.45527032,0.9942135,0.9967261,0.48133287,0.99183726,0.995784,0.44531107,0.4457242,0.9982488
3,60,10,verbal,0.9730207,0.96139276,0.969581,0.94164884,0.721504,0.9750046,0.97011536,0.9459328,0.9612137,0.9370467,0.7190101,0.95943564,0.95990604,0.9097938,0.87637186,0.6862046,0.9143892,0.905723,0.9851149,0.753289,0.99478596,0.99615693,0.7633993,0.9795221,0.9849839,0.76106554,0.75244564,0.9972023
3,60,11,verbal,0.97409594,0.9389087,0.9657432,0.94809663,0.6214781,0.97840685,0.9700207,0.8965471,0.9595827,0.9532541,0.630739,0.96228963,0.9630845,0.85575175,0.8273012,0.5105598,0.87675136,0.86272913,0.99055487,0.6659023,0.9881505,0.99746376,0.6977097,0.97450906,0.9901534,0.6491457,0.66168016,0.9890249
3,60,12,verbal,0.9900524,0.94482654,0.927097,0.86564445,0.5043117,0.95398045,0.9184919,0.9336601,0.9341617,0.8760659,0.49409363,0.9543054,0.9238388,0.82359016,0.7571136,0.40841323,0.85779405,0.8100015,0.96723855,0.54830533,0.9842336,0.9947833,0.56321204,0.93472636,0.9702544,0.5553743,0.5564263,0.9811544
3,60,13,verbal,0.98778796,0.9611243,0.90860325,0.8718322,0.46787706,0.9432523,0.90967256,0.9460527,0.9174391,0.8839383,0.5033515,0.9466384,0.9183957,0.8211529,0.77062607,0.4245246,0.86412746,0.8196954,0.9729819,0.5126248,0.98144686,0.99037427,0.53299755,0.9517495,0.9786632,0.49404874,0.5073351,0.98289394
3,60,14,verbal,0.97310674,0.95546615,0.91284055,0.89757115,0.5489542,0.9281012,0.92763287,0.9179294,0.8934296,0.8833735,0.5431916,0.91073245,0.9125738,0.8487576,0.83268964,0.47804335,0.86797416,0.854875,0.9894233,0.6714175,0.98044014,0.98785985,0.6836269,0.9723,0.9775934,0.636772,0.666412,0.9706719
3,60,15,verbal,0.94821423,0.9072824,0.9139902,0.9050205,0.57750946,0.9137938,0.9170295,0.8618122,0.91829544,0.90855396,0.50729775,0.90718937,0.91680473,0.7924575,0.7781605,0.528234,0.8022497,0.7893435,0.9940821,0.49727282,0.9842708,0.99628747,0.5168442,0.97327495,0.9922534,0.51250184,0.51177794,0.985595
4,61,1,verbal,0.6744457,0.88964427,0.8963645,0.7456746,0.7769087,0.78177583,0.7764415,0.6720021,0.66862464,0.43362987,0.814624,0.5792505,0.5584488,0.99301606,0.72741276,0.8153033,0.7696261,0.7930724,0.7290307,0.80057335,0.77112514,0.79686433,0.55100894,0.92912024,0.8496392,0.62746674,0.6364065,0.9420297
4,61,2,verbal,0.6744457,0.88964427,0.8963645,0.7456746,0.7769087,0.78177583,0.7764415,0.6720021,0.66862464,0.43362987,0.814624,0.5792505,0.5584488,0.99301606,0.72741276,0.8153033,0.7696261,0.7930724,0.7290307,0.80057335,0.77112514,0.79686433,0.55100894,0.92912024,0.8496392,0.62746674,0.6364065,0.9420297
4,61,3,verbal,0.6744457,0.88964427,0.8963645,0.7456746,0.7769087,0.78177583,0.7764415,0.6720021,0.66862464,0.43362987,0.814624,0.5792505,0.5584488,0.99301606,0.72741276,0.8153033,0.7696261,0.7930724,0.7290307,0.80057335,0.77112514,0.79686433,0.55100894,0.92912024,0.8496392,0.62746674,0.6364065,0.9420297
4,61,4,verbal,0.6744457,0.88964427,0.8963645,0.7456746,0.7769087,0.78177583,0.7764415,0.6720021,0.66862464,0.43362987,0.814624,0.5792505,0.5584488,0.99301606,0.72741276,0.8153033,0.7696261,0.7930724,0.7290307,0.80057335,0.77112514,0.79686433,0.55100894,0.92912024,0.8496392,0.62746674,0.6364065,0.9420297
4,61,5,verbal,0.6744457,0.88964427,0.8963645,0.7456746,0.7769087,0.78177583,0.7764415,0.6720021,0.66862464,0.43362987,0.814624,0.5792505,0.5584488,0.99301606,0.72741276,0.8153033,0.7696261,0.7930724,0.7290307,0.80057335,0.77112514,0.79686433,0.55100894,0.92912024,0.8496392,0.62746674,0.6364065,0.9420297
4,61,6,verbal,0.6744457,0.88964427,0.8963645,0.7456746,0.7769087,0.78177583,0.7764415,0.6720021,0.66862464,0.43362987,0.814624,0.5792505,0.5584488,0.99301606,0.72741276,0.8153033,0.7696261,0.7930724,0.7290307,0.80057335,0.77112514,0.79686433,0.55100894,0.92912024,0.8496392,0.62746674,0.6364065,0.9420297
4,61,7,verbal,0.6744457,0.88964427,0.8963645,0.7456746,0.7769087,0.78177583,0.7764415,0.6720021,0.66862464,0.43362987,0.814624,0.5792505,0.5584488,0.99301606,0.72741276,0.8153033,0.7696261,0.7930724,0.7290307,0.80057335,0.77112514,0.79686433,0.55100894,0.92912024,0.8496392,0.62746674,0.6364065,0.9420297
4,61,8,verbal,0.6744457,0.88964427,0.8963645,0.7456746,0.7769087,0.78177583,0.7764415,0.6720021,0.66862464,0.43362987,0.814624,0.5792505,0.5584488,0.99301606,0.72741276,0.8153033,0.7696261,0.7930724,0.7290307,0.80057335,0.77112514,0.79686433,0.55100894,0.92912024,0.8496392,0.62746674,0.6364065,0.9420297
4,61,9,verbal,0.6744457,0.88964427,0.8963645,0.7456746,0.7769087,0.78177583,0.7764415,0.6720021,0.66862464,0.43362987,0.814624,0.5792505,0.5584488,0.99301606,0.72741276,0.8153033,0.7696261,0.7930724,0.7290307,0.80057335,0.77112514,0.79686433,0.55100894,0.92912024,0.8496392,0.62746674,0.6364065,0.9420297
4,61,10,verbal,0.6744457,0.88964427,0.8963645,0.7456746,0.7769087,0.78177583,0.7764415,0.6720021,0.66862464,0.43362987,0.814624,0.5792505,0.5584488,0.99301606,0.72741276,0.8153033,0.7696261,0.7930724,0.7290307,0.80057335,0.77112514,0.79686433,0.55100894,0.92912024,0.8496392,0.62746674,0.6364065,0.9420297
4,61,11,verbal,0.6744457,0.88964427,0.8963645,0.7456746,0.7769087,0.78177583,0.7764415,0.6720021,0.66862464,0.43362987,0.814624,0.5792505,0.5584488,0.99301606,0.72741276,0.8153033,0.7696261,0.7930724,0.7290307,0.80057335,0.77112514,0.79686433,0.55100894,0.92912024,0.8496392,0.62746674,0.6364065,0.9420297
4,61,12,verbal,0.6744457,0.88964427,0.8963645,0.7456746,0.7769087,0.78177583,0.7764415,0.6720021,0.66862464,0.43362987,0.814624,0.5792505,0.5584488,0.99301606,0.72741276,0.8153033,0.7696261,0.7930724,0.7290307,0.80057335,0.77112514,0.79686433,0.55100894,0.92912024,0.8496392,0.62746674,0.6364065,0.9420297
4,61,13,verbal,0.6744457,0.88964427,0.8963645,0.7456746,0.7769087,0.78177583,0.7764415,0.6720021,0.66862464,0.43362987,0.814624,0.5792505,0.5584488,0.99301606,0.72741276,0.8153033,0.7696261,0.7930724,0.7290307,0.80057335,0.77112514,0.79686433,0.55100894,0.92912024,0.8496392,0.62746674,0.6364065,0.9420297
4,61,14,verbal,0.6744457,0.88964427,0.8963645,0.7456746,0.7769087,0.78177583,0.7764415,0.6720021,0.66862464,0.43362987,0.814624,0.5792505,0.5584488,0.99301606,0.72741276,0.8153033,0.7696261,0.7930724,0.7290307,0.80057335,0.77112514,0.79686433,0.55100894,0.92912024,0.8496392,0.62746674,0.6364065,0.9420297
4,61,15,verbal,0.6744457,0.88964427,0.8963645,0.7456746,0.7769087,0.78177583,0.7764415,0.6720021,0.66862464,0.43362987,0.814624,0.5792505,0.5584488,0.99301606,0.72741276,0.8153033,0.7696261,0.7930724,0.7290307,0.80057335,0.77112514,0.79686433,0.55100894,0.92912024,0.8496392,0.62746674,0.6364065,0.9420297
4,62,1,verbal,0.6744457,0.88964427,0.8963645,0.7456746,0.7769087,0.78177583,0.7764415,0.6720021,0.66862464,0.43362987,0.814624,0.5792505,0.5584488,0.99301606,0.72741276,0.8153033,0.7696261,0.7930724,0.7290307,0.80057335,0.77112514,0.79686433,0.55100894,0.92912024,0.8496392,0.62746674,0.6364065,0.9420297
4,62,2,verbal,0.6744457,0.88964427,0.8963645,0.7456746,0.7769087,0.78177583,0.7764415,0.6720021,0.66862464,0.43362987,0.814624,0.5792505,0.5584488,0.99301606,0.72741276,0.8153033,0.7696261,0.7930724,0.7290307,0.80057335,0.77112514,0.79686433,0.55100894,0.92912024,0.8496392,0.62746674,0.6364065,0.9420297
4,62,3,verbal,0.6744457,0.88964427,0.8963645,0.7456746,0.7769087,0.78177583,0.7764415,0.6720021,0.66862464,0.43362987,0.814624,0.5792505,0.5584488,0.99301606,0.72741276,0.8153033,0.7696261,0.7930724,0.7290307,0.80057335,0.77112514,0.79686433,0.55100894,0.92912024,0.8496392,0.62746674,0.6364065,0.9420297
4,62,4,verbal,0.6744457,0.88964427,0.8963645,0.7456746,0.7769087,0.78177583,0.7764415,0.6720021,0.66862464,0.43362987,0.814624,0.5792505,0.5584488,0.99301606,0.72741276,0.8153033,0.7696261,0.7930724,0.7290307,0.80057335,0.77112514,0.79686433,0.55100894,0.92912024,0.8496392,0.62746674,0.6364065,0.9420297
4,62,5,verbal,0.6744457,0.88964427,0.8963645,0.7456746,0.7769087,0.78177583,0.7764415,0.6720021,0.66862464,0.43362987,0.814624,0.5792505,0.5584488,0.99301606,0.72741276,0.8153033,0.7696261,0.7930724,0.7290307,0.80057335,0.77112514,0.79686433,0.55100894,0.92912024,0.8496392,0.62746674,0.6364065,0.9420297
4,62,6,verbal,0.6744457,0.88964427,0.8963645,0.7456746,0.7769087,0.78177583,0.7764415,0.6720021,0.66862464,0.43362987,0.814624,0.5792505,0.5584488,0.99301606,0.72741276,0.8153033,0.7696261,0.7930724,0.7290307,0.80057335,0.77112514,0.79686433,0.55100894,0.92912024,0.8496392,0.62746674,0.6364065,0.9420297
4,62,7,verbal,0.6744457,0.88964427,0.8963645,0.7456746,0.7769087,0.78177583,0.7764415,0.6720021,0.66862464,0.43362987,0.814624,0.5792505,0.5584488,0.99301606,0.72741276,0.8153033,0.7696261,0.7930724,0.7290307,0.80057335,0.77112514,0.79686433,0.55100894,0.92912024,0.8496392,0.62746674,0.6364065,0.9420297
4,62,8,verbal,0.6744457,0.88964427,0.8963645,0.7456746,0.7769087,0.78177583,0.7764415,0.6720021,0.66862464,0.43362987,0.814624,0.5792505,0.5584488,0.99301606,0.72741276,0.8153033,0.7696261,0.7930724,0.7290307,0.80057335,0.77112514,0.79686433,0.55100894,0.92912024,0.8496392,0.62746674,0.6364065,0.9420297
4,62,9,verbal,0.6744457,0.88964427,0.8963645,0.7456746,0.7769087,0.78177583,0.7764415,0.6720021,0.66862464,0.43362987,0.814624,0.5792505,0.5584488,0.99301606,0.72741276,0.8153033,0.7696261,0.7930724,0.7290307,0.80057335,0.77112514,0.79686433,0.55100894,0.92912024,0.8496392,0.62746674,0.6364065,0.9420297
4,62,10,verbal,0.6744457,0.88964427,0.8963645,0.7456746,0.7769087,0.78177583,0.7764415,0.6720021,0.66862464,0.43362987,0.814624,0.5792505,0.5584488,0.99301606,0.72741276,0.8153033,0.7696261,0.7930724,0.7290307,0.80057335,0.77112514,0.79686433,0.55100894,0.92912024,0.8496392,0.62746674,0.6364065,0.9420297
4,62,11,verbal,0.6744457,0.88964427,0.8963645,0.7456746,0.7769087,0.78177583,0.7764415,0.6720021,0.66862464,0.43362987,0.814624,0.5792505,0.5584488,0.99301606,0.72741276,0.8153033,0.7696261,0.7930724,0.7290307,0.80057335,0.77112514,0.79686433,0.55100894,0.92912024,0.8496392,0.62746674,0.6364065,0.9420297
4,62,12,verbal,0.6744457,0.88964427,0.8963645,0.7456746,0.7769087,0.78177583,0.7764415,0.6720021,0.66862464,0.43362987,0.814624,0.5792505,0.5584488,0.99301606,0.72741276,0.8153033,0.7696261,0.7930724,0.7290307,0.80057335,0.77112514,0.79686433,0.55100894,0.92912024,0.8496392,0.62746674,0.6364065,0.9420297
4,62,13,verbal,0.6744457,0.88964427,0.8963645,0.7456746,0.7769087,0.78177583,0.7764415,0.6720021,0.66862464,0.43362987,0.814624,0.5792505,0.5584488,0.99301606,0.72741276,0.8153033,0.7696261,0.7930724,0.7290307,0.80057335,0.77112514,0.79686433,0.55100894,0.92912024,0.8496392,0.62746674,0.6364065,0.9420297
4,62,14,verbal,0.6744457,0.88964427,0.8963645,0.7456746,0.7769087,0.78177583,0.7764415,0.6720021,0.66862464,0.43362987,0.814624,0.5792505,0.5584488,0.99301606,0.72741276,0.8153033,0.7696261,0.7930724,0.7290307,0.80057335,0.77112514,0.79686433,0.55100894,0.92912024,0.8496392,0.62746674,0.6364065,0.9420297
4,62,15,verbal,0.6744457,0.88964427,0.8963645,0.7456746,0.7769087,0.78177583,0.7764415,0.6720021,0.66862464,0.43362987,0.814624,0.5792505,0.5584488,0.99301606,0.72741276,0.8153033,0.7696261,0.7930724,0.7290307,0.80057335,0.77112514,0.79686433,0.55100894,0.92912024,0.8496392,0.62746674,0.6364065,0.9420297
4,63,1,verbal,0.6744457,0.88964427,0.8963645,0.7456746,0.7769087,0.78177583,0.7764415,0.6720021,0.66862464,0.43362987,0.814624,0.5792505,0.5584488,0.99301606,0.72741276,0.8153033,0.7696261,0.7930724,0.7290307,0.80057335,0.77112514,0.79686433,0.55100894,0.92912024,0.8496392,0.62746674,0.6364065,0.9420297
4,63,2,verbal,0.6744457,0.88964427,0.8963645,0.7456746,0.7769087,0.78177583,0.7764415,0.6720021,0.66862464,0.43362987,0.814624,0.5792505,0.5584488,0.99301606,0.72741276,0.8153033,0.7696261,0.7930724,0.7290307,0.80057335,0.77112514,0.79686433,0.55100894,0.92912024,0.8496392,0.62746674,0.6364065,0.9420297
4,63,3,verbal,0.6744457,0.88964427,0.8963645,0.7456746,0.7769087,0.78177583,0.7764415,0.6720021,0.66862464,0.43362987,0.814624,0.5792505,0.5584488,0.99301606,0.72741276,0.8153033,0.7696261,0.7930724,0.7290307,0.80057335,0.77112514,0.79686433,0.55100894,0.92912024,0.8496392,0.62746674,0.6364065,0.9420297
4,63,4,verbal,0.6744457,0.88964427,0.8963645,0.7456746,0.7769087,0.78177583,0.7764415,0.6720021,0.66862464,0.43362987,0.814624,0.5792505,0.5584488,0.99301606,0.72741276,0.8153033,0.7696261,0.7930724,0.7290307,0.80057335,0.77112514,0.79686433,0.55100894,0.92912024,0.8496392,0.62746674,0.6364065,0.9420297
4,63,5,verbal,0.6744457,0.88964427,0.8963645,0.7456746,0.7769087,0.78177583,0.7764415,0.6720021,0.66862464,0.43362987,0.814624,0.5792505,0.5584488,0.99301606,0.72741276,0.8153033,0.7696261,0.7930724,0.7290307,0.80057335,0.77112514,0.79686433,0.55100894,0.92912024,0.8496392,0.62746674,0.6364065,0.9420297
4,63,6,verbal,0.6744457,0.88964427,0.8963645,0.7456746,0.7769087,0.78177583,0.7764415,0.6720021,0.66862464,0.43362987,0.814624,0.5792505,0.5584488,0.99301606,0.72741276,0.8153033,0.7696261,0.7930724,0.7290307,0.80057335,0.77112514,0.79686433,0.55100894,0.92912024,0.8496392,0.62746674,0.6364065,0.9420297
4,63,7,verbal,0.6744457,0.88964427,0.8963645,0.7456746,0.7769087,0.78177583,0.7764415,0.6720021,0.66862464,0.43362987,0.814624,0.5792505,0.5584488,0.99301606,0.72741276,0.8153033,0.7696261,0.7930724,0.7290307,0.80057335,0.77112514,0.79686433,0.55100894,0.92912024,0.8496392,0.62746674,0.6364065,0.9420297
4,63,8,verbal,0.6744457,0.88964427,0.8963645,0.7456746,0.7769087,0.78177583,0.7764415,0.6720021,0.66862464,0.43362987,0.814624,0.5792505,0.5584488,0.99301606,0.72741276,0.8153033,0.7696261,0.7930724,0.7290307,0.80057335,0.77112514,0.79686433,0.55100894,0.92912024,0.8496392,0.62746674,0.6364065,0.9420297
4,63,9,verbal,0.6744457,0.88964427,0.8963645,0.7456746,0.7769087,0.78177583,0.7764415,0.6720021,0.66862464,0.43362987,0.814624,0.5792505,0.5584488,0.99301606,0.72741276,0.8153033,0.7696261,0.7930724,0.7290307,0.80057335,0.77112514,0.79686433,0.55100894,0.92912024,0.8496392,0.62746674,0.6364065,0.9420297
4,63,10,verbal,0.6744457,0.88964427,0.8963645,0.7456746,0.7769087,0.78177583,0.7764415,0.6720021,0.66862464,0.43362987,0.814624,0.5792505,0.5584488,0.99301606,0.72741276,0.8153033,0.7696261,0.7930724,0.7290307,0.80057335,0.77112514,0.79686433,0.55100894,0.92912024,0.8496392,0.62746674,0.6364065,0.9420297
4,63,11,verbal,0.6744457,0.88964427,0.8963645,0.7456746,0.7769087,0.78177583,0.7764415,0.6720021,0.66862464,0.43362987,0.814624,0.5792505,0.5584488,0.99301606,0.72741276,0.8153033,0.7696261,0.7930724,0.7290307,0.80057335,0.77112514,0.79686433,0.55100894,0.92912024,0.8496392,0.62746674,0.6364065,0.9420297
4,63,12,verbal,0.6744457,0.88964427,0.8963645,0.7456746,0.7769087,0.78177583,0.7764415,0.6720021,0.66862464,0.43362987,0.814624,0.5792505,0.5584488,0.99301606,0.72741276,0.8153033,0.7696261,0.7930724,0.7290307,0.80057335,0.77112514,0.79686433,0.55100894,0.92912024,0.8496392,0.62746674,0.6364065,0.9420297
4,63,13,verbal,0.6744457,0.88964427,0.8963645,0.7456746,0.7769087,0.78177583,0.7764415,0.6720021,0.66862464,0.43362987,0.814624,0.5792505,0.5584488,0.99301606,0.72741276,0.8153033,0.7696261,0.7930724,0.7290307,0.80057335,0.77112514,0.79686433,0.55100894,0.92912024,0.8496392,0.62746674,0.6364065,0.9420297
4,63,14,verbal,0.6744457,0.88964427,0.8963645,0.7456746,0.7769087,0.78177583,0.7764415,0.6720021,0.66862464,0.43362987,0.814624,0.5792505,0.5584488,0.99301606,0.72741276,0.8153033,0.7696261,0.7930724,0.7290307,0.80057335,0.77112514,0.79686433,0.55100894,0.92912024,0.8496392,0.62746674,0.6364065,0.9420297
4,63,15,verbal,0.6744457,0.88964427,0.8963645,0.7456746,0.7769087,0.78177583,0.7764415,0.6720021,0.66862464,0.43362987,0.814624,0.5792505,0.5584488,0.99301606,0.72741276,0.8153033,0.7696261,0.7930724,0.7290307,0.80057335,0.77112514,0.79686433,0.55100894,0.92912024,0.8496392,0.62746674,0.6364065,0.9420297
4,64,1,verbal,0.6744457,0.88964427,0.8963645,0.7456746,0.7769087,0.78177583,0.7764415,0.6720021,0.66862464,0.43362987,0.814624,0.5792505,0.5584488,0.99301606,0.72741276,0.8153033,0.7696261,0.7930724,0.7290307,0.80057335,0.77112514,0.79686433,0.55100894,0.92912024,0.8496392,0.62746674,0.6364065,0.9420297
4,64,2,verbal,0.6744457,0.88964427,0.8963645,0.7456746,0.7769087,0.78177583,0.7764415,0.6720021,0.66862464,0.43362987,0.814624,0.5792505,0.5584488,0.99301606,0.72741276,0.8153033,0.7696261,0.7930724,0.7290307,0.80057335,0.77112514,0.79686433,0.55100894,0.92912024,0.8496392,0.62746674,0.6364065,0.9420297
4,64,3,verbal,0.6744457,0.88964427,0.8963645,0.7456746,0.7769087,0.78177583,0.7764415,0.6720021,0.66862464,0.43362987,0.814624,0.5792505,0.5584488,0.99301606,0.72741276,0.8153033,0.7696261,0.7930724,0.7290307,0.80057335,0.77112514,0.79686433,0.55100894,0.92912024,0.8496392,0.62746674,0.6364065,0.9420297
4,64,4,verbal,0.6744457,0.88964427,0.8963645,0.7456746,0.7769087,0.78177583,0.7764415,0.6720021,0.66862464,0.43362987,0.814624,0.5792505,0.5584488,0.99301606,0.72741276,0.8153033,0.7696261,0.7930724,0.7290307,0.80057335,0.77112514,0.79686433,0.55100894,0.92912024,0.8496392,0.62746674,0.6364065,0.9420297
4,64,5,verbal,0.6744457,0.88964427,0.8963645,0.7456746,0.7769087,0.78177583,0.7764415,0.6720021,0.66862464,0.43362987,0.814624,0.5792505,0.5584488,0.99301606,0.72741276,0.8153033,0.7696261,0.7930724,0.7290307,0.80057335,0.77112514,0.79686433,0.55100894,0.92912024,0.8496392,0.62746674,0.6364065,0.9420297
4,64,6,verbal,0.6744457,0.88964427,0.8963645,0.7456746,0.7769087,0.78177583,0.7764415,0.6720021,0.66862464,0.43362987,0.814624,0.5792505,0.5584488,0.99301606,0.72741276,0.8153033,0.7696261,0.7930724,0.7290307,0.80057335,0.77112514,0.79686433,0.55100894,0.92912024,0.8496392,0.62746674,0.6364065,0.9420297
4,64,7,verbal,0.6744457,0.88964427,0.8963645,0.7456746,0.7769087,0.78177583,0.7764415,0.6720021,0.66862464,0.43362987,0.814624,0.5792505,0.5584488,0.99301606,0.72741276,0.8153033,0.7696261,0.7930724,0.7290307,0.80057335,0.77112514,0.79686433,0.55100894,0.92912024,0.8496392,0.62746674,0.6364065,0.9420297
4,64,8,verbal,0.6744457,0.88964427,0.8963645,0.7456746,0.7769087,0.78177583,0.7764415,0.6720021,0.66862464,0.43362987,0.814624,0.5792505,0.5584488,0.99301606,0.72741276,0.8153033,0.7696261,0.7930724,0.7290307,0.80057335,0.77112514,0.79686433,0.55100894,0.92912024,0.8496392,0.62746674,0.6364065,0.9420297
4,64,9,verbal,0.6744457,0.88964427,0.8963645,0.7456746,0.7769087,0.78177583,0.7764415,0.6720021,0.66862464,0.43362987,0.814624,0.5792505,0.5584488,0.99301606,0.72741276,0.8153033,0.7696261,0.7930724,0.7290307,0.80057335,0.77112514,0.79686433,0.55100894,0.92912024,0.8496392,0.62746674,0.6364065,0.9420297
4,64,10,verbal,0.6744457,0.88964427,0.8963645,0.7456746,0.7769087,0.78177583,0.7764415,0.6720021,0.66862464,0.43362987,0.814624,0.5792505,0.5584488,0.99301606,0.72741276,0.8153033,0.7696261,0.7930724,0.7290307,0.80057335,0.77112514,0.79686433,0.55100894,0.92912024,0.8496392,0.62746674,0.6364065,0.9420297
4,64,11,verbal,0.6744457,0.88964427,0.8963645,0.7456746,0.7769087,0.78177583,0.7764415,0.6720021,0.66862464,0.43362987,0.814624,0.5792505,0.5584488,0.99301606,0.72741276,0.8153033,0.7696261,0.7930724,0.7290307,0.80057335,0.77112514,0.79686433,0.55100894,0.92912024,0.8496392,0.62746674,0.6364065,0.9420297
4,64,12,verbal,0.6744457,0.88964427,0.8963645,0.7456746,0.7769087,0.78177583,0.7764415,0.6720021,0.66862464,0.43362987,0.814624,0.5792505,0.5584488,0.99301606,0.72741276,0.8153033,0.7696261,0.7930724,0.7290307,0.80057335,0.77112514,0.79686433,0.55100894,0.92912024,0.8496392,0.62746674,0.6364065,0.9420297
4,64,13,verbal,0.6744457,0.88964427,0.8963645,0.7456746,0.7769087,0.78177583,0.7764415,0.6720021,0.66862464,0.43362987,0.814624,0.5792505,0.5584488,0.99301606,0.72741276,0.8153033,0.7696261,0.7930724,0.7290307,0.80057335,0.77112514,0.79686433,0.55100894,0.92912024,0.8496392,0.62746674,0.6364065,0.9420297
4,64,14,verbal,0.6744457,0.88964427,0.8963645,0.7456746,0.7769087,0.78177583,0.7764415,0.6720021,0.66862464,0.43362987,0.814624,0.5792505,0.5584488,0.99301606,0.72741276,0.8153033,0.7696261,0.7930724,0.7290307,0.80057335,0.77112514,0.79686433,0.55100894,0.92912024,0.8496392,0.62746674,0.6364065,0.9420297
4,64,15,verbal,0.6744457,0.88964427,0.8963645,0.7456746,0.7769087,0.78177583,0.7764415,0.6720021,0.66862464,0.43362987,0.814624,0.5792505,0.5584488,0.99301606,0.72741276,0.8153033,0.7696261,0.7930724,0.7290307,0.80057335,0.77112514,0.79686433,0.55100894,0.92912024,0.8496392,0.62746674,0.6364065,0.9420297
4,65,1,verbal,0.6744457,0.88964427,0.8963645,0.7456746,0.7769087,0.78177583,0.7764415,0.6720021,0.66862464,0.43362987,0.814624,0.5792505,0.5584488,0.99301606,0.72741276,0.8153033,0.7696261,0.7930724,0.7290307,0.80057335,0.77112514,0.79686433,0.55100894,0.92912024,0.8496392,0.62746674,0.6364065,0.9420297
4,65,2,verbal,0.6744457,0.88964427,0.8963645,0.7456746,0.7769087,0.78177583,0.7764415,0.6720021,0.66862464,0.43362987,0.814624,0.5792505,0.5584488,0.99301606,0.72741276,0.8153033,0.7696261,0.7930724,0.7290307,0.80057335,0.77112514,0.79686433,0.55100894,0.92912024,0.8496392,0.62746674,0.6364065,0.9420297
4,65,3,verbal,0.6744457,0.88964427,0.8963645,0.7456746,0.7769087,0.78177583,0.7764415,0.6720021,0.66862464,0.43362987,0.814624,0.5792505,0.5584488,0.99301606,0.72741276,0.8153033,0.7696261,0.7930724,0.7290307,0.80057335,0.77112514,0.79686433,0.55100894,0.92912024,0.8496392,0.62746674,0.6364065,0.9420297
4,65,4,verbal,0.6744457,0.88964427,0.8963645,0.7456746,0.7769087,0.78177583,0.7764415,0.6720021,0.66862464,0.43362987,0.814624,0.5792505,0.5584488,0.99301606,0.72741276,0.8153033,0.7696261,0.7930724,0.7290307,0.80057335,0.77112514,0.79686433,0.55100894,0.92912024,0.8496392,0.62746674,0.6364065,0.9420297
4,65,5,verbal,0.6744457,0.88964427,0.8963645,0.7456746,0.7769087,0.78177583,0.7764415,0.6720021,0.66862464,0.43362987,0.814624,0.5792505,0.5584488,0.99301606,0.72741276,0.8153033,0.7696261,0.7930724,0.7290307,0.80057335,0.77112514,0.79686433,0.55100894,0.92912024,0.8496392,0.62746674,0.6364065,0.9420297
4,65,6,verbal,0.6744457,0.88964427,0.8963645,0.7456746,0.7769087,0.78177583,0.7764415,0.6720021,0.66862464,0.43362987,0.814624,0.5792505,0.5584488,0.99301606,0.72741276,0.8153033,0.7696261,0.7930724,0.7290307,0.80057335,0.77112514,0.79686433,0.55100894,0.92912024,0.8496392,0.62746674,0.6364065,0.9420297
4,65,7,verbal,0.6744457,0.88964427,0.8963645,0.7456746,0.7769087,0.78177583,0.7764415,0.6720021,0.66862464,0.43362987,0.814624,0.5792505,0.5584488,0.99301606,0.72741276,0.8153033,0.7696261,0.7930724,0.7290307,0.80057335,0.77112514,0.79686433,0.55100894,0.92912024,0.8496392,0.62746674,0.6364065,0.9420297
4,65,8,verbal,0.6744457,0.88964427,0.8963645,0.7456746,0.7769087,0.78177583,0.7764415,0.6720021,0.66862464,0.43362987,0.814624,0.5792505,0.5584488,0.99301606,0.72741276,0.8153033,0.7696261,0.7930724,0.7290307,0.80057335,0.77112514,0.79686433,0.55100894,0.92912024,0.8496392,0.62746674,0.6364065,0.9420297
4,65,9,verbal,0.6744457,0.88964427,0.8963645,0.7456746,0.7769087,0.78177583,0.7764415,0.6720021,0.66862464,0.43362987,0.814624,0.5792505,0.5584488,0.99301606,0.72741276,0.8153033,0.7696261,0.7930724,0.7290307,0.80057335,0.77112514,0.79686433,0.55100894,0.92912024,0.8496392,0.62746674,0.6364065,0.9420297
4,65,10,verbal,0.6744457,0.88964427,0.8963645,0.7456746,0.7769087,0.78177583,0.7764415,0.6720021,0.66862464,0.43362987,0.814624,0.5792505,0.5584488,0.99301606,0.72741276,0.8153033,0.7696261,0.7930724,0.7290307,0.80057335,0.77112514,0.79686433,0.55100894,0.92912024,0.8496392,0.62746674,0.6364065,0.9420297
4,65,11,verbal,0.6744457,0.88964427,0.8963645,0.7456746,0.7769087,0.78177583,0.7764415,0.6720021,0.66862464,0.43362987,0.814624,0.5792505,0.5584488,0.99301606,0.72741276,0.8153033,0.7696261,0.7930724,0.7290307,0.80057335,0.77112514,0.79686433,0.55100894,0.92912024,0.8496392,0.62746674,0.6364065,0.9420297
4,65,12,verbal,0.6744457,0.88964427,0.8963645,0.7456746,0.7769087,0.78177583,0.7764415,0.6720021,0.66862464,0.43362987,0.814624,0.5792505,0.5584488,0.99301606,0.72741276,0.8153033,0.7696261,0.7930724,0.7290307,0.80057335,0.77112514,0.79686433,0.55100894,0.92912024,0.8496392,0.62746674,0.6364065,0.9420297
4,65,13,verbal,0.6744457,0.88964427,0.8963645,0.7456746,0.7769087,0.78177583,0.7764415,0.6720021,0.66862464,0.43362987,0.814624,0.5792505,0.5584488,0.99301606,0.72741276,0.8153033,0.7696261,0.7930724,0.7290307,0.80057335,0.77112514,0.79686433,0.55100894,0.92912024,0.8496392,0.62746674,0.6364065,0.9420297
4,65,14,verbal,0.6744457,0.88964427,0.8963645,0.7456746,0.7769087,0.78177583,0.7764415,0.6720021,0.66862464,0.43362987,0.814624,0.5792505,0.5584488,0.99301606,0.72741276,0.8153033,0.7696261,0.7930724,0.7290307,0.80057335,0.77112514,0.79686433,0.55100894,0.92912024,0.8496392,0.62746674,0.6364065,0.9420297
4,65,15,verbal,0.6744457,0.88964427,0.8963645,0.7456746,0.7769087,0.78177583,0.7764415,0.6720021,0.66862464,0.43362987,0.814624,0.5792505,0.5584488,0.99301606,0.72741276,0.8153033,0.7696261,0.7930724,0.7290307,0.80057335,0.77112514,0.79686433,0.55100894,0.92912024,0.8496392,0.62746674,0.6364065,0.9420297
4,66,1,verbal,0.6744457,0.88964427,0.8963645,0.7456746,0.7769087,0.78177583,0.7764415,0.6720021,0.66862464,0.43362987,0.814624,0.5792505,0.5584488,0.99301606,0.72741276,0.8153033,0.7696261,0.7930724,0.7290307,0.80057335,0.77112514,0.79686433,0.55100894,0.92912024,0.8496392,0.62746674,0.6364065,0.9420297
4,66,2,verbal,0.6744457,0.88964427,0.8963645,0.7456746,0.7769087,0.78177583,0.7764415,0.6720021,0.66862464,0.43362987,0.814624,0.5792505,0.5584488,0.99301606,0.72741276,0.8153033,0.7696261,0.7930724,0.7290307,0.80057335,0.77112514,0.79686433,0.55100894,0.92912024,0.8496392,0.62746674,0.6364065,0.9420297
4,66,3,verbal,0.6744457,0.88964427,0.8963645,0.7456746,0.7769087,0.78177583,0.7764415,0.6720021,0.66862464,0.43362987,0.814624,0.5792505,0.5584488,0.99301606,0.72741276,0.8153033,0.7696261,0.7930724,0.7290307,0.80057335,0.77112514,0.79686433,0.55100894,0.92912024,0.8496392,0.62746674,0.6364065,0.9420297
4,66,4,verbal,0.6744457,0.88964427,0.8963645,0.7456746,0.7769087,0.78177583,0.7764415,0.6720021,0.66862464,0.43362987,0.814624,0.5792505,0.5584488,0.99301606,0.72741276,0.8153033,0.7696261,0.7930724,0.7290307,0.80057335,0.77112514,0.79686433,0.55100894,0.92912024,0.8496392,0.62746674,0.6364065,0.9420297
4,66,5,verbal,0.6744457,0.88964427,0.8963645,0.7456746,0.7769087,0.78177583,0.7764415,0.6720021,0.66862464,0.43362987,0.814624,0.5792505,0.5584488,0.99301606,0.72741276,0.8153033,0.7696261,0.7930724,0.7290307,0.80057335,0.77112514,0.79686433,0.55100894,0.92912024,0.8496392,0.62746674,0.6364065,0.9420297
4,66,6,verbal,0.6744457,0.88964427,0.8963645,0.7456746,0.7769087,0.78177583,0.7764415,0.6720021,0.66862464,0.43362987,0.814624,0.5792505,0.5584488,0.99301606,0.72741276,0.8153033,0.7696261,0.7930724,0.7290307,0.80057335,0.77112514,0.79686433,0.55100894,0.92912024,0.8496392,0.62746674,0.6364065,0.9420297
4,66,7,verbal,0.6744457,0.88964427,0.8963645,0.7456746,0.7769087,0.78177583,0.7764415,0.6720021,0.66862464,0.43362987,0.814624,0.5792505,0.5584488,0.99301606,0.72741276,0.8153033,0.7696261,0.7930724,0.7290307,0.80057335,0.77112514,0.79686433,0.55100894,0.92912024,0.8496392,0.62746674,0.6364065,0.9420297
4,66,8,verbal,0.6744457,0.88964427,0.8963645,0.7456746,0.7769087,0.78177583,0.7764415,0.6720021,0.66862464,0.43362987,0.814624,0.5792505,0.5584488,0.99301606,0.72741276,0.8153033,0.7696261,0.7930724,0.7290307,0.80057335,0.77112514,0.79686433,0.55100894,0.92912024,0.8496392,0.62746674,0.6364065,0.9420297
4,66,9,verbal,0.6744457,0.88964427,0.8963645,0.7456746,0.7769087,0.78177583,0.7764415,0.6720021,0.66862464,0.43362987,0.814624,0.5792505,0.5584488,0.99301606,0.72741276,0.8153033,0.7696261,0.7930724,0.7290307,0.80057335,0.77112514,0.79686433,0.55100894,0.92912024,0.8496392,0.62746674,0.6364065,0.9420297
4,66,10,verbal,0.6744457,0.88964427,0.8963645,0.7456746,0.7769087,0.78177583,0.7764415,0.6720021,0.66862464,0.43362987,0.814624,0.5792505,0.5584488,0.99301606,0.72741276,0.8153033,0.7696261,0.7930724,0.7290307,0.80057335,0.77112514,0.79686433,0.55100894,0.92912024,0.8496392,0.62746674,0.6364065,0.9420297
4,66,11,verbal,0.6744457,0.88964427,0.8963645,0.7456746,0.7769087,0.78177583,0.7764415,0.6720021,0.66862464,0.43362987,0.814624,0.5792505,0.5584488,0.99301606,0.72741276,0.8153033,0.7696261,0.7930724,0.7290307,0.80057335,0.77112514,0.79686433,0.55100894,0.92912024,0.8496392,0.62746674,0.6364065,0.9420297
4,66,12,verbal,0.6744457,0.88964427,0.8963645,0.7456746,0.7769087,0.78177583,0.7764415,0.6720021,0.66862464,0.43362987,0.814624,0.5792505,0.5584488,0.99301606,0.72741276,0.8153033,0.7696261,0.7930724,0.7290307,0.80057335,0.77112514,0.79686433,0.55100894,0.92912024,0.8496392,0.62746674,0.6364065,0.9420297
4,66,13,verbal,0.6744457,0.88964427,0.8963645,0.7456746,0.7769087,0.78177583,0.7764415,0.6720021,0.66862464,0.43362987,0.814624,0.5792505,0.5584488,0.99301606,0.72741276,0.8153033,0.7696261,0.7930724,0.7290307,0.80057335,0.77112514,0.79686433,0.55100894,0.92912024,0.8496392,0.62746674,0.6364065,0.9420297
4,66,14,verbal,0.6744457,0.88964427,0.8963645,0.7456746,0.7769087,0.78177583,0.7764415,0.6720021,0.66862464,0.43362987,0.814624,0.5792505,0.5584488,0.99301606,0.72741276,0.8153033,0.7696261,0.7930724,0.7290307,0.80057335,0.77112514,0.79686433,0.55100894,0.92912024,0.8496392,0.62746674,0.6364065,0.9420297
4,66,15,verbal,0.6744457,0.88964427,0.8963645,0.7456746,0.7769087,0.78177583,0.7764415,0.6720021,0.66862464,0.43362987,0.814624,0.5792505,0.5584488,0.99301606,0.72741276,0.8153033,0.7696261,0.7930724,0.7290307,0.80057335,0.77112514,0.79686433,0.55100894,0.92912024,0.8496392,0.62746674,0.6364065,0.9420297
4,67,1,verbal,0.6744457,0.88964427,0.8963645,0.7456746,0.7769087,0.78177583,0.7764415,0.6720021,0.66862464,0.43362987,0.814624,0.5792505,0.5584488,0.99301606,0.72741276,0.8153033,0.7696261,0.7930724,0.7290307,0.80057335,0.77112514,0.79686433,0.55100894,0.92912024,0.8496392,0.62746674,0.6364065,0.9420297
4,67,2,verbal,0.6744457,0.88964427,0.8963645,0.7456746,0.7769087,0.78177583,0.7764415,0.6720021,0.66862464,0.43362987,0.814624,0.5792505,0.5584488,0.99301606,0.72741276,0.8153033,0.7696261,0.7930724,0.7290307,0.80057335,0.77112514,0.79686433,0.55100894,0.92912024,0.8496392,0.62746674,0.6364065,0.9420297
4,67,3,verbal,0.6744457,0.88964427,0.8963645,0.7456746,0.7769087,0.78177583,0.7764415,0.6720021,0.66862464,0.43362987,0.814624,0.5792505,0.5584488,0.99301606,0.72741276,0.8153033,0.7696261,0.7930724,0.7290307,0.80057335,0.77112514,0.79686433,0.55100894,0.92912024,0.8496392,0.62746674,0.6364065,0.9420297
4,67,4,verbal,0.6744457,0.88964427,0.8963645,0.7456746,0.7769087,0.78177583,0.7764415,0.6720021,0.66862464,0.43362987,0.814624,0.5792505,0.5584488,0.99301606,0.72741276,0.8153033,0.7696261,0.7930724,0.7290307,0.80057335,0.77112514,0.79686433,0.55100894,0.92912024,0.8496392,0.62746674,0.6364065,0.9420297
4,67,5,verbal,0.6744457,0.88964427,0.8963645,0.7456746,0.7769087,0.78177583,0.7764415,0.6720021,0.66862464,0.43362987,0.814624,0.5792505,0.5584488,0.99301606,0.72741276,0.8153033,0.7696261,0.7930724,0.7290307,0.80057335,0.77112514,0.79686433,0.55100894,0.92912024,0.8496392,0.62746674,0.6364065,0.9420297
4,67,6,verbal,0.6744457,0.88964427,0.8963645,0.7456746,0.7769087,0.78177583,0.7764415,0.6720021,0.66862464,0.43362987,0.814624,0.5792505,0.5584488,0.99301606,0.72741276,0.8153033,0.7696261,0.7930724,0.7290307,0.80057335,0.77112514,0.79686433,0.55100894,0.92912024,0.8496392,0.62746674,0.6364065,0.9420297
4,67,7,verbal,0.6744457,0.88964427,0.8963645,0.7456746,0.7769087,0.78177583,0.7764415,0.6720021,0.66862464,0.43362987,0.814624,0.5792505,0.5584488,0.99301606,0.72741276,0.8153033,0.7696261,0.7930724,0.7290307,0.80057335,0.77112514,0.79686433,0.55100894,0.92912024,0.8496392,0.62746674,0.6364065,0.9420297
4,67,8,verbal,0.6744457,0.88964427,0.8963645,0.7456746,0.7769087,0.78177583,0.7764415,0.6720021,0.66862464,0.43362987,0.814624,0.5792505,0.5584488,0.99301606,0.72741276,0.8153033,0.7696261,0.7930724,0.7290307,0.80057335,0.77112514,0.79686433,0.55100894,0.92912024,0.8496392,0.62746674,0.6364065,0.9420297
4,67,9,verbal,0.6744457,0.88964427,0.8963645,0.7456746,0.7769087,0.78177583,0.7764415,0.6720021,0.66862464,0.43362987,0.814624,0.5792505,0.5584488,0.99301606,0.72741276,0.8153033,0.7696261,0.7930724,0.7290307,0.80057335,0.77112514,0.79686433,0.55100894,0.92912024,0.8496392,0.62746674,0.6364065,0.9420297
4,67,10,verbal,0.6744457,0.88964427,0.8963645,0.7456746,0.7769087,0.78177583,0.7764415,0.6720021,0.66862464,0.43362987,0.814624,0.5792505,0.5584488,0.99301606,0.72741276,0.8153033,0.7696261,0.7930724,0.7290307,0.80057335,0.77112514,0.79686433,0.55100894,0.92912024,0.8496392,0.62746674,0.6364065,0.9420297
4,67,11,verbal,0.6744457,0.88964427,0.8963645,0.7456746,0.7769087,0.78177583,0.7764415,0.6720021,0.66862464,0.43362987,0.814624,0.5792505,0.5584488,0.99301606,0.72741276,0.8153033,0.7696261,0.7930724,0.7290307,0.80057335,0.77112514,0.79686433,0.55100894,0.92912024,0.8496392,0.62746674,0.6364065,0.9420297
4,67,12,verbal,0.6744457,0.88964427,0.8963645,0.7456746,0.7769087,0.78177583,0.7764415,0.6720021,0.66862464,0.43362987,0.814624,0.5792505,0.5584488,0.99301606,0.72741276,0.8153033,0.7696261,0.7930724,0.7290307,0.80057335,0.77112514,0.79686433,0.55100894,0.92912024,0.8496392,0.62746674,0.6364065,0.9420297
4,67,13,verbal,0.6744457,0.88964427,0.8963645,0.7456746,0.7769087,0.78177583,0.7764415,0.6720021,0.66862464,0.43362987,0.814624,0.5792505,0.5584488,0.99301606,0.72741276,0.8153033,0.7696261,0.7930724,0.7290307,0.80057335,0.77112514,0.79686433,0.55100894,0.92912024,0.8496392,0.62746674,0.6364065,0.9420297
4,67,14,verbal,0.6744457,0.88964427,0.8963645,0.7456746,0.7769087,0.78177583,0.7764415,0.6720021,0.66862464,0.43362987,0.814624,0.5792505,0.5584488,0.99301606,0.72741276,0.8153033,0.7696261,0.7930724,0.7290307,0.80057335,0.77112514,0.79686433,0.55100894,0.92912024,0.8496392,0.62746674,0.6364065,0.9420297
4,67,15,verbal,0.6744457,0.88964427,0.8963645,0.7456746,0.7769087,0.78177583,0.7764415,0.6720021,0.66862464,0.43362987,0.814624,0.5792505,0.5584488,0.99301606,0.72741276,0.8153033,0.7696261,0.7930724,0.7290307,0.80057335,0.77112514,0.79686433,0.55100894,0.92912024,0.8496392,0.62746674,0.6364065,0.9420297
4,68,1,verbal,0.6744457,0.88964427,0.8963645,0.7456746,0.7769087,0.78177583,0.7764415,0.6720021,0.66862464,0.43362987,0.814624,0.5792505,0.5584488,0.99301606,0.72741276,0.8153033,0.7696261,0.7930724,0.7290307,0.80057335,0.77112514,0.79686433,0.55100894,0.92912024,0.8496392,0.62746674,0.6364065,0.9420297
4,68,2,verbal,0.6744457,0.88964427,0.8963645,0.7456746,0.7769087,0.78177583,0.7764415,0.6720021,0.66862464,0.43362987,0.814624,0.5792505,0.5584488,0.99301606,0.72741276,0.8153033,0.7696261,0.7930724,0.7290307,0.80057335,0.77112514,0.79686433,0.55100894,0.92912024,0.8496392,0.62746674,0.6364065,0.9420297
4,68,3,verbal,0.6744457,0.88964427,0.8963645,0.7456746,0.7769087,0.78177583,0.7764415,0.6720021,0.66862464,0.43362987,0.814624,0.5792505,0.5584488,0.99301606,0.72741276,0.8153033,0.7696261,0.7930724,0.7290307,0.80057335,0.77112514,0.79686433,0.55100894,0.92912024,0.8496392,0.62746674,0.6364065,0.9420297
4,68,4,verbal,0.6744457,0.88964427,0.8963645,0.7456746,0.7769087,0.78177583,0.7764415,0.6720021,0.66862464,0.43362987,0.814624,0.5792505,0.5584488,0.99301606,0.72741276,0.8153033,0.7696261,0.7930724,0.7290307,0.80057335,0.77112514,0.79686433,0.55100894,0.92912024,0.8496392,0.62746674,0.6364065,0.9420297
4,68,5,verbal,0.6744457,0.88964427,0.8963645,0.7456746,0.7769087,0.78177583,0.7764415,0.6720021,0.66862464,0.43362987,0.814624,0.5792505,0.5584488,0.99301606,0.72741276,0.8153033,0.7696261,0.7930724,0.7290307,0.80057335,0.77112514,0.79686433,0.55100894,0.92912024,0.8496392,0.62746674,0.6364065,0.9420297
4,68,6,verbal,0.6744457,0.88964427,0.8963645,0.7456746,0.7769087,0.78177583,0.7764415,0.6720021,0.66862464,0.43362987,0.814624,0.5792505,0.5584488,0.99301606,0.72741276,0.8153033,0.7696261,0.7930724,0.7290307,0.80057335,0.77112514,0.79686433,0.55100894,0.92912024,0.8496392,0.62746674,0.6364065,0.9420297
4,68,7,verbal,0.6744457,0.88964427,0.8963645,0.7456746,0.7769087,0.78177583,0.7764415,0.6720021,0.66862464,0.43362987,0.814624,0.5792505,0.5584488,0.99301606,0.72741276,0.8153033,0.7696261,0.7930724,0.7290307,0.80057335,0.77112514,0.79686433,0.55100894,0.92912024,0.8496392,0.62746674,0.6364065,0.9420297
4,68,8,verbal,0.6744457,0.88964427,0.8963645,0.7456746,0.7769087,0.78177583,0.7764415,0.6720021,0.66862464,0.43362987,0.814624,0.5792505,0.5584488,0.99301606,0.72741276,0.8153033,0.7696261,0.7930724,0.7290307,0.80057335,0.77112514,0.79686433,0.55100894,0.92912024,0.8496392,0.62746674,0.6364065,0.9420297
4,68,9,verbal,0.6744457,0.88964427,0.8963645,0.7456746,0.7769087,0.78177583,0.7764415,0.6720021,0.66862464,0.43362987,0.814624,0.5792505,0.5584488,0.99301606,0.72741276,0.8153033,0.7696261,0.7930724,0.7290307,0.80057335,0.77112514,0.79686433,0.55100894,0.92912024,0.8496392,0.62746674,0.6364065,0.9420297
4,68,10,verbal,0.6744457,0.88964427,0.8963645,0.7456746,0.7769087,0.78177583,0.7764415,0.6720021,0.66862464,0.43362987,0.814624,0.5792505,0.5584488,0.99301606,0.72741276,0.8153033,0.7696261,0.7930724,0.7290307,0.80057335,0.77112514,0.79686433,0.55100894,0.92912024,0.8496392,0.62746674,0.6364065,0.9420297
4,68,11,verbal,0.6744457,0.88964427,0.8963645,0.7456746,0.7769087,0.78177583,0.7764415,0.6720021,0.66862464,0.43362987,0.814624,0.5792505,0.5584488,0.99301606,0.72741276,0.8153033,0.7696261,0.7930724,0.7290307,0.80057335,0.77112514,0.79686433,0.55100894,0.92912024,0.8496392,0.62746674,0.6364065,0.9420297
4,68,12,verbal,0.6744457,0.88964427,0.8963645,0.7456746,0.7769087,0.78177583,0.7764415,0.6720021,0.66862464,0.43362987,0.814624,0.5792505,0.5584488,0.99301606,0.72741276,0.8153033,0.7696261,0.7930724,0.7290307,0.80057335,0.77112514,0.79686433,0.55100894,0.92912024,0.8496392,0.62746674,0.6364065,0.9420297
4,68,13,verbal,0.6744457,0.88964427,0.8963645,0.7456746,0.7769087,0.78177583,0.7764415,0.6720021,0.66862464,0.43362987,0.814624,0.5792505,0.5584488,0.99301606,0.72741276,0.8153033,0.7696261,0.7930724,0.7290307,0.80057335,0.77112514,0.79686433,0.55100894,0.92912024,0.8496392,0.62746674,0.6364065,0.9420297
4,68,14,verbal,0.6744457,0.88964427,0.8963645,0.7456746,0.7769087,0.78177583,0.7764415,0.6720021,0.66862464,0.43362987,0.814624,0.5792505,0.5584488,0.99301606,0.72741276,0.8153033,0.7696261,0.7930724,0.7290307,0.80057335,0.77112514,0.79686433,0.55100894,0.92912024,0.8496392,0.62746674,0.6364065,0.9420297
4,68,15,verbal,0.6744457,0.88964427,0.8963645,0.7456746,0.7769087,0.78177583,0.7764415,0.6720021,0.66862464,0.43362987,0.814624,0.5792505,0.5584488,0.99301606,0.72741276,0.8153033,0.7696261,0.7930724,0.7290307,0.80057335,0.77112514,0.79686433,0.55100894,0.92912024,0.8496392,0.62746674,0.6364065,0.9420297
4,69,1,verbal,0.6744457,0.88964427,0.8963645,0.7456746,0.7769087,0.78177583,0.7764415,0.6720021,0.66862464,0.43362987,0.814624,0.5792505,0.5584488,0.99301606,0.72741276,0.8153033,0.7696261,0.7930724,0.7290307,0.80057335,0.77112514,0.79686433,0.55100894,0.92912024,0.8496392,0.62746674,0.6364065,0.9420297
4,69,2,verbal,0.6744457,0.88964427,0.8963645,0.7456746,0.7769087,0.78177583,0.7764415,0.6720021,0.66862464,0.43362987,0.814624,0.5792505,0.5584488,0.99301606,0.72741276,0.8153033,0.7696261,0.7930724,0.7290307,0.80057335,0.77112514,0.79686433,0.55100894,0.92912024,0.8496392,0.62746674,0.6364065,0.9420297
4,69,3,verbal,0.6744457,0.88964427,0.8963645,0.7456746,0.7769087,0.78177583,0.7764415,0.6720021,0.66862464,0.43362987,0.814624,0.5792505,0.5584488,0.99301606,0.72741276,0.8153033,0.7696261,0.7930724,0.7290307,0.80057335,0.77112514,0.79686433,0.55100894,0.92912024,0.8496392,0.62746674,0.6364065,0.9420297
4,69,4,verbal,0.6744457,0.88964427,0.8963645,0.7456746,0.7769087,0.78177583,0.7764415,0.6720021,0.66862464,0.43362987,0.814624,0.5792505,0.5584488,0.99301606,0.72741276,0.8153033,0.7696261,0.7930724,0.7290307,0.80057335,0.77112514,0.79686433,0.55100894,0.92912024,0.8496392,0.62746674,0.6364065,0.9420297
4,69,5,verbal,0.6744457,0.88964427,0.8963645,0.7456746,0.7769087,0.78177583,0.7764415,0.6720021,0.66862464,0.43362987,0.814624,0.5792505,0.5584488,0.99301606,0.72741276,0.8153033,0.7696261,0.7930724,0.7290307,0.80057335,0.77112514,0.79686433,0.55100894,0.92912024,0.8496392,0.62746674,0.6364065,0.9420297
4,69,6,verbal,0.6744457,0.88964427,0.8963645,0.7456746,0.7769087,0.78177583,0.7764415,0.6720021,0.66862464,0.43362987,0.814624,0.5792505,0.5584488,0.99301606,0.72741276,0.8153033,0.7696261,0.7930724,0.7290307,0.80057335,0.77112514,0.79686433,0.55100894,0.92912024,0.8496392,0.62746674,0.6364065,0.9420297
4,69,7,verbal,0.6744457,0.88964427,0.8963645,0.7456746,0.7769087,0.78177583,0.7764415,0.6720021,0.66862464,0.43362987,0.814624,0.5792505,0.5584488,0.99301606,0.72741276,0.8153033,0.7696261,0.7930724,0.7290307,0.80057335,0.77112514,0.79686433,0.55100894,0.92912024,0.8496392,0.62746674,0.6364065,0.9420297
4,69,8,verbal,0.6744457,0.88964427,0.8963645,0.7456746,0.7769087,0.78177583,0.7764415,0.6720021,0.66862464,0.43362987,0.814624,0.5792505,0.5584488,0.99301606,0.72741276,0.8153033,0.7696261,0.7930724,0.7290307,0.80057335,0.77112514,0.79686433,0.55100894,0.92912024,0.8496392,0.62746674,0.6364065,0.9420297
4,69,9,verbal,0.6744457,0.88964427,0.8963645,0.7456746,0.7769087,0.78177583,0.7764415,0.6720021,0.66862464,0.43362987,0.814624,0.5792505,0.5584488,0.99301606,0.72741276,0.8153033,0.7696261,0.7930724,0.7290307,0.80057335,0.77112514,0.79686433,0.55100894,0.92912024,0.8496392,0.62746674,0.6364065,0.9420297
4,69,10,verbal,0.6744457,0.88964427,0.8963645,0.7456746,0.7769087,0.78177583,0.7764415,0.6720021,0.66862464,0.43362987,0.814624,0.5792505,0.5584488,0.99301606,0.72741276,0.8153033,0.7696261,0.7930724,0.7290307,0.80057335,0.77112514,0.79686433,0.55100894,0.92912024,0.8496392,0.62746674,0.6364065,0.9420297
4,69,11,verbal,0.6744457,0.88964427,0.8963645,0.7456746,0.7769087,0.78177583,0.7764415,0.6720021,0.66862464,0.43362987,0.814624,0.5792505,0.5584488,0.99301606,0.72741276,0.8153033,0.7696261,0.7930724,0.7290307,0.80057335,0.77112514,0.79686433,0.55100894,0.92912024,0.8496392,0.62746674,0.6364065,0.9420297
4,69,12,verbal,0.6744457,0.88964427,0.8963645,0.7456746,0.7769087,0.78177583,0.7764415,0.6720021,0.66862464,0.43362987,0.814624,0.5792505,0.5584488,0.99301606,0.72741276,0.8153033,0.7696261,0.7930724,0.7290307,0.80057335,0.77112514,0.79686433,0.55100894,0.92912024,0.8496392,0.62746674,0.6364065,0.9420297
4,69,13,verbal,0.6744457,0.88964427,0.8963645,0.7456746,0.7769087,0.78177583,0.7764415,0.6720021,0.66862464,0.43362987,0.814624,0.5792505,0.5584488,0.99301606,0.72741276,0.8153033,0.7696261,0.7930724,0.7290307,0.80057335,0.77112514,0.79686433,0.55100894,0.92912024,0.8496392,0.62746674,0.6364065,0.9420297
4,69,14,verbal,0.6744457,0.88964427,0.8963645,0.7456746,0.7769087,0.78177583,0.7764415,0.6720021,0.66862464,0.43362987,0.814624,0.5792505,0.5584488,0.99301606,0.72741276,0.8153033,0.7696261,0.7930724,0.7290307,0.80057335,0.77112514,0.79686433,0.55100894,0.92912024,0.8496392,0.62746674,0.6364065,0.9420297
4,69,15,verbal,0.6744457,0.88964427,0.8963645,0.7456746,0.7769087,0.78177583,0.7764415,0.6720021,0.66862464,0.43362987,0.814624,0.5792505,0.5584488,0.99301606,0.72741276,0.8153033,0.7696261,0.7930724,0.7290307,0.80057335,0.77112514,0.79686433,0.55100894,0.92912024,0.8496392,0.62746674,0.6364065,0.9420297
4,70,1,verbal,0.6744457,0.88964427,0.8963645,0.7456746,0.7769087,0.78177583,0.7764415,0.6720021,0.66862464,0.43362987,0.814624,0.5792505,0.5584488,0.99301606,0.72741276,0.8153033,0.7696261,0.7930724,0.7290307,0.80057335,0.77112514,0.79686433,0.55100894,0.92912024,0.8496392,0.62746674,0.6364065,0.9420297
4,70,2,verbal,0.6744457,0.88964427,0.8963645,0.7456746,0.7769087,0.78177583,0.7764415,0.6720021,0.66862464,0.43362987,0.814624,0.5792505,0.5584488,0.99301606,0.72741276,0.8153033,0.7696261,0.7930724,0.7290307,0.80057335,0.77112514,0.79686433,0.55100894,0.92912024,0.8496392,0.62746674,0.6364065,0.9420297
4,70,3,verbal,0.6744457,0.88964427,0.8963645,0.7456746,0.7769087,0.78177583,0.7764415,0.6720021,0.66862464,0.43362987,0.814624,0.5792505,0.5584488,0.99301606,0.72741276,0.8153033,0.7696261,0.7930724,0.7290307,0.80057335,0.77112514,0.79686433,0.55100894,0.92912024,0.8496392,0.62746674,0.6364065,0.9420297
4,70,4,verbal,0.6744457,0.88964427,0.8963645,0.7456746,0.7769087,0.78177583,0.7764415,0.6720021,0.66862464,0.43362987,0.814624,0.5792505,0.5584488,0.99301606,0.72741276,0.8153033,0.7696261,0.7930724,0.7290307,0.80057335,0.77112514,0.79686433,0.55100894,0.92912024,0.8496392,0.62746674,0.6364065,0.9420297
4,70,5,verbal,0.6744457,0.88964427,0.8963645,0.7456746,0.7769087,0.78177583,0.7764415,0.6720021,0.66862464,0.43362987,0.814624,0.5792505,0.5584488,0.99301606,0.72741276,0.8153033,0.7696261,0.7930724,0.7290307,0.80057335,0.77112514,0.79686433,0.55100894,0.92912024,0.8496392,0.62746674,0.6364065,0.9420297
4,70,6,verbal,0.6744457,0.88964427,0.8963645,0.7456746,0.7769087,0.78177583,0.7764415,0.6720021,0.66862464,0.43362987,0.814624,0.5792505,0.5584488,0.99301606,0.72741276,0.8153033,0.7696261,0.7930724,0.7290307,0.80057335,0.77112514,0.79686433,0.55100894,0.92912024,0.8496392,0.62746674,0.6364065,0.9420297
4,70,7,verbal,0.6744457,0.88964427,0.8963645,0.7456746,0.7769087,0.78177583,0.7764415,0.6720021,0.66862464,0.43362987,0.814624,0.5792505,0.5584488,0.99301606,0.72741276,0.8153033,0.7696261,0.7930724,0.7290307,0.80057335,0.77112514,0.79686433,0.55100894,0.92912024,0.8496392,0.62746674,0.6364065,0.9420297
4,70,8,verbal,0.6744457,0.88964427,0.8963645,0.7456746,0.7769087,0.78177583,0.7764415,0.6720021,0.66862464,0.43362987,0.814624,0.5792505,0.5584488,0.99301606,0.72741276,0.8153033,0.7696261,0.7930724,0.7290307,0.80057335,0.77112514,0.79686433,0.55100894,0.92912024,0.8496392,0.62746674,0.6364065,0.9420297
4,70,9,verbal,0.6744457,0.88964427,0.8963645,0.7456746,0.7769087,0.78177583,0.7764415,0.6720021,0.66862464,0.43362987,0.814624,0.5792505,0.5584488,0.99301606,0.72741276,0.8153033,0.7696261,0.7930724,0.7290307,0.80057335,0.77112514,0.79686433,0.55100894,0.92912024,0.8496392,0.62746674,0.6364065,0.9420297
4,70,10,verbal,0.6744457,0.88964427,0.8963645,0.7456746,0.7769087,0.78177583,0.7764415,0.6720021,0.66862464,0.43362987,0.814624,0.5792505,0.5584488,0.99301606,0.72741276,0.8153033,0.7696261,0.7930724,0.7290307,0.80057335,0.77112514,0.79686433,0.55100894,0.92912024,0.8496392,0.62746674,0.6364065,0.9420297
4,70,11,verbal,0.6744457,0.88964427,0.8963645,0.7456746,0.7769087,0.78177583,0.7764415,0.6720021,0.66862464,0.43362987,0.814624,0.5792505,0.5584488,0.99301606,0.72741276,0.8153033,0.7696261,0.7930724,0.7290307,0.80057335,0.77112514,0.79686433,0.55100894,0.92912024,0.8496392,0.62746674,0.6364065,0.9420297
4,70,12,verbal,0.6744457,0.88964427,0.8963645,0.7456746,0.7769087,0.78177583,0.7764415,0.6720021,0.66862464,0.43362987,0.814624,0.5792505,0.5584488,0.99301606,0.72741276,0.8153033,0.7696261,0.7930724,0.7290307,0.80057335,0.77112514,0.79686433,0.55100894,0.92912024,0.8496392,0.62746674,0.6364065,0.9420297
4,70,13,verbal,0.6744457,0.88964427,0.8963645,0.7456746,0.7769087,0.78177583,0.7764415,0.6720021,0.66862464,0.43362987,0.814624,0.5792505,0.5584488,0.99301606,0.72741276,0.8153033,0.7696261,0.7930724,0.7290307,0.80057335,0.77112514,0.79686433,0.55100894,0.92912024,0.8496392,0.62746674,0.6364065,0.9420297
4,70,14,verbal,0.6744457,0.88964427,0.8963645,0.7456746,0.7769087,0.78177583,0.7764415,0.6720021,0.66862464,0.43362987,0.814624,0.5792505,0.5584488,0.99301606,0.72741276,0.8153033,0.7696261,0.7930724,0.7290307,0.80057335,0.77112514,0.79686433,0.55100894,0.92912024,0.8496392,0.62746674,0.6364065,0.9420297
4,70,15,verbal,0.6744457,0.88964427,0.8963645,0.7456746,0.7769087,0.78177583,0.7764415,0.6720021,0.66862464,0.43362987,0.814624,0.5792505,0.5584488,0.99301606,0.72741276,0.8153033,0.7696261,0.7930724,0.7290307,0.80057335,0.77112514,0.79686433,0.55100894,0.92912024,0.8496392,0.62746674,0.6364065,0.9420297
4,71,1,verbal,0.6744457,0.88964427,0.8963645,0.7456746,0.7769087,0.78177583,0.7764415,0.6720021,0.66862464,0.43362987,0.814624,0.5792505,0.5584488,0.99301606,0.72741276,0.8153033,0.7696261,0.7930724,0.7290307,0.80057335,0.77112514,0.79686433,0.55100894,0.92912024,0.8496392,0.62746674,0.6364065,0.9420297
4,71,2,verbal,0.6744457,0.88964427,0.8963645,0.7456746,0.7769087,0.78177583,0.7764415,0.6720021,0.66862464,0.43362987,0.814624,0.5792505,0.5584488,0.99301606,0.72741276,0.8153033,0.7696261,0.7930724,0.7290307,0.80057335,0.77112514,0.79686433,0.55100894,0.92912024,0.8496392,0.62746674,0.6364065,0.9420297
4,71,3,verbal,0.6744457,0.88964427,0.8963645,0.7456746,0.7769087,0.78177583,0.7764415,0.6720021,0.66862464,0.43362987,0.814624,0.5792505,0.5584488,0.99301606,0.72741276,0.8153033,0.7696261,0.7930724,0.7290307,0.80057335,0.77112514,0.79686433,0.55100894,0.92912024,0.8496392,0.62746674,0.6364065,0.9420297
4,71,4,verbal,0.6744457,0.88964427,0.8963645,0.7456746,0.7769087,0.78177583,0.7764415,0.6720021,0.66862464,0.43362987,0.814624,0.5792505,0.5584488,0.99301606,0.72741276,0.8153033,0.7696261,0.7930724,0.7290307,0.80057335,0.77112514,0.79686433,0.55100894,0.92912024,0.8496392,0.62746674,0.6364065,0.9420297
4,71,5,verbal,0.6744457,0.88964427,0.8963645,0.7456746,0.7769087,0.78177583,0.7764415,0.6720021,0.66862464,0.43362987,0.814624,0.5792505,0.5584488,0.99301606,0.72741276,0.8153033,0.7696261,0.7930724,0.7290307,0.80057335,0.77112514,0.79686433,0.55100894,0.92912024,0.8496392,0.62746674,0.6364065,0.9420297
4,71,6,verbal,0.6744457,0.88964427,0.8963645,0.7456746,0.7769087,0.78177583,0.7764415,0.6720021,0.66862464,0.43362987,0.814624,0.5792505,0.5584488,0.99301606,0.72741276,0.8153033,0.7696261,0.7930724,0.7290307,0.80057335,0.77112514,0.79686433,0.55100894,0.92912024,0.8496392,0.62746674,0.6364065,0.9420297
4,71,7,verbal,0.6744457,0.88964427,0.8963645,0.7456746,0.7769087,0.78177583,0.7764415,0.6720021,0.66862464,0.43362987,0.814624,0.5792505,0.5584488,0.99301606,0.72741276,0.8153033,0.7696261,0.7930724,0.7290307,0.80057335,0.77112514,0.79686433,0.55100894,0.92912024,0.8496392,0.62746674,0.6364065,0.9420297
4,71,8,verbal,0.6744457,0.88964427,0.8963645,0.7456746,0.7769087,0.78177583,0.7764415,0.6720021,0.66862464,0.43362987,0.814624,0.5792505,0.5584488,0.99301606,0.72741276,0.8153033,0.7696261,0.7930724,0.7290307,0.80057335,0.77112514,0.79686433,0.55100894,0.92912024,0.8496392,0.62746674,0.6364065,0.9420297
4,71,9,verbal,0.6744457,0.88964427,0.8963645,0.7456746,0.7769087,0.78177583,0.7764415,0.6720021,0.66862464,0.43362987,0.814624,0.5792505,0.5584488,0.99301606,0.72741276,0.8153033,0.7696261,0.7930724,0.7290307,0.80057335,0.77112514,0.79686433,0.55100894,0.92912024,0.8496392,0.62746674,0.6364065,0.9420297
4,71,10,verbal,0.6744457,0.88964427,0.8963645,0.7456746,0.7769087,0.78177583,0.7764415,0.6720021,0.66862464,0.43362987,0.814624,0.5792505,0.5584488,0.99301606,0.72741276,0.8153033,0.7696261,0.7930724,0.7290307,0.80057335,0.77112514,0.79686433,0.55100894,0.92912024,0.8496392,0.62746674,0.6364065,0.9420297
4,71,11,verbal,0.6744457,0.88964427,0.8963645,0.7456746,0.7769087,0.78177583,0.7764415,0.6720021,0.66862464,0.43362987,0.814624,0.5792505,0.5584488,0.99301606,0.72741276,0.8153033,0.7696261,0.7930724,0.7290307,0.80057335,0.77112514,0.79686433,0.55100894,0.92912024,0.8496392,0.62746674,0.6364065,0.9420297
4,71,12,verbal,0.6744457,0.88964427,0.8963645,0.7456746,0.7769087,0.78177583,0.7764415,0.6720021,0.66862464,0.43362987,0.814624,0.5792505,0.5584488,0.99301606,0.72741276,0.8153033,0.7696261,0.7930724,0.7290307,0.80057335,0.77112514,0.79686433,0.55100894,0.92912024,0.8496392,0.62746674,0.6364065,0.9420297
4,71,13,verbal,0.6744457,0.88964427,0.8963645,0.7456746,0.7769087,0.78177583,0.7764415,0.6720021,0.66862464,0.43362987,0.814624,0.5792505,0.5584488,0.99301606,0.72741276,0.8153033,0.7696261,0.7930724,0.7290307,0.80057335,0.77112514,0.79686433,0.55100894,0.92912024,0.8496392,0.62746674,0.6364065,0.9420297
4,71,14,verbal,0.6744457,0.88964427,0.8963645,0.7456746,0.7769087,0.78177583,0.7764415,0.6720021,0.66862464,0.43362987,0.814624,0.5792505,0.5584488,0.99301606,0.72741276,0.8153033,0.7696261,0.7930724,0.7290307,0.80057335,0.77112514,0.79686433,0.55100894,0.92912024,0.8496392,0.62746674,0.6364065,0.9420297
4,71,15,verbal,0.6744457,0.88964427,0.8963645,0.7456746,0.7769087,0.78177583,0.7764415,0.6720021,0.66862464,0.43362987,0.814624,0.5792505,0.5584488,0.99301606,0.72741276,0.8153033,0.7696261,0.7930724,0.7290307,0.80057335,0.77112514,0.79686433,0.55100894,0.92912024,0.8496392,0.62746674,0.6364065,0.9420297
4,72,1,verbal,0.6744457,0.88964427,0.8963645,0.7456746,0.7769087,0.78177583,0.7764415,0.6720021,0.66862464,0.43362987,0.814624,0.5792505,0.5584488,0.99301606,0.72741276,0.8153033,0.7696261,0.7930724,0.7290307,0.80057335,0.77112514,0.79686433,0.55100894,0.92912024,0.8496392,0.62746674,0.6364065,0.9420297
4,72,2,verbal,0.6744457,0.88964427,0.8963645,0.7456746,0.7769087,0.78177583,0.7764415,0.6720021,0.66862464,0.43362987,0.814624,0.5792505,0.5584488,0.99301606,0.72741276,0.8153033,0.7696261,0.7930724,0.7290307,0.80057335,0.77112514,0.79686433,0.55100894,0.92912024,0.8496392,0.62746674,0.6364065,0.9420297
4,72,3,verbal,0.6744457,0.88964427,0.8963645,0.7456746,0.7769087,0.78177583,0.7764415,0.6720021,0.66862464,0.43362987,0.814624,0.5792505,0.5584488,0.99301606,0.72741276,0.8153033,0.7696261,0.7930724,0.7290307,0.80057335,0.77112514,0.79686433,0.55100894,0.92912024,0.8496392,0.62746674,0.6364065,0.9420297
4,72,4,verbal,0.6744457,0.88964427,0.8963645,0.7456746,0.7769087,0.78177583,0.7764415,0.6720021,0.66862464,0.43362987,0.814624,0.5792505,0.5584488,0.99301606,0.72741276,0.8153033,0.7696261,0.7930724,0.7290307,0.80057335,0.77112514,0.79686433,0.55100894,0.92912024,0.8496392,0.62746674,0.6364065,0.9420297
4,72,5,verbal,0.6744457,0.88964427,0.8963645,0.7456746,0.7769087,0.78177583,0.7764415,0.6720021,0.66862464,0.43362987,0.814624,0.5792505,0.5584488,0.99301606,0.72741276,0.8153033,0.7696261,0.7930724,0.7290307,0.80057335,0.77112514,0.79686433,0.55100894,0.92912024,0.8496392,0.62746674,0.6364065,0.9420297
4,72,6,verbal,0.6744457,0.88964427,0.8963645,0.7456746,0.7769087,0.78177583,0.7764415,0.6720021,0.66862464,0.43362987,0.814624,0.5792505,0.5584488,0.99301606,0.72741276,0.8153033,0.7696261,0.7930724,0.7290307,0.80057335,0.77112514,0.79686433,0.55100894,0.92912024,0.8496392,0.62746674,0.6364065,0.9420297
4,72,7,verbal,0.6744457,0.88964427,0.8963645,0.7456746,0.7769087,0.78177583,0.7764415,0.6720021,0.66862464,0.43362987,0.814624,0.5792505,0.5584488,0.99301606,0.72741276,0.8153033,0.7696261,0.7930724,0.7290307,0.80057335,0.77112514,0.79686433,0.55100894,0.92912024,0.8496392,0.62746674,0.6364065,0.9420297
4,72,8,verbal,0.6744457,0.88964427,0.8963645,0.7456746,0.7769087,0.78177583,0.7764415,0.6720021,0.66862464,0.43362987,0.814624,0.5792505,0.5584488,0.99301606,0.72741276,0.8153033,0.7696261,0.7930724,0.7290307,0.80057335,0.77112514,0.79686433,0.55100894,0.92912024,0.8496392,0.62746674,0.6364065,0.9420297
4,72,9,verbal,0.6744457,0.88964427,0.8963645,0.7456746,0.7769087,0.78177583,0.7764415,0.6720021,0.66862464,0.43362987,0.814624,0.5792505,0.5584488,0.99301606,0.72741276,0.8153033,0.7696261,0.7930724,0.7290307,0.80057335,0.77112514,0.79686433,0.55100894,0.92912024,0.8496392,0.62746674,0.6364065,0.9420297
4,72,10,verbal,0.6744457,0.88964427,0.8963645,0.7456746,0.7769087,0.78177583,0.7764415,0.6720021,0.66862464,0.43362987,0.814624,0.5792505,0.5584488,0.99301606,0.72741276,0.8153033,0.7696261,0.7930724,0.7290307,0.80057335,0.77112514,0.79686433,0.55100894,0.92912024,0.8496392,0.62746674,0.6364065,0.9420297
4,72,11,verbal,0.6744457,0.88964427,0.8963645,0.7456746,0.7769087,0.78177583,0.7764415,0.6720021,0.66862464,0.43362987,0.814624,0.5792505,0.5584488,0.99301606,0.72741276,0.8153033,0.7696261,0.7930724,0.7290307,0.80057335,0.77112514,0.79686433,0.55100894,0.92912024,0.8496392,0.62746674,0.6364065,0.9420297
4,72,12,verbal,0.6744457,0.88964427,0.8963645,0.7456746,0.7769087,0.78177583,0.7764415,0.6720021,0.66862464,0.43362987,0.814624,0.5792505,0.5584488,0.99301606,0.72741276,0.8153033,0.7696261,0.7930724,0.7290307,0.80057335,0.77112514,0.79686433,0.55100894,0.92912024,0.8496392,0.62746674,0.6364065,0.9420297
4,72,13,verbal,0.6744457,0.88964427,0.8963645,0.7456746,0.7769087,0.78177583,0.7764415,0.6720021,0.66862464,0.43362987,0.814624,0.5792505,0.5584488,0.99301606,0.72741276,0.8153033,0.7696261,0.7930724,0.7290307,0.80057335,0.77112514,0.79686433,0.55100894,0.92912024,0.8496392,0.62746674,0.6364065,0.9420297
4,72,14,verbal,0.6744457,0.88964427,0.8963645,0.7456746,0.7769087,0.78177583,0.7764415,0.6720021,0.66862464,0.43362987,0.814624,0.5792505,0.5584488,0.99301606,0.72741276,0.8153033,0.7696261,0.7930724,0.7290307,0.80057335,0.77112514,0.79686433,0.55100894,0.92912024,0.8496392,0.62746674,0.6364065,0.9420297
4,72,15,verbal,0.6744457,0.88964427,0.8963645,0.7456746,0.7769087,0.78177583,0.7764415,0.6720021,0.66862464,0.43362987,0.814624,0.5792505,0.5584488,0.99301606,0.72741276,0.8153033,0.7696261,0.7930724,0.7290307,0.80057335,0.77112514,0.79686433,0.55100894,0.92912024,0.8496392,0.62746674,0.6364065,0.9420297
4,73,1,verbal,0.6744457,0.88964427,0.8963645,0.7456746,0.7769087,0.78177583,0.7764415,0.6720021,0.66862464,0.43362987,0.814624,0.5792505,0.5584488,0.99301606,0.72741276,0.8153033,0.7696261,0.7930724,0.7290307,0.80057335,0.77112514,0.79686433,0.55100894,0.92912024,0.8496392,0.62746674,0.6364065,0.9420297
4,73,2,verbal,0.6744457,0.88964427,0.8963645,0.7456746,0.7769087,0.78177583,0.7764415,0.6720021,0.66862464,0.43362987,0.814624,0.5792505,0.5584488,0.99301606,0.72741276,0.8153033,0.7696261,0.7930724,0.7290307,0.80057335,0.77112514,0.79686433,0.55100894,0.92912024,0.8496392,0.62746674,0.6364065,0.9420297
4,73,3,verbal,0.6744457,0.88964427,0.8963645,0.7456746,0.7769087,0.78177583,0.7764415,0.6720021,0.66862464,0.43362987,0.814624,0.5792505,0.5584488,0.99301606,0.72741276,0.8153033,0.7696261,0.7930724,0.7290307,0.80057335,0.77112514,0.79686433,0.55100894,0.92912024,0.8496392,0.62746674,0.6364065,0.9420297
4,73,4,verbal,0.6744457,0.88964427,0.8963645,0.7456746,0.7769087,0.78177583,0.7764415,0.6720021,0.66862464,0.43362987,0.814624,0.5792505,0.5584488,0.99301606,0.72741276,0.8153033,0.7696261,0.7930724,0.7290307,0.80057335,0.77112514,0.79686433,0.55100894,0.92912024,0.8496392,0.62746674,0.6364065,0.9420297
4,73,5,verbal,0.6744457,0.88964427,0.8963645,0.7456746,0.7769087,0.78177583,0.7764415,0.6720021,0.66862464,0.43362987,0.814624,0.5792505,0.5584488,0.99301606,0.72741276,0.8153033,0.7696261,0.7930724,0.7290307,0.80057335,0.77112514,0.79686433,0.55100894,0.92912024,0.8496392,0.62746674,0.6364065,0.9420297
4,73,6,verbal,0.6744457,0.88964427,0.8963645,0.7456746,0.7769087,0.78177583,0.7764415,0.6720021,0.66862464,0.43362987,0.814624,0.5792505,0.5584488,0.99301606,0.72741276,0.8153033,0.7696261,0.7930724,0.7290307,0.80057335,0.77112514,0.79686433,0.55100894,0.92912024,0.8496392,0.62746674,0.6364065,0.9420297
4,73,7,verbal,0.6744457,0.88964427,0.8963645,0.7456746,0.7769087,0.78177583,0.7764415,0.6720021,0.66862464,0.43362987,0.814624,0.5792505,0.5584488,0.99301606,0.72741276,0.8153033,0.7696261,0.7930724,0.7290307,0.80057335,0.77112514,0.79686433,0.55100894,0.92912024,0.8496392,0.62746674,0.6364065,0.9420297
4,73,8,verbal,0.6744457,0.88964427,0.8963645,0.7456746,0.7769087,0.78177583,0.7764415,0.6720021,0.66862464,0.43362987,0.814624,0.5792505,0.5584488,0.99301606,0.72741276,0.8153033,0.7696261,0.7930724,0.7290307,0.80057335,0.77112514,0.79686433,0.55100894,0.92912024,0.8496392,0.62746674,0.6364065,0.9420297
4,73,9,verbal,0.6744457,0.88964427,0.8963645,0.7456746,0.7769087,0.78177583,0.7764415,0.6720021,0.66862464,0.43362987,0.814624,0.5792505,0.5584488,0.99301606,0.72741276,0.8153033,0.7696261,0.7930724,0.7290307,0.80057335,0.77112514,0.79686433,0.55100894,0.92912024,0.8496392,0.62746674,0.6364065,0.9420297
4,73,10,verbal,0.6744457,0.88964427,0.8963645,0.7456746,0.7769087,0.78177583,0.7764415,0.6720021,0.66862464,0.43362987,0.814624,0.5792505,0.5584488,0.99301606,0.72741276,0.8153033,0.7696261,0.7930724,0.7290307,0.80057335,0.77112514,0.79686433,0.55100894,0.92912024,0.8496392,0.62746674,0.6364065,0.9420297
4,73,11,verbal,0.6744457,0.88964427,0.8963645,0.7456746,0.7769087,0.78177583,0.7764415,0.6720021,0.66862464,0.43362987,0.814624,0.5792505,0.5584488,0.99301606,0.72741276,0.8153033,0.7696261,0.7930724,0.7290307,0.80057335,0.77112514,0.79686433,0.55100894,0.92912024,0.8496392,0.62746674,0.6364065,0.9420297
4,73,12,verbal,0.6744457,0.88964427,0.8963645,0.7456746,0.7769087,0.78177583,0.7764415,0.6720021,0.66862464,0.43362987,0.814624,0.5792505,0.5584488,0.99301606,0.72741276,0.8153033,0.7696261,0.7930724,0.7290307,0.80057335,0.77112514,0.79686433,0.55100894,0.92912024,0.8496392,0.62746674,0.6364065,0.9420297
4,73,13,verbal,0.6744457,0.88964427,0.8963645,0.7456746,0.7769087,0.78177583,0.7764415,0.6720021,0.66862464,0.43362987,0.814624,0.5792505,0.5584488,0.99301606,0.72741276,0.8153033,0.7696261,0.7930724,0.7290307,0.80057335,0.77112514,0.79686433,0.55100894,0.92912024,0.8496392,0.62746674,0.6364065,0.9420297
4,73,14,verbal,0.6744457,0.88964427,0.8963645,0.7456746,0.7769087,0.78177583,0.7764415,0.6720021,0.66862464,0.43362987,0.814624,0.5792505,0.5584488,0.99301606,0.72741276,0.8153033,0.7696261,0.7930724,0.7290307,0.80057335,0.77112514,0.79686433,0.55100894,0.92912024,0.8496392,0.62746674,0.6364065,0.9420297
4,73,15,verbal,0.6744457,0.88964427,0.8963645,0.7456746,0.7769087,0.78177583,0.7764415,0.6720021,0.66862464,0.43362987,0.814624,0.5792505,0.5584488,0.99301606,0.72741276,0.8153033,0.7696261,0.7930724,0.7290307,0.80057335,0.77112514,0.79686433,0.55100894,0.92912024,0.8496392,0.62746674,0.6364065,0.9420297
4,74,1,verbal,0.6744457,0.88964427,0.8963645,0.7456746,0.7769087,0.78177583,0.7764415,0.6720021,0.66862464,0.43362987,0.814624,0.5792505,0.5584488,0.99301606,0.72741276,0.8153033,0.7696261,0.7930724,0.7290307,0.80057335,0.77112514,0.79686433,0.55100894,0.92912024,0.8496392,0.62746674,0.6364065,0.9420297
4,74,2,verbal,0.6744457,0.88964427,0.8963645,0.7456746,0.7769087,0.78177583,0.7764415,0.6720021,0.66862464,0.43362987,0.814624,0.5792505,0.5584488,0.99301606,0.72741276,0.8153033,0.7696261,0.7930724,0.7290307,0.80057335,0.77112514,0.79686433,0.55100894,0.92912024,0.8496392,0.62746674,0.6364065,0.9420297
4,74,3,verbal,0.6744457,0.88964427,0.8963645,0.7456746,0.7769087,0.78177583,0.7764415,0.6720021,0.66862464,0.43362987,0.814624,0.5792505,0.5584488,0.99301606,0.72741276,0.8153033,0.7696261,0.7930724,0.7290307,0.80057335,0.77112514,0.79686433,0.55100894,0.92912024,0.8496392,0.62746674,0.6364065,0.9420297
4,74,4,verbal,0.6744457,0.88964427,0.8963645,0.7456746,0.7769087,0.78177583,0.7764415,0.6720021,0.66862464,0.43362987,0.814624,0.5792505,0.5584488,0.99301606,0.72741276,0.8153033,0.7696261,0.7930724,0.7290307,0.80057335,0.77112514,0.79686433,0.55100894,0.92912024,0.8496392,0.62746674,0.6364065,0.9420297
4,74,5,verbal,0.6744457,0.88964427,0.8963645,0.7456746,0.7769087,0.78177583,0.7764415,0.6720021,0.66862464,0.43362987,0.814624,0.5792505,0.5584488,0.99301606,0.72741276,0.8153033,0.7696261,0.7930724,0.7290307,0.80057335,0.77112514,0.79686433,0.55100894,0.92912024,0.8496392,0.62746674,0.6364065,0.9420297
4,74,6,verbal,0.6744457,0.88964427,0.8963645,0.7456746,0.7769087,0.78177583,0.7764415,0.6720021,0.66862464,0.43362987,0.814624,0.5792505,0.5584488,0.99301606,0.72741276,0.8153033,0.7696261,0.7930724,0.7290307,0.80057335,0.77112514,0.79686433,0.55100894,0.92912024,0.8496392,0.62746674,0.6364065,0.9420297
4,74,7,verbal,0.6744457,0.88964427,0.8963645,0.7456746,0.7769087,0.78177583,0.7764415,0.6720021,0.66862464,0.43362987,0.814624,0.5792505,0.5584488,0.99301606,0.72741276,0.8153033,0.7696261,0.7930724,0.7290307,0.80057335,0.77112514,0.79686433,0.55100894,0.92912024,0.8496392,0.62746674,0.6364065,0.9420297
4,74,8,verbal,0.6744457,0.88964427,0.8963645,0.7456746,0.7769087,0.78177583,0.7764415,0.6720021,0.66862464,0.43362987,0.814624,0.5792505,0.5584488,0.99301606,0.72741276,0.8153033,0.7696261,0.7930724,0.7290307,0.80057335,0.77112514,0.79686433,0.55100894,0.92912024,0.8496392,0.62746674,0.6364065,0.9420297
4,74,9,verbal,0.6744457,0.88964427,0.8963645,0.7456746,0.7769087,0.78177583,0.7764415,0.6720021,0.66862464,0.43362987,0.814624,0.5792505,0.5584488,0.99301606,0.72741276,0.8153033,0.7696261,0.7930724,0.7290307,0.80057335,0.77112514,0.79686433,0.55100894,0.92912024,0.8496392,0.62746674,0.6364065,0.9420297
4,74,10,verbal,0.6744457,0.88964427,0.8963645,0.7456746,0.7769087,0.78177583,0.7764415,0.6720021,0.66862464,0.43362987,0.814624,0.5792505,0.5584488,0.99301606,0.72741276,0.8153033,0.7696261,0.7930724,0.7290307,0.80057335,0.77112514,0.79686433,0.55100894,0.92912024,0.8496392,0.62746674,0.6364065,0.9420297
4,74,11,verbal,0.6744457,0.88964427,0.8963645,0.7456746,0.7769087,0.78177583,0.7764415,0.6720021,0.66862464,0.43362987,0.814624,0.5792505,0.5584488,0.99301606,0.72741276,0.8153033,0.7696261,0.7930724,0.7290307,0.80057335,0.77112514,0.79686433,0.55100894,0.92912024,0.8496392,0.62746674,0.6364065,0.9420297
4,74,12,verbal,0.6744457,0.88964427,0.8963645,0.7456746,0.7769087,0.78177583,0.7764415,0.6720021,0.66862464,0.43362987,0.814624,0.5792505,0.5584488,0.99301606,0.72741276,0.8153033,0.7696261,0.7930724,0.7290307,0.80057335,0.77112514,0.79686433,0.55100894,0.92912024,0.8496392,0.62746674,0.6364065,0.9420297
4,74,13,verbal,0.6744457,0.88964427,0.8963645,0.7456746,0.7769087,0.78177583,0.7764415,0.6720021,0.66862464,0.43362987,0.814624,0.5792505,0.5584488,0.99301606,0.72741276,0.8153033,0.7696261,0.7930724,0.7290307,0.80057335,0.77112514,0.79686433,0.55100894,0.92912024,0.8496392,0.62746674,0.6364065,0.9420297
4,74,14,verbal,0.6744457,0.88964427,0.8963645,0.7456746,0.7769087,0.78177583,0.7764415,0.6720021,0.66862464,0.43362987,0.814624,0.5792505,0.5584488,0.99301606,0.72741276,0.8153033,0.7696261,0.7930724,0.7290307,0.80057335,0.77112514,0.79686433,0.55100894,0.92912024,0.8496392,0.62746674,0.6364065,0.9420297
4,74,15,verbal,0.6744457,0.88964427,0.8963645,0.7456746,0.7769087,0.78177583,0.7764415,0.6720021,0.66862464,0.43362987,0.814624,0.5792505,0.5584488,0.99301606,0.72741276,0.8153033,0.7696261,0.7930724,0.7290307,0.80057335,0.77112514,0.79686433,0.55100894,0.92912024,0.8496392,0.62746674,0.6364065,0.9420297
4,75,1,verbal,0.6744457,0.88964427,0.8963645,0.7456746,0.7769087,0.78177583,0.7764415,0.6720021,0.66862464,0.43362987,0.814624,0.5792505,0.5584488,0.99301606,0.72741276,0.8153033,0.7696261,0.7930724,0.7290307,0.80057335,0.77112514,0.79686433,0.55100894,0.92912024,0.8496392,0.62746674,0.6364065,0.9420297
4,75,2,verbal,0.6744457,0.88964427,0.8963645,0.7456746,0.7769087,0.78177583,0.7764415,0.6720021,0.66862464,0.43362987,0.814624,0.5792505,0.5584488,0.99301606,0.72741276,0.8153033,0.7696261,0.7930724,0.7290307,0.80057335,0.77112514,0.79686433,0.55100894,0.92912024,0.8496392,0.62746674,0.6364065,0.9420297
4,75,3,verbal,0.6744457,0.88964427,0.8963645,0.7456746,0.7769087,0.78177583,0.7764415,0.6720021,0.66862464,0.43362987,0.814624,0.5792505,0.5584488,0.99301606,0.72741276,0.8153033,0.7696261,0.7930724,0.7290307,0.80057335,0.77112514,0.79686433,0.55100894,0.92912024,0.8496392,0.62746674,0.6364065,0.9420297
4,75,4,verbal,0.6744457,0.88964427,0.8963645,0.7456746,0.7769087,0.78177583,0.7764415,0.6720021,0.66862464,0.43362987,0.814624,0.5792505,0.5584488,0.99301606,0.72741276,0.8153033,0.7696261,0.7930724,0.7290307,0.80057335,0.77112514,0.79686433,0.55100894,0.92912024,0.8496392,0.62746674,0.6364065,0.9420297
4,75,5,verbal,0.6744457,0.88964427,0.8963645,0.7456746,0.7769087,0.78177583,0.7764415,0.6720021,0.66862464,0.43362987,0.814624,0.5792505,0.5584488,0.99301606,0.72741276,0.8153033,0.7696261,0.7930724,0.7290307,0.80057335,0.77112514,0.79686433,0.55100894,0.92912024,0.8496392,0.62746674,0.6364065,0.9420297
4,75,6,verbal,0.6744457,0.88964427,0.8963645,0.7456746,0.7769087,0.78177583,0.7764415,0.6720021,0.66862464,0.43362987,0.814624,0.5792505,0.5584488,0.99301606,0.72741276,0.8153033,0.7696261,0.7930724,0.7290307,0.80057335,0.77112514,0.79686433,0.55100894,0.92912024,0.8496392,0.62746674,0.6364065,0.9420297
4,75,7,verbal,0.6744457,0.88964427,0.8963645,0.7456746,0.7769087,0.78177583,0.7764415,0.6720021,0.66862464,0.43362987,0.814624,0.5792505,0.5584488,0.99301606,0.72741276,0.8153033,0.7696261,0.7930724,0.7290307,0.80057335,0.77112514,0.79686433,0.55100894,0.92912024,0.8496392,0.62746674,0.6364065,0.9420297
4,75,8,verbal,0.6744457,0.88964427,0.8963645,0.7456746,0.7769087,0.78177583,0.7764415,0.6720021,0.66862464,0.43362987,0.814624,0.5792505,0.5584488,0.99301606,0.72741276,0.8153033,0.7696261,0.7930724,0.7290307,0.80057335,0.77112514,0.79686433,0.55100894,0.92912024,0.8496392,0.62746674,0.6364065,0.9420297
4,75,9,verbal,0.6744457,0.88964427,0.8963645,0.7456746,0.7769087,0.78177583,0.7764415,0.6720021,0.66862464,0.43362987,0.814624,0.5792505,0.5584488,0.99301606,0.72741276,0.8153033,0.7696261,0.7930724,0.7290307,0.80057335,0.77112514,0.79686433,0.55100894,0.92912024,0.8496392,0.62746674,0.6364065,0.9420297
4,75,10,verbal,0.6744457,0.88964427,0.8963645,0.7456746,0.7769087,0.78177583,0.7764415,0.6720021,0.66862464,0.43362987,0.814624,0.5792505,0.5584488,0.99301606,0.72741276,0.8153033,0.7696261,0.7930724,0.7290307,0.80057335,0.77112514,0.79686433,0.55100894,0.92912024,0.8496392,0.62746674,0.6364065,0.9420297
4,75,11,verbal,0.6744457,0.88964427,0.8963645,0.7456746,0.7769087,0.78177583,0.7764415,0.6720021,0.66862464,0.43362987,0.814624,0.5792505,0.5584488,0.99301606,0.72741276,0.8153033,0.7696261,0.7930724,0.7290307,0.80057335,0.77112514,0.79686433,0.55100894,0.92912024,0.8496392,0.62746674,0.6364065,0.9420297
4,75,12,verbal,0.6744457,0.88964427,0.8963645,0.7456746,0.7769087,0.78177583,0.7764415,0.6720021,0.66862464,0.43362987,0.814624,0.5792505,0.5584488,0.99301606,0.72741276,0.8153033,0.7696261,0.7930724,0.7290307,0.80057335,0.77112514,0.79686433,0.55100894,0.92912024,0.8496392,0.62746674,0.6364065,0.9420297
4,75,13,verbal,0.6744457,0.88964427,0.8963645,0.7456746,0.7769087,0.78177583,0.7764415,0.6720021,0.66862464,0.43362987,0.814624,0.5792505,0.5584488,0.99301606,0.72741276,0.8153033,0.7696261,0.7930724,0.7290307,0.80057335,0.77112514,0.79686433,0.55100894,0.92912024,0.8496392,0.62746674,0.6364065,0.9420297
4,75,14,verbal,0.6744457,0.88964427,0.8963645,0.7456746,0.7769087,0.78177583,0.7764415,0.6720021,0.66862464,0.43362987,0.814624,0.5792505,0.5584488,0.99301606,0.72741276,0.8153033,0.7696261,0.7930724,0.7290307,0.80057335,0.77112514,0.79686433,0.55100894,0.92912024,0.8496392,0.62746674,0.6364065,0.9420297
4,75,15,verbal,0.6744457,0.88964427,0.8963645,0.7456746,0.7769087,0.78177583,0.7764415,0.6720021,0.66862464,0.43362987,0.814624,0.5792505,0.5584488,0.99301606,0.72741276,0.8153033,0.7696261,0.7930724,0.7290307,0.80057335,0.77112514,0.79686433,0.55100894,0.92912024,0.8496392,0.62746674,0.6364065,0.9420297
4,76,1,verbal,0.6744457,0.88964427,0.8963645,0.7456746,0.7769087,0.78177583,0.7764415,0.6720021,0.66862464,0.43362987,0.814624,0.5792505,0.5584488,0.99301606,0.72741276,0.8153033,0.7696261,0.7930724,0.7290307,0.80057335,0.77112514,0.79686433,0.55100894,0.92912024,0.8496392,0.62746674,0.6364065,0.9420297
4,76,2,verbal,0.6744457,0.88964427,0.8963645,0.7456746,0.7769087,0.78177583,0.7764415,0.6720021,0.66862464,0.43362987,0.814624,0.5792505,0.5584488,0.99301606,0.72741276,0.8153033,0.7696261,0.7930724,0.7290307,0.80057335,0.77112514,0.79686433,0.55100894,0.92912024,0.8496392,0.62746674,0.6364065,0.9420297
4,76,3,verbal,0.6744457,0.88964427,0.8963645,0.7456746,0.7769087,0.78177583,0.7764415,0.6720021,0.66862464,0.43362987,0.814624,0.5792505,0.5584488,0.99301606,0.72741276,0.8153033,0.7696261,0.7930724,0.7290307,0.80057335,0.77112514,0.79686433,0.55100894,0.92912024,0.8496392,0.62746674,0.6364065,0.9420297
4,76,4,verbal,0.6744457,0.88964427,0.8963645,0.7456746,0.7769087,0.78177583,0.7764415,0.6720021,0.66862464,0.43362987,0.814624,0.5792505,0.5584488,0.99301606,0.72741276,0.8153033,0.7696261,0.7930724,0.7290307,0.80057335,0.77112514,0.79686433,0.55100894,0.92912024,0.8496392,0.62746674,0.6364065,0.9420297
4,76,5,verbal,0.6744457,0.88964427,0.8963645,0.7456746,0.7769087,0.78177583,0.7764415,0.6720021,0.66862464,0.43362987,0.814624,0.5792505,0.5584488,0.99301606,0.72741276,0.8153033,0.7696261,0.7930724,0.7290307,0.80057335,0.77112514,0.79686433,0.55100894,0.92912024,0.8496392,0.62746674,0.6364065,0.9420297
4,76,6,verbal,0.6744457,0.88964427,0.8963645,0.7456746,0.7769087,0.78177583,0.7764415,0.6720021,0.66862464,0.43362987,0.814624,0.5792505,0.5584488,0.99301606,0.72741276,0.8153033,0.7696261,0.7930724,0.7290307,0.80057335,0.77112514,0.79686433,0.55100894,0.92912024,0.8496392,0.62746674,0.6364065,0.9420297
4,76,7,verbal,0.6744457,0.88964427,0.8963645,0.7456746,0.7769087,0.78177583,0.7764415,0.6720021,0.66862464,0.43362987,0.814624,0.5792505,0.5584488,0.99301606,0.72741276,0.8153033,0.7696261,0.7930724,0.7290307,0.80057335,0.77112514,0.79686433,0.55100894,0.92912024,0.8496392,0.62746674,0.6364065,0.9420297
4,76,8,verbal,0.6744457,0.88964427,0.8963645,0.7456746,0.7769087,0.78177583,0.7764415,0.6720021,0.66862464,0.43362987,0.814624,0.5792505,0.5584488,0.99301606,0.72741276,0.8153033,0.7696261,0.7930724,0.7290307,0.80057335,0.77112514,0.79686433,0.55100894,0.92912024,0.8496392,0.62746674,0.6364065,0.9420297
4,76,9,verbal,0.6744457,0.88964427,0.8963645,0.7456746,0.7769087,0.78177583,0.7764415,0.6720021,0.66862464,0.43362987,0.814624,0.5792505,0.5584488,0.99301606,0.72741276,0.8153033,0.7696261,0.7930724,0.7290307,0.80057335,0.77112514,0.79686433,0.55100894,0.92912024,0.8496392,0.62746674,0.6364065,0.9420297
4,76,10,verbal,0.6744457,0.88964427,0.8963645,0.7456746,0.7769087,0.78177583,0.7764415,0.6720021,0.66862464,0.43362987,0.814624,0.5792505,0.5584488,0.99301606,0.72741276,0.8153033,0.7696261,0.7930724,0.7290307,0.80057335,0.77112514,0.79686433,0.55100894,0.92912024,0.8496392,0.62746674,0.6364065,0.9420297
4,76,11,verbal,0.6744457,0.88964427,0.8963645,0.7456746,0.7769087,0.78177583,0.7764415,0.6720021,0.66862464,0.43362987,0.814624,0.5792505,0.5584488,0.99301606,0.72741276,0.8153033,0.7696261,0.7930724,0.7290307,0.80057335,0.77112514,0.79686433,0.55100894,0.92912024,0.8496392,0.62746674,0.6364065,0.9420297
4,76,12,verbal,0.6744457,0.88964427,0.8963645,0.7456746,0.7769087,0.78177583,0.7764415,0.6720021,0.66862464,0.43362987,0.814624,0.5792505,0.5584488,0.99301606,0.72741276,0.8153033,0.7696261,0.7930724,0.7290307,0.80057335,0.77112514,0.79686433,0.55100894,0.92912024,0.8496392,0.62746674,0.6364065,0.9420297
4,76,13,verbal,0.6744457,0.88964427,0.8963645,0.7456746,0.7769087,0.78177583,0.7764415,0.6720021,0.66862464,0.43362987,0.814624,0.5792505,0.5584488,0.99301606,0.72741276,0.8153033,0.7696261,0.7930724,0.7290307,0.80057335,0.77112514,0.79686433,0.55100894,0.92912024,0.8496392,0.62746674,0.6364065,0.9420297
4,76,14,verbal,0.6744457,0.88964427,0.8963645,0.7456746,0.7769087,0.78177583,0.7764415,0.6720021,0.66862464,0.43362987,0.814624,0.5792505,0.5584488,0.99301606,0.72741276,0.8153033,0.7696261,0.7930724,0.7290307,0.80057335,0.77112514,0.79686433,0.55100894,0.92912024,0.8496392,0.62746674,0.6364065,0.9420297
4,76,15,verbal,0.6744457,0.88964427,0.8963645,0.7456746,0.7769087,0.78177583,0.7764415,0.6720021,0.66862464,0.43362987,0.814624,0.5792505,0.5584488,0.99301606,0.72741276,0.8153033,0.7696261,0.7930724,0.7290307,0.80057335,0.77112514,0.79686433,0.55100894,0.92912024,0.8496392,0.62746674,0.6364065,0.9420297
4,77,1,verbal,0.6744457,0.88964427,0.8963645,0.7456746,0.7769087,0.78177583,0.7764415,0.6720021,0.66862464,0.43362987,0.814624,0.5792505,0.5584488,0.99301606,0.72741276,0.8153033,0.7696261,0.7930724,0.7290307,0.80057335,0.77112514,0.79686433,0.55100894,0.92912024,0.8496392,0.62746674,0.6364065,0.9420297
4,77,2,verbal,0.6744457,0.88964427,0.8963645,0.7456746,0.7769087,0.78177583,0.7764415,0.6720021,0.66862464,0.43362987,0.814624,0.5792505,0.5584488,0.99301606,0.72741276,0.8153033,0.7696261,0.7930724,0.7290307,0.80057335,0.77112514,0.79686433,0.55100894,0.92912024,0.8496392,0.62746674,0.6364065,0.9420297
4,77,3,verbal,0.6744457,0.88964427,0.8963645,0.7456746,0.7769087,0.78177583,0.7764415,0.6720021,0.66862464,0.43362987,0.814624,0.5792505,0.5584488,0.99301606,0.72741276,0.8153033,0.7696261,0.7930724,0.7290307,0.80057335,0.77112514,0.79686433,0.55100894,0.92912024,0.8496392,0.62746674,0.6364065,0.9420297
4,77,4,verbal,0.6744457,0.88964427,0.8963645,0.7456746,0.7769087,0.78177583,0.7764415,0.6720021,0.66862464,0.43362987,0.814624,0.5792505,0.5584488,0.99301606,0.72741276,0.8153033,0.7696261,0.7930724,0.7290307,0.80057335,0.77112514,0.79686433,0.55100894,0.92912024,0.8496392,0.62746674,0.6364065,0.9420297
4,77,5,verbal,0.6744457,0.88964427,0.8963645,0.7456746,0.7769087,0.78177583,0.7764415,0.6720021,0.66862464,0.43362987,0.814624,0.5792505,0.5584488,0.99301606,0.72741276,0.8153033,0.7696261,0.7930724,0.7290307,0.80057335,0.77112514,0.79686433,0.55100894,0.92912024,0.8496392,0.62746674,0.6364065,0.9420297
4,77,6,verbal,0.6744457,0.88964427,0.8963645,0.7456746,0.7769087,0.78177583,0.7764415,0.6720021,0.66862464,0.43362987,0.814624,0.5792505,0.5584488,0.99301606,0.72741276,0.8153033,0.7696261,0.7930724,0.7290307,0.80057335,0.77112514,0.79686433,0.55100894,0.92912024,0.8496392,0.62746674,0.6364065,0.9420297
4,77,7,verbal,0.6744457,0.88964427,0.8963645,0.7456746,0.7769087,0.78177583,0.7764415,0.6720021,0.66862464,0.43362987,0.814624,0.5792505,0.5584488,0.99301606,0.72741276,0.8153033,0.7696261,0.7930724,0.7290307,0.80057335,0.77112514,0.79686433,0.55100894,0.92912024,0.8496392,0.62746674,0.6364065,0.9420297
4,77,8,verbal,0.6744457,0.88964427,0.8963645,0.7456746,0.7769087,0.78177583,0.7764415,0.6720021,0.66862464,0.43362987,0.814624,0.5792505,0.5584488,0.99301606,0.72741276,0.8153033,0.7696261,0.7930724,0.7290307,0.80057335,0.77112514,0.79686433,0.55100894,0.92912024,0.8496392,0.62746674,0.6364065,0.9420297
4,77,9,verbal,0.6744457,0.88964427,0.8963645,0.7456746,0.7769087,0.78177583,0.7764415,0.6720021,0.66862464,0.43362987,0.814624,0.5792505,0.5584488,0.99301606,0.72741276,0.8153033,0.7696261,0.7930724,0.7290307,0.80057335,0.77112514,0.79686433,0.55100894,0.92912024,0.8496392,0.62746674,0.6364065,0.9420297
4,77,10,verbal,0.6744457,0.88964427,0.8963645,0.7456746,0.7769087,0.78177583,0.7764415,0.6720021,0.66862464,0.43362987,0.814624,0.5792505,0.5584488,0.99301606,0.72741276,0.8153033,0.7696261,0.7930724,0.7290307,0.80057335,0.77112514,0.79686433,0.55100894,0.92912024,0.8496392,0.62746674,0.6364065,0.9420297
4,77,11,verbal,0.6744457,0.88964427,0.8963645,0.7456746,0.7769087,0.78177583,0.7764415,0.6720021,0.66862464,0.43362987,0.814624,0.5792505,0.5584488,0.99301606,0.72741276,0.8153033,0.7696261,0.7930724,0.7290307,0.80057335,0.77112514,0.79686433,0.55100894,0.92912024,0.8496392,0.62746674,0.6364065,0.9420297
4,77,12,verbal,0.6744457,0.88964427,0.8963645,0.7456746,0.7769087,0.78177583,0.7764415,0.6720021,0.66862464,0.43362987,0.814624,0.5792505,0.5584488,0.99301606,0.72741276,0.8153033,0.7696261,0.7930724,0.7290307,0.80057335,0.77112514,0.79686433,0.55100894,0.92912024,0.8496392,0.62746674,0.6364065,0.9420297
4,77,13,verbal,0.6744457,0.88964427,0.8963645,0.7456746,0.7769087,0.78177583,0.7764415,0.6720021,0.66862464,0.43362987,0.814624,0.5792505,0.5584488,0.99301606,0.72741276,0.8153033,0.7696261,0.7930724,0.7290307,0.80057335,0.77112514,0.79686433,0.55100894,0.92912024,0.8496392,0.62746674,0.6364065,0.9420297
4,77,14,verbal,0.6744457,0.88964427,0.8963645,0.7456746,0.7769087,0.78177583,0.7764415,0.6720021,0.66862464,0.43362987,0.814624,0.5792505,0.5584488,0.99301606,0.72741276,0.8153033,0.7696261,0.7930724,0.7290307,0.80057335,0.77112514,0.79686433,0.55100894,0.92912024,0.8496392,0.62746674,0.6364065,0.9420297
4,77,15,verbal,0.6744457,0.88964427,0.8963645,0.7456746,0.7769087,0.78177583,0.7764415,0.6720021,0.66862464,0.43362987,0.814624,0.5792505,0.5584488,0.99301606,0.72741276,0.8153033,0.7696261,0.7930724,0.7290307,0.80057335,0.77112514,0.79686433,0.55100894,0.92912024,0.8496392,0.62746674,0.6364065,0.9420297
4,78,1,verbal,0.6744457,0.88964427,0.8963645,0.7456746,0.7769087,0.78177583,0.7764415,0.6720021,0.66862464,0.43362987,0.814624,0.5792505,0.5584488,0.99301606,0.72741276,0.8153033,0.7696261,0.7930724,0.7290307,0.80057335,0.77112514,0.79686433,0.55100894,0.92912024,0.8496392,0.62746674,0.6364065,0.9420297
4,78,2,verbal,0.6744457,0.88964427,0.8963645,0.7456746,0.7769087,0.78177583,0.7764415,0.6720021,0.66862464,0.43362987,0.814624,0.5792505,0.5584488,0.99301606,0.72741276,0.8153033,0.7696261,0.7930724,0.7290307,0.80057335,0.77112514,0.79686433,0.55100894,0.92912024,0.8496392,0.62746674,0.6364065,0.9420297
4,78,3,verbal,0.6744457,0.88964427,0.8963645,0.7456746,0.7769087,0.78177583,0.7764415,0.6720021,0.66862464,0.43362987,0.814624,0.5792505,0.5584488,0.99301606,0.72741276,0.8153033,0.7696261,0.7930724,0.7290307,0.80057335,0.77112514,0.79686433,0.55100894,0.92912024,0.8496392,0.62746674,0.6364065,0.9420297
4,78,4,verbal,0.6744457,0.88964427,0.8963645,0.7456746,0.7769087,0.78177583,0.7764415,0.6720021,0.66862464,0.43362987,0.814624,0.5792505,0.5584488,0.99301606,0.72741276,0.8153033,0.7696261,0.7930724,0.7290307,0.80057335,0.77112514,0.79686433,0.55100894,0.92912024,0.8496392,0.62746674,0.6364065,0.9420297
4,78,5,verbal,0.6744457,0.88964427,0.8963645,0.7456746,0.7769087,0.78177583,0.7764415,0.6720021,0.66862464,0.43362987,0.814624,0.5792505,0.5584488,0.99301606,0.72741276,0.8153033,0.7696261,0.7930724,0.7290307,0.80057335,0.77112514,0.79686433,0.55100894,0.92912024,0.8496392,0.62746674,0.6364065,0.9420297
4,78,6,verbal,0.6744457,0.88964427,0.8963645,0.7456746,0.7769087,0.78177583,0.7764415,0.6720021,0.66862464,0.43362987,0.814624,0.5792505,0.5584488,0.99301606,0.72741276,0.8153033,0.7696261,0.7930724,0.7290307,0.80057335,0.77112514,0.79686433,0.55100894,0.92912024,0.8496392,0.62746674,0.6364065,0.9420297
4,78,7,verbal,0.6744457,0.88964427,0.8963645,0.7456746,0.7769087,0.78177583,0.7764415,0.6720021,0.66862464,0.43362987,0.814624,0.5792505,0.5584488,0.99301606,0.72741276,0.8153033,0.7696261,0.7930724,0.7290307,0.80057335,0.77112514,0.79686433,0.55100894,0.92912024,0.8496392,0.62746674,0.6364065,0.9420297
4,78,8,verbal,0.6744457,0.88964427,0.8963645,0.7456746,0.7769087,0.78177583,0.7764415,0.6720021,0.66862464,0.43362987,0.814624,0.5792505,0.5584488,0.99301606,0.72741276,0.8153033,0.7696261,0.7930724,0.7290307,0.80057335,0.77112514,0.79686433,0.55100894,0.92912024,0.8496392,0.62746674,0.6364065,0.9420297
4,78,9,verbal,0.6744457,0.88964427,0.8963645,0.7456746,0.7769087,0.78177583,0.7764415,0.6720021,0.66862464,0.43362987,0.814624,0.5792505,0.5584488,0.99301606,0.72741276,0.8153033,0.7696261,0.7930724,0.7290307,0.80057335,0.77112514,0.79686433,0.55100894,0.92912024,0.8496392,0.62746674,0.6364065,0.9420297
4,78,10,verbal,0.6744457,0.88964427,0.8963645,0.7456746,0.7769087,0.78177583,0.7764415,0.6720021,0.66862464,0.43362987,0.814624,0.5792505,0.5584488,0.99301606,0.72741276,0.8153033,0.7696261,0.7930724,0.7290307,0.80057335,0.77112514,0.79686433,0.55100894,0.92912024,0.8496392,0.62746674,0.6364065,0.9420297
4,78,11,verbal,0.6744457,0.88964427,0.8963645,0.7456746,0.7769087,0.78177583,0.7764415,0.6720021,0.66862464,0.43362987,0.814624,0.5792505,0.5584488,0.99301606,0.72741276,0.8153033,0.7696261,0.7930724,0.7290307,0.80057335,0.77112514,0.79686433,0.55100894,0.92912024,0.8496392,0.62746674,0.6364065,0.9420297
4,78,12,verbal,0.6744457,0.88964427,0.8963645,0.7456746,0.7769087,0.78177583,0.7764415,0.6720021,0.66862464,0.43362987,0.814624,0.5792505,0.5584488,0.99301606,0.72741276,0.8153033,0.7696261,0.7930724,0.7290307,0.80057335,0.77112514,0.79686433,0.55100894,0.92912024,0.8496392,0.62746674,0.6364065,0.9420297
4,78,13,verbal,0.6744457,0.88964427,0.8963645,0.7456746,0.7769087,0.78177583,0.7764415,0.6720021,0.66862464,0.43362987,0.814624,0.5792505,0.5584488,0.99301606,0.72741276,0.8153033,0.7696261,0.7930724,0.7290307,0.80057335,0.77112514,0.79686433,0.55100894,0.92912024,0.8496392,0.62746674,0.6364065,0.9420297
4,78,14,verbal,0.6744457,0.88964427,0.8963645,0.7456746,0.7769087,0.78177583,0.7764415,0.6720021,0.66862464,0.43362987,0.814624,0.5792505,0.5584488,0.99301606,0.72741276,0.8153033,0.7696261,0.7930724,0.7290307,0.80057335,0.77112514,0.79686433,0.55100894,0.92912024,0.8496392,0.62746674,0.6364065,0.9420297
4,78,15,verbal,0.6744457,0.88964427,0.8963645,0.7456746,0.7769087,0.78177583,0.7764415,0.6720021,0.66862464,0.43362987,0.814624,0.5792505,0.5584488,0.99301606,0.72741276,0.8153033,0.7696261,0.7930724,0.7290307,0.80057335,0.77112514,0.79686433,0.55100894,0.92912024,0.8496392,0.62746674,0.6364065,0.9420297
4,79,1,verbal,0.6744457,0.88964427,0.8963645,0.7456746,0.7769087,0.78177583,0.7764415,0.6720021,0.66862464,0.43362987,0.814624,0.5792505,0.5584488,0.99301606,0.72741276,0.8153033,0.7696261,0.7930724,0.7290307,0.80057335,0.77112514,0.79686433,0.55100894,0.92912024,0.8496392,0.62746674,0.6364065,0.9420297
4,79,2,verbal,0.6744457,0.88964427,0.8963645,0.7456746,0.7769087,0.78177583,0.7764415,0.6720021,0.66862464,0.43362987,0.814624,0.5792505,0.5584488,0.99301606,0.72741276,0.8153033,0.7696261,0.7930724,0.7290307,0.80057335,0.77112514,0.79686433,0.55100894,0.92912024,0.8496392,0.62746674,0.6364065,0.9420297
4,79,3,verbal,0.6744457,0.88964427,0.8963645,0.7456746,0.7769087,0.78177583,0.7764415,0.6720021,0.66862464,0.43362987,0.814624,0.5792505,0.5584488,0.99301606,0.72741276,0.8153033,0.7696261,0.7930724,0.7290307,0.80057335,0.77112514,0.79686433,0.55100894,0.92912024,0.8496392,0.62746674,0.6364065,0.9420297
4,79,4,verbal,0.6744457,0.88964427,0.8963645,0.7456746,0.7769087,0.78177583,0.7764415,0.6720021,0.66862464,0.43362987,0.814624,0.5792505,0.5584488,0.99301606,0.72741276,0.8153033,0.7696261,0.7930724,0.7290307,0.80057335,0.77112514,0.79686433,0.55100894,0.92912024,0.8496392,0.62746674,0.6364065,0.9420297
4,79,5,verbal,0.6744457,0.88964427,0.8963645,0.7456746,0.7769087,0.78177583,0.7764415,0.6720021,0.66862464,0.43362987,0.814624,0.5792505,0.5584488,0.99301606,0.72741276,0.8153033,0.7696261,0.7930724,0.7290307,0.80057335,0.77112514,0.79686433,0.55100894,0.92912024,0.8496392,0.62746674,0.6364065,0.9420297
4,79,6,verbal,0.6744457,0.88964427,0.8963645,0.7456746,0.7769087,0.78177583,0.7764415,0.6720021,0.66862464,0.43362987,0.814624,0.5792505,0.5584488,0.99301606,0.72741276,0.8153033,0.7696261,0.7930724,0.7290307,0.80057335,0.77112514,0.79686433,0.55100894,0.92912024,0.8496392,0.62746674,0.6364065,0.9420297
4,79,7,verbal,0.6744457,0.88964427,0.8963645,0.7456746,0.7769087,0.78177583,0.7764415,0.6720021,0.66862464,0.43362987,0.814624,0.5792505,0.5584488,0.99301606,0.72741276,0.8153033,0.7696261,0.7930724,0.7290307,0.80057335,0.77112514,0.79686433,0.55100894,0.92912024,0.8496392,0.62746674,0.6364065,0.9420297
4,79,8,verbal,0.6744457,0.88964427,0.8963645,0.7456746,0.7769087,0.78177583,0.7764415,0.6720021,0.66862464,0.43362987,0.814624,0.5792505,0.5584488,0.99301606,0.72741276,0.8153033,0.7696261,0.7930724,0.7290307,0.80057335,0.77112514,0.79686433,0.55100894,0.92912024,0.8496392,0.62746674,0.6364065,0.9420297
4,79,9,verbal,0.6744457,0.88964427,0.8963645,0.7456746,0.7769087,0.78177583,0.7764415,0.6720021,0.66862464,0.43362987,0.814624,0.5792505,0.5584488,0.99301606,0.72741276,0.8153033,0.7696261,0.7930724,0.7290307,0.80057335,0.77112514,0.79686433,0.55100894,0.92912024,0.8496392,0.62746674,0.6364065,0.9420297
4,79,10,verbal,0.6744457,0.88964427,0.8963645,0.7456746,0.7769087,0.78177583,0.7764415,0.6720021,0.66862464,0.43362987,0.814624,0.5792505,0.5584488,0.99301606,0.72741276,0.8153033,0.7696261,0.7930724,0.7290307,0.80057335,0.77112514,0.79686433,0.55100894,0.92912024,0.8496392,0.62746674,0.6364065,0.9420297
4,79,11,verbal,0.6744457,0.88964427,0.8963645,0.7456746,0.7769087,0.78177583,0.7764415,0.6720021,0.66862464,0.43362987,0.814624,0.5792505,0.5584488,0.99301606,0.72741276,0.8153033,0.7696261,0.7930724,0.7290307,0.80057335,0.77112514,0.79686433,0.55100894,0.92912024,0.8496392,0.62746674,0.6364065,0.9420297
4,79,12,verbal,0.6744457,0.88964427,0.8963645,0.7456746,0.7769087,0.78177583,0.7764415,0.6720021,0.66862464,0.43362987,0.814624,0.5792505,0.5584488,0.99301606,0.72741276,0.8153033,0.7696261,0.7930724,0.7290307,0.80057335,0.77112514,0.79686433,0.55100894,0.92912024,0.8496392,0.62746674,0.6364065,0.9420297
4,79,13,verbal,0.6744457,0.88964427,0.8963645,0.7456746,0.7769087,0.78177583,0.7764415,0.6720021,0.66862464,0.43362987,0.814624,0.5792505,0.5584488,0.99301606,0.72741276,0.8153033,0.7696261,0.7930724,0.7290307,0.80057335,0.77112514,0.79686433,0.55100894,0.92912024,0.8496392,0.62746674,0.6364065,0.9420297
4,79,14,verbal,0.6744457,0.88964427,0.8963645,0.7456746,0.7769087,0.78177583,0.7764415,0.6720021,0.66862464,0.43362987,0.814624,0.5792505,0.5584488,0.99301606,0.72741276,0.8153033,0.7696261,0.7930724,0.7290307,0.80057335,0.77112514,0.79686433,0.55100894,0.92912024,0.8496392,0.62746674,0.6364065,0.9420297
4,79,15,verbal,0.6744457,0.88964427,0.8963645,0.7456746,0.7769087,0.78177583,0.7764415,0.6720021,0.66862464,0.43362987,0.814624,0.5792505,0.5584488,0.99301606,0.72741276,0.8153033,0.7696261,0.7930724,0.7290307,0.80057335,0.77112514,0.79686433,0.55100894,0.92912024,0.8496392,0.62746674,0.6364065,0.9420297
4,80,1,verbal,0.6744457,0.88964427,0.8963645,0.7456746,0.7769087,0.78177583,0.7764415,0.6720021,0.66862464,0.43362987,0.814624,0.5792505,0.5584488,0.99301606,0.72741276,0.8153033,0.7696261,0.7930724,0.7290307,0.80057335,0.77112514,0.79686433,0.55100894,0.92912024,0.8496392,0.62746674,0.6364065,0.9420297
4,80,2,verbal,0.6744457,0.88964427,0.8963645,0.7456746,0.7769087,0.78177583,0.7764415,0.6720021,0.66862464,0.43362987,0.814624,0.5792505,0.5584488,0.99301606,0.72741276,0.8153033,0.7696261,0.7930724,0.7290307,0.80057335,0.77112514,0.79686433,0.55100894,0.92912024,0.8496392,0.62746674,0.6364065,0.9420297
4,80,3,verbal,0.6744457,0.88964427,0.8963645,0.7456746,0.7769087,0.78177583,0.7764415,0.6720021,0.66862464,0.43362987,0.814624,0.5792505,0.5584488,0.99301606,0.72741276,0.8153033,0.7696261,0.7930724,0.7290307,0.80057335,0.77112514,0.79686433,0.55100894,0.92912024,0.8496392,0.62746674,0.6364065,0.9420297
4,80,4,verbal,0.6744457,0.88964427,0.8963645,0.7456746,0.7769087,0.78177583,0.7764415,0.6720021,0.66862464,0.43362987,0.814624,0.5792505,0.5584488,0.99301606,0.72741276,0.8153033,0.7696261,0.7930724,0.7290307,0.80057335,0.77112514,0.79686433,0.55100894,0.92912024,0.8496392,0.62746674,0.6364065,0.9420297
4,80,5,verbal,0.6744457,0.88964427,0.8963645,0.7456746,0.7769087,0.78177583,0.7764415,0.6720021,0.66862464,0.43362987,0.814624,0.5792505,0.5584488,0.99301606,0.72741276,0.8153033,0.7696261,0.7930724,0.7290307,0.80057335,0.77112514,0.79686433,0.55100894,0.92912024,0.8496392,0.62746674,0.6364065,0.9420297
4,80,6,verbal,0.6744457,0.88964427,0.8963645,0.7456746,0.7769087,0.78177583,0.7764415,0.6720021,0.66862464,0.43362987,0.814624,0.5792505,0.5584488,0.99301606,0.72741276,0.8153033,0.7696261,0.7930724,0.7290307,0.80057335,0.77112514,0.79686433,0.55100894,0.92912024,0.8496392,0.62746674,0.6364065,0.9420297
4,80,7,verbal,0.6744457,0.88964427,0.8963645,0.7456746,0.7769087,0.78177583,0.7764415,0.6720021,0.66862464,0.43362987,0.814624,0.5792505,0.5584488,0.99301606,0.72741276,0.8153033,0.7696261,0.7930724,0.7290307,0.80057335,0.77112514,0.79686433,0.55100894,0.92912024,0.8496392,0.62746674,0.6364065,0.9420297
4,80,8,verbal,0.6744457,0.88964427,0.8963645,0.7456746,0.7769087,0.78177583,0.7764415,0.6720021,0.66862464,0.43362987,0.814624,0.5792505,0.5584488,0.99301606,0.72741276,0.8153033,0.7696261,0.7930724,0.7290307,0.80057335,0.77112514,0.79686433,0.55100894,0.92912024,0.8496392,0.62746674,0.6364065,0.9420297
4,80,9,verbal,0.6744457,0.88964427,0.8963645,0.7456746,0.7769087,0.78177583,0.7764415,0.6720021,0.66862464,0.43362987,0.814624,0.5792505,0.5584488,0.99301606,0.72741276,0.8153033,0.7696261,0.7930724,0.7290307,0.80057335,0.77112514,0.79686433,0.55100894,0.92912024,0.8496392,0.62746674,0.6364065,0.9420297
4,80,10,verbal,0.6744457,0.88964427,0.8963645,0.7456746,0.7769087,0.78177583,0.7764415,0.6720021,0.66862464,0.43362987,0.814624,0.5792505,0.5584488,0.99301606,0.72741276,0.8153033,0.7696261,0.7930724,0.7290307,0.80057335,0.77112514,0.79686433,0.55100894,0.92912024,0.8496392,0.62746674,0.6364065,0.9420297
4,80,11,verbal,0.6744457,0.88964427,0.8963645,0.7456746,0.7769087,0.78177583,0.7764415,0.6720021,0.66862464,0.43362987,0.814624,0.5792505,0.5584488,0.99301606,0.72741276,0.8153033,0.7696261,0.7930724,0.7290307,0.80057335,0.77112514,0.79686433,0.55100894,0.92912024,0.8496392,0.62746674,0.6364065,0.9420297
4,80,12,verbal,0.6744457,0.88964427,0.8963645,0.7456746,0.7769087,0.78177583,0.7764415,0.6720021,0.66862464,0.43362987,0.814624,0.5792505,0.5584488,0.99301606,0.72741276,0.8153033,0.7696261,0.7930724,0.7290307,0.80057335,0.77112514,0.79686433,0.55100894,0.92912024,0.8496392,0.62746674,0.6364065,0.9420297
4,80,13,verbal,0.6744457,0.88964427,0.8963645,0.7456746,0.7769087,0.78177583,0.7764415,0.6720021,0.66862464,0.43362987,0.814624,0.5792505,0.5584488,0.99301606,0.72741276,0.8153033,0.7696261,0.7930724,0.7290307,0.80057335,0.77112514,0.79686433,0.55100894,0.92912024,0.8496392,0.62746674,0.6364065,0.9420297
4,80,14,verbal,0.6744457,0.88964427,0.8963645,0.7456746,0.7769087,0.78177583,0.7764415,0.6720021,0.66862464,0.43362987,0.814624,0.5792505,0.5584488,0.99301606,0.72741276,0.8153033,0.7696261,0.7930724,0.7290307,0.80057335,0.77112514,0.79686433,0.55100894,0.92912024,0.8496392,0.62746674,0.6364065,0.9420297
4,80,15,verbal,0.6744457,0.88964427,0.8963645,0.7456746,0.7769087,0.78177583,0.7764415,0.6720021,0.66862464,0.43362987,0.814624,0.5792505,0.5584488,0.99301606,0.72741276,0.8153033,0.7696261,0.7930724,0.7290307,0.80057335,0.77112514,0.79686433,0.55100894,0.92912024,0.8496392,0.62746674,0.6364065,0.9420297
5,81,1,verbal,0.7526579,0.7453506,0.48217878,0.57228506,0.51851994,0.58339036,0.68159586,0.7902114,0.6369803,0.70611614,0.6480423,0.71045536,0.7336101,0.5100031,0.6884918,0.6394249,0.6764781,0.7433593,0.7082107,0.7377375,0.71026707,0.65450615,0.8504584,0.98127174,0.91392267,0.8434283,0.76001084,0.9261381
5,81,2,verbal,0.8742377,0.90243155,0.8248977,0.81793505,0.56527615,0.7714343,0.84552693,0.8599106,0.8066494,0.75994873,0.51427954,0.68370676,0.76607275,0.76979023,0.8622429,0.59418523,0.7839532,0.8535776,0.7815166,0.5760601,0.7445914,0.8451489,0.7498588,0.9427352,0.9242363,0.7113357,0.7020769,0.86892396
5,81,3,verbal,0.88102424,0.92139053,0.77981514,0.7122109,0.5132601,0.7075472,0.7236594,0.89783895,0.83964235,0.77726126,0.5821572,0.79362833,0.8114963,0.81505185,0.77607834,0.54392374,0.78542525,0.7880898,0.79493475,0.5592092,0.8132728,0.85205364,0.6690929,0.97451466,0.94167185,0.6828648,0.6687356,0.9290241
5,81,4,verbal,0.87410945,0.8827612,0.7797165,0.7295929,0.6544337,0.7534435,0.73160034,0.8620913,0.84667593,0.8006513,0.74826956,0.8312657,0.78567004,0.7553501,0.8325397,0.68805295,0.82970446,0.80101794,0.83985573,0.81593144,0.8879032,0.8914522,0.7976761,0.9556138,0.9166655,0.830124,0.8146286,0.9302029
5,81,5,verbal,0.8151513,0.85923475,0.79219955,0.76661897,0.6370198,0.7625721,0.7739667,0.804245,0.7678424,0.7946071,0.64049906,0.78809154,0.77161086,0.7188964,0.77803427,0.66260856,0.803797,0.7322185,0.8754572,0.7243705,0.8757247,0.9018695,0.77020913,0.970023,0.9234666,0.7869577,0.74222785,0.8814891
5,81,6,verbal,0.82554924,0.8929051,0.78443605,0.6140219,0.6199972,0.64033896,0.5931558,0.83501685,0.8448189,0.72727245,0.5633807,0.7548847,0.6827122,0.81392246,0.7502789,0.5596068,0.7909055,0.68282354,0.8305204,0.6447526,0.86129373,0.8554495,0.57917106,0.97002435,0.88644886,0.5571428,0.5366316,0.8497214
5,81,7,verbal,0.8970184,0.858461,0.75253546,0.6950546,0.27299058,0.7134599,0.69206804,0.85819536,0.8283632,0.80075127,0.18395524,0.80276686,0.8029992,0.7878706,0.80272186,0.19201738,0.8378773,0.7669992,0.8692893,0.22448768,0.8572608,0.8403962,0.22391222,0.96593374,0.90576655,0.1901355,0.25550961,0.88786125
5,81,8,verbal,0.8438441,0.8635004,0.8051935,0.7228018,0.5870327,0.7021831,0.7534713,0.82043356,0.8994654,0.7881041,0.62098885,0.74879164,0.86415774,0.8141438,0.8204077,0.6253099,0.8121947,0.8108722,0.83066905,0.7227897,0.80793613,0.91694987,0.6175633,0.96894133,0.9347952,0.621049,0.6726788,0.9023417
5,81,9,verbal,0.8374369,0.84072447,0.76268,0.7249226,0.6070735,0.7087977,0.74976254,0.8139743,0.8227204,0.79109293,0.72389543,0.7797616,0.8233542,0.75086063,0.8013288,0.6898556,0.780684,0.8065131,0.84801203,0.7079817,0.847884,0.91697556,0.77009356,0.98382294,0.95372957,0.7248823,0.7896559,0.93951434
5,81,10,verbal,0.9305446,0.9446036,0.8552774,0.7467819,0.6079214,0.72398543,0.7892629,0.90153974,0.9249304,0.8120331,0.66579187,0.77463037,0.866582,0.8583347,0.77548975,0.6590155,0.7507971,0.811398,0.8899872,0.7385606,0.8592128,0.954637,0.6549556,0.98243296,0.92905676,0.6306512,0.72177833,0.89759296
5,81,11,verbal,0.83901584,0.9481595,0.84552383,0.7661917,0.52385473,0.77063394,0.8006415,0.8300341,0.86309934,0.8171258,0.50750333,0.823795,0.8385611,0.8678369,0.7972175,0.553729,0.80381334,0.840035,0.8612984,0.56679565,0.8745128,0.90825385,0.5302904,0.9958427,0.9710385,0.52029854,0.5594356,0.9720222
5,81,12,verbal,0.86940676,0.8862153,0.86907417,0.82967895,0.75199664,0.799121,0.83060336,0.8457928,0.87312114,0.84060115,0.7505584,0.8258177,0.83253944,0.8548456,0.79367167,0.7135565,0.7884346,0.813303,0.93084663,0.8998554,0.9275214,0.9576813,0.8791434,0.9924116,0.96998644,0.8800891,0.87717205,0.97095346
5,81,13,verbal,0.8833833,0.9113357,0.80156195,0.740356,0.63799816,0.7221278,0.7645318,0.8171338,0.83281577,0.7336962,0.62243855,0.7373921,0.7628635,0.7699637,0.7599584,0.6526184,0.74068826,0.78750986,0.88680714,0.7960078,0.8956425,0.9362866,0.829512,0.98180205,0.9574217,0.81238526,0.8352441,0.9590304
5,81,14,verbal,0.8748389,0.9228899,0.85185003,0.7765174,0.5964288,0.73122203,0.7825547,0.8550094,0.8913667,0.8203538,0.63636553,0.7924223,0.790062,0.8478413,0.80796957,0.57782686,0.77418596,0.7565368,0.929952,0.73388284,0.9121524,0.8814547,0.72207826,0.9799227,0.8528173,0.71621007,0.6573194,0.82481784
5,81,15,verbal,0.9034911,0.9041351,0.776594,0.65267813,0.60649616,0.6267787,0.7051384,0.8799536,0.8625041,0.7627326,0.69666934,0.7469429,0.81016535,0.85461795,0.7559699,0.63951427,0.7392961,0.8115493,0.8639805,0.7904463,0.86736935,0.916067,0.7872126,0.9886073,0.9365003,0.7717704,0.7480291,0.9393791
5,82,1,verbal,0.8872442,0.91572976,0.78367466,0.6169097,0.6033109,0.5911652,0.7118232,0.8440088,0.8718857,0.6995696,0.6857842,0.6751759,0.7886188,0.8101172,0.65634924,0.64949673,0.6450534,0.77293545,0.85762286,0.80153495,0.84544957,0.94168884,0.8532254,0.9832249,0.9259664,0.86137533,0.8242386,0.92572105
5,82,2,verbal,0.9006194,0.91506493,0.80735415,0.60627174,0.5481592,0.60224336,0.6989135,0.9028001,0.8664287,0.6995458,0.6409956,0.6984383,0.7849146,0.87042415,0.6960205,0.6342349,0.70417947,0.78487146,0.85453856,0.7734094,0.864015,0.9374305,0.89045453,0.9851452,0.9348167,0.88163275,0.8243461,0.93982136
5,82,3,verbal,0.87736434,0.8986099,0.7860448,0.58232313,0.58767754,0.5949305,0.6651596,0.87579805,0.860429,0.73904246,0.63560605,0.72724044,0.78107244,0.8349544,0.6732998,0.6766112,0.6933629,0.7561835,0.8369727,0.7873151,0.856739,0.9262574,0.82189417,0.9767768,0.9236186,0.84580857,0.8403752,0.9371164
5,82,4,verbal,0.849729,0.86189663,0.78504026,0.62808806,0.5949138,0.60759443,0.6871838,0.87410855,0.8610588,0.75887465,0.70299184,0.7500004,0.79743224,0.87013316,0.7050653,0.6901086,0.70535344,0.7873201,0.81403637,0.7874348,0.8269763,0.9210028,0.86061436,0.980557,0.9013458,0.8600797,0.83227384,0.91161454
5,82,5,verbal,0.8923348,0.8958233,0.79911613,0.63516915,0.48202696,0.6245403,0.660453,0.90920216,0.87385523,0.7265652,0.5018393,0.7282477,0.75488627,0.8859369,0.7428984,0.52992505,0.7399243,0.7763342,0.8562443,0.6398997,0.86484224,0.9094194,0.76469386,0.9847186,0.9395912,0.7499451,0.7170836,0.942497
5,82,6,verbal,0.8753371,0.9176601,0.74701387,0.5973587,0.6238088,0.5923876,0.64793116,0.87473077,0.830846,0.76709706,0.70626855,0.75878,0.79011625,0.81599474,0.7015536,0.71061784,0.70080906,0.7492253,0.8791338,0.85032254,0.8847575,0.9341788,0.8308582,0.9849157,0.9563473,0.83676076,0.85433424,0.95843196
5,82,7,verbal,0.9151712,0.90214354,0.839064,0.7245391,0.7350891,0.69826627,0.6589381,0.8980422,0.88932973,0.7849945,0.6863109,0.7629294,0.7520653,0.8559271,0.7643957,0.6964695,0.7442167,0.70280975,0.8870277,0.7475883,0.8818537,0.80531657,0.65798897,0.99187726,0.7587415,0.648249,0.530783,0.7521344
5,82,8,verbal,0.8714157,0.91658545,0.7908943,0.6700267,0.6582785,0.6654045,0.51125807,0.884165,0.8410055,0.6928753,0.64064735,0.6997745,0.5336547,0.8455688,0.7453374,0.71956706,0.74083674,0.57997566,0.8631118,0.84148705,0.88655907,0.6443878,0.9479061,0.9857775,0.72170603,0.953267,0.6780807,0.69470274
5,82,9,verbal,0.9049366,0.91497433,0.8211579,0.64713705,0.6668903,0.6464172,0.57736677,0.9164059,0.8637738,0.7374693,0.75191927,0.7318557,0.6918846,0.90469456,0.74547493,0.768351,0.7554119,0.67260927,0.86727774,0.9067843,0.88588226,0.7691794,0.9675444,0.98862654,0.79789996,0.9743005,0.7973282,0.8123909
5,82,10,verbal,0.8978644,0.9023676,0.8227153,0.65349936,0.64924234,0.63273793,0.55592185,0.88136953,0.9227503,0.7457692,0.76305455,0.73707783,0.6692585,0.8652362,0.6946182,0.7027086,0.68700504,0.6336039,0.8345734,0.8561449,0.8394017,0.7581825,0.9628869,0.9833488,0.8253009,0.9756516,0.84136343,0.84921753
5,82,11,verbal,0.9015819,0.8879232,0.7844828,0.6293822,0.64516175,0.59140015,0.53531045,0.9064915,0.8763219,0.7035614,0.7368772,0.6829496,0.6110466,0.8635279,0.6880992,0.7209801,0.67489874,0.6100509,0.87597686,0.91136473,0.8651611,0.7291427,0.96771485,0.9829883,0.7954871,0.9717164,0.8089509,0.81161886
5,82,12,verbal,0.90149,0.91934854,0.80660844,0.6509414,0.60262203,0.6298783,0.68723005,0.8744853,0.9031416,0.7788326,0.7244295,0.7615886,0.7169505,0.86412644,0.7192868,0.70940953,0.7020897,0.7800606,0.8703345,0.8626565,0.86367595,0.8116008,0.91639197,0.9916289,0.7742822,0.9209242,0.76829886,0.763787
5,82,13,verbal,0.86930513,0.8927941,0.848984,0.721467,0.621031,0.68756676,0.7743285,0.88021755,0.8976148,0.76992077,0.7207336,0.7484249,0.8376352,0.8667232,0.73538154,0.67974454,0.7092833,0.8135271,0.8989356,0.8238031,0.88577145,0.95883155,0.8776699,0.98046476,0.9636228,0.8723437,0.881944,0.94819796
5,82,14,verbal,0.853657,0.9135162,0.7863664,0.5942017,0.61999404,0.57869095,0.66455704,0.82604235,0.81249136,0.6515599,0.66191894,0.6308033,0.7084665,0.8589866,0.70791185,0.7350505,0.6977887,0.77727395,0.8361119,0.8879206,0.8364696,0.9209311,0.95005906,0.9876821,0.9462799,0.95402247,0.9682428,0.9501503
5,82,15,verbal,0.9234951,0.91676795,0.83043003,0.67224616,0.73250157,0.646967,0.6626832,0.91066486,0.85634315,0.6732049,0.73937494,0.6670255,0.6987489,0.85410327,0.6967204,0.7477303,0.6806294,0.6763685,0.86716336,0.92416745,0.87564296,0.8400034,0.94143635,0.9823645,0.84862614,0.9496936,0.84234506,0.8497664
5,83,1,verbal,0.9358629,0.9207599,0.8409128,0.77930707,0.79589444,0.75721765,0.6784904,0.9195985,0.8746238,0.8476865,0.8481091,0.836314,0.663262,0.8706845,0.8418911,0.85640305,0.82829905,0.65437746,0.90589774,0.9394767,0.9156586,0.70301086,0.9794387,0.99117035,0.6617953,0.97851026,0.6727962,0.65227574
5,83,2,verbal,0.9022848,0.91643804,0.8324199,0.7488456,0.7710819,0.7355794,0.75469595,0.8974052,0.9059462,0.8501681,0.8524097,0.8353172,0.8236447,0.871462,0.8152123,0.83215094,0.80282444,0.7912189,0.92725134,0.9626263,0.93930846,0.90640014,0.9718701,0.99253476,0.88741606,0.9841408,0.91076064,0.89393616
5,83,3,verbal,0.9630322,0.9751816,0.94481146,0.8318598,0.8445444,0.755486,0.87725496,0.9533674,0.9704524,0.88998485,0.87559867,0.79824024,0.8969595,0.9517477,0.88307476,0.8871197,0.81003416,0.9099809,0.9239501,0.92364275,0.84877104,0.92272013,0.9484413,0.9472921,0.9194724,0.93574923,0.87697965,0.85556614
5,83,4,verbal,0.9860659,0.9787751,0.97270185,0.86709493,0.89675176,0.66871864,0.9510094,0.96542734,0.98718715,0.88831484,0.90990096,0.6886661,0.9753223,0.96238786,0.90016663,0.9253415,0.7190128,0.9489662,0.9141629,0.9349231,0.7188201,0.9908985,0.9836813,0.884573,0.9300906,0.85261995,0.9470387,0.75091904
5,83,5,verbal,0.9495702,0.9747084,0.84786725,0.5272393,0.6141114,0.4413268,0.6941963,0.954482,0.86866456,0.5614653,0.6624658,0.4619287,0.6936089,0.87000465,0.5499408,0.6450189,0.46115512,0.71773034,0.77180815,0.85572445,0.6880842,0.8810402,0.9354313,0.9621568,0.8489532,0.87272,0.88228893,0.7936487
5,83,6,verbal,0.93123376,0.9701868,0.8498866,0.60910034,0.6862835,0.5793157,0.68520623,0.96033186,0.80197227,0.5138714,0.6382503,0.46965933,0.60254854,0.8394179,0.5751719,0.68202984,0.53337497,0.6510583,0.82126087,0.8214279,0.7758877,0.8896782,0.78671575,0.978486,0.9408652,0.7423409,0.82075524,0.912394
5,83,7,verbal,0.91348857,0.92441183,0.82810986,0.6334758,0.7372084,0.6314526,0.71068406,0.92353666,0.7837672,0.5958652,0.7678498,0.585424,0.66537046,0.8125482,0.6457648,0.77564317,0.64384705,0.72697467,0.84057474,0.8540913,0.84864473,0.902136,0.73089534,0.9872823,0.8935194,0.7508347,0.80963993,0.8924241
5,83,8,verbal,0.8265478,0.8948419,0.8354599,0.73840183,0.6677352,0.7295035,0.7348859,0.89762515,0.8044685,0.72039676,0.73867214,0.70772815,0.7582352,0.8420664,0.7734741,0.749835,0.7680916,0.76854694,0.9167932,0.81492186,0.92596084,0.875197,0.86020213,0.9900839,0.92404974,0.84103686,0.7980161,0.9246617
5,83,9,verbal,0.860167,0.9061006,0.8308537,0.73723114,0.32863048,0.71637994,0.726556,0.8545302,0.8713503,0.7645985,0.37667078,0.71492016,0.74976885,0.8906853,0.8048331,0.34030098,0.77383536,0.7991731,0.9213637,0.3386351,0.87246764,0.8817648,0.2981041,0.9512996,0.86457276,0.1644557,0.442527,0.7736731
5,83,10,verbal,0.77621555,0.72192544,0.8309721,0.7450911,0.120895974,0.77813876,0.72968507,0.806782,0.83242345,0.75074714,0.15004966,0.7710284,0.7476552,0.7052199,0.74244076,0.0350526,0.70213807,0.77110267,0.8538331,0.15616156,0.90246576,0.81458575,0.05941198,0.94637996,0.94960624,0.08893076,0.11029202,0.90472484
5,83,11,verbal,0.85094094,0.887504,0.8034772,0.73434085,0.36444494,0.7215618,0.74599946,0.8656983,0.90633476,0.7966911,0.24584693,0.8220874,0.78517,0.9005593,0.77931654,0.35694665,0.7825858,0.8041563,0.8407292,0.2698336,0.87282306,0.8504347,0.20890298,0.9700079,0.94360363,0.16830413,0.2557197,0.9250123
5,83,12,verbal,0.88393116,0.9093709,0.78978515,0.684944,0.23741427,0.65672934,0.63272417,0.8936387,0.8629523,0.78790843,0.1866216,0.7715295,0.7275132,0.8984223,0.8113761,0.20736344,0.7961752,0.76134,0.8775734,0.23780589,0.8858722,0.8686313,0.20955159,0.98690856,0.9003635,0.19114318,0.28224188,0.90112185
5,83,13,verbal,0.9033327,0.92394,0.8104004,0.79955524,0.40210015,0.7598387,0.7813725,0.9165821,0.9139848,0.84223926,0.29413044,0.8365364,0.83168966,0.878292,0.8411525,0.39077404,0.8236125,0.84558684,0.91246754,0.26441213,0.9226732,0.8967738,0.28712833,0.9687071,0.9212491,0.28354138,0.38877058,0.9244391
5,83,14,verbal,0.8903685,0.8705714,0.76423615,0.67844343,0.2502336,0.68381196,0.66866887,0.8912659,0.86484945,0.78863704,0.22939172,0.7794727,0.7201312,0.84928495,0.73721933,0.19368151,0.74326277,0.7176606,0.9185619,0.23414464,0.90271777,0.84148943,0.22479641,0.98429084,0.9072223,0.19986382,0.12882693,0.9172905
5,83,15,verbal,0.92825526,0.88813823,0.82679164,0.7322103,0.18911228,0.66091293,0.63828814,0.8821031,0.8895866,0.79568124,0.23223378,0.7210501,0.6821477,0.88080734,0.75505316,0.29973522,0.717686,0.7053885,0.87847745,0.29516053,0.8295099,0.80731875,0.2572936,0.95047206,0.85991895,0.21294361,0.33109745,0.8846125
5,84,1,verbal,0.9198123,0.9139258,0.7772373,0.6362354,0.24225838,0.60574484,0.67345273,0.9137739,0.8689706,0.7503845,0.27284408,0.72268116,0.76843506,0.8896659,0.73935884,0.25672045,0.7169362,0.7725677,0.8959252,0.28812307,0.8788066,0.9079139,0.35077313,0.9772598,0.91487765,0.32776684,0.34432015,0.91120553
5,84,2,verbal,0.931657,0.92804223,0.84509206,0.74092776,0.1911083,0.72077113,0.77712506,0.9161307,0.91147244,0.82761115,0.23520768,0.81562996,0.85961086,0.8652685,0.73491186,0.19140454,0.7365598,0.78887445,0.91220087,0.28505644,0.915232,0.95465374,0.30456936,0.98718435,0.9459806,0.2910832,0.27413535,0.9453262
5,84,3,verbal,0.9355883,0.9235325,0.8189383,0.66846305,0.30942175,0.6347689,0.7231058,0.9515224,0.8755963,0.71451527,0.30843005,0.6948597,0.7819331,0.8929099,0.73218167,0.2979702,0.71809834,0.8097373,0.8788158,0.31095153,0.87782556,0.93879163,0.21402374,0.97219294,0.9099544,0.23131151,0.32009348,0.91160995
5,84,4,verbal,0.9711557,0.9741003,0.93394035,0.7737522,0.51851416,0.64631814,0.8426486,0.9421216,0.9358926,0.7632458,0.48905417,0.5942874,0.83580565,0.9605119,0.8356515,0.52629954,0.72040135,0.8760197,0.8860869,0.5158195,0.7278615,0.9301399,0.55627525,0.8836062,0.8958003,0.51117736,0.57605124,0.7393444
5,84,5,verbal,0.9279237,0.91141605,0.79926157,0.6352938,0.2690641,0.63205206,0.62102133,0.9095726,0.85512364,0.712404,0.29896125,0.7097531,0.69598746,0.8854181,0.72504497,0.22094615,0.7297443,0.73543024,0.8598681,0.26663417,0.8679992,0.85920626,0.2470102,0.9785952,0.83968025,0.22177233,0.19930273,0.8571823
5,84,6,verbal,0.9200865,0.94131875,0.8296354,0.7199126,0.2881315,0.71025187,0.7428208,0.9043327,0.9307815,0.8342757,0.1980763,0.8309352,0.8090054,0.8649665,0.7542598,0.25213453,0.75061405,0.77417636,0.9103591,0.18616587,0.92330635,0.8630421,0.1726624,0.9845081,0.7929372,0.18527466,0.3226402,0.81908375
5,84,7,verbal,0.78482026,0.9067116,0.77523285,0.64578027,0.12451319,0.6361126,0.7259044,0.78324455,0.789729,0.6736249,0.24582623,0.6874838,0.7717302,0.85907817,0.7066689,0.12449296,0.70197296,0.77126735,0.88054174,0.22076792,0.89393324,0.8414734,0.27173275,0.9835699,0.82693785,0.23850635,0.15887351,0.8303686
5,84,8,verbal,0.8813117,0.85971373,0.8170804,0.60998815,0.14351898,0.635399,0.66218317,0.8213016,0.88896734,0.72219867,0.1835588,0.7434381,0.7273736,0.86419255,0.7104295,0.012680534,0.747783,0.76342505,0.8523437,0.13829881,0.8870508,0.82829565,0.18972546,0.9645763,0.79842895,0.13889986,0.12191247,0.83317965
5,84,9,verbal,0.8578915,0.8731426,0.7311849,0.6114388,0.1973122,0.5901145,0.57467914,0.84594554,0.81310785,0.7092739,0.16565458,0.7024638,0.5945683,0.79511803,0.6389307,0.14409035,0.6423427,0.5822235,0.82939774,0.104147926,0.8593082,0.75426877,0.1602735,0.9666738,0.82395154,0.11027666,0.16120763,0.7937067
5,84,10,verbal,0.88816386,0.93126297,0.78302884,0.6033548,0.024391614,0.6070717,0.7010307,0.9025409,0.86090344,0.6929916,0.15104522,0.69178617,0.7643012,0.8368494,0.65654296,0.101647414,0.6696731,0.75788337,0.84212846,0.118724704,0.8608377,0.81446487,0.22113813,0.9879414,0.7490633,0.19621287,0.11779678,0.75885886
5,84,11,verbal,0.8972354,0.88641757,0.72627956,0.59462655,0.2036736,0.55265844,0.5726425,0.910377,0.8408741,0.7155348,0.23943746,0.68398184,0.7066636,0.84713346,0.6732338,0.3166989,0.64347714,0.69044805,0.83307296,0.26414835,0.8375724,0.8271412,0.27201456,0.9778166,0.8447197,0.23556434,0.2792252,0.8481027
5,84,12,verbal,0.96673095,0.981563,0.96188754,0.86182857,0.44775707,0.7510169,0.9073405,0.96072704,0.95635796,0.8841239,0.5269621,0.7535917,0.90739745,0.97958183,0.89608985,0.4749076,0.79390985,0.9317242,0.93138295,0.4863027,0.8092836,0.9554741,0.53806365,0.9012244,0.93920857,0.49387786,0.49307275,0.8492837
5,84,13,verbal,0.94467753,0.96338797,0.8674434,0.66949755,0.5410701,0.6540878,0.799998,0.93980795,0.9138995,0.72054905,0.60068524,0.68897545,0.84896547,0.9090853,0.7445141,0.57682884,0.73755753,0.8523887,0.8446765,0.5719162,0.80956286,0.93628114,0.5091093,0.938905,0.8938799,0.5307511,0.5679088,0.85218406
5,84,14,verbal,0.92258304,0.87764066,0.7680831,0.6809101,0.33146617,0.64065677,0.6978704,0.90033275,0.85498685,0.79913986,0.33996987,0.75651926,0.7996731,0.9004714,0.7924188,0.24286364,0.77625734,0.837292,0.91754204,0.24195507,0.9166241,0.9516481,0.26518372,0.9853432,0.95486873,0.21376738,0.20399675,0.96200156
5,84,15,verbal,0.8837758,0.90504193,0.8204106,0.7515098,0.24031729,0.6983068,0.79713184,0.92261475,0.94035697,0.87882125,0.24083681,0.8387881,0.8736345,0.9016142,0.8274915,0.19403122,0.7712961,0.8604571,0.93982065,0.21814708,0.9192741,0.934519,0.21809317,0.95481306,0.91757303,0.24054231,0.23932596,0.8920798
5,85,1,verbal,0.9069019,0.9060225,0.8347426,0.74656314,0.32995886,0.75273114,0.77174205,0.92801493,0.9279832,0.85178447,0.3184244,0.863793,0.879902,0.8919612,0.8128174,0.24615921,0.82561034,0.8418311,0.89684856,0.29045922,0.92488384,0.934204,0.29374626,0.981106,0.95302546,0.2891381,0.29577,0.96408856
5,85,2,verbal,0.9219314,0.91472876,0.8356729,0.7499778,0.078191206,0.7196535,0.74989843,0.8889721,0.8632154,0.7663037,0.14671613,0.7324337,0.7876807,0.8775514,0.7689999,0.102226414,0.7445409,0.80308783,0.8945658,0.16385874,0.88861793,0.9251706,0.23160392,0.99080294,0.9352466,0.20979242,0.19872476,0.93737364
5,85,3,verbal,0.8915073,0.8959243,0.83142364,0.7685296,0.1592867,0.7378141,0.7658153,0.9144524,0.9292106,0.85560644,0.21543989,0.83532804,0.8533245,0.9286069,0.84930414,0.17298658,0.8355813,0.8639092,0.92600465,0.25511733,0.93836504,0.94587916,0.27452826,0.9647364,0.9606304,0.29546848,0.27993387,0.96683973
5,85,4,verbal,0.9120348,0.9319389,0.8490388,0.7495294,0.25001878,0.72731864,0.7832482,0.9280634,0.8954324,0.79561377,0.28854036,0.78396136,0.80921715,0.90810627,0.81799877,0.22365424,0.80559725,0.853462,0.9264277,0.20415398,0.9221437,0.92001516,0.26313785,0.98832816,0.91461056,0.22083563,0.19631848,0.92456895
5,85,5,verbal,0.9359702,0.9074312,0.8257442,0.7486011,0.34845614,0.70939004,0.7216437,0.9171192,0.8740744,0.7812472,0.34622043,0.7494489,0.7630026,0.9069702,0.808585,0.28199583,0.78517985,0.8076076,0.91029483,0.2783886,0.9048056,0.9335472,0.26912436,0.9641782,0.93060267,0.30072838,0.22622411,0.93531024
5,85,6,verbal,0.8906606,0.9499696,0.89713585,0.8316827,0.2473694,0.82860297,0.7982879,0.90009224,0.93559825,0.8809422,0.24887867,0.8776878,0.8395347,0.92099035,0.8671229,0.24577348,0.8615393,0.8441959,0.923904,0.27699563,0.9344442,0.9087561,0.30765167,0.9920631,0.89273816,0.3221994,0.23535249,0.89422995
5,85,7,verbal,0.9341752,0.9367625,0.8792157,0.83035445,0.26275778,0.7913584,0.77008104,0.93189377,0.90782183,0.8516471,0.29697853,0.82643396,0.79296464,0.91718644,0.86549586,0.2325815,0.83457386,0.8112553,0.9239461,0.31648144,0.9060766,0.8900751,0.25736216,0.9916824,0.9401484,0.2502694,0.29276004,0.93757254
5,85,8,verbal,0.9319636,0.91686714,0.85432667,0.7818286,0.40600792,0.796545,0.77767444,0.8989837,0.92943126,0.8360826,0.35518298,0.8519023,0.8451665,0.8831827,0.7794676,0.3509064,0.81030893,0.80025846,0.9106519,0.3475848,0.93544006,0.94092184,0.26898095,0.9675307,0.9545931,0.2920798,0.28734097,0.9638601
5,85,9,verbal,0.90383244,0.9209764,0.8474701,0.82506555,0.44539192,0.79926443,0.81538296,0.9447719,0.9361523,0.8625771,0.5202246,0.8516044,0.85596526,0.9492592,0.90639186,0.5248067,0.89166,0.90815115,0.94930154,0.5268843,0.9450532,0.9537202,0.45687932,0.99498606,0.97500765,0.47764355,0.47574794,0.9676519
5,85,10,verbal,0.93180484,0.908726,0.88268566,0.8535264,0.4267014,0.8285614,0.8464173,0.89448005,0.9477362,0.8997427,0.45044595,0.8849409,0.9028334,0.89091784,0.851924,0.44226995,0.8310954,0.86395603,0.9574727,0.5040533,0.9533642,0.9688269,0.5144919,0.9953399,0.9869465,0.5200571,0.5116169,0.98277307
5,85,11,verbal,0.9344711,0.9294336,0.8826591,0.7907021,0.19555086,0.8084309,0.8406093,0.90534526,0.9148773,0.84022063,0.23124553,0.8632835,0.8843556,0.944217,0.8679013,0.25727358,0.8822961,0.9089486,0.91395134,0.29349482,0.9514417,0.96702653,0.32511815,0.9454783,0.94726133,0.35296804,0.3347434,0.9905497
5,85,12,verbal,0.8831545,0.89612985,0.83034074,0.7543155,0.4514393,0.7215664,0.7752321,0.85843146,0.90419453,0.8357668,0.47619072,0.8379144,0.855285,0.8674527,0.76440895,0.48409176,0.76687,0.8210411,0.9299729,0.4892275,0.9331717,0.9656257,0.40745398,0.96032214,0.9618571,0.42787355,0.47186354,0.95212305
5,85,13,verbal,0.9284429,0.9014336,0.8466582,0.7327148,0.12654756,0.73295534,0.7683859,0.8914916,0.925726,0.83424616,0.19777237,0.8322561,0.8656094,0.87909675,0.76481897,0.13461164,0.771149,0.8283602,0.9325364,0.2765696,0.9375831,0.9656239,0.32296255,0.9949093,0.9675256,0.30595285,0.27193302,0.9737681
5,85,14,verbal,0.91490096,0.89949733,0.83756167,0.7466816,0.23188245,0.7236008,0.76391363,0.92993695,0.90819305,0.8044923,0.23453315,0.79796475,0.8278213,0.92312515,0.8120957,0.29138732,0.81133914,0.8575224,0.8887191,0.31991538,0.9192815,0.9493337,0.34285676,0.93313736,0.9125365,0.3792811,0.3826484,0.9662616
5,85,15,verbal,0.9488436,0.95604783,0.8655374,0.61961615,0.35518175,0.7280633,0.7559929,0.9276302,0.91142374,0.64775264,0.39695686,0.77495265,0.8175249,0.9099644,0.62857,0.33924305,0.77931964,0.8087886,0.70026726,0.3554829,0.9034481,0.91486794,0.107777596,0.72603154,0.69720554,0.32258552,0.32404277,0.91515684
5,86,1,verbal,0.8772882,0.9305774,0.7764796,0.6092477,0.123723745,0.57823837,0.60418963,0.87739307,0.8626807,0.7858409,0.27527452,0.7530245,0.7473518,0.8727829,0.679552,0.13134095,0.66083056,0.69652075,0.85222125,0.29424685,0.8505666,0.83294064,0.45175064,0.9798817,0.8898481,0.44197363,0.43400434,0.86297494
5,86,2,verbal,0.89728385,0.9121254,0.7944554,0.6146691,0.36861295,0.6037125,0.34434882,0.9125321,0.88732445,0.7186757,0.46037316,0.6922758,0.40059933,0.8861649,0.6984784,0.4730989,0.68301797,0.44432992,0.85895884,0.580533,0.85643834,0.6004837,0.5746072,0.9237832,0.73550236,0.60530233,0.5413958,0.714889
5,86,3,verbal,0.9052327,0.9025431,0.7679758,0.60672534,0.3325462,0.613023,0.6561215,0.85797036,0.8558794,0.6889497,0.40889156,0.70103157,0.70663947,0.8535093,0.6515713,0.4141615,0.6742551,0.749838,0.83645093,0.45912376,0.8673719,0.80362463,0.40549052,0.97815067,0.7642248,0.43754748,0.40645227,0.7740676
5,86,4,verbal,0.8524432,0.9136271,0.78383595,0.65213287,0.36028624,0.61392653,0.4883561,0.8534538,0.9039113,0.8229595,0.40525302,0.7919134,0.60799074,0.8687043,0.70925754,0.43437028,0.6938197,0.54229236,0.8921465,0.4594446,0.89139205,0.6889516,0.45022368,0.98003155,0.75126356,0.4834138,0.24945201,0.7415502
5,86,5,verbal,0.87969625,0.9369734,0.8169392,0.64867365,0.24353793,0.6426087,0.44312534,0.87643504,0.8330481,0.6761643,0.2408019,0.67774975,0.50799835,0.9003155,0.73342174,0.23681091,0.7460578,0.5422476,0.8766148,0.2891794,0.8842482,0.685925,0.38550353,0.9809503,0.7750289,0.33238772,0.21816765,0.7971172
5,86,6,verbal,0.9450363,0.911999,0.7847899,0.62316626,0.34036958,0.59274286,0.59798026,0.9264562,0.86340964,0.7067855,0.40437454,0.6859713,0.66640866,0.8785817,0.70620143,0.35794494,0.70688,0.72770756,0.88608956,0.40696865,0.8880916,0.7894396,0.4325005,0.9683397,0.74368846,0.40722927,0.32977542,0.7803375
5,86,7,verbal,0.92460144,0.903357,0.76064295,0.65373516,0.48216027,0.59411764,0.6672614,0.9183484,0.8814279,0.77218133,0.5247916,0.726923,0.75917155,0.855568,0.7163128,0.54060525,0.66366404,0.7430298,0.9112215,0.58827025,0.88475406,0.857115,0.5284481,0.97677267,0.8079147,0.51118094,0.52747744,0.80879897
5,86,8,verbal,0.90127766,0.91567826,0.7710757,0.645361,0.2973591,0.59604686,0.69943184,0.9218843,0.86568874,0.7452383,0.39990717,0.70109046,0.7946097,0.86548984,0.7380769,0.36168242,0.69566935,0.79408926,0.9063904,0.4177163,0.8826435,0.9428661,0.4593357,0.9912385,0.9587765,0.44588745,0.40154335,0.94580394
5,86,9,verbal,0.920427,0.9075334,0.78181314,0.616009,0.2477894,0.57900196,0.6941937,0.859757,0.8231779,0.69026613,0.30911624,0.64108807,0.7397816,0.8720078,0.7130432,0.21995036,0.69447005,0.80813724,0.8593812,0.28079692,0.85340446,0.9462422,0.368976,0.9807198,0.9299651,0.34517196,0.31476328,0.9354066
5,86,10,verbal,0.90622056,0.9173748,0.7856035,0.64291334,0.42756167,0.6359603,0.6789052,0.9200982,0.8908976,0.7467119,0.46877927,0.7422371,0.7863308,0.8834408,0.74012995,0.422497,0.7406406,0.7981304,0.887542,0.5178359,0.8960598,0.9018906,0.49190456,0.99220777,0.91748816,0.49396408,0.44406316,0.9220657
5,86,11,verbal,0.9394429,0.9018132,0.85889727,0.7457102,0.2715219,0.7150252,0.7741715,0.8994735,0.9073534,0.7913445,0.2611607,0.7745935,0.82235557,0.9042258,0.77433157,0.32037985,0.7590337,0.82759905,0.89255244,0.38928008,0.8947912,0.947783,0.36268875,0.97398883,0.94716495,0.3953496,0.40997306,0.95567745
5,86,12,verbal,0.9124063,0.900188,0.75270355,0.6038196,0.30777478,0.5768551,0.66375667,0.92857784,0.8413446,0.7011045,0.25316003,0.68216926,0.76232344,0.84319127,0.67912495,0.24282098,0.6852227,0.76696306,0.8551152,0.18755443,0.8638918,0.90713906,0.20507206,0.95435935,0.94157606,0.23968358,0.22347751,0.9570996
5,86,13,verbal,0.91923505,0.92347306,0.80805916,0.63468736,0.23959817,0.609934,0.7041472,0.92841685,0.89441514,0.7231837,0.3235951,0.6986238,0.77378714,0.8877424,0.71538043,0.28013694,0.7028921,0.7929209,0.8583192,0.38219053,0.8502096,0.8992644,0.41002584,0.982674,0.9197887,0.39068675,0.4273553,0.92502564
5,86,14,verbal,0.90692246,0.9140521,0.7892023,0.66390043,0.3505617,0.62818295,0.67340904,0.8986932,0.8680791,0.74678504,0.3751605,0.7137616,0.7653151,0.8530209,0.7331269,0.38928443,0.7062215,0.7396223,0.87385,0.4166377,0.86539894,0.91707027,0.39062908,0.97238356,0.93772525,0.3647046,0.3911668,0.91919464
5,86,15,verbal,0.95375293,0.9214275,0.8170399,0.6196007,0.25981963,0.5991595,0.6675151,0.9295393,0.870872,0.6949786,0.3078707,0.67222,0.7357734,0.9078238,0.7068947,0.32107645,0.70453024,0.7779963,0.85902834,0.37641963,0.8633288,0.9155628,0.39261848,0.985331,0.94416314,0.39463758,0.39598227,0.9565201
5,87,1,verbal,0.9351209,0.92345136,0.85742134,0.7507672,0.48610744,0.6797873,0.7273311,0.9031025,0.92503816,0.8249313,0.42299294,0.7769666,0.8241983,0.8972629,0.79952693,0.4796459,0.70488405,0.7741786,0.8866338,0.46361265,0.86114466,0.89239836,0.42228457,0.882221,0.89795625,0.40469193,0.42250076,0.91869915
5,87,2,verbal,0.92046875,0.9292828,0.8437413,0.7779199,0.2952698,0.7672202,0.8275616,0.9490861,0.9150293,0.8373394,0.39318803,0.84939903,0.8712534,0.9119317,0.83393496,0.3507809,0.8480766,0.88882554,0.9386482,0.44726405,0.94775194,0.94655305,0.43641093,0.969105,0.94598246,0.45612398,0.41369635,0.9438879
5,87,3,verbal,0.97012323,0.9351572,0.8968057,0.82283163,0.4986504,0.82522804,0.754099,0.9531826,0.92952365,0.85891706,0.48784977,0.8671517,0.8034177,0.9357923,0.8611252,0.5563836,0.87046957,0.8260816,0.9444506,0.50736433,0.9531157,0.90074587,0.43623793,0.98955244,0.91967463,0.43690017,0.5227516,0.91456693
5,87,4,verbal,0.8917544,0.9345028,0.873507,0.83439636,0.2944216,0.8165,0.8181142,0.88567287,0.8865119,0.85281724,0.40312043,0.836892,0.85472775,0.8966784,0.82623297,0.36174154,0.8212942,0.82960165,0.9520408,0.4130843,0.94893473,0.95771205,0.38978294,0.9895193,0.9782328,0.39684975,0.43425548,0.9744355
5,87,5,verbal,0.9071802,0.96903735,0.8814332,0.58749944,0.586112,0.57576287,0.68673265,0.94342244,0.8798816,0.5834792,0.63270926,0.55502224,0.7029215,0.9095477,0.5961796,0.58980155,0.5726436,0.71730465,0.77377033,0.6185558,0.75231045,0.86947745,0.48675993,0.9668429,0.90704226,0.4578993,0.5348316,0.89445543
5,87,6,verbal,0.98759466,0.9900405,0.93880224,0.5704118,0.6001915,0.48470584,0.7902587,0.99300784,0.9445963,0.5650262,0.6277184,0.47698247,0.795097,0.9543288,0.58857054,0.6104825,0.49982965,0.8084317,0.70837873,0.62647176,0.62895924,0.89633566,0.47218403,0.9689066,0.87424624,0.46070108,0.5895765,0.81327003
5,87,7,verbal,0.8167993,0.7131114,0.76604724,0.5645128,0.52123386,0.6265313,0.5729603,0.6104308,0.79910713,0.5245622,0.49222553,0.66858375,0.5534984,0.6564171,0.6691222,0.38789254,0.59052116,0.7271162,0.73201555,0.5011162,0.80583996,0.75775576,0.36597553,0.79274434,0.87403345,0.39307922,0.4862063,0.77152133
5,87,8,verbal,0.87872666,0.91622156,0.8123773,0.7381305,0.33039328,0.6933394,0.8059164,0.87384725,0.8116189,0.7458377,0.30846864,0.7094142,0.78763014,0.86207753,0.7663063,0.40482974,0.7337222,0.8365513,0.92378944,0.48790947,0.9093312,0.95259106,0.50397396,0.9649855,0.9048654,0.52626437,0.52869606,0.8963754
5,87,9,verbal,0.95197135,0.88950896,0.8291467,0.79949564,0.3908396,0.73049253,0.8166449,0.8966577,0.87406665,0.847537,0.3989823,0.79015553,0.8638743,0.9118515,0.8491453,0.4158777,0.8179252,0.8731985,0.9549485,0.40517902,0.9492567,0.9583718,0.37030137,0.9704424,0.98300815,0.36842978,0.40966192,0.95970434
5,87,10,verbal,0.87191767,0.9069737,0.8083827,0.7766138,0.3373653,0.7416907,0.813142,0.8815846,0.9360522,0.90894634,0.30498755,0.8876146,0.9341801,0.8637698,0.79879206,0.39397687,0.77778137,0.8608587,0.97185314,0.3904197,0.96507627,0.96760064,0.4076205,0.9899729,0.9516936,0.39885825,0.37307012,0.9489014
5,87,11,verbal,0.9548336,0.9448526,0.8754882,0.83453274,0.31374362,0.7186368,0.8073974,0.95014966,0.9199602,0.8476668,0.38944617,0.7601521,0.84310174,0.9403812,0.90037537,0.3812772,0.81994647,0.89763683,0.92058706,0.47612426,0.8834603,0.94605,0.44876692,0.92891526,0.9551068,0.5452042,0.4856623,0.9558279
5,87,12,verbal,0.9016747,0.91911703,0.8735951,0.8477059,0.3897237,0.8035319,0.83190256,0.87014735,0.89671344,0.8555383,0.3739581,0.8201853,0.8109831,0.914921,0.88133913,0.4182223,0.8380962,0.88917035,0.960514,0.43014404,0.9395194,0.9547755,0.45161635,0.98657626,0.970625,0.43247288,0.47534704,0.95898867
5,87,13,verbal,0.9136055,0.9096596,0.81958234,0.7529459,0.15740146,0.7035682,0.78075886,0.9250446,0.9033107,0.85493016,0.23355348,0.8154957,0.8691393,0.9287915,0.85866696,0.27585018,0.82297444,0.89306265,0.94583696,0.3687941,0.92618006,0.9731285,0.41483912,0.9687987,0.9584312,0.46584818,0.42356312,0.95673287
5,87,14,verbal,0.94068694,0.92371655,0.8572579,0.8787135,0.23439124,0.81756914,0.7987171,0.9367048,0.9176565,0.91550523,0.2685199,0.85673344,0.83225924,0.92831135,0.9217385,0.32935098,0.8622965,0.86387795,0.97578424,0.2849263,0.95638865,0.93365943,0.28287712,0.97769827,0.94657665,0.26869673,0.2868946,0.9614261
5,87,15,verbal,0.9180463,0.94895476,0.8993762,0.838393,0.49645245,0.83889294,0.8361796,0.90611094,0.94432616,0.892567,0.40163383,0.9030881,0.88978755,0.9199211,0.856321,0.50274724,0.8452376,0.86437315,0.96030766,0.43310526,0.95241,0.9588188,0.40704957,0.9625405,0.9608151,0.36402857,0.3685017,0.95801055
5,88,1,verbal,0.94074327,0.97242314,0.83856946,0.7746931,0.35877505,0.70524824,0.7885243,0.92832035,0.9144659,0.83829874,0.37874,0.78473395,0.8434626,0.85482585,0.7865365,0.30894497,0.720152,0.8093816,0.9388103,0.34802654,0.9094157,0.9419273,0.3906365,0.980947,0.9621477,0.39151478,0.3658373,0.9512424
5,88,2,verbal,0.9059036,0.9314842,0.79380697,0.73997223,0.5232955,0.61940306,0.6922501,0.91572917,0.89159876,0.80791825,0.5052871,0.71106297,0.76944673,0.88702345,0.78426296,0.5601523,0.6981563,0.76486295,0.9120835,0.50414777,0.8715318,0.9103234,0.38979623,0.93590754,0.94877845,0.40233132,0.41052002,0.9533167
5,88,3,verbal,0.82916176,0.9510285,0.8433118,0.6478004,0.28706336,0.5761701,0.7284464,0.8740103,0.84896666,0.6173339,0.34721217,0.5845354,0.71700054,0.90603006,0.6531921,0.33517677,0.6006622,0.7886526,0.7857388,0.45147058,0.76106447,0.9177117,0.42492336,0.96216476,0.8622102,0.48442706,0.4545088,0.8642937
5,88,4,verbal,0.8609188,0.9327202,0.84655756,0.6446283,0.4519351,0.5614983,0.68426895,0.92924196,0.82695115,0.58028877,0.50351864,0.54606736,0.65280026,0.8646856,0.62339264,0.49555784,0.57563376,0.6913965,0.82661945,0.44928396,0.79196453,0.8768104,0.35663962,0.92078775,0.9323887,0.41544273,0.42532426,0.903771
5,88,5,verbal,0.90447116,0.9290511,0.799287,0.66641027,0.3866401,0.48918992,0.67776793,0.93110776,0.8097287,0.677849,0.38698196,0.5097698,0.6983695,0.83539945,0.69073087,0.38778502,0.51749086,0.73064905,0.8581181,0.43649584,0.7818081,0.9276675,0.38815704,0.8485512,0.9002992,0.35079664,0.43108562,0.855008
5,88,6,verbal,0.8786116,0.9521057,0.82428396,0.69764644,0.5354498,0.57989734,0.7230479,0.9052391,0.88213676,0.81465524,0.57911074,0.70606273,0.84336764,0.8697713,0.7419305,0.54585606,0.6412732,0.78987217,0.8960313,0.5215952,0.83515775,0.91646737,0.4781141,0.93694645,0.92959577,0.4264378,0.5180402,0.9069648
5,88,7,verbal,0.94662374,0.9672406,0.90228945,0.813102,0.55900085,0.68307805,0.8478158,0.94696087,0.95296735,0.8587774,0.5967805,0.69784623,0.90931386,0.9419801,0.8579367,0.6023837,0.7170486,0.8881385,0.913143,0.62521213,0.759376,0.9648443,0.65141207,0.81716055,0.93307626,0.5943073,0.61442167,0.79210293
5,88,8,verbal,0.90755606,0.9452184,0.8178808,0.7683517,0.28361923,0.6183438,0.70524865,0.9248547,0.88342184,0.80407387,0.36075893,0.68643236,0.7686914,0.88592964,0.8341697,0.31888175,0.7094236,0.77995175,0.914486,0.41477785,0.85887396,0.9203728,0.39506197,0.86680484,0.9025183,0.46867704,0.4814383,0.94632673
5,88,9,verbal,0.89097536,0.92279214,0.76889867,0.7893012,0.43140376,0.6397765,0.6657188,0.91376716,0.8716972,0.8748812,0.45705765,0.77067703,0.75203276,0.8828806,0.89065623,0.48402342,0.77630514,0.7975483,0.94586736,0.54222447,0.926201,0.90463954,0.5364545,0.90700877,0.89447874,0.54462045,0.59742016,0.9342686
5,88,10,verbal,0.9145994,0.9394631,0.82067806,0.7948836,0.16430506,0.6894575,0.60073686,0.9038434,0.9153643,0.8625775,0.2786292,0.8030914,0.6956255,0.86785024,0.85579574,0.1894971,0.7473937,0.6874193,0.95249975,0.32894018,0.9226354,0.7952185,0.34803647,0.9261068,0.8021853,0.37932438,0.35630855,0.81397223
5,88,11,verbal,0.9382909,0.9303406,0.81917727,0.75036824,0.55504316,0.6391516,0.76577127,0.9498942,0.9011396,0.8304889,0.5816238,0.7172155,0.8261854,0.89745927,0.8233954,0.6293229,0.7192118,0.8449866,0.9281091,0.5831872,0.85398453,0.91920036,0.57618105,0.9247338,0.9050937,0.5692045,0.62422305,0.84201986
5,88,12,verbal,0.9231536,0.93277955,0.8343748,0.8093589,0.3773488,0.7185409,0.76812047,0.9404976,0.934874,0.90528923,0.4513335,0.83273494,0.8843245,0.9013883,0.8564274,0.45750922,0.77955776,0.8354754,0.9499799,0.5044996,0.9144487,0.9511752,0.47501126,0.9642653,0.9697797,0.5368504,0.5317023,0.9648883
5,88,13,verbal,0.9187901,0.91084427,0.7809352,0.7358403,0.46292406,0.631519,0.689781,0.91070884,0.8494351,0.7896839,0.49462858,0.6907133,0.7572443,0.86323786,0.8039279,0.4390462,0.7138889,0.78017,0.95283127,0.49741733,0.9012601,0.9425332,0.5364316,0.96078986,0.9762748,0.50877947,0.50499064,0.97414684
5,88,14,verbal,0.5954867,0.9289088,0.8070008,0.7364405,0.65877426,0.66214705,0.7530832,0.57570225,0.62559813,0.56620026,0.42636657,0.5741784,0.57413423,0.8729284,0.78572166,0.6594845,0.7261979,0.8265874,0.9054294,0.64549357,0.8972358,0.9509597,0.5980148,0.9499067,0.94133925,0.5806138,0.5932918,0.9346429
5,88,15,verbal,0.69210464,0.9323766,0.79035306,0.7048376,0.2036333,0.5955871,0.71923363,0.6673557,0.6441789,0.619183,0.19126584,0.55109113,0.58814144,0.88627243,0.8090216,0.24328615,0.70608693,0.81846195,0.9419131,0.33007714,0.8798381,0.9585317,0.3788226,0.9483038,0.96373004,0.38353732,0.32677007,0.92242855
5,89,1,verbal,0.9327262,0.94993114,0.8564921,0.8071164,0.43434492,0.74594915,0.76400703,0.95474684,0.9452833,0.8732341,0.44668582,0.81758654,0.8428172,0.9014712,0.84784263,0.42562154,0.78534734,0.8143096,0.93299395,0.46775368,0.9079324,0.9378013,0.38511354,0.9679638,0.93510956,0.38858464,0.46294498,0.94920355
5,89,2,verbal,0.91766787,0.898969,0.82559365,0.8152329,0.27556834,0.7481133,0.7656796,0.9036441,0.9018424,0.9053884,0.3316783,0.8561024,0.86486775,0.9160848,0.88268137,0.33961985,0.8312097,0.87290347,0.9361286,0.3954844,0.9374345,0.9632566,0.35145506,0.96662444,0.93572295,0.39195484,0.4232576,0.9569583
5,89,3,verbal,0.9258775,0.9492552,0.8547944,0.7822628,0.20707183,0.7550695,0.7912443,0.9363647,0.9343202,0.8520937,0.26201412,0.82434726,0.8738498,0.90636563,0.8319743,0.25390947,0.80132604,0.852664,0.9393246,0.31944314,0.91896164,0.95891494,0.36458495,0.92709035,0.9431458,0.34490278,0.3847863,0.9572714
5,89,4,verbal,0.91148084,0.9283267,0.7885273,0.7346224,0.13733728,0.6818757,0.71916974,0.9150272,0.8668223,0.77722806,0.17224024,0.73926175,0.79251534,0.8388127,0.7545232,0.1792086,0.6956137,0.7754637,0.93528605,0.20106775,0.9190777,0.95027727,0.2778708,0.97299093,0.9638606,0.28327423,0.29683346,0.9546137
5,89,5,verbal,0.88587886,0.940623,0.86530685,0.80398667,0.45950362,0.7644081,0.78116757,0.9340794,0.9019306,0.8244564,0.5062414,0.79035455,0.82585555,0.9205611,0.8487836,0.4877125,0.82379323,0.84253776,0.94304943,0.4782186,0.93677884,0.9468824,0.43319735,0.965626,0.94311976,0.44204387,0.40782955,0.9563014
5,89,6,verbal,0.8869701,0.941915,0.8447866,0.70446336,0.37912104,0.6407183,0.7116855,0.9337769,0.8224164,0.6115925,0.37124532,0.58776844,0.7005508,0.8642626,0.66546595,0.37689167,0.64304155,0.74071693,0.8589313,0.4138888,0.8551495,0.9267515,0.32179457,0.90765387,0.9148428,0.35167193,0.3972373,0.92790705
5,89,7,verbal,0.9236967,0.9536244,0.84982795,0.65779084,0.43444285,0.6398893,0.7267145,0.96521926,0.8584847,0.65427136,0.4064183,0.636882,0.72946495,0.88641083,0.6780986,0.42458665,0.66001993,0.75935864,0.86493826,0.5053737,0.85630405,0.92564493,0.50152934,0.97495157,0.9586647,0.48577076,0.5505204,0.9544919
5,89,8,verbal,0.8385973,0.9045401,0.87557024,0.85420257,0.47666386,0.75579816,0.81615484,0.9169785,0.8624778,0.7503901,0.46916676,0.7173771,0.76557964,0.92555594,0.8288641,0.45807454,0.7822763,0.8399779,0.9136419,0.5527301,0.9054597,0.94091374,0.5376806,0.9260854,0.9613767,0.58818567,0.56176865,0.968448
5,89,9,verbal,0.91866225,0.94249743,0.8717386,0.8288178,0.44491372,0.8078849,0.85595196,0.9535564,0.8906488,0.8203499,0.48439953,0.8025522,0.86138976,0.8917476,0.8211357,0.47130522,0.81161296,0.8720347,0.9499263,0.5466275,0.9548086,0.98119086,0.53220326,0.9728827,0.9731086,0.52448916,0.52374566,0.97505957
5,89,10,verbal,0.9544503,0.9236029,0.88665384,0.8400267,0.45891866,0.8279838,0.8600985,0.9469196,0.95440125,0.9152355,0.5003063,0.9068412,0.93373454,0.9334453,0.88316464,0.49087572,0.86184883,0.9174703,0.9735635,0.54978067,0.9622336,0.9867949,0.5483736,0.9606681,0.96735555,0.5622929,0.57521796,0.9561198
5,89,11,verbal,0.9421311,0.9532655,0.8849045,0.87387764,0.19264828,0.8351945,0.8513852,0.9466395,0.9321951,0.9193079,0.26182878,0.8852328,0.910399,0.9296587,0.88868177,0.23919746,0.8626097,0.89587796,0.95047927,0.3274856,0.9640155,0.9741788,0.329902,0.9615695,0.9535871,0.37031406,0.33877042,0.96399397
5,89,12,verbal,0.9064305,0.9290318,0.83581007,0.7712293,0.31475794,0.7037326,0.7894639,0.9346552,0.9361148,0.85395116,0.38940915,0.7963512,0.85400087,0.90086037,0.8267863,0.3682189,0.7655924,0.8614967,0.9178875,0.35536066,0.9045959,0.91097087,0.3572599,0.9258394,0.90236086,0.32888663,0.3017461,0.87588733
5,89,13,verbal,0.9291213,0.93962693,0.8463049,0.82029074,0.30992955,0.7501867,0.80223906,0.9015222,0.89892757,0.8758484,0.3967436,0.84423417,0.8811917,0.9000932,0.87309974,0.32520312,0.7740997,0.85497195,0.9754773,0.39028957,0.9228106,0.97797406,0.40916723,0.93474156,0.97599274,0.37597463,0.39219385,0.9669135
5,89,14,verbal,0.93799716,0.93450636,0.8576293,0.83542037,0.48537603,0.7799434,0.82828957,0.9115275,0.9165845,0.89166576,0.47087184,0.8608091,0.89717114,0.9140789,0.8929564,0.47486472,0.8358086,0.88747114,0.96327627,0.49577972,0.95332587,0.97947824,0.48505276,0.9626718,0.9800623,0.44429904,0.46543255,0.97827667
5,89,15,verbal,0.9303175,0.9130249,0.8719691,0.8414909,0.35063806,0.73215395,0.78138477,0.9198433,0.8937763,0.843907,0.40939823,0.770307,0.8163819,0.9247068,0.88923746,0.38788244,0.802574,0.84840477,0.95060015,0.4143008,0.9194407,0.93685776,0.40119162,0.88754493,0.9113591,0.37858745,0.41977447,0.94051635
5,90,1,verbal,0.9394522,0.9599487,0.8231527,0.75811255,0.40398765,0.671617,0.7730017,0.91537434,0.87536985,0.8176702,0.37354806,0.73460937,0.8080946,0.86693484,0.79974425,0.41828397,0.7065303,0.82589656,0.9272601,0.41903767,0.87109023,0.8908753,0.38510776,0.93577534,0.91605175,0.37880465,0.35536247,0.89086485
5,90,2,verbal,0.8941833,0.92645,0.7990303,0.7675513,0.3148588,0.64289004,0.76596767,0.8847869,0.8663407,0.8100687,0.33776626,0.7386798,0.8509564,0.8850173,0.84753364,0.3516961,0.7249356,0.82935286,0.94344294,0.42199105,0.8770849,0.9363267,0.3965429,0.86181825,0.8926342,0.4490022,0.4148196,0.87074083
5,90,3,verbal,0.81309783,0.920866,0.7499198,0.7227494,0.16032624,0.6000585,0.6726843,0.8366097,0.771851,0.76986885,0.26431537,0.68299186,0.69371253,0.8558563,0.8149656,0.21897382,0.6882535,0.7513232,0.91094446,0.30451056,0.8715009,0.88276553,0.34759492,0.8988555,0.9017054,0.3514834,0.40704083,0.9223028
5,90,4,verbal,0.918083,0.9166793,0.77983314,0.74120224,0.16448578,0.6089492,0.63428426,0.93120056,0.86923426,0.8298198,0.19588375,0.71171236,0.72294736,0.87894946,0.8357539,0.21502492,0.70590603,0.7368485,0.94324934,0.29334992,0.8967004,0.89967614,0.25623614,0.91365564,0.86692995,0.32530567,0.4159538,0.902237
5,90,5,verbal,0.8876075,0.9254815,0.836432,0.75135815,0.30708697,0.6888142,0.77072245,0.9269568,0.86574054,0.7357126,0.36400956,0.73979646,0.8031696,0.8876871,0.77778435,0.35857514,0.7317127,0.82297546,0.9016012,0.40715668,0.8933652,0.9495453,0.43261516,0.8731305,0.8869842,0.43455988,0.43483403,0.9164988
5,90,6,verbal,0.93828434,0.94282675,0.8208942,0.72502863,0.2397182,0.587075,0.7030969,0.9436086,0.8088665,0.6933384,0.25584686,0.5464203,0.6817958,0.88305134,0.77076465,0.26749206,0.6392675,0.77083856,0.9210193,0.31830153,0.8338316,0.9051571,0.33480045,0.8933551,0.9003228,0.3542893,0.32339907,0.87799263
5,90,7,verbal,0.86428183,0.9483205,0.82327276,0.7710663,0.343909,0.7315894,0.7844062,0.8732052,0.854142,0.7806526,0.36045468,0.7461757,0.7968993,0.8869833,0.82710487,0.39923492,0.7822619,0.8479118,0.9425757,0.4788599,0.9306871,0.9808766,0.4677248,0.9356304,0.9599695,0.4893704,0.50077957,0.9570912
5,90,8,verbal,0.8772208,0.9498936,0.803572,0.65914285,0.4915192,0.5970305,0.7392474,0.91317725,0.9186109,0.79608786,0.54624355,0.7592374,0.8435454,0.8812412,0.71668726,0.5498817,0.67878693,0.8138858,0.86336637,0.6570027,0.8575293,0.94024384,0.59378856,0.90259063,0.84869075,0.60605556,0.669668,0.8764211
5,90,9,verbal,0.89633954,0.9265231,0.7812153,0.7513142,0.27523226,0.61777604,0.7038471,0.9250396,0.8239782,0.7569313,0.31129187,0.63537306,0.7437647,0.8363306,0.7882674,0.29920772,0.65160584,0.764043,0.89478093,0.29756498,0.87928826,0.954145,0.3108622,0.82313293,0.87104243,0.33412832,0.31589967,0.9319867
5,90,10,verbal,0.90036875,0.92427176,0.80985165,0.7332504,0.38947383,0.6101497,0.66622275,0.9118444,0.9115713,0.8412787,0.36941236,0.7447427,0.75905675,0.913761,0.8070001,0.39153534,0.73620564,0.7901076,0.9124332,0.39623278,0.8701867,0.87672096,0.41876173,0.90556234,0.8534239,0.32746303,0.3215945,0.93295515
5,90,11,verbal,0.9055902,0.9021076,0.7844642,0.76495117,0.27089354,0.61385787,0.71784395,0.89392173,0.8925198,0.8679833,0.30463618,0.753853,0.8302374,0.8937492,0.8639226,0.2604974,0.7251124,0.83807945,0.92902225,0.21810123,0.88329595,0.95388323,0.30473065,0.9053972,0.94539714,0.24770324,0.2129161,0.9381476
5,90,12,verbal,0.91330826,0.9291494,0.800653,0.74355304,0.4494534,0.660901,0.7362566,0.92962635,0.91357976,0.8490057,0.5621155,0.7703762,0.8532409,0.8746851,0.7956968,0.44566217,0.7223144,0.79947186,0.8905587,0.5244178,0.88145417,0.9520078,0.550713,0.84353274,0.9203174,0.487712,0.5480016,0.9355261
5,90,13,verbal,0.9259274,0.9227721,0.7850842,0.7701174,0.4780849,0.55543584,0.64293665,0.9026912,0.8710863,0.7898909,0.4768775,0.6794408,0.7495472,0.8809616,0.8364604,0.5039796,0.68140876,0.7576841,0.8498233,0.5530678,0.8565134,0.9059613,0.59099025,0.7289557,0.7950038,0.5152613,0.48042873,0.9382266
5,90,14,verbal,0.90511256,0.93243265,0.7742444,0.7285203,0.3967685,0.60578775,0.72311175,0.91999567,0.85671186,0.8113008,0.35190874,0.7163693,0.8178745,0.8684007,0.8252409,0.3673445,0.69128513,0.8135117,0.91446614,0.2900055,0.8667497,0.92076766,0.31352547,0.8673155,0.93824095,0.33902308,0.3423606,0.9155899
5,90,15,verbal,0.91664845,0.9092981,0.75732666,0.71773934,0.40980917,0.54692405,0.6331811,0.92654794,0.8659636,0.81753206,0.42204902,0.68076843,0.7542813,0.8565922,0.81080085,0.44759008,0.6333414,0.7463968,0.9414975,0.4085411,0.8511668,0.9148812,0.3716456,0.85937625,0.9189195,0.33171597,0.43358627,0.8944385
5,91,1,verbal,0.9569244,0.93850267,0.83793813,0.745183,0.32505503,0.67392284,0.71624,0.95157194,0.9017094,0.81244326,0.3410835,0.7605952,0.7827163,0.92135704,0.8389563,0.38121936,0.76413417,0.81762993,0.943028,0.4095109,0.8828659,0.9213645,0.445462,0.87623656,0.9125115,0.40117142,0.43048707,0.8674118
5,91,2,verbal,0.9530163,0.9412021,0.86881,0.8461493,0.36929825,0.8067838,0.82100827,0.9454593,0.93392223,0.90886235,0.3848706,0.8771085,0.8779671,0.91705036,0.8865752,0.4088605,0.8419527,0.8550771,0.975446,0.44468886,0.96139365,0.9502106,0.43106747,0.98063576,0.9636085,0.460917,0.5146618,0.96947205
5,91,3,verbal,0.9257897,0.96919674,0.87717056,0.84540564,0.36095488,0.8251889,0.8489156,0.93197966,0.93675846,0.87980413,0.29451886,0.8641553,0.8714459,0.91398925,0.87179786,0.38412973,0.86367035,0.8926023,0.9539989,0.3367073,0.9481525,0.95925725,0.38916352,0.9719623,0.951136,0.38656938,0.39811888,0.9656816
5,91,4,verbal,0.9029989,0.94822526,0.8184162,0.80702233,0.17367965,0.73600334,0.802263,0.9460455,0.90731835,0.8677044,0.2719282,0.79673564,0.86527026,0.8793657,0.8707645,0.24999344,0.7809522,0.851235,0.9615661,0.3000474,0.9226749,0.9445043,0.32539707,0.9542081,0.9505709,0.3329299,0.31020337,0.93640614
5,91,5,verbal,0.88080996,0.90560484,0.8401185,0.8391609,0.22526501,0.76699185,0.75249237,0.84513414,0.84980804,0.8518993,0.25352624,0.8258133,0.83087337,0.9214635,0.8958931,0.16915934,0.8384368,0.8109106,0.96952015,0.22167508,0.9532419,0.9023071,0.23772106,0.957624,0.9204708,0.22656107,0.26414052,0.9312253
5,91,6,verbal,0.918247,0.9565581,0.8572249,0.8365136,0.26754025,0.779161,0.86072665,0.911601,0.92253226,0.88500935,0.30822545,0.84695125,0.91235983,0.89638615,0.86492705,0.29342845,0.7956446,0.9040861,0.9499294,0.28598633,0.9207838,0.97490245,0.26948285,0.9429698,0.9614608,0.2870127,0.2948456,0.9274788
5,91,7,verbal,0.952868,0.94392973,0.8765531,0.89408743,0.35079545,0.8169735,0.86109096,0.9584392,0.9164703,0.9225737,0.45536464,0.8324933,0.8792103,0.9343163,0.93659997,0.38625708,0.8554106,0.9024508,0.96835905,0.41073918,0.941692,0.9570902,0.38848653,0.9386389,0.9535153,0.33373958,0.3857668,0.963479
5,91,8,verbal,0.88963896,0.93472785,0.84526944,0.86331725,0.46296868,0.7599579,0.81502104,0.8944973,0.9547185,0.9018435,0.40569997,0.89532197,0.9295579,0.90525424,0.86635697,0.44256103,0.8162051,0.8602996,0.9133307,0.41423428,0.9432022,0.95846575,0.39600256,0.89660084,0.9335208,0.32343373,0.38986304,0.9636956
5,91,9,verbal,0.9530522,0.9554853,0.86605203,0.8648975,0.3504915,0.80120873,0.8402756,0.910048,0.9013214,0.88804704,0.351698,0.85309833,0.8773457,0.88151205,0.8809284,0.36691374,0.79276246,0.8541848,0.97785056,0.30424988,0.95252293,0.9814971,0.35152256,0.94891983,0.9747655,0.23564377,0.312638,0.9571955
5,91,10,verbal,0.886921,0.9588927,0.84578717,0.82708216,0.088592835,0.77212846,0.80482066,0.89400786,0.8550961,0.8257288,0.06193021,0.7766496,0.79669386,0.8932774,0.86267513,0.06080054,0.8051682,0.8436876,0.97403413,0.10793052,0.94213927,0.96112806,0.12802716,0.96800274,0.97783697,0.19035427,0.1553212,0.9865645
5,91,11,verbal,0.89410657,0.9541832,0.87082696,0.6350453,0.333503,0.76946485,0.87297523,0.9114524,0.9288679,0.76470673,0.31700262,0.82494193,0.8931946,0.93398744,0.6875609,0.30407664,0.8323337,0.9299256,0.7876807,0.3224288,0.92635566,0.9742006,0.38241363,0.7738508,0.7622347,0.307514,0.33316264,0.9352801
5,91,12,verbal,0.9507838,0.95330507,0.9129509,0.7812566,0.26730546,0.8283978,0.8738693,0.95362264,0.9644082,0.80648357,0.26700547,0.90341485,0.94070804,0.96042496,0.8305437,0.25260386,0.87174743,0.9177683,0.85622454,0.26141146,0.9378491,0.97516394,0.24749956,0.8054514,0.85015833,0.23995191,0.27064314,0.9648624
5,91,13,verbal,0.9425018,0.9569912,0.8887397,0.840387,0.19598123,0.79959184,0.824257,0.938721,0.95597047,0.92723805,0.22950196,0.90191907,0.9098192,0.92646116,0.8708261,0.24330819,0.8343449,0.84995615,0.9541991,0.27636787,0.9439372,0.95559037,0.2372247,0.96062326,0.9705329,0.27440673,0.27301094,0.9678014
5,91,14,verbal,0.89511466,0.9542508,0.91854006,0.8958382,0.36544117,0.8652764,0.8887344,0.8993735,0.8477768,0.8199751,0.39874324,0.7763491,0.8146643,0.96020997,0.93477243,0.4370755,0.9157338,0.9309141,0.97083896,0.43049857,0.96144325,0.9822062,0.4604349,0.97446096,0.98387796,0.438246,0.43573222,0.9820206
5,91,15,verbal,0.972171,0.96526915,0.89151907,0.88143635,0.315972,0.78099614,0.8564799,0.96088123,0.92197406,0.8939767,0.33633453,0.8315126,0.89674675,0.9304607,0.9150672,0.36355492,0.83240277,0.89971626,0.9498881,0.33712208,0.9267571,0.974116,0.33512974,0.89977527,0.95169425,0.3873203,0.3773488,0.96057653
5,92,1,verbal,0.9502855,0.94210654,0.8137997,0.7083038,0.26915783,0.6653801,0.737719,0.9437601,0.8863834,0.7424235,0.29633203,0.7689399,0.81856906,0.89422804,0.7663353,0.22649722,0.7489767,0.8300929,0.8446145,0.2822745,0.89066726,0.9564422,0.42787847,0.78710645,0.81511885,0.27627817,0.24598993,0.9275352
5,92,2,verbal,0.84717375,0.9388365,0.7846863,0.75270486,0.30918956,0.63284993,0.7055108,0.88138825,0.9284208,0.891273,0.352841,0.8462849,0.85944104,0.86260295,0.8235046,0.33585203,0.7145449,0.8012646,0.94619024,0.3522308,0.910932,0.94601214,0.40739635,0.9384458,0.93425214,0.37664706,0.38661942,0.9289138
5,92,3,verbal,0.9190561,0.93759996,0.8000909,0.68014824,0.06805232,0.59859264,0.69972277,0.95513296,0.89471984,0.77922666,0.17105329,0.72504675,0.8146707,0.9011016,0.7763011,0.14885214,0.7172927,0.8095842,0.88344705,0.2621122,0.8709259,0.9417663,0.22480486,0.85369927,0.90747994,0.3603772,0.30579928,0.9455592
5,92,4,verbal,0.9177949,0.9224546,0.7803311,0.73807037,0.47919437,0.6013209,0.7154349,0.9326525,0.89135164,0.8508468,0.5337659,0.7358481,0.8268195,0.8791914,0.8167867,0.53497714,0.7097276,0.82329535,0.9222493,0.5570123,0.88875556,0.9538836,0.52307105,0.8500156,0.9132995,0.5041815,0.5548924,0.9189489
5,92,5,verbal,0.93344164,0.9389214,0.80957,0.75711864,0.6037261,0.6466775,0.70583606,0.9385105,0.88644797,0.84067273,0.56981874,0.7485958,0.7955287,0.89652634,0.8366752,0.5824657,0.733126,0.8060728,0.941743,0.49172384,0.8884924,0.9462347,0.5006903,0.916393,0.94594634,0.3814336,0.43942496,0.9463888
5,92,6,verbal,0.953519,0.93101805,0.8006092,0.7733358,0.29701847,0.6400647,0.7403579,0.9327219,0.8486272,0.81298953,0.33634034,0.7106226,0.7975105,0.8887864,0.8544037,0.29887518,0.74067587,0.8380128,0.94183534,0.36496177,0.9106892,0.96702355,0.35020238,0.87447274,0.9168355,0.39872575,0.39418834,0.9536885
5,92,7,verbal,0.934936,0.9551744,0.81422454,0.7591901,0.3483748,0.63358235,0.72792655,0.95105135,0.9079538,0.8615734,0.37625915,0.75220126,0.8267939,0.8823049,0.83887786,0.38075617,0.69303733,0.799362,0.9344916,0.44219723,0.8797653,0.9399711,0.47518256,0.8717815,0.927009,0.42959845,0.4865158,0.9303324
5,92,8,verbal,0.9444947,0.9468074,0.81897765,0.7907306,0.2882884,0.6115727,0.70025027,0.9392,0.9015398,0.86637557,0.33117437,0.7166221,0.7996691,0.9039727,0.86969167,0.35321134,0.7142545,0.7947811,0.9584783,0.41184336,0.8728729,0.93335545,0.4113955,0.8775761,0.9227679,0.46380463,0.46233118,0.9246031
5,92,9,verbal,0.94267,0.9337577,0.804029,0.7566652,0.0888876,0.60555565,0.6853303,0.96186954,0.8889348,0.8413618,0.18903257,0.7174116,0.79239535,0.8911111,0.8222233,0.16687086,0.69283515,0.774678,0.93753844,0.31671357,0.86706614,0.9223824,0.35014755,0.8839334,0.9145703,0.49796093,0.39470062,0.9278268
5,92,10,verbal,0.919051,0.9287767,0.79993564,0.7935675,0.27173835,0.6310466,0.72211885,0.9400022,0.9020726,0.8922237,0.35595447,0.75451684,0.8390165,0.88589203,0.88075674,0.3225834,0.7180649,0.8171845,0.97293687,0.46167043,0.8913411,0.966657,0.46692693,0.88404566,0.9555618,0.4744263,0.49134174,0.9462542
5,92,11,verbal,0.9445408,0.9555589,0.8545528,0.82295513,0.38540962,0.72481674,0.8039369,0.95878416,0.9287776,0.89893353,0.42652375,0.8118223,0.879584,0.9200841,0.8889193,0.4035064,0.79260194,0.8705035,0.980087,0.44594803,0.9187818,0.9634629,0.45413557,0.939004,0.9739187,0.46636114,0.46182182,0.96966577
5,92,12,verbal,0.90184546,0.9309566,0.767779,0.7274092,0.24546665,0.6072555,0.672815,0.9060321,0.8582193,0.82079494,0.31609127,0.7223087,0.7692964,0.8625194,0.80738163,0.30765307,0.7083125,0.7696286,0.9626112,0.3854543,0.9025467,0.94412,0.3589597,0.93010247,0.95544654,0.4179146,0.35684866,0.9500197
5,92,13,verbal,0.9301231,0.950521,0.78170043,0.78026146,0.42281088,0.5418146,0.71086574,0.908367,0.8243622,0.8225824,0.41878724,0.62063116,0.7639435,0.8609541,0.84703386,0.4470477,0.6047897,0.77607304,0.9538809,0.43210852,0.81408465,0.9392147,0.44147703,0.79749304,0.91881496,0.40629017,0.445972,0.90860987
5,92,14,verbal,0.9539945,0.9481423,0.7877049,0.7678197,0.54141074,0.6176739,0.717724,0.9452578,0.8572181,0.84287846,0.5606192,0.7174111,0.79520345,0.8671304,0.84284306,0.5604865,0.7047434,0.8099993,0.9414674,0.57276076,0.9040708,0.9605713,0.5799108,0.87642956,0.91898173,0.5139036,0.5942971,0.92907846
5,92,15,verbal,0.96252704,0.9491851,0.81041723,0.78041995,0.13946268,0.64085054,0.7620504,0.96190053,0.8719001,0.8282899,0.18050425,0.70959127,0.82459426,0.8909008,0.8494795,0.1794778,0.72115093,0.84538734,0.9548011,0.2122609,0.8940291,0.9796278,0.1741039,0.8925277,0.951608,0.26259,0.23747577,0.92685246
5,93,1,verbal,0.9394602,0.9083962,0.7932434,0.7408036,0.33774388,0.6300394,0.7033817,0.9346433,0.8606531,0.810252,0.39438462,0.72747755,0.7884265,0.89967036,0.8254309,0.34484124,0.72612405,0.79991186,0.9247065,0.36057663,0.8811857,0.94516593,0.34080607,0.8506935,0.90091956,0.34066582,0.34683174,0.9554901
5,93,2,verbal,0.951042,0.92120963,0.8053896,0.73202145,0.42904088,0.6701114,0.7208006,0.9370554,0.86488837,0.7940392,0.42433125,0.7455715,0.79289216,0.9033717,0.816901,0.41471034,0.7881567,0.8281186,0.9075288,0.442885,0.9216132,0.95828116,0.40464318,0.8635334,0.88188076,0.40755558,0.4530689,0.9616743
5,93,3,verbal,0.89070433,0.9366524,0.816408,0.81394255,0.44923764,0.7137295,0.7403012,0.8832702,0.9097596,0.9030312,0.3954021,0.8560265,0.859224,0.8865185,0.8633301,0.4963537,0.7819528,0.8135111,0.96249247,0.48035577,0.9348911,0.94562364,0.44177788,0.95456594,0.96415687,0.43450987,0.45975044,0.97872317
5,93,4,verbal,0.92710227,0.93445134,0.8289689,0.836689,0.30561802,0.68277407,0.78022003,0.94179654,0.915134,0.90135944,0.3316401,0.79769486,0.87758625,0.9093473,0.90655386,0.3202898,0.7456364,0.8624894,0.96498907,0.37901178,0.89251184,0.97722197,0.3386922,0.86405337,0.9493286,0.35369825,0.34672865,0.9249331
5,93,5,verbal,0.9619815,0.9455386,0.8722582,0.85441166,0.44365975,0.78851575,0.8278268,0.9523882,0.9177525,0.89848363,0.40348065,0.8352954,0.869555,0.9370823,0.9130688,0.46272203,0.85503316,0.90298027,0.966017,0.39915225,0.94265354,0.9706347,0.41279274,0.94373566,0.9623951,0.3636966,0.39289358,0.9703194
5,93,6,verbal,0.9208665,0.93843734,0.8326431,0.78575325,0.3728741,0.701745,0.76392347,0.92953396,0.911896,0.858907,0.4032989,0.7836609,0.8491449,0.9238769,0.88581926,0.34913582,0.796988,0.8648009,0.9636924,0.33920923,0.9130855,0.9694653,0.3337493,0.8905691,0.9468838,0.22526021,0.3049366,0.95808136
5,93,7,verbal,0.9538868,0.9501236,0.8687977,0.84373957,0.45667928,0.7885956,0.82485133,0.9424188,0.91056496,0.8709018,0.47574243,0.82891625,0.8615887,0.92654765,0.89248824,0.47559136,0.8445989,0.8933373,0.9641505,0.45754722,0.94178414,0.9700564,0.42471188,0.96252346,0.9813138,0.3655818,0.42280045,0.9724643
5,93,8,verbal,0.94306624,0.9478675,0.88832515,0.8764616,0.1658304,0.8137221,0.85903335,0.95368475,0.9500835,0.92066807,0.20969188,0.8834224,0.9147742,0.9512149,0.928733,0.17037354,0.88690305,0.92309886,0.9666155,0.19950427,0.9508352,0.9694985,0.19496527,0.9491572,0.96894354,0.25236878,0.23655434,0.97541004
5,93,9,verbal,0.93853414,0.93320876,0.88048005,0.832508,0.46591964,0.81238437,0.82962894,0.9227087,0.9152426,0.8763269,0.4350015,0.8589819,0.86635786,0.93801254,0.9017163,0.47813934,0.86732805,0.8947972,0.9499054,0.4492723,0.96550345,0.9691884,0.46207985,0.93446016,0.9651555,0.43226215,0.46347123,0.97893333
5,93,10,verbal,0.95967215,0.9332969,0.8357637,0.73727286,0.3472357,0.7170404,0.77159095,0.94097275,0.87837636,0.7677655,0.36276913,0.7682741,0.81356394,0.9224327,0.79842544,0.3950734,0.81292707,0.8670039,0.8422699,0.42741477,0.93039536,0.9505398,0.519661,0.7997405,0.827605,0.42723492,0.45555452,0.9526915
5,93,11,verbal,0.95368904,0.9512753,0.8758455,0.8575448,0.36354098,0.79575354,0.818864,0.92762285,0.91711885,0.90063065,0.42920712,0.84676933,0.860027,0.91245824,0.89796996,0.408535,0.82717675,0.86491144,0.9750812,0.46416995,0.952357,0.96209365,0.48804614,0.96487576,0.9751105,0.49041703,0.4847209,0.9695397
5,93,12,verbal,0.920845,0.9268137,0.83693945,0.83826774,0.45733804,0.75849175,0.78322965,0.9423947,0.93609935,0.9278116,0.46909493,0.88507473,0.9044843,0.9195754,0.8918846,0.46017402,0.83325416,0.86915994,0.9724587,0.42078412,0.9354019,0.96253526,0.44996092,0.9415557,0.9548269,0.43850136,0.43326166,0.95729053
5,93,13,verbal,0.9399487,0.95367384,0.8827721,0.7969134,0.44547197,0.7376338,0.83581877,0.931313,0.9373869,0.8560971,0.35789886,0.73691136,0.90196,0.9023681,0.8318267,0.43615794,0.7381634,0.86368006,0.9294041,0.34252912,0.8168892,0.97792935,0.38724488,0.8554658,0.94635767,0.4067816,0.31013957,0.82329863
5,93,14,verbal,0.9384414,0.960146,0.83689594,0.8206112,0.5695489,0.72113734,0.746489,0.930635,0.87413865,0.8489408,0.548977,0.7669331,0.7810529,0.91066533,0.8889649,0.5561776,0.8091298,0.8366598,0.9334674,0.54738665,0.9057595,0.9344497,0.51890504,0.8813285,0.8791496,0.42571425,0.5201272,0.904143
5,93,15,verbal,0.8807849,0.9289851,0.83102983,0.81875676,0.24259412,0.78941065,0.8229524,0.93598384,0.9163983,0.88106215,0.28131422,0.8535775,0.90100354,0.89545166,0.8840936,0.26411125,0.8408022,0.9008467,0.931018,0.26834127,0.957961,0.95658785,0.27480713,0.9151774,0.907541,0.22660336,0.21863598,0.91290265
5,94,1,verbal,0.9335171,0.95944333,0.81310743,0.8075773,0.32016492,0.6974885,0.7426077,0.94808143,0.9143697,0.88334095,0.31605378,0.8018916,0.8490828,0.86018246,0.84211236,0.34314963,0.7485534,0.7883868,0.92511076,0.37672302,0.91825116,0.9383717,0.38046917,0.88720536,0.92631567,0.4321032,0.44724098,0.9308122
5,94,2,verbal,0.95605475,0.96764505,0.79487723,0.7779775,0.57334167,0.630397,0.7081777,0.974597,0.8720049,0.832819,0.6047855,0.72532356,0.7955645,0.8668422,0.8300999,0.62769896,0.70605063,0.7804805,0.8835989,0.65341884,0.8858706,0.9535762,0.64610344,0.8046733,0.86327136,0.57491773,0.6737829,0.92700666
5,94,3,verbal,0.91777676,0.9432545,0.81045246,0.7267519,0.35518607,0.64035326,0.68344605,0.9266742,0.9029441,0.8440404,0.39911368,0.772041,0.80334264,0.89743435,0.8040121,0.4214962,0.74356836,0.78015554,0.9086864,0.4881233,0.8986111,0.9158147,0.40913868,0.898381,0.8947965,0.5244088,0.48179728,0.9335772
5,94,4,verbal,0.9368935,0.95597255,0.8155933,0.7065874,0.41008082,0.6794095,0.736711,0.9172349,0.8820089,0.75677526,0.41618547,0.72702545,0.80877763,0.879709,0.76201046,0.46580964,0.7427847,0.80530906,0.84475785,0.5631977,0.859916,0.95560396,0.46992102,0.81711745,0.85037124,0.6207264,0.55729663,0.88688636
5,94,5,verbal,0.9519985,0.9390901,0.8157038,0.75335336,0.5714472,0.6160901,0.749525,0.96797633,0.88888705,0.8180738,0.6033154,0.67687446,0.81979644,0.885859,0.8270099,0.5618381,0.7003048,0.8171518,0.9295047,0.6000328,0.82478094,0.9538896,0.5221875,0.8987376,0.94138014,0.4776865,0.56634957,0.8715508
5,94,6,verbal,0.9361781,0.93888074,0.8220094,0.80778235,0.47957864,0.6959131,0.75400615,0.9382361,0.916109,0.9054519,0.5123121,0.80225056,0.8623391,0.8948488,0.8485334,0.48161587,0.7580221,0.8172826,0.9334298,0.47059232,0.912306,0.95899224,0.4777439,0.8662433,0.92220205,0.46904302,0.4330701,0.9564467
5,94,7,verbal,0.9544156,0.9437505,0.7553959,0.721855,0.29756346,0.58488274,0.6788831,0.94724107,0.8029135,0.7763566,0.28132096,0.6359189,0.72835094,0.8461367,0.79627204,0.3189944,0.66772616,0.7699417,0.9305038,0.35437402,0.87791425,0.9542053,0.3967249,0.88312024,0.94050205,0.38025,0.39388385,0.95362586
5,94,8,verbal,0.9157846,0.9545408,0.7774068,0.730271,0.25787073,0.5634507,0.6883567,0.95138663,0.8714971,0.8232303,0.23547551,0.7078424,0.81085014,0.86466146,0.8191162,0.2743169,0.660608,0.7839146,0.93726176,0.32570842,0.8527897,0.9341533,0.35535493,0.88379884,0.95886743,0.36476,0.30147934,0.9341403
5,94,9,verbal,0.9171834,0.9176517,0.75804156,0.76818275,0.22681259,0.6092042,0.65835077,0.8754974,0.849395,0.8596462,0.33312145,0.76407117,0.7912664,0.8301559,0.8147952,0.24801698,0.6651398,0.7289167,0.95835143,0.4077247,0.9070318,0.9470484,0.39025694,0.88758785,0.9254394,0.45175543,0.43293226,0.97473866
5,94,10,verbal,0.93936056,0.9441087,0.781827,0.74563247,0.30260295,0.60465944,0.72575873,0.9568627,0.8604017,0.8189833,0.31391513,0.7155856,0.81271106,0.8759438,0.82990533,0.3769026,0.68635225,0.8152063,0.92744505,0.45499307,0.8785746,0.96572554,0.42240372,0.86623704,0.9392692,0.50537634,0.462464,0.9260818
5,94,11,verbal,0.941411,0.9404888,0.81507844,0.8005839,0.47833487,0.64924496,0.7115741,0.92319524,0.88672256,0.8855166,0.5368317,0.7472745,0.7980206,0.8762593,0.86362594,0.52730644,0.7097686,0.783686,0.95232606,0.5690956,0.8907303,0.9457371,0.5936406,0.8853118,0.90843123,0.55804855,0.57781553,0.9422688
5,94,12,verbal,0.93351257,0.9544098,0.80894864,0.7881007,0.5416598,0.6648571,0.74488664,0.9410365,0.8954127,0.8926506,0.5702024,0.79730254,0.8508601,0.88230675,0.84350234,0.51741636,0.7401306,0.82570946,0.94225585,0.4784828,0.88594705,0.97434413,0.5048734,0.9119209,0.9490768,0.41385382,0.45704412,0.92072034
5,94,13,verbal,0.92773265,0.93353677,0.72719723,0.7003852,0.16200669,0.5665757,0.64430285,0.94862354,0.8241392,0.78919727,0.19101554,0.6810071,0.7493553,0.83182317,0.7931082,0.14081119,0.6640424,0.743678,0.9336643,0.27400038,0.8974287,0.9524538,0.2829438,0.87333405,0.912554,0.37174466,0.328927,0.9451074
5,94,14,verbal,0.8975583,0.94324034,0.78135556,0.7483518,0.40345487,0.6262394,0.694638,0.8840919,0.8708987,0.8536702,0.36894658,0.7703749,0.8128077,0.8598964,0.8114366,0.44672325,0.7005628,0.77973944,0.95539534,0.4556084,0.902127,0.9430476,0.46438053,0.92044806,0.9403073,0.41752008,0.45998135,0.9440858
5,94,15,verbal,0.9600543,0.9241354,0.76979756,0.7440059,0.6198045,0.5995932,0.66312987,0.9366428,0.82081336,0.8006823,0.63557506,0.67300785,0.73256654,0.86869806,0.83366257,0.5987966,0.716072,0.78340155,0.94330186,0.58454484,0.87383056,0.9267561,0.5887823,0.8569786,0.90522647,0.4538553,0.5120843,0.9476181
5,95,1,verbal,0.9217714,0.9358426,0.7910664,0.6994117,0.5213344,0.6228146,0.7150594,0.96751446,0.90216386,0.82070154,0.5571694,0.741112,0.8319351,0.880395,0.7793258,0.53031355,0.7021753,0.7951439,0.93893796,0.5683611,0.88281274,0.9493255,0.5421822,0.9498465,0.9527241,0.51640886,0.55894923,0.9285251
5,95,2,verbal,0.9443867,0.9517647,0.8746316,0.8310744,0.39646503,0.7999244,0.84214467,0.95271,0.94750994,0.89712644,0.41040665,0.87343466,0.8982452,0.91081387,0.8572993,0.40425375,0.8283843,0.8795986,0.95111465,0.3705336,0.9402672,0.96236676,0.38645935,0.9636352,0.9514151,0.34985253,0.3676945,0.96598667
5,95,3,verbal,0.94684535,0.9398363,0.8517745,0.84236157,0.21942218,0.7547243,0.8004892,0.94939953,0.92571497,0.8988809,0.24818039,0.83606744,0.8695496,0.89640564,0.8622477,0.20870562,0.79156774,0.834212,0.9723614,0.27215514,0.9407735,0.966364,0.31242126,0.958553,0.9698378,0.27489898,0.26841444,0.9651173
5,95,4,verbal,0.9077609,0.95379025,0.84852725,0.7717806,0.4057079,0.78312963,0.7898776,0.88561404,0.8631898,0.7970819,0.3956098,0.8003757,0.81065536,0.8989747,0.79251796,0.44607422,0.822943,0.84464616,0.8957815,0.4268361,0.94454795,0.9604282,0.46427944,0.9549691,0.9338458,0.45034692,0.45290262,0.9730927
5,95,5,verbal,0.9490735,0.9572449,0.85631245,0.8419546,0.33777186,0.78241664,0.8104746,0.9545017,0.8960427,0.86806595,0.29226637,0.819155,0.85313976,0.905708,0.87662685,0.32636353,0.82755566,0.85420185,0.958261,0.27311575,0.9398343,0.95528984,0.22977553,0.9808433,0.96468157,0.21594214,0.2853953,0.9534695
5,95,6,verbal,0.93192613,0.9575604,0.8368452,0.71993285,0.24134442,0.6813803,0.69853187,0.9178991,0.9260921,0.8143274,0.24450864,0.79433554,0.81148905,0.8629926,0.7340738,0.2377875,0.6952256,0.70977616,0.8769129,0.21422094,0.8515168,0.898462,0.31529018,0.9608345,0.9492608,0.32736096,0.3011815,0.92349327
5,95,7,verbal,0.95389056,0.94474494,0.85867506,0.81383246,0.07561467,0.7130559,0.7982471,0.9632468,0.9124154,0.858009,0.086062156,0.78085995,0.85935146,0.93168336,0.852253,0.052226763,0.7889372,0.87615216,0.91434586,0.1066877,0.9103947,0.9695628,0.11058169,0.9112412,0.92471653,0.16121292,0.16258112,0.9578916
5,95,8,verbal,0.94505966,0.92913103,0.8447398,0.7421085,0.18543157,0.673756,0.74488467,0.9481977,0.91189593,0.809936,0.13263278,0.7428876,0.8219832,0.89655054,0.75547755,0.12057323,0.70797527,0.7900183,0.8772284,0.06376037,0.8667827,0.9332224,0.16754375,0.8421296,0.9245627,0.12533017,0.09534967,0.9231199
5,95,9,verbal,0.9048399,0.94050205,0.81119287,0.7475554,0.06637565,0.7242081,0.7252108,0.8844756,0.84804094,0.8257123,0.091497436,0.7858724,0.7924055,0.8684462,0.7650698,0.07680823,0.75776136,0.76355267,0.9156739,0.1594887,0.9292483,0.9368472,0.20646471,0.9551865,0.94871086,0.17956498,0.23637089,0.96223146
5,95,10,verbal,0.94707114,0.9404866,0.8321906,0.77063173,0.22425205,0.7381134,0.7891051,0.94725007,0.89721185,0.8389156,0.20832066,0.8170524,0.8557974,0.9155105,0.8524962,0.289977,0.825508,0.87100434,0.95187604,0.2633521,0.94349,0.971521,0.28362036,0.9915031,0.9808578,0.26194283,0.27111247,0.9767127
5,95,11,verbal,0.912431,0.96310115,0.8733749,0.7934066,0.2746834,0.74577624,0.81459296,0.9185922,0.9311284,0.88594043,0.23230638,0.8679448,0.8947409,0.9248134,0.8243266,0.2910972,0.78918946,0.85914606,0.92859346,0.28897852,0.90557957,0.95720655,0.27342534,0.93953025,0.9459039,0.2613488,0.30855298,0.9454697
5,95,12,verbal,0.93678814,0.9589032,0.83037883,0.7897826,0.33892474,0.7247846,0.79234076,0.9422377,0.8973236,0.864029,0.35758913,0.8191412,0.86591333,0.8970715,0.848057,0.32507044,0.79656917,0.85984147,0.9588607,0.3082827,0.94407254,0.97387934,0.35273215,0.980434,0.97431815,0.31535596,0.3332518,0.96343976
5,95,13,verbal,0.92607486,0.9694902,0.8901054,0.8598089,0.23386891,0.8374664,0.8669955,0.9509616,0.895659,0.84088814,0.28784147,0.8252032,0.86201704,0.9306922,0.884475,0.2621972,0.8680369,0.9088906,0.96911794,0.30030358,0.96573687,0.9856076,0.32603037,0.9900768,0.96833134,0.31750032,0.29899934,0.96986854
5,95,14,verbal,0.9447243,0.964592,0.86329204,0.82403994,0.40521458,0.7575967,0.8007414,0.9597259,0.9221206,0.8805126,0.4210859,0.83154434,0.8685933,0.9234381,0.8626697,0.42426723,0.8138249,0.8607772,0.94820535,0.4268052,0.9376638,0.96299636,0.4172283,0.95420414,0.9726907,0.44696072,0.46226835,0.9792659
5,95,15,verbal,0.923802,0.917957,0.85755634,0.7631917,0.37452188,0.7265036,0.8244082,0.9101552,0.9245212,0.8180408,0.46595505,0.79090875,0.88814414,0.9322069,0.83247215,0.28699276,0.8101737,0.91550106,0.9060132,0.36430612,0.9006976,0.9669711,0.2903273,0.99143744,0.93935484,0.27267757,0.32397383,0.93129474
5,96,1,verbal,0.9334869,0.9475059,0.83748406,0.7131737,0.32524756,0.69016063,0.815032,0.9572743,0.9301277,0.8146461,0.26593015,0.7965677,0.90562195,0.9146757,0.7901936,0.26489696,0.77284056,0.8808016,0.92073345,0.1881144,0.9001883,0.96277076,0.117022015,0.9477983,0.9140773,0.1007756,0.17605123,0.90915924
5,96,2,verbal,0.93379605,0.9328228,0.8084902,0.65947676,0.17190371,0.6135316,0.7166654,0.92505234,0.90194,0.7698751,0.21591437,0.73260057,0.81954116,0.87007993,0.7125457,0.16757222,0.6819295,0.7901999,0.8795876,0.24020766,0.8609586,0.9409842,0.2501804,0.98654747,0.9467457,0.23064545,0.26085022,0.9437157
5,96,3,verbal,0.92303276,0.9412288,0.7942646,0.652313,0.31989807,0.55056906,0.76836157,0.9122326,0.88267034,0.77175814,0.37455383,0.679546,0.8547961,0.87370074,0.7242321,0.29630846,0.6425539,0.8377908,0.90950775,0.2898406,0.8509597,0.9670897,0.2579532,0.91416264,0.9271276,0.24179494,0.29828197,0.8684207
5,96,4,verbal,0.9300989,0.9449092,0.7950048,0.61313397,0.43292743,0.6255935,0.6950314,0.94385165,0.8955817,0.71422786,0.43963495,0.74113834,0.8042971,0.87758744,0.6990472,0.38646078,0.7107323,0.7879263,0.8294552,0.38748565,0.8905163,0.94105506,0.20243779,0.88883364,0.8831451,0.33371076,0.32234368,0.9514552
5,96,5,verbal,0.92064846,0.9385801,0.77048826,0.662001,0.16838327,0.6218106,0.69931614,0.9390041,0.86981195,0.75763696,0.19299765,0.7483562,0.81131476,0.8460068,0.71163553,0.14992769,0.6965117,0.7852494,0.8663928,0.20059663,0.90890616,0.95481133,0.26660392,0.8980331,0.89152795,0.17916754,0.20294078,0.93770075
5,96,6,verbal,0.9103077,0.9369344,0.79160887,0.59482145,0.26343468,0.600818,0.6924032,0.94672275,0.88558275,0.7137495,0.27314904,0.72771055,0.79605323,0.8936601,0.67879266,0.29730526,0.6829551,0.78636277,0.8314874,0.293808,0.8684168,0.9353394,0.2554891,0.92578155,0.9100173,0.2662196,0.2875196,0.9387266
5,96,7,verbal,0.9564113,0.9496329,0.8276101,0.66057664,0.23114136,0.63251805,0.70767117,0.9275574,0.87382126,0.7147911,0.26691034,0.7078663,0.777509,0.8964872,0.75084955,0.26177877,0.7197246,0.79288894,0.8479604,0.32060435,0.8858276,0.9391003,0.36571985,0.87747073,0.89622235,0.33452076,0.33893532,0.9637811
5,96,8,verbal,0.942116,0.9493592,0.7896262,0.6526064,0.4322477,0.5740669,0.69001776,0.9465795,0.8482338,0.7496885,0.40167487,0.6741534,0.77356935,0.8846545,0.73778975,0.44540137,0.67455703,0.7912007,0.89893603,0.4064401,0.86013305,0.9407083,0.34261826,0.9194272,0.9271574,0.33908367,0.34743002,0.91535604
5,96,9,verbal,0.93506694,0.93227595,0.79881495,0.6967018,0.2730167,0.678421,0.7537632,0.95771265,0.89143896,0.809308,0.27936503,0.7951395,0.8617262,0.8893941,0.76909655,0.29051027,0.7553882,0.8225134,0.914218,0.261944,0.9048271,0.9340143,0.24957106,0.99445826,0.96425384,0.25166076,0.27951267,0.9603441
5,96,10,verbal,0.9179147,0.9427158,0.7884386,0.68566746,0.1157115,0.67446506,0.72935104,0.9288235,0.88693804,0.8046223,0.08826632,0.79533035,0.83922535,0.8588218,0.7457391,0.10747983,0.73966813,0.8007547,0.92812544,0.087051794,0.9366623,0.9687555,0.16274767,0.99299926,0.9622552,0.12721437,0.14199743,0.9660313
5,96,11,verbal,0.9410622,0.95213085,0.82564676,0.7196609,0.17588662,0.70401967,0.7610158,0.951229,0.9099562,0.8252959,0.22187045,0.81365937,0.85764337,0.89802146,0.78511983,0.23378958,0.772627,0.83232415,0.92451316,0.270961,0.91953903,0.9668103,0.27891678,0.9942012,0.9731358,0.28599373,0.2893281,0.9720999
5,96,12,verbal,0.9029443,0.9469152,0.7633221,0.6448309,0.18838717,0.6312705,0.6778824,0.93023443,0.8925102,0.80910265,0.10168959,0.7922428,0.83710295,0.85090774,0.7149413,0.17025958,0.71168095,0.76811206,0.9136335,0.11953144,0.9176869,0.95926607,0.18016197,0.98651016,0.9608088,0.15567571,0.15917793,0.973227
5,96,13,verbal,0.96282434,0.94757307,0.80940443,0.6572385,0.2916688,0.6951861,0.74095917,0.9647731,0.8510397,0.69995517,0.31739196,0.7358154,0.78488785,0.8750698,0.7289011,0.28971514,0.7654227,0.8127554,0.8911213,0.28561038,0.9215777,0.94725895,0.2980413,0.951742,0.95816207,0.26300204,0.30264786,0.9625725
5,96,14,verbal,0.9123356,0.9278597,0.7766093,0.63053125,0.4927854,0.58869195,0.6904143,0.92125875,0.8839544,0.7828707,0.51244664,0.7404118,0.8197514,0.84789366,0.692098,0.51928794,0.6587903,0.7704867,0.8974072,0.4999689,0.87951636,0.9498659,0.42673856,0.9861936,0.94537467,0.40751657,0.4629607,0.94302374
5,96,15,verbal,0.89300346,0.9234876,0.7750624,0.6667884,0.24168596,0.5695365,0.683479,0.9298138,0.8947347,0.77403957,0.3434608,0.72808176,0.8280917,0.8837346,0.76764935,0.26857865,0.689822,0.80843925,0.89809936,0.342283,0.8437091,0.9490275,0.30624455,0.92377716,0.9406785,0.29615188,0.3484669,0.9299435
5,97,1,verbal,0.91749847,0.946547,0.8214633,0.70241296,0.16954204,0.6680837,0.73833066,0.93739414,0.90776575,0.83128047,0.20402415,0.8005329,0.8522836,0.904947,0.7918609,0.20027705,0.76648366,0.8337322,0.91937625,0.20745572,0.91444844,0.9643914,0.2134184,0.9780854,0.9485462,0.19166753,0.22112098,0.95758206
5,97,2,verbal,0.931499,0.93584245,0.8656002,0.8215899,0.22767588,0.80819154,0.8285451,0.8907482,0.8679364,0.82879174,0.2536932,0.81160706,0.83194304,0.91997296,0.8511374,0.17015338,0.85067886,0.8737082,0.96483994,0.19187969,0.96252394,0.97341514,0.21222109,0.99199754,0.98413813,0.16448902,0.18831217,0.986226
5,97,3,verbal,0.94303936,0.93848413,0.8485033,0.7849309,0.2383482,0.7206002,0.8236661,0.9403628,0.90673655,0.841122,0.25163978,0.7870108,0.88642555,0.9116696,0.81112945,0.1916727,0.77002466,0.87676245,0.91632295,0.17707872,0.909352,0.97981405,0.17480046,0.93628997,0.94789255,0.13312101,0.19018835,0.9331837
5,97,4,verbal,0.9650694,0.9393999,0.87548304,0.6863278,0.24674667,0.66814786,0.77424556,0.937857,0.92436475,0.7260525,0.2882647,0.69677496,0.8336464,0.9261561,0.7356498,0.27744383,0.7356611,0.84140444,0.83782667,0.31820747,0.8243957,0.94501203,0.32909912,0.920888,0.8944117,0.34736302,0.3318324,0.8770351
5,97,5,verbal,0.96650535,0.93604666,0.8865997,0.7131507,0.32387152,0.81997526,0.85120136,0.9442604,0.938134,0.78133637,0.3327782,0.87998116,0.91181,0.92162377,0.7410027,0.32004502,0.8436559,0.88925785,0.8409949,0.36469993,0.94262826,0.98166484,0.33444527,0.83796555,0.862785,0.30204168,0.38111958,0.9533004
5,97,6,verbal,0.9378882,0.9600727,0.86770916,0.81788605,0.22747871,0.8149738,0.8243347,0.9536787,0.93589973,0.8736467,0.24097936,0.878901,0.89576745,0.91056466,0.846858,0.2111132,0.8516891,0.8682459,0.95929503,0.26333496,0.9667284,0.9791954,0.24756972,0.9954998,0.9802798,0.23913644,0.22508234,0.9869502
5,97,7,verbal,0.9172939,0.9396372,0.8988448,0.85840243,0.27899966,0.863706,0.87425184,0.9013627,0.9673191,0.9186182,0.27411735,0.9319139,0.94846517,0.90119493,0.83008933,0.2764354,0.8579302,0.88895386,0.96219873,0.32564232,0.982058,0.9877965,0.3413515,0.9790478,0.9541213,0.33896515,0.3117594,0.9758311
5,97,8,verbal,0.9666211,0.96652025,0.8729865,0.83216476,0.40323827,0.8285442,0.82548773,0.9550907,0.92318314,0.8821812,0.4501247,0.8834971,0.88029265,0.9116436,0.8485176,0.42046463,0.8546904,0.86067843,0.9591622,0.5230517,0.9678669,0.97561836,0.54945976,0.9937525,0.97802603,0.54206914,0.53846806,0.978274
5,97,9,verbal,0.8946651,0.93592095,0.8414066,0.76480824,0.31111357,0.72993076,0.780077,0.8874073,0.8849167,0.81878114,0.33118156,0.7722278,0.8293023,0.9150673,0.8248988,0.35347393,0.8060628,0.85442483,0.9270152,0.39520696,0.9020906,0.96311045,0.3318445,0.97733164,0.9462182,0.3310758,0.39968863,0.91951066
5,97,10,verbal,0.922761,0.9334773,0.88579637,0.783406,0.5193314,0.8126965,0.8384518,0.95950437,0.9661931,0.8650016,0.5032034,0.9075213,0.9219638,0.94960326,0.8198342,0.536461,0.86412436,0.8997328,0.8861251,0.5143729,0.93723506,0.9518818,0.50038207,0.9627787,0.93201965,0.46310186,0.4728614,0.9732503
5,97,11,verbal,0.93850124,0.9749212,0.8708406,0.69772536,0.45972154,0.79728293,0.8342662,0.936848,0.90969974,0.73276615,0.45562845,0.8496202,0.8692003,0.9032669,0.7186659,0.46169615,0.8278578,0.8650199,0.8228807,0.44413564,0.9554158,0.9706023,0.45566893,0.85508484,0.80731803,0.42601824,0.43444893,0.9559963
5,97,12,verbal,0.93688536,0.9690968,0.8636578,0.7937437,0.37390128,0.77949494,0.8116027,0.9508802,0.894273,0.81963927,0.38282818,0.80986166,0.8410555,0.9257953,0.8481131,0.35526836,0.8377004,0.8668854,0.9415146,0.33612663,0.94684756,0.95169705,0.26762745,0.9907288,0.9723603,0.26364583,0.26053637,0.97977555
5,97,13,verbal,0.7911756,0.9449302,0.8718251,0.8007621,0.36563885,0.756237,0.7881607,0.8006651,0.7516525,0.69468236,0.39047742,0.6372845,0.6816428,0.94487065,0.8638722,0.39045435,0.8334948,0.86957014,0.9433582,0.387212,0.9290068,0.9537925,0.38395473,0.9755484,0.9721316,0.37529504,0.41225174,0.9771649
5,97,14,verbal,0.93674594,0.951477,0.8682406,0.78106713,0.47305712,0.78100044,0.8075023,0.933223,0.9072477,0.8065547,0.43623483,0.83077306,0.85096514,0.9085801,0.7919691,0.46452963,0.82687104,0.8426837,0.91382635,0.40021265,0.95164806,0.95981985,0.33840293,0.9137992,0.9619414,0.32466012,0.33529723,0.96317244
5,97,15,verbal,0.8258688,0.96651393,0.87424076,0.82156366,0.3122602,0.7980847,0.8283281,0.843022,0.8651671,0.8631939,0.10941512,0.86151606,0.8614835,0.92747635,0.8341657,0.27023643,0.8358524,0.8778522,0.9127159,0.2007434,0.9418963,0.9685461,0.1283113,0.9722053,0.93560344,0.092771254,0.15075909,0.97168416
5,98,1,verbal,0.93397355,0.93041795,0.8229389,0.66431695,0.26172453,0.723437,0.78856134,0.93293476,0.90381134,0.7680676,0.31152493,0.8141029,0.87223524,0.9113087,0.74102974,0.2904428,0.79257876,0.87249345,0.8855194,0.35911492,0.9270873,0.9757704,0.4246779,0.91618574,0.91116375,0.31632134,0.3531705,0.9509215
5,98,2,verbal,0.91757226,0.93852144,0.7865723,0.6708647,0.46415848,0.6096622,0.7172397,0.9220147,0.8845448,0.8037648,0.41971713,0.7502998,0.8169668,0.87649745,0.73880583,0.4383675,0.698399,0.81896496,0.91611385,0.3822434,0.89442056,0.960881,0.3627313,0.9837583,0.91306835,0.31027958,0.40555814,0.90330386
5,98,3,verbal,0.9424046,0.93824136,0.8194797,0.6878727,0.2772661,0.6789603,0.71181715,0.9268278,0.88819337,0.7889491,0.37203735,0.77884465,0.7955464,0.8948724,0.74584454,0.3173808,0.7552336,0.7917193,0.89791214,0.4141962,0.9038954,0.93360025,0.48192522,0.9739307,0.9295712,0.49762654,0.41005087,0.94422543
5,98,4,verbal,0.9347459,0.939227,0.816393,0.6684248,0.17309083,0.69214517,0.7363328,0.9299478,0.8937962,0.76451755,0.20486614,0.78842646,0.831527,0.8728863,0.7070159,0.19184534,0.7326798,0.79241014,0.869707,0.20993023,0.9043763,0.9527108,0.2872461,0.97209626,0.93088424,0.29859048,0.27903837,0.9658006
5,98,5,verbal,0.94249195,0.9025249,0.78523475,0.68729967,0.17092255,0.65753293,0.72614604,0.9330524,0.8685616,0.7764285,0.19179057,0.7536752,0.8127911,0.89661604,0.7973797,0.16261452,0.78361034,0.8443289,0.9285043,0.25184035,0.9257564,0.9598237,0.34186357,0.99177665,0.9675616,0.30822808,0.31519488,0.9635065
5,98,6,verbal,0.94894296,0.95329237,0.82580996,0.5844795,0.16349728,0.6200128,0.69548595,0.9431121,0.89625496,0.68132013,0.18973069,0.729112,0.7765546,0.8931991,0.65971,0.13398519,0.7045209,0.7698768,0.8065877,0.18599369,0.85975444,0.91813266,0.32274297,0.91351837,0.86385226,0.22597027,0.20621304,0.89506817
5,98,7,verbal,0.91942114,0.9444622,0.7963341,0.7165131,0.107859835,0.67851305,0.745608,0.9522439,0.90840864,0.82468915,0.15025567,0.7969873,0.8640039,0.8907846,0.8002695,0.120876,0.77271074,0.8451293,0.92414767,0.22136745,0.9154988,0.96451366,0.29303682,0.9899435,0.95144874,0.29084903,0.25199148,0.94835526
5,98,8,verbal,0.9010835,0.9353957,0.7817791,0.65109706,0.11884421,0.6343317,0.7481679,0.9512442,0.8984113,0.77830935,0.15539256,0.7692976,0.8722671,0.8682447,0.71880114,0.17041741,0.7243973,0.83441854,0.907975,0.21443857,0.9198837,0.9715183,0.27372634,0.9834228,0.93620956,0.25979272,0.22908255,0.9398246
5,98,9,verbal,0.9589585,0.92984295,0.809405,0.6822512,0.45412445,0.6400111,0.7122123,0.9482166,0.85831994,0.7344262,0.46388033,0.6971558,0.76559675,0.89010996,0.7381029,0.43392506,0.7090342,0.7894237,0.90758765,0.38843533,0.89724314,0.94587266,0.3073045,0.98815554,0.95638824,0.28520653,0.3386219,0.95616347
5,98,10,verbal,0.9143607,0.9285829,0.7701965,0.62073636,0.631974,0.5990306,0.67409104,0.94443005,0.8894148,0.74465185,0.63671666,0.7293988,0.8023585,0.86547107,0.7081351,0.5948562,0.6932721,0.77243054,0.8839799,0.5185933,0.8766186,0.94035006,0.3266787,0.99311876,0.9622834,0.31737,0.40202215,0.9622442
5,98,11,verbal,0.93739027,0.9288645,0.78623027,0.67210823,0.035509,0.61397916,0.68834865,0.94640005,0.86797166,0.788099,0.07344878,0.74186075,0.80053735,0.8875556,0.76621485,0.058004797,0.72226524,0.8028875,0.89432913,0.17702572,0.87752503,0.9403052,0.27377358,0.98230165,0.9556186,0.28703234,0.2351064,0.9562119
5,98,12,verbal,0.93554074,0.9712615,0.83406883,0.6697766,0.45865968,0.6299271,0.75093037,0.9512687,0.8963542,0.7640115,0.4130959,0.72963655,0.8251366,0.88858724,0.7234651,0.439231,0.6965419,0.8151367,0.8752812,0.40101135,0.871563,0.9570176,0.30789074,0.97657907,0.9211496,0.31235445,0.3754238,0.9277784
5,98,13,verbal,0.9220825,0.93404406,0.77938604,0.66587436,0.07650992,0.6134441,0.71990246,0.92357916,0.8521793,0.72781634,0.035564832,0.68354434,0.78418064,0.8645607,0.71816,0.05951235,0.6852596,0.81255305,0.8984168,0.037455227,0.87848306,0.9573184,0.11262063,0.9725823,0.9153486,0.035608087,0.038458027,0.9099279
5,98,14,verbal,0.88121855,0.95594585,0.7703024,0.66255224,0.40351063,0.61091566,0.7101577,0.8844636,0.825079,0.7315586,0.39556745,0.6886319,0.77776515,0.84711546,0.74596465,0.40267524,0.70497274,0.7936743,0.92200494,0.3380182,0.9015671,0.9669784,0.25824237,0.98999083,0.9754639,0.23011397,0.29925779,0.9650619
5,98,15,verbal,0.9656369,0.93937725,0.8052929,0.75260276,0.25476378,0.7100452,0.7435257,0.961887,0.86997205,0.82057995,0.25929335,0.7838953,0.81161624,0.8862856,0.80388635,0.27302545,0.77020067,0.8158829,0.94547844,0.30041197,0.9295631,0.9646691,0.25877938,0.99323666,0.983809,0.26851514,0.27289492,0.9803039
5,99,1,verbal,0.9036307,0.9586771,0.8274342,0.7437251,0.3685335,0.68258256,0.7636829,0.93561304,0.89140034,0.7978511,0.26272297,0.7600813,0.8305704,0.9052382,0.8064484,0.32554904,0.75754845,0.8380818,0.9293377,0.21124998,0.911124,0.96433496,0.16121681,0.9831486,0.9702388,0.108823664,0.14272012,0.96509343
5,99,2,verbal,0.9521328,0.9420648,0.88868314,0.8688873,0.4611839,0.82932276,0.8599386,0.9514639,0.91632164,0.8924985,0.47229367,0.85480285,0.89096403,0.9403252,0.9067412,0.45565143,0.8730339,0.9139851,0.98041785,0.3683188,0.9711192,0.9892183,0.29964775,0.9924845,0.9881968,0.26965165,0.3319313,0.9836769
5,99,3,verbal,0.93599737,0.9407753,0.8639428,0.8462689,0.09536847,0.7892353,0.81451607,0.9528063,0.9520675,0.92257804,0.20015167,0.8916536,0.9188422,0.9204574,0.8743249,0.14507294,0.8372148,0.8820828,0.96170014,0.2076943,0.9551866,0.9764564,0.22560555,0.97877777,0.970564,0.2293465,0.2280629,0.975191
5,99,4,verbal,0.8959196,0.9155637,0.8379106,0.7784296,0.1862786,0.74046516,0.76013243,0.9410034,0.91225857,0.8480561,0.22820106,0.8239917,0.85294044,0.9193755,0.84686214,0.15640533,0.82501715,0.8583329,0.958674,0.17393814,0.9525818,0.97037774,0.175942,0.98442435,0.95937073,0.18250635,0.19796334,0.97306466
5,99,5,verbal,0.9349194,0.93806916,0.8696644,0.8183936,0.25191507,0.7505813,0.8413017,0.9469007,0.93660283,0.86157364,0.24025628,0.82277113,0.90661025,0.9401716,0.8595553,0.2589973,0.823402,0.90475297,0.91329277,0.26430577,0.90310127,0.96463907,0.24798113,0.8624625,0.93702674,0.2868998,0.2639284,0.91695184
5,99,6,verbal,0.94013685,0.94629866,0.880094,0.81144303,0.35615045,0.7692904,0.8296637,0.94136316,0.9198645,0.833304,0.37605375,0.82349354,0.8648587,0.93969125,0.8703061,0.32522827,0.835735,0.89768034,0.93658984,0.3291369,0.93635184,0.95919293,0.2845101,0.961753,0.9728049,0.25132206,0.28001812,0.9685284
5,99,7,verbal,0.87345517,0.9544287,0.8594202,0.7849546,0.13776533,0.729025,0.79552984,0.91261977,0.8890679,0.7873628,0.08433798,0.8139668,0.83968204,0.9283369,0.8224228,0.17099085,0.80464315,0.8690797,0.9090337,0.14260978,0.9168286,0.9574146,0.14613533,0.91325957,0.93280417,0.101433456,0.17080666,0.94816333
5,99,8,verbal,0.9565259,0.9460549,0.89080375,0.8357523,0.20271076,0.83816516,0.8210486,0.9510495,0.9479279,0.893301,0.20394616,0.894851,0.89779425,0.9210101,0.85163105,0.19894126,0.8501789,0.8521931,0.9642431,0.23325777,0.9653194,0.96898913,0.24820507,0.9941658,0.9861724,0.23970903,0.24536316,0.9843544
5,99,9,verbal,0.94272923,0.94334584,0.8799187,0.801893,0.4491903,0.7737547,0.80471784,0.96604335,0.9418317,0.8548541,0.4282776,0.8333842,0.8822794,0.93694836,0.84720814,0.4331163,0.8237468,0.8782633,0.93969643,0.35489118,0.92775196,0.9631083,0.23562625,0.9932173,0.9469357,0.20038858,0.3312824,0.94698054
5,99,10,verbal,0.91954726,0.94514924,0.88413554,0.8478406,0.41615194,0.7976582,0.8241544,0.9525205,0.9285279,0.90064234,0.35901284,0.86531216,0.8863635,0.93363017,0.87879616,0.36644,0.83050305,0.8676809,0.9471041,0.35814527,0.9279464,0.95298105,0.29920757,0.923072,0.94699025,0.29439566,0.3070464,0.9634934
5,99,11,verbal,0.9083861,0.91779894,0.85487753,0.7944746,0.36015683,0.7536633,0.7588905,0.94431734,0.9364221,0.88459516,0.337601,0.8560769,0.86438364,0.9521511,0.89260346,0.3392497,0.87397283,0.8733496,0.96366954,0.3194874,0.9531281,0.9485555,0.29959118,0.99077827,0.9760568,0.27052087,0.2911423,0.98185915
5,99,12,verbal,0.95810515,0.96196425,0.9191082,0.87959164,0.26807347,0.8528903,0.8920366,0.94751465,0.934601,0.89497894,0.25636718,0.87016577,0.92208624,0.9496233,0.8836688,0.28408667,0.87719524,0.9178611,0.9526701,0.24094577,0.95611125,0.9729172,0.2208547,0.9563511,0.9473591,0.16274725,0.1833948,0.9500991
5,99,13,verbal,0.9546606,0.96674824,0.8756234,0.82907486,0.1644011,0.82260334,0.8114107,0.96485555,0.9262192,0.884073,0.18909836,0.88317984,0.8729311,0.9107095,0.85474956,0.21584976,0.8524464,0.8546639,0.9620288,0.29953486,0.9637026,0.9644826,0.33295253,0.99310386,0.9721444,0.3277204,0.32046282,0.9738452
5,99,14,verbal,0.9124323,0.92550087,0.8354503,0.7824157,0.22222403,0.7257637,0.79517466,0.9109206,0.8955447,0.83144325,0.22322425,0.8030966,0.865706,0.92434424,0.83848935,0.18452904,0.8193744,0.8839234,0.9357573,0.20447472,0.92911685,0.9833611,0.24420765,0.93396455,0.94767654,0.20736624,0.23944905,0.9433132
5,99,15,verbal,0.9545221,0.93046045,0.832013,0.76502544,0.49472973,0.73554647,0.76172125,0.9452849,0.90290254,0.8423171,0.5259495,0.8181604,0.8445842,0.8891826,0.7983932,0.5214536,0.7864751,0.81754184,0.93865526,0.5104805,0.93805325,0.95764595,0.4703238,0.99013644,0.96735656,0.47052056,0.51063067,0.97674745
5,100,1,verbal,0.946555,0.9589989,0.8394172,0.71729887,0.19351599,0.7036273,0.7523719,0.9665724,0.9294099,0.82106185,0.16392027,0.8138518,0.852521,0.91029173,0.7896298,0.18669152,0.7899421,0.8317617,0.9223919,0.19709457,0.93689376,0.94569147,0.1605391,0.9817647,0.91426116,0.18964821,0.23534101,0.9297225
5,100,2,verbal,0.92567205,0.9463986,0.7846337,0.6367379,0.2538046,0.58113235,0.697499,0.9556207,0.89072967,0.7499505,0.1946662,0.7075914,0.8194306,0.8542944,0.67324054,0.245487,0.65931255,0.7668651,0.85649693,0.22578244,0.8693225,0.947325,0.24104829,0.8781156,0.89472145,0.18004721,0.20739111,0.90294915
5,100,3,verbal,0.910082,0.92777747,0.8238107,0.7037603,0.33863133,0.65955555,0.727202,0.91961175,0.8729364,0.7829415,0.31629246,0.7393092,0.8022245,0.92563415,0.796256,0.34673974,0.7708426,0.83674115,0.91293645,0.26103804,0.90832967,0.9418697,0.20992818,0.978329,0.9547041,0.17948814,0.24192153,0.94878435
5,100,4,verbal,0.9390394,0.9340638,0.80721086,0.66830236,0.3193689,0.6738207,0.69889057,0.94421834,0.88810503,0.7630124,0.3244015,0.74165744,0.78628695,0.9001269,0.7591022,0.3407929,0.76825005,0.7996973,0.8883353,0.2586498,0.8858412,0.9111061,0.2534102,0.92305464,0.9088556,0.13469449,0.2285647,0.9306706
5,100,5,verbal,0.9188519,0.91572165,0.7723339,0.6333689,0.041415717,0.57201296,0.634555,0.9052776,0.844903,0.76915336,0.030083917,0.70199317,0.73178536,0.88404626,0.72865087,0.03856096,0.6946539,0.7610854,0.883661,0.09969648,0.87478286,0.91564465,0.16378061,0.96940005,0.9008484,0.16575235,0.12585784,0.93452364
5,100,6,verbal,0.93182075,0.95097834,0.7909723,0.66322196,0.34188488,0.61035955,0.73409677,0.9258376,0.8407058,0.7479729,0.30571008,0.69813,0.79940903,0.8779424,0.74768585,0.38218033,0.70330924,0.8259224,0.8872001,0.41624233,0.8757725,0.9716219,0.34401917,0.97044796,0.92311585,0.37531814,0.39669928,0.9159323
5,100,7,verbal,0.9548409,0.9436556,0.82622296,0.7299824,0.23544562,0.61471677,0.69373757,0.9533664,0.89777166,0.79755044,0.30778265,0.7004672,0.781832,0.90357774,0.7840285,0.25566876,0.70473397,0.78841746,0.89995325,0.29776648,0.86337346,0.9158732,0.2938839,0.9103175,0.9316172,0.26322892,0.3070997,0.9379818
5,100,8,verbal,0.95393175,0.9582872,0.81981903,0.70343465,0.3935844,0.6962338,0.7243653,0.9625117,0.88499,0.7530345,0.44800612,0.75630647,0.7875064,0.8783246,0.734335,0.43110862,0.74202025,0.7760342,0.8937938,0.41884246,0.9156627,0.9347774,0.3125553,0.9845078,0.92889005,0.34373042,0.38995913,0.9437866
5,100,9,verbal,0.8911516,0.93315935,0.78378963,0.711155,0.30119213,0.6577077,0.6343526,0.9251851,0.90551233,0.8539968,0.3368605,0.8188177,0.7894539,0.8712286,0.7718669,0.2827576,0.73419285,0.73029083,0.9314202,0.30848327,0.9197309,0.8888503,0.32997498,0.95131606,0.8653132,0.3288559,0.34109715,0.87077105
5,100,10,verbal,0.931573,0.93733186,0.8294573,0.74626607,0.27107957,0.68032765,0.7304414,0.96210384,0.9282009,0.85073996,0.3430703,0.8017042,0.8413183,0.9197234,0.8203935,0.32881218,0.77606213,0.8169657,0.91544855,0.33021468,0.89730906,0.9141853,0.26436618,0.9797958,0.9342801,0.29230997,0.29338598,0.9312234
5,100,11,verbal,0.89995867,0.91190434,0.77125555,0.6724467,0.108046375,0.64296377,0.7130338,0.90482575,0.88293517,0.79653275,0.10311939,0.765736,0.8005162,0.8690659,0.7525937,0.08598148,0.70738274,0.7831539,0.93269783,0.13966545,0.9031298,0.849302,0.19613782,0.9397967,0.7769898,0.1532218,0.12910551,0.7303511
5,100,12,verbal,0.92631793,0.9341624,0.8006464,0.68703926,0.056680687,0.6381367,0.7429937,0.93070716,0.8917999,0.7895153,0.027655283,0.7530172,0.84240764,0.877978,0.7434323,0.026337663,0.7110732,0.83009994,0.9093519,0.07454682,0.8995741,0.96312445,0.20739356,0.97113734,0.9331574,0.1938636,0.10608573,0.93108505
5,100,13,verbal,0.9040223,0.9489517,0.8220634,0.7185653,0.5587424,0.60389894,0.74644226,0.93793523,0.9119962,0.83382004,0.4809494,0.74195945,0.8585844,0.90253896,0.78420436,0.5221554,0.68717057,0.83030325,0.8837585,0.4870578,0.8623375,0.96038145,0.33613464,0.8943562,0.8876106,0.332691,0.43998575,0.8832208
5,100,14,verbal,0.9337475,0.93398994,0.7941484,0.7357251,0.23650007,0.6836468,0.7375777,0.92626077,0.86659575,0.79681873,0.24954756,0.7757288,0.8002079,0.86775154,0.7680507,0.192384,0.7341786,0.813361,0.9056313,0.26443836,0.9130955,0.9520943,0.38270563,0.9562417,0.8835284,0.33698714,0.22561242,0.9096511
5,100,15,verbal,0.90111154,0.9426491,0.76152796,0.6533071,0.236627,0.5529764,0.65245014,0.96077377,0.8909998,0.79866564,0.39336047,0.7129958,0.7871523,0.86295897,0.7411099,0.2977064,0.6576942,0.75389713,0.913503,0.45845947,0.85837555,0.9168424,0.5608236,0.95590514,0.9352152,0.6072619,0.52019536,0.92829466
6,101,1,visual,0.8859214,0.904128,0.85455537,0.8531443,0.45730582,0.8366634,0.7520467,0.96567035,0.9645413,0.977986,0.58979785,0.9241779,0.91179156,0.9312957,0.9569814,0.55984956,0.92410994,0.8520869,0.95806235,0.62052965,0.91396075,0.91973525,0.63179106,0.941065,0.8978688,0.6114352,0.58876866,0.88323003
6,101,2,visual,0.8488635,0.8939073,0.8405243,0.8262887,0.37642327,0.82936996,0.79721385,0.95390993,0.9676018,0.98135674,0.40161875,0.9556582,0.9279984,0.93547076,0.93438685,0.39251333,0.94378424,0.899369,0.9652828,0.38000163,0.9304029,0.92832196,0.36773217,0.9479863,0.93865055,0.40526718,0.36531514,0.88619596
6,101,3,visual,0.65576315,0.73972285,0.592531,0.5842099,0.29598647,0.5977856,0.7074322,0.9407391,0.9347577,0.94793105,0.40109485,0.9501606,0.96239823,0.88342124,0.90616614,0.4365673,0.9170092,0.95305586,0.93178344,0.3793947,0.9290629,0.8884583,0.39267007,0.9663399,0.915935,0.38047114,0.40480223,0.93089974
6,101,4,visual,0.783256,0.8590612,0.80947435,0.7769322,0.49869257,0.85120064,0.89959574,0.93542194,0.9619062,0.8871981,0.50624657,0.91458255,0.8579204,0.94657767,0.8447859,0.5039984,0.8890817,0.8610384,0.9110705,0.48513857,0.90731454,0.88124925,0.50914365,0.93223965,0.8666306,0.50179577,0.4683734,0.9115433
6,101,5,visual,0.69771534,0.7950597,0.76322794,0.81770355,0.60312384,0.7763589,0.88093543,0.92073256,0.95178926,0.8363194,0.63092744,0.86978346,0.80407184,0.93624073,0.82033247,0.6141171,0.8331079,0.80507517,0.86113054,0.63027203,0.8905766,0.84755945,0.6966718,0.94755924,0.9083162,0.6317168,0.62754506,0.8958051
6,101,6,visual,0.75206226,0.8475227,0.7786358,0.77581346,0.40744317,0.80871564,0.8951231,0.90995866,0.9791239,0.94102204,0.44471824,0.9142977,0.8906495,0.91052675,0.8709935,0.38506714,0.8860982,0.8847163,0.9517501,0.48026282,0.9151644,0.917538,0.46351653,0.9527495,0.9245091,0.47768888,0.47908038,0.923367
6,101,7,visual,0.6550341,0.80282056,0.67912173,0.71339,0.35189235,0.744139,0.78134733,0.91085625,0.9797415,0.91668886,0.48599458,0.9013312,0.8747053,0.91804886,0.87616867,0.4427266,0.8754258,0.86369246,0.93464494,0.46811584,0.9082502,0.89710563,0.47688243,0.96845603,0.93908167,0.50862813,0.45509678,0.9359608
6,101,8,visual,0.8454067,0.94454545,0.86206734,0.9253748,0.8458757,0.87935936,0.96798795,0.95400536,0.9967049,0.96491253,0.8080947,0.97643006,0.9111086,0.9600841,0.9693829,0.8405901,0.949791,0.96099985,0.9731506,0.8158778,0.97695583,0.92604,0.8632511,0.98037237,0.97635555,0.8454247,0.8563859,0.9370409
6,101,9,visual,0.8059375,0.8589914,0.8177613,0.7970329,0.17929725,0.70682925,0.8197196,0.9455788,0.95932674,0.95466405,0.30000484,0.9336457,0.9737167,0.9365645,0.9245484,0.28267142,0.89311147,0.9521017,0.9492719,0.25871602,0.9110276,0.9579096,0.3048361,0.9186015,0.9633075,0.32789367,0.28982213,0.935054
6,101,10,visual,0.8932479,0.91632867,0.8691411,0.7915385,0.39193606,0.8655002,0.82714033,0.9665201,0.97957426,0.9204113,0.36727053,0.9437106,0.9587241,0.9455049,0.8793476,0.39266628,0.9282448,0.91515154,0.927517,0.34799996,0.9241245,0.96357566,0.35144308,0.8837003,0.9407846,0.36865193,0.3403084,0.91839576
6,101,11,visual,0.9729278,0.97711945,0.9645626,0.9594677,0.47704327,0.93564713,0.9175269,0.98079455,0.9827241,0.97754556,0.4787641,0.967246,0.965412,0.9743559,0.95856285,0.49327165,0.9526663,0.9323365,0.9777137,0.46746546,0.95366156,0.9613739,0.4827437,0.94062054,0.9517245,0.4763235,0.47073188,0.958032
6,101,12,visual,0.88178426,0.9110488,0.870928,0.869774,0.5527836,0.8588879,0.8498773,0.95585,0.9724895,0.97704583,0.6556492,0.9432991,0.936462,0.9422723,0.9540505,0.6149411,0.9310186,0.90161526,0.953089,0.64399505,0.9052551,0.89465195,0.6930662,0.95274997,0.9110773,0.6509647,0.6136799,0.9159208
6,101,13,visual,0.7196197,0.78496224,0.73939985,0.6666001,0.2858261,0.6264304,0.7612486,0.94035256,0.97050214,0.94724154,0.40950847,0.91554147,0.9325057,0.92805624,0.904218,0.37956494,0.8238738,0.93513614,0.96015817,0.42904684,0.90357274,0.94984066,0.46848106,0.93191165,0.94758725,0.41750008,0.45791483,0.8946097
6,101,14,visual,0.9419722,0.948203,0.93400246,0.9322175,0.2345374,0.90566856,0.936552,0.98673576,0.9844966,0.9723233,0.20204957,0.9444463,0.9872035,0.9681919,0.9695519,0.23391375,0.9323691,0.9750276,0.958715,0.16935076,0.93313265,0.9804651,0.22235647,0.9451246,0.9766871,0.17359537,0.19874485,0.9510917
6,101,15,visual,0.8530993,0.8620366,0.86897284,0.80032104,0.19621232,0.6984362,0.8550644,0.96953994,0.95325327,0.9452108,0.28395292,0.86741984,0.9558836,0.9307664,0.9149115,0.30104706,0.8500852,0.93224096,0.94802856,0.22737072,0.8502095,0.97873586,0.23638752,0.90766364,0.9531356,0.23838632,0.22715968,0.8679032
6,102,1,visual,0.8163068,0.8633418,0.84995246,0.8118654,0.31047645,0.7544831,0.79842514,0.9627425,0.9657964,0.9238886,0.37558317,0.8719475,0.9498639,0.9652059,0.8998459,0.34950665,0.8311431,0.90215313,0.93195695,0.3400042,0.8376484,0.9227763,0.40579653,0.9095788,0.9527364,0.42358485,0.36669356,0.91761017
6,102,2,visual,0.80672497,0.8565761,0.77218425,0.76537603,0.38837135,0.7173161,0.70439136,0.94736356,0.94707304,0.93571556,0.45590433,0.8813834,0.8992631,0.94206303,0.91276395,0.45300287,0.8254749,0.8542014,0.9552661,0.48242062,0.85735947,0.9229334,0.4864978,0.91491085,0.9336964,0.47052503,0.47127634,0.87780905
6,102,3,visual,0.88167137,0.9187249,0.8728126,0.8521042,0.33453095,0.8284159,0.84817034,0.95062983,0.9788893,0.9721882,0.35262808,0.9056216,0.9719677,0.93689775,0.92949724,0.32192895,0.86739707,0.90145254,0.95867103,0.34498385,0.88151115,0.97413766,0.3512948,0.9223105,0.96252686,0.37515014,0.37553865,0.90513927
6,102,4,visual,0.8851011,0.90366966,0.8129693,0.8438355,0.35258824,0.80730814,0.81766546,0.96682954,0.957356,0.97542834,0.27221093,0.9113166,0.93737245,0.9057538,0.93901235,0.29621577,0.88871384,0.87183654,0.97702324,0.24106348,0.87280387,0.93057185,0.2539649,0.898132,0.9225981,0.18157962,0.30325836,0.85245615
6,102,5,visual,0.85301936,0.88165057,0.82539,0.8065311,0.088325985,0.76463854,0.7828403,0.97571903,0.9623704,0.9565433,0.185961,0.9083661,0.95415676,0.9307064,0.9273669,0.1972224,0.9007819,0.9245183,0.96941435,0.18823497,0.88361603,0.9311103,0.24198358,0.9203592,0.9274038,0.19126342,0.19955255,0.8966737
6,102,6,visual,0.855047,0.86888576,0.82549125,0.79888964,0.30418676,0.75408405,0.7870322,0.97223496,0.9738909,0.9709185,0.37464628,0.92395407,0.9638102,0.9623281,0.9567083,0.35850632,0.90071553,0.92826474,0.9793885,0.36713868,0.9041112,0.9566625,0.3538562,0.93461704,0.9631143,0.38013065,0.3332828,0.9386516
6,102,7,visual,0.87976164,0.9067969,0.8457671,0.84400046,0.23888193,0.7901419,0.8374847,0.9808505,0.98327094,0.98253196,0.15174745,0.9122275,0.97674996,0.9576551,0.9594861,0.20831509,0.9257185,0.9547519,0.9923151,0.14781815,0.9088706,0.97925425,0.154815,0.9191635,0.9788525,0.20455876,0.1895078,0.9265233
6,102,8,visual,0.87183565,0.88182837,0.85152906,0.8450764,0.36393112,0.78426725,0.8549696,0.98323095,0.9615269,0.97052234,0.3079762,0.91671044,0.9748053,0.9535252,0.95045745,0.33641472,0.8982163,0.9504182,0.9736502,0.28879073,0.8993087,0.9586299,0.31659168,0.9214996,0.96592295,0.3072041,0.30130458,0.92490387
6,102,9,visual,0.8801833,0.9120059,0.8342529,0.8306236,0.46098605,0.75183237,0.79318136,0.97337395,0.9601474,0.9600215,0.378167,0.8902985,0.94955444,0.92417485,0.9211764,0.39547363,0.8609896,0.9024388,0.9440074,0.38138077,0.863145,0.92093533,0.39472756,0.9202589,0.9349406,0.28912395,0.30074528,0.9187618
6,102,10,visual,0.8834051,0.8652066,0.87272805,0.8468137,0.23961069,0.8101076,0.7343872,0.98353326,0.9747735,0.9840639,0.2974798,0.93665576,0.8847371,0.94236696,0.9688796,0.30613777,0.93578094,0.8308749,0.97561,0.26914385,0.9214981,0.9121696,0.28754982,0.9543829,0.9035708,0.32486555,0.20715857,0.85589725
6,102,11,visual,0.9465521,0.9642579,0.90971506,0.8862002,0.24022709,0.8071415,0.8610831,0.98077726,0.9648385,0.96398026,0.3062975,0.8772167,0.9399717,0.9542748,0.943113,0.2949644,0.86834055,0.9234367,0.96553147,0.32946062,0.8588668,0.9526113,0.37957966,0.9075915,0.9640123,0.31023243,0.34906527,0.89108664
6,102,12,visual,0.88233274,0.91149026,0.85700333,0.8298553,0.35953307,0.78387505,0.8240106,0.9707235,0.9733322,0.9674329,0.3543001,0.8948608,0.9693997,0.9496449,0.92735475,0.35828403,0.88513565,0.92916626,0.9609707,0.35276407,0.88934654,0.96547663,0.3742985,0.90400463,0.9692572,0.26392642,0.39203787,0.8995693
6,102,13,visual,0.88209325,0.90866935,0.87290025,0.83897454,0.4004481,0.7672337,0.8145804,0.98352957,0.9774537,0.97265315,0.30224028,0.9158883,0.9715662,0.96937734,0.950286,0.31268117,0.9052909,0.9430194,0.96663934,0.32210404,0.9053159,0.9548899,0.3230394,0.93750715,0.9683328,0.26869914,0.27445903,0.9240153
6,102,14,visual,0.8535823,0.8857532,0.84822035,0.85363716,0.3218292,0.78412855,0.83391833,0.9718668,0.97983444,0.97767085,0.18606815,0.929742,0.9666678,0.9549204,0.9472495,0.20858279,0.89196664,0.93087643,0.96304846,0.16645664,0.90682405,0.96585584,0.22317094,0.93581086,0.9717259,0.19131693,0.23348066,0.9269861
6,102,15,visual,0.9477559,0.93917316,0.91823447,0.9151473,0.38035634,0.86246395,0.9101719,0.97647613,0.9836791,0.98220694,0.4022367,0.9295913,0.9836688,0.9648851,0.9588885,0.36191425,0.9203256,0.9648547,0.9791794,0.4274953,0.9222143,0.9733345,0.4129508,0.935335,0.98094964,0.33505094,0.36217254,0.9463193
6,103,1,visual,0.9499254,0.9557763,0.95683706,0.9499443,0.4790547,0.88443863,0.9181264,0.9891671,0.9819048,0.9825076,0.48563474,0.92780894,0.98171276,0.97728145,0.97800934,0.48724505,0.9332614,0.9753774,0.97322947,0.4744511,0.9232055,0.96215403,0.48227003,0.9449726,0.9731174,0.42139488,0.46125698,0.9268764
6,103,2,visual,0.8950694,0.9198702,0.8800843,0.9005797,0.20617884,0.84092224,0.8036023,0.9630174,0.953199,0.97090656,0.2683885,0.89900434,0.9267753,0.9563264,0.9418907,0.24134865,0.87877077,0.87701386,0.9361136,0.2426828,0.8640313,0.88939303,0.29452613,0.9103845,0.89706635,0.17652653,0.19472677,0.8818842
6,103,3,visual,0.7644412,0.8267685,0.7654612,0.7654234,0.36652544,0.72699475,0.6726268,0.94965506,0.95487046,0.939497,0.40069312,0.8893512,0.89978606,0.900666,0.8772077,0.41781175,0.8822561,0.8470082,0.9342049,0.36964867,0.85815465,0.8893198,0.37805685,0.8705788,0.84805226,0.4091809,0.3576864,0.81833017
6,103,4,visual,0.90938944,0.928435,0.8930825,0.90196335,0.4717009,0.83493143,0.8851001,0.98111916,0.96825606,0.987604,0.4786963,0.91726327,0.9801274,0.95160586,0.9686733,0.45917973,0.9206561,0.9632642,0.9661499,0.4414733,0.8869219,0.9737982,0.49313462,0.9300029,0.96609056,0.42482924,0.4419507,0.90858454
6,103,5,visual,0.9676099,0.9706672,0.9518287,0.9234655,0.43511128,0.9070999,0.93663096,0.99300647,0.985445,0.97059435,0.45181355,0.94411546,0.9866638,0.97796553,0.9607247,0.4343802,0.9436296,0.97580445,0.9738493,0.42341748,0.9317871,0.97992235,0.41436052,0.9468803,0.9786811,0.4493554,0.46066853,0.9562962
6,103,6,visual,0.94563335,0.94794136,0.93568015,0.9330403,0.56100243,0.88716435,0.9194297,0.98945063,0.97984093,0.9899005,0.57278836,0.95440537,0.9789987,0.9667004,0.97361255,0.6021934,0.9529979,0.95953363,0.9841398,0.5798563,0.93929905,0.976638,0.56460154,0.95951587,0.9835283,0.56440836,0.58766294,0.952224
6,103,7,visual,0.97608405,0.96883523,0.96455765,0.9427744,0.23780939,0.9135967,0.94157064,0.98180187,0.9852981,0.97416455,0.26203045,0.92544186,0.97656465,0.9789393,0.9539892,0.2389915,0.91719466,0.9535009,0.97361934,0.24268878,0.92742556,0.97380906,0.28650033,0.93926036,0.97135067,0.2820194,0.25958234,0.93196034
6,103,8,visual,0.93924826,0.9407829,0.947971,0.9408768,0.5914109,0.8855555,0.9132917,0.9768399,0.970384,0.9670654,0.5090673,0.94077945,0.96924114,0.95813274,0.95503926,0.5440598,0.9323999,0.94189143,0.94744647,0.532399,0.90869963,0.93525594,0.5202242,0.9502694,0.95770484,0.5025748,0.49905333,0.92652863
6,103,9,visual,0.7635627,0.8212489,0.76025,0.7756557,0.3314545,0.7569116,0.77204055,0.95241386,0.968067,0.97143,0.4652623,0.939815,0.9484926,0.94338757,0.941204,0.45515725,0.90673137,0.9019485,0.9510118,0.49700147,0.90695983,0.9164583,0.4863391,0.95191664,0.93501306,0.40783212,0.4398728,0.9186067
6,103,10,visual,0.685796,0.80423546,0.7567308,0.7524463,0.43058264,0.7300076,0.8531552,0.89024556,0.9397338,0.90965277,0.5493596,0.865826,0.81461304,0.9254411,0.87368304,0.5029291,0.79749274,0.79942393,0.9310214,0.5383078,0.83190125,0.8588595,0.6025951,0.8863047,0.87911665,0.61895597,0.5451236,0.8187858
6,103,11,visual,0.76017535,0.8245514,0.7654756,0.7334782,0.43772295,0.70992684,0.8416752,0.9583031,0.9545372,0.96292514,0.4012287,0.9369981,0.91161865,0.943315,0.9120299,0.39628893,0.89003116,0.92436075,0.946611,0.43085912,0.89325434,0.9326155,0.40307137,0.9470661,0.91573286,0.40384597,0.4208582,0.9023689
6,103,12,visual,0.81427354,0.8642822,0.8211517,0.7951126,0.4892523,0.7992739,0.86362547,0.96557635,0.9696726,0.97278965,0.42151722,0.94031936,0.959217,0.9589163,0.94536245,0.4361101,0.9278208,0.94296205,0.9652071,0.44416392,0.91657734,0.9511827,0.418589,0.9628467,0.9566461,0.4130128,0.44083294,0.9421823
6,103,13,visual,0.826682,0.8452776,0.82657707,0.79717904,0.50895,0.79910356,0.88307625,0.9551757,0.984455,0.9711007,0.5622383,0.88617563,0.9271788,0.95548385,0.91347414,0.54215324,0.8800157,0.90949374,0.9658733,0.5397013,0.8767745,0.93289894,0.5526865,0.88574034,0.90979123,0.568389,0.5801215,0.8854206
6,103,14,visual,0.8687384,0.9353234,0.91165286,0.87454224,0.77649057,0.8393891,0.92944777,0.9411658,0.98301196,0.9287955,0.7879759,0.88211715,0.8915691,0.95544595,0.8887804,0.7502281,0.8515467,0.8749876,0.933711,0.7827595,0.88716614,0.92716515,0.8560748,0.94734526,0.930572,0.85377103,0.8014449,0.8962289
6,103,15,visual,0.7235708,0.7680429,0.74959296,0.732574,0.64458776,0.7754231,0.80277234,0.9296374,0.94247305,0.94025165,0.8156934,0.8046259,0.8572581,0.87172383,0.86457306,0.6979341,0.77806705,0.7945753,0.9492708,0.83465934,0.8466908,0.885612,0.85590196,0.86387444,0.90744925,0.7497744,0.84174013,0.8659409
6,104,1,visual,0.724378,0.7995696,0.771168,0.7241979,0.6862913,0.77777,0.8462965,0.94605017,0.9396309,0.90196383,0.78292185,0.8142206,0.84056455,0.9377502,0.87846476,0.77234495,0.83437,0.8688707,0.90641654,0.81942916,0.8240217,0.87398183,0.8363108,0.8778661,0.8739364,0.8130107,0.8570224,0.8943384
6,104,2,visual,0.70540893,0.79979837,0.76401395,0.7027996,0.48187774,0.7161394,0.8177096,0.9435398,0.9401598,0.9267798,0.6552076,0.89958775,0.8517661,0.9153372,0.8573677,0.629051,0.87559146,0.89078355,0.9199257,0.6026196,0.86322117,0.8854245,0.6362048,0.90750015,0.8799106,0.63799137,0.58885956,0.90996647
6,104,3,visual,0.756451,0.80476594,0.74998385,0.7318936,0.6633832,0.73698175,0.7698655,0.96586394,0.9682628,0.9624066,0.7628041,0.9195369,0.95204914,0.9619979,0.92877257,0.7651576,0.8905599,0.9248641,0.96278936,0.7718102,0.9014913,0.9544575,0.77574086,0.9382014,0.95690966,0.758154,0.77372855,0.9418412
6,104,4,visual,0.91119945,0.9158936,0.9083378,0.8734698,0.5093169,0.8567463,0.89407,0.98608303,0.9770969,0.973694,0.52634454,0.9537801,0.97347856,0.96575373,0.95457166,0.49447176,0.9265237,0.9536624,0.9710961,0.5742545,0.9520937,0.9795074,0.55193406,0.95509464,0.95861685,0.56729007,0.5861737,0.9627656
6,104,5,visual,0.93589264,0.94237643,0.9409654,0.9313189,0.3986991,0.902428,0.926091,0.9861606,0.97816443,0.98196137,0.48225084,0.9452904,0.96689224,0.9823008,0.97215366,0.46562466,0.94217944,0.9685106,0.97552425,0.4592513,0.9449942,0.9699114,0.47434717,0.94276196,0.95475525,0.54363066,0.52246255,0.95061165
6,104,6,visual,0.9580565,0.9617314,0.940956,0.90331644,0.67787063,0.93315405,0.9316177,0.9885814,0.97864604,0.9589974,0.73091096,0.96114385,0.96552235,0.9632201,0.951126,0.7195334,0.96694636,0.95657456,0.9519508,0.74096316,0.9555993,0.9655089,0.7247091,0.9491322,0.96001434,0.7357581,0.7440966,0.9705621
6,104,7,visual,0.92831147,0.8995198,0.9122197,0.91701245,0.72416234,0.8592411,0.8864793,0.9776929,0.9756997,0.97662634,0.7656087,0.9172477,0.96651125,0.9426615,0.94504946,0.71931076,0.9069753,0.9393977,0.97912586,0.8026296,0.9048264,0.97429276,0.76041555,0.9173886,0.95937574,0.7243693,0.8053958,0.9295648
6,104,8,visual,0.940185,0.9464219,0.91519034,0.89456177,0.75510585,0.86143935,0.8834039,0.98875624,0.96003294,0.9584859,0.8017213,0.953788,0.9593921,0.94783676,0.9414246,0.7834808,0.9456475,0.9355232,0.9689608,0.8194579,0.92857176,0.9722697,0.84116095,0.9490949,0.97050995,0.83778054,0.8123387,0.9508137
6,104,9,visual,0.93961996,0.9488646,0.9579127,0.9423205,0.5599752,0.90010035,0.9228742,0.96462727,0.95925784,0.9297154,0.56480056,0.89415264,0.9073048,0.9644351,0.92771345,0.5762595,0.9111161,0.91910446,0.95601803,0.5954985,0.9091325,0.9504639,0.5472309,0.9225272,0.94705415,0.5709483,0.57990605,0.93088675
6,104,10,visual,0.95589906,0.97095484,0.9512746,0.93653166,0.5802346,0.8853439,0.93049306,0.9754093,0.9442436,0.9347443,0.59718084,0.8848935,0.93812263,0.9680856,0.9487665,0.58451235,0.9019824,0.95058334,0.9677543,0.5713055,0.89751184,0.9652274,0.55833477,0.92593366,0.9810564,0.6220612,0.5826592,0.93161863
6,104,11,visual,0.93139744,0.90072644,0.92435277,0.9106853,0.69050694,0.8617387,0.90801656,0.9796028,0.97230256,0.9809723,0.7403216,0.93734777,0.97674084,0.9603165,0.9659102,0.7323101,0.93496484,0.9573922,0.97531766,0.736432,0.92971516,0.9755461,0.72748643,0.950231,0.9743019,0.722344,0.7773361,0.9536688
6,104,12,visual,0.9459683,0.9201731,0.932978,0.9058642,0.64804035,0.89291245,0.9179962,0.97570044,0.96459556,0.9438723,0.7068849,0.9336999,0.954867,0.9490505,0.9256984,0.690518,0.92524934,0.9282813,0.9461999,0.69298047,0.92290485,0.96537185,0.71892476,0.9310479,0.95546114,0.67116594,0.71956295,0.95345306
6,104,13,visual,0.93992376,0.9249223,0.92226255,0.9232713,0.6487697,0.9155965,0.937166,0.9829574,0.96860236,0.9663605,0.6524902,0.9507488,0.9539636,0.95704186,0.93297166,0.6556394,0.9378281,0.930233,0.9482255,0.67077214,0.91456497,0.9559474,0.63469595,0.9326801,0.9439118,0.5956798,0.6499089,0.94576555
6,104,14,visual,0.9677913,0.9539692,0.95811504,0.934393,0.60390395,0.91956216,0.9413067,0.99057955,0.9813846,0.9649837,0.6183808,0.9530248,0.97885907,0.9700159,0.95264494,0.596795,0.9400895,0.9604178,0.96815044,0.63400453,0.94279075,0.9696327,0.58726525,0.9632384,0.97528136,0.57286644,0.62343985,0.97490317
6,104,15,visual,0.9370259,0.9352456,0.91784585,0.8887033,0.5625565,0.868665,0.88442785,0.9768898,0.9814559,0.9558523,0.57365,0.937487,0.9664519,0.9674766,0.9275233,0.57644624,0.92694926,0.93857557,0.97213405,0.58837825,0.9277512,0.972177,0.6049694,0.9215542,0.9569428,0.55836946,0.59318274,0.9420461
6,105,1,visual,0.93458885,0.9458782,0.938308,0.92389154,0.5055803,0.9518904,0.94252735,0.98040944,0.98014504,0.98157144,0.48633644,0.9465571,0.9692897,0.9741425,0.9646553,0.48409158,0.9453625,0.94981515,0.9724694,0.46682468,0.943237,0.9586729,0.5007308,0.9524988,0.9498654,0.4879006,0.4558466,0.95099044
6,105,2,visual,0.963928,0.9507142,0.95023054,0.9387816,0.73598397,0.937186,0.9385656,0.98789656,0.9819717,0.9686621,0.7288106,0.9509052,0.96421105,0.97431296,0.9471968,0.73121333,0.9450213,0.94776124,0.9667949,0.71778226,0.94922984,0.9702677,0.73931473,0.93358636,0.95205903,0.69637454,0.7113721,0.961304
6,105,3,visual,0.9691337,0.95505315,0.9531481,0.936571,0.39110065,0.9353936,0.94975317,0.9845813,0.98873824,0.97289574,0.42173728,0.95685065,0.97786355,0.97921413,0.95953304,0.44198632,0.9567228,0.9745601,0.9728167,0.4017601,0.9575834,0.97239894,0.4011278,0.9601508,0.9753597,0.42760894,0.4203282,0.98076665
6,105,4,visual,0.96756995,0.9649347,0.96323013,0.946278,0.6942867,0.94449884,0.94006133,0.9914247,0.98489237,0.9758018,0.6643953,0.9606762,0.97094643,0.9810708,0.9693692,0.64550066,0.9565261,0.9632604,0.97833574,0.6266721,0.95001554,0.96891224,0.636642,0.94763094,0.95172954,0.65081924,0.6486578,0.9600243
6,105,5,visual,0.96216303,0.95245206,0.9411954,0.9366376,0.62322974,0.92717785,0.9017706,0.9878317,0.96660924,0.97350377,0.60763377,0.95279485,0.9264457,0.96434313,0.96800035,0.6239224,0.9668172,0.9026185,0.9596719,0.6056651,0.9509028,0.94015294,0.61498934,0.94720864,0.880133,0.6335284,0.5641539,0.9003707
6,105,6,visual,0.9151921,0.9013899,0.9182458,0.7426989,0.5800513,0.8776993,0.90527606,0.9770308,0.98081,0.78134805,0.55158913,0.9482112,0.9792366,0.94987017,0.71393335,0.54127425,0.9396736,0.9766293,0.80645496,0.5597351,0.9270419,0.9559529,0.55975634,0.7775963,0.72394115,0.51691604,0.54183096,0.94656545
6,105,7,visual,0.9443545,0.92982966,0.9262796,0.6348636,0.48638707,0.83050185,0.9094816,0.9587587,0.9822509,0.7291997,0.5182143,0.90759295,0.9733797,0.9273294,0.6235433,0.5158365,0.8822241,0.9613588,0.74710363,0.5476434,0.8946411,0.95645905,0.48099956,0.7622141,0.68365705,0.5415993,0.5459169,0.9092333
6,105,8,visual,0.9565844,0.9493832,0.94594765,0.7996718,0.4198863,0.92523533,0.94757575,0.97508276,0.98159665,0.8382768,0.43446508,0.9297849,0.96536314,0.96062547,0.7830503,0.45594603,0.9288658,0.9689162,0.8384127,0.4510062,0.9219874,0.9637073,0.40393454,0.8210817,0.79251105,0.50136274,0.48756155,0.94441825
6,105,9,visual,0.84515345,0.8458768,0.8058592,0.71157116,0.5492026,0.7865971,0.83239573,0.97234493,0.9768779,0.8856327,0.40677807,0.9633598,0.96162665,0.94151646,0.82895255,0.44116288,0.93910927,0.9222512,0.90217596,0.34160382,0.961349,0.9678492,0.30021182,0.87743986,0.8756043,0.34112144,0.38996202,0.95350355
6,105,10,visual,0.77847284,0.84166324,0.7801957,0.72327375,0.32951868,0.7461722,0.761076,0.9615654,0.98406446,0.9667349,0.33601853,0.95676136,0.9763723,0.95570743,0.911205,0.36449364,0.9305413,0.9477107,0.97182786,0.3672551,0.9576604,0.97962457,0.37465084,0.95833564,0.95805985,0.34099674,0.36175162,0.96278834
6,105,11,visual,0.75822,0.8059388,0.7682383,0.67540437,0.3813903,0.71012187,0.76715696,0.96358144,0.98873806,0.9485458,0.49894184,0.9491174,0.97991455,0.9684306,0.90581894,0.52360576,0.9186631,0.9530942,0.9443747,0.5056279,0.9481626,0.9866443,0.51075786,0.9348952,0.9492423,0.5375672,0.51154935,0.957077
6,105,12,visual,0.96102184,0.95147896,0.9413806,0.93386674,0.501987,0.91925544,0.9555261,0.99070644,0.980986,0.9807178,0.5434249,0.9700792,0.97963446,0.9769798,0.9739325,0.54824287,0.96471006,0.9663018,0.9768943,0.5369649,0.96673787,0.97369516,0.5414671,0.9693133,0.9558362,0.5495513,0.5418913,0.9574334
6,105,13,visual,0.9584882,0.94549316,0.9501631,0.91372454,0.5343568,0.95112324,0.95618784,0.9881694,0.9771059,0.9557959,0.48844424,0.9717943,0.97972536,0.9703033,0.9356962,0.4661537,0.96374154,0.964493,0.95069957,0.5010783,0.9608233,0.9753923,0.48094776,0.94910014,0.9361311,0.49149,0.5205128,0.9770226
6,105,14,visual,0.95940536,0.94957227,0.9336678,0.905291,0.27585757,0.919733,0.9345497,0.9833347,0.9858682,0.96233726,0.29351947,0.96324486,0.98426896,0.9741142,0.9299666,0.2627691,0.95306957,0.9661454,0.9629923,0.26962778,0.9606597,0.9838237,0.34737775,0.93648183,0.96019363,0.29836157,0.29339227,0.9724713
6,105,15,visual,0.9417219,0.9154925,0.93345547,0.9103621,0.33812925,0.9118877,0.8973978,0.9710981,0.9788208,0.9749682,0.40951374,0.9557711,0.9663858,0.9709722,0.95446146,0.39592475,0.9257506,0.9416749,0.9750202,0.38019395,0.9412971,0.9593689,0.40690908,0.9437762,0.96691084,0.38472876,0.43744582,0.95356566
6,106,1,visual,0.9468529,0.9390919,0.9201053,0.8558058,0.5551397,0.91588604,0.93883616,0.9774725,0.96461946,0.9003671,0.5848236,0.9340464,0.96863776,0.97171116,0.88949347,0.6016094,0.920757,0.9512744,0.89825344,0.58075184,0.9093022,0.95848817,0.584529,0.91202235,0.9142343,0.5822711,0.584591,0.95551866
6,106,2,visual,0.88256735,0.90385634,0.873915,0.8437645,0.22994396,0.8165344,0.87319285,0.98046154,0.9590971,0.90415615,0.3513772,0.8899397,0.946933,0.9582671,0.9032059,0.3604893,0.8799256,0.94322824,0.94314605,0.37477955,0.8587534,0.9598806,0.3797073,0.84641075,0.942314,0.31477958,0.36661464,0.90075254
6,106,3,visual,0.9038362,0.86606675,0.86633945,0.8270827,0.555993,0.8759959,0.91542166,0.94912606,0.9588875,0.87345326,0.60026175,0.92952234,0.9681463,0.91517454,0.82433045,0.60753655,0.92795277,0.9397592,0.90709287,0.5911642,0.91785485,0.9561163,0.6136238,0.8486996,0.89468426,0.58747315,0.6224239,0.9654561
6,106,4,visual,0.9270027,0.93247974,0.9257293,0.88398373,0.46924695,0.9066263,0.882792,0.970746,0.97519195,0.942579,0.42912406,0.9260975,0.91524386,0.95447487,0.9339673,0.43254536,0.9194858,0.9034929,0.92477334,0.46267006,0.923471,0.9212684,0.4338807,0.89753383,0.8785832,0.4544517,0.52896976,0.93591946
6,106,5,visual,0.91523284,0.91471237,0.8874382,0.8792911,0.34694085,0.8805997,0.82110065,0.9435504,0.9576517,0.9628292,0.38198888,0.9401255,0.9048172,0.9047403,0.8984112,0.2913336,0.9303854,0.83244056,0.9640361,0.4050372,0.9261897,0.9332675,0.4405454,0.92756754,0.9161482,0.37720025,0.46578705,0.89366424
6,106,6,visual,0.9737513,0.96041816,0.97220695,0.9615716,0.4383787,0.9354516,0.9589841,0.9799246,0.9889363,0.9677707,0.42982215,0.9299102,0.9683172,0.97728384,0.9467311,0.38553116,0.89379925,0.9270828,0.9642566,0.4018217,0.93390375,0.96682477,0.40263465,0.9318226,0.9505436,0.42023093,0.4717064,0.9575618
6,106,7,visual,0.9738367,0.9490719,0.9699674,0.9536194,0.3873362,0.93908566,0.9475446,0.98632133,0.98267424,0.95821416,0.3601013,0.96914476,0.97133875,0.975294,0.9393421,0.32170868,0.95295936,0.9473161,0.9639092,0.36887228,0.95742,0.9719622,0.42001405,0.94071895,0.9475822,0.33320647,0.38206822,0.9649518
6,106,8,visual,0.96863455,0.9295684,0.9591854,0.92833185,0.23174156,0.9302276,0.91682065,0.95665306,0.98095185,0.9618309,0.27780476,0.96463037,0.9612465,0.9398206,0.8999344,0.25188455,0.9243034,0.9146254,0.9675537,0.28813457,0.956414,0.97016597,0.31928623,0.9516314,0.95410293,0.28096813,0.33933228,0.95637804
6,106,9,visual,0.97135574,0.96048206,0.9638697,0.9595448,0.5138045,0.9328134,0.9406153,0.980292,0.97133684,0.9786586,0.49795935,0.94960225,0.9656689,0.9642306,0.9583543,0.52512085,0.944762,0.9339771,0.9801557,0.52061296,0.9511716,0.96891767,0.5173706,0.95534796,0.97542596,0.4778951,0.46901977,0.9391035
6,106,10,visual,0.83720464,0.8641076,0.82612413,0.8052973,0.2368938,0.8002257,0.7729556,0.95508343,0.97084796,0.971209,0.3652923,0.97008705,0.9526339,0.9465272,0.9128291,0.2945466,0.9327375,0.88693225,0.9686523,0.35781503,0.9622356,0.94386333,0.3916283,0.96686125,0.9580371,0.33992606,0.353628,0.9538455
6,106,11,visual,0.93504506,0.92631537,0.9382249,0.9265626,0.44875297,0.87001836,0.9145292,0.97760624,0.9680537,0.95585483,0.40426508,0.92721605,0.93836296,0.94905293,0.9335139,0.39918876,0.9201246,0.90265137,0.96894515,0.43215954,0.9120433,0.9462457,0.44710267,0.9332893,0.9448411,0.35847878,0.46194622,0.8985121
6,106,12,visual,0.9237365,0.87441593,0.93184626,0.8958114,0.44121116,0.86190826,0.9195746,0.9717127,0.96840894,0.92812,0.40086174,0.92602617,0.9713016,0.92932564,0.8860421,0.360327,0.90734845,0.9331866,0.93619376,0.4231344,0.9012695,0.95698595,0.4279764,0.920191,0.9595566,0.35092145,0.39300078,0.9496924
6,106,13,visual,0.94996566,0.93184793,0.96487105,0.93323874,0.3162916,0.897876,0.93546754,0.9837297,0.9731953,0.95857173,0.2858365,0.9499114,0.9641524,0.96305174,0.94714105,0.29457077,0.9453955,0.9510712,0.9575597,0.288345,0.9306247,0.97216684,0.32099468,0.91878605,0.9429256,0.25248325,0.25514564,0.95032316
6,106,14,visual,0.8789786,0.87868035,0.86659753,0.8500486,0.35787752,0.8423031,0.8720991,0.9672407,0.94760823,0.9716063,0.3038915,0.9510748,0.94517976,0.9608815,0.9494635,0.27101743,0.9297502,0.9214925,0.95288277,0.2720678,0.9056713,0.9247397,0.30484807,0.9331267,0.9181589,0.3461277,0.30728436,0.9391205
6,106,15,visual,0.74346656,0.7987458,0.7496947,0.6773994,0.15819898,0.7201747,0.8104374,0.95462036,0.97893506,0.9665579,0.23560937,0.94774616,0.9112169,0.9434206,0.89952034,0.18669485,0.8974915,0.8693801,0.954027,0.23011014,0.93536234,0.9279367,0.28049514,0.96040046,0.8907588,0.25325418,0.19267,0.9187575
6,107,1,visual,0.7618367,0.87814754,0.8193054,0.7139638,0.31591314,0.8116477,0.87024915,0.9322335,0.9491571,0.88928574,0.34548673,0.87488484,0.87628305,0.96016383,0.87058425,0.3695761,0.89709365,0.90937686,0.88722795,0.35618836,0.8755402,0.88778496,0.36774805,0.9065692,0.84204537,0.34234634,0.4045385,0.9087259
6,107,2,visual,0.81117356,0.83604246,0.8577475,0.7983676,0.783491,0.83359647,0.9090772,0.9860943,0.981879,0.9647691,0.7061636,0.91334254,0.9095387,0.9873517,0.9468117,0.7105871,0.9116634,0.91433966,0.9555368,0.73169506,0.93013704,0.9350751,0.6927329,0.9513892,0.9071722,0.7294486,0.77240944,0.94777954
6,107,3,visual,0.7559974,0.8025905,0.7824672,0.7264339,0.6583775,0.8007522,0.8520401,0.9508028,0.98405284,0.91740775,0.5815462,0.903155,0.9151004,0.9664911,0.9087783,0.6457676,0.88982373,0.91954064,0.93169314,0.5912938,0.91317743,0.9357953,0.5601756,0.9227607,0.9186258,0.6132469,0.6456484,0.9743847
6,107,4,visual,0.7962868,0.87027276,0.8269145,0.87979364,0.6291729,0.82022715,0.9261795,0.95382744,0.9856175,0.9228713,0.560024,0.8953818,0.87178975,0.9594406,0.95249844,0.5501089,0.9060606,0.9000832,0.93547505,0.58062285,0.91409504,0.8872438,0.6007815,0.94464517,0.9427474,0.61419326,0.6675689,0.9057504
6,107,5,visual,0.784058,0.8068143,0.79322016,0.7643478,0.7476729,0.7630796,0.8164781,0.9077646,0.973594,0.93694675,0.6428941,0.8521208,0.8984852,0.8737866,0.88019526,0.60893416,0.8385538,0.8676406,0.92312616,0.64165276,0.8520539,0.90368634,0.67882454,0.8910744,0.9202259,0.7005045,0.7325602,0.93201846
6,107,6,visual,0.899257,0.90807694,0.89508057,0.82833904,0.40629095,0.87797844,0.9047916,0.9492019,0.9859032,0.9349396,0.43304342,0.9573862,0.981943,0.9447413,0.86473876,0.36905867,0.91170967,0.9304702,0.9300726,0.43203557,0.94330734,0.9718189,0.47030157,0.91796273,0.93612534,0.45311302,0.4521582,0.9784207
6,107,7,visual,0.8351627,0.86053646,0.83186513,0.8129899,0.59355605,0.82540613,0.8586633,0.9635347,0.95818293,0.907513,0.6650068,0.930746,0.9541496,0.94321793,0.88504237,0.6403821,0.9116969,0.9298905,0.9334604,0.635349,0.92607254,0.9368077,0.6161361,0.91738504,0.9050559,0.638882,0.64630574,0.954597
6,107,8,visual,0.84563136,0.9181071,0.84090286,0.83490765,0.6428631,0.8106264,0.8772968,0.9191317,0.9862263,0.93187606,0.7797953,0.93277365,0.96604496,0.9010095,0.8592976,0.7252859,0.83369374,0.90710044,0.9300168,0.7564167,0.9348956,0.96175754,0.7626263,0.9280326,0.94840765,0.7388536,0.7594516,0.9377856
6,107,9,visual,0.9404547,0.9297448,0.9315414,0.8853812,0.6811779,0.90800774,0.91812164,0.9564524,0.9889461,0.9306126,0.64684415,0.94867635,0.9721257,0.93581015,0.8679331,0.6413713,0.91070956,0.92301285,0.91757745,0.64096946,0.952845,0.9799156,0.6805425,0.91074777,0.9186621,0.6448764,0.6514148,0.98313737
6,107,10,visual,0.9696602,0.94737464,0.97947186,0.91426605,0.6314042,0.93795943,0.97250116,0.9715328,0.9789231,0.9271221,0.6239957,0.940986,0.9719076,0.94621074,0.87982374,0.5880913,0.9225278,0.9336587,0.94339424,0.63109493,0.9551544,0.98804116,0.6438934,0.9162861,0.94815683,0.5942302,0.6461673,0.9618467
6,107,11,visual,0.9346731,0.95164293,0.97301614,0.9316734,0.5630848,0.9617923,0.9689458,0.953259,0.9386711,0.87755036,0.5787984,0.9052792,0.92225707,0.9648605,0.89498407,0.58806974,0.94653326,0.9465545,0.9188349,0.6028734,0.95057696,0.9677696,0.55534387,0.923223,0.9427486,0.5897551,0.63646656,0.96890414
6,107,12,visual,0.9535187,0.94764614,0.9374229,0.8738467,0.48005748,0.94134074,0.9550658,0.94682074,0.9885916,0.9056893,0.49027148,0.92881507,0.9569841,0.94076115,0.8662907,0.4321037,0.8800172,0.89862084,0.89961576,0.4736548,0.9103969,0.94422436,0.5157451,0.86017275,0.89020455,0.50531095,0.53351235,0.95367515
6,107,13,visual,0.9656977,0.933327,0.9713099,0.9147518,0.44213527,0.9278848,0.95645237,0.9553279,0.9922056,0.9139618,0.4509336,0.9409148,0.9706393,0.9431445,0.8703085,0.40121076,0.90814817,0.92208755,0.92361796,0.45182383,0.9327472,0.9725824,0.4254159,0.8914201,0.9288423,0.44420037,0.45747298,0.96596724
6,107,14,visual,0.98001,0.94841087,0.9683281,0.918678,0.5476254,0.9418349,0.9736158,0.9626968,0.97810614,0.90875375,0.54786575,0.9482076,0.9810826,0.934997,0.84875774,0.51130396,0.9289757,0.9513089,0.9298575,0.5725696,0.9454774,0.98609835,0.55080193,0.9059869,0.93064314,0.5169686,0.56699586,0.968901
6,107,15,visual,0.9480087,0.93616486,0.93274087,0.89673597,0.35243195,0.9408032,0.92999285,0.95822376,0.9649525,0.90907174,0.39348114,0.9544464,0.9506203,0.9400121,0.89711714,0.3902744,0.95975006,0.9570787,0.9374229,0.3939551,0.94708085,0.93123984,0.41721871,0.92101276,0.8834857,0.40622383,0.3723321,0.96228206
6,108,1,visual,0.9382161,0.9137425,0.9199962,0.92514503,0.5618438,0.9183636,0.94792616,0.9576015,0.9617828,0.9105205,0.531995,0.9278294,0.949352,0.9254197,0.86856955,0.49140978,0.88832766,0.89985055,0.90707314,0.5707354,0.9294043,0.9478202,0.5873092,0.8788996,0.90600747,0.60164756,0.60061926,0.9656975
6,108,2,visual,0.93715966,0.93166614,0.92120427,0.92653185,0.35041255,0.9363781,0.95666987,0.94448173,0.9562892,0.95136476,0.32229793,0.939889,0.9621286,0.93024755,0.9145016,0.28999817,0.91326004,0.93232757,0.9318614,0.30599332,0.91312027,0.9545362,0.3602914,0.9307458,0.9528213,0.3787318,0.38100845,0.9669377
6,108,3,visual,0.9185434,0.945274,0.91514087,0.913262,0.7255132,0.90312296,0.93807405,0.9591639,0.981337,0.91877574,0.721448,0.9016105,0.9570805,0.93458784,0.9069104,0.6942562,0.892941,0.93257827,0.92463756,0.7263482,0.89690036,0.9655307,0.74089026,0.90587443,0.9444506,0.7578042,0.7617935,0.95703197
6,108,4,visual,0.95735264,0.9619066,0.9188878,0.9278517,0.6350774,0.9265117,0.932703,0.96322334,0.9484318,0.90502393,0.65569824,0.91982913,0.9564411,0.9009867,0.87966895,0.6373248,0.89932317,0.9152248,0.92166543,0.6152652,0.90185046,0.94702446,0.6438772,0.91834277,0.9109701,0.6893593,0.674637,0.95588326
6,108,5,visual,0.8666437,0.9455601,0.8418145,0.8509693,0.5341556,0.8156494,0.89757186,0.9136247,0.97151804,0.91214013,0.55716735,0.92641234,0.9300497,0.89231396,0.91601604,0.5667483,0.87324834,0.92296296,0.92197573,0.5475378,0.93712205,0.94068164,0.52975464,0.89123064,0.91305363,0.5059971,0.5185215,0.9313291
6,108,6,visual,0.7901431,0.86690205,0.8316024,0.80695015,0.7266675,0.76746315,0.9100052,0.9126841,0.9658658,0.9264799,0.6811697,0.8783158,0.9115319,0.9093853,0.8958671,0.6800368,0.84332937,0.92108804,0.9142122,0.7112811,0.84625167,0.9308627,0.68481857,0.88079333,0.9082664,0.67168456,0.75723314,0.90257
6,108,7,visual,0.83665633,0.9085396,0.8850639,0.8511703,0.746393,0.7153283,0.838225,0.9005044,0.95421284,0.9165153,0.80746514,0.83919674,0.89975697,0.9139111,0.9257842,0.8074698,0.7828453,0.88502955,0.9214245,0.8269644,0.8131103,0.904389,0.9044126,0.8438024,0.91733885,0.7971478,0.84034127,0.87350416
6,108,8,visual,0.76883936,0.7581131,0.8009029,0.78885144,0.7399895,0.73028904,0.8634375,0.8571862,0.91871995,0.80656123,0.64180535,0.6784915,0.7746566,0.7420156,0.8195288,0.5998396,0.5785724,0.65749294,0.76727355,0.70251536,0.8040694,0.88670677,0.66531634,0.6138738,0.7497456,0.68751067,0.7411083,0.8458958
6,108,9,visual,0.94315434,0.9270157,0.9354979,0.92564785,0.7076089,0.93063885,0.9718362,0.94909406,0.97017497,0.95390236,0.7352143,0.95804095,0.96990705,0.95046175,0.89677197,0.7293895,0.89707434,0.9335368,0.93776035,0.733264,0.92176574,0.9599968,0.7161687,0.9630263,0.9637749,0.7396303,0.7422434,0.9627113
6,108,10,visual,0.87845165,0.8908054,0.89613277,0.8718493,0.55388975,0.8754159,0.9258426,0.97149646,0.9824913,0.9247571,0.4982879,0.9585215,0.93297064,0.96380615,0.89916646,0.5086785,0.9298147,0.9179976,0.9323402,0.49631134,0.9495329,0.9372889,0.49778435,0.90184915,0.9303602,0.4948934,0.51781297,0.902873
6,108,11,visual,0.80485266,0.8665697,0.8201167,0.7756889,0.5221533,0.7595385,0.8540854,0.94747525,0.98167086,0.9628665,0.5615558,0.9636923,0.9609538,0.9465579,0.93078774,0.5651802,0.9185548,0.96389145,0.962564,0.574712,0.95759904,0.97315586,0.5711263,0.94999206,0.95668083,0.56823033,0.58788323,0.9520925
6,108,12,visual,0.8875437,0.93258476,0.9036487,0.8993672,0.61162066,0.8632541,0.9059439,0.9700432,0.98813117,0.9563178,0.69736844,0.97508293,0.98425406,0.9696007,0.9360624,0.6737432,0.9423185,0.96677905,0.9648779,0.66793686,0.977466,0.9905431,0.6256458,0.9552237,0.9669393,0.6712881,0.6706173,0.98693085
6,108,13,visual,0.98612785,0.9774422,0.9854258,0.9670528,0.7944772,0.989138,0.9877412,0.9851736,0.99123436,0.97110426,0.8101722,0.99136007,0.9871065,0.9804064,0.954371,0.82780993,0.974866,0.969081,0.969485,0.79594237,0.9884796,0.987671,0.81286025,0.9741502,0.9689278,0.80175364,0.80842334,0.9919878
6,108,14,visual,0.92508113,0.97263545,0.9187765,0.92420435,0.82219994,0.92747575,0.9647706,0.9468929,0.9911846,0.94325286,0.76538825,0.98994374,0.9715189,0.9432681,0.9222398,0.8149072,0.9453647,0.9753044,0.934262,0.76702315,0.98436725,0.96460414,0.7331962,0.94396746,0.94853145,0.76178855,0.80091536,0.9760621
6,108,15,visual,0.71809655,0.9015446,0.708195,0.9136816,0.63873905,0.737843,0.89555585,0.83355606,0.97145295,0.7856133,0.5561085,0.9652696,0.8422805,0.7911936,0.8890015,0.63005674,0.82421654,0.9155005,0.79014444,0.5473813,0.95599824,0.84823614,0.6661819,0.81435275,0.9285521,0.56918514,0.6789439,0.87190694
6,109,1,visual,0.9549174,0.9460795,0.9488064,0.8612854,0.7272465,0.94596785,0.968013,0.97478366,0.990649,0.8785934,0.79104793,0.98447096,0.98572236,0.965697,0.8436409,0.77201337,0.9669288,0.9760292,0.8768022,0.80068755,0.9758996,0.9847362,0.7294622,0.8823261,0.8763251,0.7897281,0.7779069,0.98458487
6,109,2,visual,0.9866563,0.9662694,0.9788028,0.95942384,0.8069022,0.98520005,0.9809582,0.9720252,0.9906519,0.96680397,0.8073293,0.98697007,0.99089223,0.9675647,0.9272277,0.7836996,0.96017736,0.9711367,0.96546763,0.8030482,0.97604537,0.98609376,0.79055166,0.9597355,0.9579119,0.8088972,0.814188,0.9870113
6,109,3,visual,0.98135686,0.9716002,0.97667307,0.94671047,0.5937695,0.98368424,0.9847255,0.97749686,0.9917044,0.94729036,0.570641,0.97881114,0.9903442,0.9800657,0.93775445,0.5669783,0.9565334,0.9713622,0.94745535,0.573855,0.97431433,0.99036354,0.5629058,0.9552647,0.9494574,0.57323873,0.59407455,0.9890985
6,109,4,visual,0.9390553,0.9406907,0.92480576,0.92216,0.5537026,0.9415685,0.95894605,0.96952254,0.9810583,0.96412987,0.51823,0.98884827,0.98936325,0.96689606,0.94209135,0.5067345,0.9536523,0.9671478,0.95995164,0.51715094,0.97087204,0.9763084,0.49678558,0.9646199,0.9670582,0.53732085,0.5434387,0.9869842
6,109,5,visual,0.9830988,0.9642707,0.97818,0.93942434,0.5394194,0.98140883,0.98658,0.9678241,0.9911185,0.9539004,0.5202602,0.9904415,0.9899952,0.95496386,0.898696,0.49429107,0.96012884,0.9654359,0.94779694,0.4977612,0.9796454,0.98224896,0.5493467,0.9558895,0.95092887,0.5522484,0.5545414,0.99255687
6,109,6,visual,0.950635,0.95115054,0.95625424,0.93571395,0.6761678,0.9505038,0.97301644,0.96427965,0.9883218,0.9343103,0.6883896,0.97584283,0.97228974,0.9645625,0.90723133,0.6495694,0.9481268,0.9622599,0.9406056,0.6872617,0.98615694,0.9837171,0.7026736,0.95729685,0.94845086,0.6812,0.7112192,0.9811787
6,109,7,visual,0.9866528,0.9732681,0.978615,0.9031605,0.66957283,0.9848821,0.9880362,0.9766857,0.9919608,0.91596484,0.64475256,0.9931969,0.9931301,0.9649867,0.8592219,0.62601876,0.97527295,0.9728201,0.92352265,0.66154,0.98609304,0.9918503,0.65169317,0.9039862,0.9211062,0.654442,0.67466503,0.98819596
6,109,8,visual,0.9551057,0.95704764,0.9431076,0.8921086,0.66307503,0.94989604,0.97678334,0.9614682,0.98928994,0.93354297,0.6599781,0.98793167,0.98880386,0.958988,0.8942562,0.6572746,0.9495886,0.9672313,0.93516797,0.6649352,0.9806172,0.9817245,0.63234,0.93767965,0.92965794,0.6526247,0.684045,0.9862566
6,109,9,visual,0.98723423,0.9840991,0.9808861,0.9673476,0.657692,0.98248094,0.9913134,0.98698825,0.9927012,0.9777869,0.65682536,0.9878473,0.99073243,0.97921145,0.96276164,0.63492906,0.9828734,0.981369,0.97282535,0.64326036,0.9813087,0.9854618,0.66561913,0.9771683,0.9695643,0.6758536,0.6705558,0.9872927
6,109,10,visual,0.9330047,0.9470709,0.9249509,0.9116131,0.718254,0.9333916,0.9789725,0.9344078,0.9824036,0.9150009,0.66990465,0.93886137,0.9569329,0.94223887,0.9460526,0.7222324,0.93365765,0.9679639,0.9088863,0.67031854,0.93290246,0.96001554,0.707817,0.94206375,0.9345033,0.691897,0.7222004,0.95520663
6,109,11,visual,0.97692496,0.97756743,0.98038834,0.9580669,0.65449643,0.9788113,0.9911919,0.9663457,0.97967845,0.95686245,0.6220898,0.95364195,0.97288746,0.976364,0.94505584,0.6285892,0.9747585,0.974738,0.95377326,0.6309453,0.96244854,0.9778295,0.60981953,0.93848366,0.953768,0.6443346,0.6472309,0.9868172
6,109,12,visual,0.96311253,0.96652997,0.96133316,0.95163727,0.67743593,0.9771505,0.98518014,0.97110474,0.98793626,0.94575524,0.6163523,0.9766135,0.9844172,0.9722122,0.9419896,0.62871385,0.96966153,0.9774051,0.95741284,0.628026,0.97074395,0.98111635,0.67319995,0.95888287,0.9575736,0.6328235,0.6493964,0.990612
6,109,13,visual,0.9760243,0.97635615,0.9637753,0.90871924,0.7387085,0.97471714,0.97746664,0.9848503,0.9853242,0.935248,0.76603955,0.9842625,0.9732759,0.97522134,0.92235976,0.77388066,0.97569674,0.96301955,0.94296527,0.7824169,0.9781365,0.9737662,0.7527466,0.9404915,0.92806023,0.75759596,0.7427807,0.9821888
6,109,14,visual,0.97951555,0.9588201,0.964815,0.93883526,0.35531345,0.974467,0.9860474,0.98579246,0.9893821,0.9681356,0.35584205,0.9921022,0.9872836,0.9774302,0.97153574,0.37660894,0.97855985,0.9688525,0.95704854,0.35914004,0.98090696,0.9814181,0.39394712,0.9699051,0.9502784,0.3836455,0.38321254,0.98364043
6,109,15,visual,0.99225557,0.96675456,0.98985267,0.95778745,0.47194234,0.9888291,0.98901194,0.9667577,0.99099326,0.9609906,0.48883075,0.99427474,0.9914954,0.96260065,0.92295676,0.49701342,0.95904607,0.9472085,0.9590617,0.473603,0.98624045,0.9875952,0.42374414,0.96699333,0.96117187,0.4760845,0.48239806,0.99168897
6,110,1,visual,0.94296664,0.95565546,0.9499552,0.9142457,0.59940404,0.94066644,0.96293133,0.9711421,0.9797385,0.91590375,0.63806146,0.95425284,0.96531665,0.9625231,0.8930718,0.6544759,0.9348459,0.9527344,0.9398526,0.6062146,0.96555966,0.9728561,0.5703892,0.94186425,0.941104,0.59033734,0.58410215,0.97273165
6,110,2,visual,0.9783118,0.9624563,0.96292585,0.8986946,0.5725097,0.984109,0.9798422,0.98023707,0.97352666,0.9043073,0.5507319,0.98501617,0.98199433,0.97330844,0.8852307,0.520421,0.9723429,0.9750842,0.89860904,0.53986025,0.96747434,0.9742831,0.48244467,0.8967294,0.9084419,0.5701485,0.5787119,0.9900389
6,110,3,visual,0.9853187,0.9830946,0.98025465,0.96180856,0.5321813,0.97663426,0.97992617,0.98706794,0.9897606,0.9595525,0.51311994,0.9872131,0.9863536,0.98306715,0.94165534,0.50699186,0.97857803,0.9781475,0.9645924,0.52332824,0.98635375,0.9902651,0.5396202,0.9623655,0.9671269,0.5011782,0.5192852,0.9879146
6,110,4,visual,0.9873203,0.9810687,0.98494726,0.9577513,0.5139306,0.9832497,0.98627394,0.98718834,0.99283123,0.9691753,0.4899287,0.99310756,0.99100894,0.9858614,0.951191,0.4830405,0.98617655,0.9837978,0.9645208,0.50728756,0.98765624,0.9924113,0.45803562,0.9641744,0.96300215,0.48435348,0.5114113,0.99087864
6,110,5,visual,0.9630199,0.9728309,0.9609115,0.9287395,0.71336526,0.95995444,0.97564673,0.97603625,0.9885267,0.9306458,0.71081054,0.9855555,0.98002565,0.9670212,0.9391742,0.73173004,0.9758707,0.9730921,0.9329307,0.7065135,0.9764911,0.97605276,0.72058123,0.9479623,0.9352086,0.7131704,0.7080744,0.9772221
6,110,6,visual,0.98725474,0.98380935,0.97990596,0.9320743,0.67498183,0.988716,0.9901097,0.98794013,0.9903944,0.92838264,0.67771715,0.99278045,0.9929536,0.982446,0.9144668,0.6608596,0.9837558,0.9859483,0.9325145,0.6686825,0.9863042,0.98752666,0.66299814,0.937646,0.931495,0.6801713,0.6875436,0.99526614
6,110,7,visual,0.9553654,0.96129733,0.95726854,0.90619236,0.5918138,0.957166,0.9736997,0.9719072,0.9921808,0.92499906,0.59717786,0.98622316,0.9789991,0.9747662,0.9203495,0.61575824,0.977407,0.98221254,0.92745435,0.59501976,0.9853896,0.97886103,0.62931263,0.94200534,0.93396467,0.6215178,0.6357186,0.9855697
6,110,8,visual,0.9697815,0.97632414,0.9612819,0.9384242,0.7493532,0.9709638,0.980095,0.9842887,0.9836214,0.94598705,0.7457349,0.99179196,0.9912221,0.98269516,0.9407932,0.7538702,0.9846602,0.9891081,0.9483488,0.7334466,0.9787165,0.98443484,0.69210446,0.9515039,0.9473558,0.75754225,0.7556901,0.9922416
6,110,9,visual,0.9468837,0.9691412,0.9329999,0.94218105,0.7896525,0.9375587,0.96670663,0.97663504,0.98563075,0.9703071,0.79297733,0.9837152,0.9788855,0.96154505,0.95062685,0.80463666,0.95891947,0.9732364,0.9484961,0.7680706,0.9739633,0.97122604,0.78524816,0.9599451,0.9664173,0.79586804,0.8144383,0.97618693
6,110,10,visual,0.95618325,0.96123904,0.94961464,0.9221774,0.5071716,0.9739477,0.9816617,0.97141546,0.9852063,0.9329051,0.56239456,0.97497624,0.97901773,0.9633241,0.9252193,0.53148556,0.95836407,0.96765393,0.9418254,0.53936243,0.9670263,0.97502947,0.52301717,0.93411267,0.9439945,0.55742234,0.5413285,0.98836654
6,110,11,visual,0.9840863,0.97456044,0.98190737,0.93776274,0.732013,0.99027914,0.98541355,0.9874024,0.9879122,0.9513684,0.72032964,0.9856811,0.98020005,0.9809159,0.94081414,0.72829795,0.9742617,0.96557826,0.95652,0.72250456,0.9841541,0.9809369,0.67813724,0.9504867,0.9463597,0.73262405,0.7561148,0.9854608
6,110,12,visual,0.98934996,0.9810884,0.9842585,0.95995295,0.50735766,0.988558,0.99199516,0.9843683,0.9880357,0.9636248,0.49987087,0.9906777,0.98816377,0.97899,0.9448035,0.50538373,0.97920054,0.974053,0.9492644,0.46729293,0.9770966,0.98493475,0.49056926,0.9617126,0.96194464,0.4945699,0.49096045,0.989638
6,110,13,visual,0.92561704,0.9430698,0.9250924,0.9411898,0.3249332,0.90945417,0.9443877,0.97141236,0.98853034,0.93897885,0.29662666,0.98249835,0.97248507,0.96396255,0.92616,0.30190077,0.9458228,0.956119,0.93910736,0.29256043,0.973536,0.9751489,0.3190499,0.94441724,0.9611823,0.28535336,0.321387,0.96518236
6,110,14,visual,0.96458054,0.9659501,0.9683683,0.94062215,0.31681776,0.9610173,0.97726214,0.9788456,0.98156905,0.9588176,0.29513693,0.98590523,0.9865207,0.97263235,0.9468419,0.30766788,0.97299194,0.979243,0.95356387,0.30630407,0.96703136,0.984866,0.21734585,0.95809853,0.95370907,0.30758655,0.32576177,0.9833081
6,110,15,visual,0.9795548,0.98125577,0.971147,0.9202259,0.18516856,0.9874363,0.9865633,0.97673494,0.98927903,0.936316,0.14257833,0.9830598,0.9855377,0.97392905,0.9097871,0.16867466,0.97078097,0.97580653,0.929539,0.14202641,0.9735826,0.9828005,0.17489333,0.92960393,0.923238,0.16974668,0.15977545,0.99028724
6,111,1,visual,0.9934943,0.9845191,0.9814161,0.975356,0.37686643,0.9906323,0.98945075,0.99174225,0.98543763,0.97622454,0.35684314,0.9905782,0.98521614,0.9754966,0.9733328,0.32705796,0.9826562,0.97156984,0.96053576,0.38133386,0.97421914,0.98332363,0.3346463,0.9788037,0.9730808,0.37695625,0.39005417,0.9845757
6,111,2,visual,0.9872685,0.9792486,0.9818744,0.9228752,0.17878234,0.98708934,0.99492204,0.9886667,0.9882765,0.9451521,0.20750368,0.9892657,0.988289,0.97893107,0.9298703,0.21166106,0.986543,0.9770049,0.9466056,0.17953517,0.9788985,0.9864795,0.23459971,0.944153,0.94215864,0.20958234,0.19053255,0.9872964
6,111,3,visual,0.9874956,0.98222333,0.9814454,0.9505674,0.42453578,0.9865046,0.9930012,0.98306614,0.9950992,0.9667596,0.41090792,0.99072087,0.9949192,0.9741906,0.93223745,0.38646582,0.97276044,0.979802,0.9644993,0.41449106,0.9830516,0.9908541,0.40882677,0.96424973,0.9588719,0.41495898,0.4277937,0.99037457
6,111,4,visual,0.9841395,0.9752489,0.983585,0.93714887,0.29820716,0.9881797,0.99105865,0.9878794,0.9811988,0.9368255,0.32441124,0.9873663,0.9944384,0.96533495,0.9086846,0.2932604,0.98206675,0.9820275,0.9501429,0.3289858,0.97261214,0.9848297,0.35636738,0.9330398,0.9412436,0.29619652,0.3201833,0.9920185
6,111,5,visual,0.978989,0.9742346,0.9633244,0.93367296,0.54472584,0.9878383,0.9886661,0.97850335,0.98386014,0.94124955,0.5355315,0.98049295,0.98323613,0.96863353,0.9281615,0.5549052,0.97773045,0.9778308,0.9374676,0.52261895,0.9623638,0.9701731,0.4794432,0.9500542,0.9427733,0.5408457,0.5399765,0.9916604
6,111,6,visual,0.97125804,0.9633378,0.95704967,0.92822415,0.22695096,0.9719062,0.98065376,0.9784499,0.9828393,0.93778837,0.2194626,0.98497546,0.9906237,0.9807604,0.91865796,0.21463041,0.96480805,0.9825273,0.9259344,0.18687591,0.9707093,0.984174,0.2576293,0.9481248,0.9405885,0.22523016,0.21940897,0.98214155
6,111,7,visual,0.9594413,0.9410915,0.95444304,0.9486731,0.31361756,0.976128,0.9769557,0.96529555,0.97841203,0.9137672,0.24773815,0.9779775,0.981026,0.9540029,0.9108682,0.27332968,0.9612869,0.9598848,0.93178076,0.29914662,0.966162,0.9703923,0.3501324,0.9485744,0.94501996,0.30878425,0.3007832,0.99269736
6,111,8,visual,0.9188647,0.948281,0.90359974,0.8805837,0.12834811,0.9106349,0.946612,0.9661684,0.98693484,0.9039866,0.20376478,0.98546016,0.9739702,0.946195,0.8761039,0.1784922,0.95345557,0.9558019,0.9046875,0.22702278,0.97218806,0.96593857,0.24499872,0.9105809,0.92571294,0.23241338,0.19442318,0.9711998
6,111,9,visual,0.9870357,0.9747903,0.9872159,0.9621766,0.36614215,0.9878184,0.9900349,0.98292893,0.9895742,0.9693619,0.345521,0.9843871,0.98491,0.97341603,0.9557433,0.3254571,0.9811882,0.96845996,0.9637156,0.3532738,0.9817966,0.9876902,0.35336053,0.96430254,0.96195865,0.33763763,0.36894435,0.98836493
6,111,10,visual,0.9870325,0.9734464,0.97777236,0.946131,0.37223098,0.98750097,0.9927027,0.9788071,0.99069625,0.9575351,0.35973436,0.9897443,0.99131763,0.97841394,0.9425082,0.33398855,0.9815189,0.9823875,0.954394,0.35849684,0.98522675,0.98917073,0.34160107,0.9585886,0.9547628,0.368943,0.37256044,0.9936243
6,111,11,visual,0.9922683,0.96959347,0.98520875,0.9536413,0.4076065,0.9921353,0.99065286,0.97174233,0.988048,0.9584768,0.41575637,0.9912157,0.9890703,0.957558,0.9259273,0.48070502,0.97100604,0.95527977,0.96473926,0.4257272,0.97938496,0.9832902,0.41270122,0.9533499,0.9574985,0.4141562,0.40301895,0.99094445
6,111,12,visual,0.9714684,0.9702196,0.96354055,0.9274923,0.3691912,0.97560763,0.9838678,0.9816862,0.99278224,0.9492163,0.40155447,0.9872308,0.9879993,0.98052984,0.9167796,0.37122503,0.98047787,0.9780796,0.9400409,0.4141852,0.9781796,0.9799043,0.47665048,0.9407524,0.93846923,0.37436306,0.38382423,0.99175894
6,111,13,visual,0.99288684,0.9808066,0.9833229,0.96864426,0.43901813,0.98828536,0.9900644,0.98719245,0.9909543,0.9656941,0.42211047,0.98847795,0.99202347,0.9785518,0.9405444,0.40399477,0.9705133,0.9727282,0.9635138,0.41855657,0.97958255,0.988349,0.40949252,0.9745085,0.969039,0.42776123,0.43844303,0.99148357
6,111,14,visual,0.9932921,0.9780166,0.9886964,0.9542199,0.26870504,0.9878528,0.9927427,0.9803555,0.9931628,0.9550414,0.243632,0.98911816,0.99395216,0.9733636,0.9450241,0.26653272,0.9783352,0.97663695,0.96027744,0.25418913,0.98493594,0.9876708,0.29532135,0.9530031,0.95340353,0.28520003,0.28459987,0.9916183
6,111,15,visual,0.9821229,0.9774794,0.9803337,0.94338995,0.36222395,0.97705954,0.9887487,0.9878788,0.99419034,0.97178715,0.32784873,0.98735195,0.9942989,0.9858772,0.94910514,0.33359498,0.9749681,0.9837881,0.9730824,0.30175906,0.98691434,0.99369234,0.30081373,0.9761505,0.97202986,0.32888922,0.33953276,0.9901898
6,112,1,visual,0.96638626,0.9739168,0.9547485,0.9264291,0.35417292,0.95432734,0.9763948,0.979228,0.99083734,0.95362025,0.37667057,0.9859821,0.9840066,0.96616733,0.93730676,0.37616023,0.97182465,0.9771452,0.95588887,0.38679722,0.9854693,0.98315394,0.2879498,0.97225404,0.9580942,0.37119496,0.3729353,0.98460996
6,112,2,visual,0.9575995,0.9795426,0.9607319,0.9386583,0.40879092,0.9527483,0.9824344,0.98345923,0.99172854,0.93578345,0.3837959,0.9851125,0.9699527,0.9792256,0.93454885,0.38807163,0.9728125,0.9787161,0.9470876,0.38382673,0.98030674,0.9776743,0.38149625,0.937526,0.94916993,0.38145888,0.4182173,0.97206485
6,112,3,visual,0.96911,0.9784762,0.96962166,0.93246585,0.40050083,0.96677095,0.98634994,0.98732406,0.98684335,0.92989415,0.40711054,0.9801307,0.9861939,0.9764695,0.930178,0.37208086,0.97332895,0.9831978,0.92749476,0.3952292,0.9693938,0.9869399,0.35615662,0.9462998,0.9391497,0.4115257,0.41060066,0.977061
6,112,4,visual,0.96610767,0.9700407,0.97358006,0.9402311,0.4531597,0.9902766,0.9877515,0.9873123,0.9866345,0.91389763,0.42523506,0.96339166,0.9717292,0.98189443,0.9195039,0.43017343,0.9653699,0.97020227,0.9308718,0.44125682,0.966343,0.97905236,0.4424886,0.95217437,0.9410222,0.44453755,0.447881,0.9891179
6,112,5,visual,0.98854035,0.97782946,0.9799963,0.9530903,0.4448993,0.9823488,0.98744595,0.97713256,0.98966956,0.9617899,0.44685075,0.9913981,0.99167746,0.9619339,0.9421708,0.48562843,0.98244756,0.9675961,0.9589125,0.42248163,0.98367447,0.9907574,0.48164213,0.95297056,0.95806396,0.45616663,0.4263352,0.9866027
6,112,6,visual,0.97869855,0.9685474,0.970642,0.94001377,0.4225493,0.9778494,0.97266716,0.9756227,0.9772515,0.95595944,0.39391074,0.9804916,0.9690166,0.96346116,0.952841,0.4596983,0.9793386,0.94905126,0.9582006,0.3861889,0.9766445,0.9771672,0.3488938,0.95908356,0.9365356,0.42077044,0.39290395,0.9731239
6,112,7,visual,0.98829705,0.97963226,0.9802484,0.961218,0.48613366,0.9854351,0.9888646,0.9835377,0.9853301,0.9725526,0.500704,0.9887868,0.98348075,0.9781239,0.9736366,0.47381213,0.97948253,0.97025543,0.972158,0.49517298,0.98276836,0.98465014,0.4450431,0.97578055,0.96029884,0.49559432,0.5083054,0.9828655
6,112,8,visual,0.986245,0.9821162,0.9842408,0.9498603,0.44319353,0.98519033,0.98652023,0.98896015,0.9890823,0.95806074,0.42450422,0.98846334,0.975588,0.9863813,0.9598269,0.40625983,0.976417,0.9672207,0.9674876,0.41993043,0.98420733,0.98097676,0.42974904,0.9572758,0.95864606,0.44942865,0.45522398,0.9869818
6,112,9,visual,0.97475874,0.98360544,0.97685874,0.92865723,0.37428826,0.9841974,0.9820896,0.97667146,0.9683621,0.9242176,0.36303788,0.96641946,0.9692065,0.97284603,0.9359519,0.35711104,0.97719437,0.9700382,0.9364349,0.37348476,0.9748154,0.981457,0.2973761,0.9418288,0.9396913,0.36522773,0.3910386,0.9789185
6,112,10,visual,0.89807415,0.9270995,0.93673295,0.8519633,0.28905392,0.93412715,0.9484711,0.95948046,0.9679899,0.9385046,0.286762,0.8990156,0.9174639,0.9613797,0.9187596,0.26597762,0.92037106,0.93400294,0.9036108,0.30536106,0.89833856,0.9292433,0.32041296,0.89475286,0.90470403,0.32112294,0.3259406,0.98390627
6,112,11,visual,0.9359778,0.9490391,0.9477221,0.8781168,0.33450294,0.9500221,0.96697557,0.956825,0.9780509,0.93654335,0.26632395,0.91036314,0.930797,0.950501,0.91226125,0.2817629,0.9217072,0.9350131,0.8993018,0.26027304,0.90670156,0.9290617,0.28698072,0.8969612,0.9057544,0.34960955,0.3104599,0.97923905
6,112,12,visual,0.98101807,0.97785825,0.977165,0.9613937,0.285348,0.980835,0.9891312,0.9883492,0.9938808,0.9745238,0.260847,0.9823107,0.9885211,0.980959,0.9716095,0.30911896,0.98083216,0.982712,0.9732248,0.25689977,0.9755969,0.9885779,0.30515984,0.97636366,0.97154933,0.29105288,0.27623987,0.98265994
6,112,13,visual,0.8458686,0.9540155,0.8253129,0.88575417,0.3293153,0.8192355,0.9458332,0.91389674,0.98776364,0.8856236,0.44776043,0.963601,0.9068227,0.9007289,0.9408098,0.4071729,0.8873763,0.9884412,0.87672454,0.45922577,0.9500387,0.89289206,0.4062939,0.88234437,0.94573975,0.41904885,0.38583913,0.89538133
6,112,14,visual,0.9874468,0.9697787,0.9852502,0.9440046,0.3822801,0.98354244,0.9897313,0.97697073,0.98620427,0.9619704,0.38580775,0.9844405,0.989323,0.9829434,0.93336755,0.3727426,0.9625948,0.976353,0.9418585,0.3826901,0.9687314,0.9874163,0.35639232,0.9577463,0.9536866,0.35756332,0.36433876,0.98943806
6,112,15,visual,0.9894813,0.9867485,0.9694228,0.9488424,0.24489655,0.9901123,0.9853553,0.9916817,0.97843385,0.9491777,0.22082351,0.9862617,0.98565155,0.97777253,0.94264084,0.20953481,0.9853115,0.9814573,0.9445955,0.19747193,0.9672933,0.98359156,0.21044615,0.95171195,0.950993,0.25397825,0.24091142,0.9863646
6,113,1,visual,0.988516,0.9890327,0.9836496,0.95430505,0.30012333,0.9878867,0.9880064,0.9912004,0.992822,0.9607751,0.27785704,0.98809326,0.98607767,0.9875568,0.9524519,0.27974963,0.9858111,0.98569316,0.9577982,0.2603997,0.9866146,0.9879003,0.28484222,0.9643946,0.96528375,0.27334708,0.2928565,0.99310344
6,113,2,visual,0.98871315,0.98784375,0.9827142,0.95164996,0.33808282,0.9836217,0.9878652,0.9862249,0.99133396,0.9550895,0.3211764,0.98556024,0.990374,0.97705525,0.9514731,0.32698357,0.98256433,0.97886515,0.9567555,0.31419894,0.9730946,0.9869286,0.28036723,0.95552474,0.95593,0.30989796,0.31120038,0.9885571
6,113,3,visual,0.9870332,0.983778,0.97153896,0.9102079,0.26322058,0.9832496,0.98669106,0.978201,0.9852455,0.9224321,0.28224024,0.98309207,0.9900521,0.96859443,0.8931656,0.28994796,0.98645025,0.97839516,0.9280093,0.26827824,0.96943206,0.98218834,0.23211859,0.91836286,0.9298939,0.30164012,0.2816312,0.98866606
6,113,4,visual,0.9820056,0.9811555,0.9714668,0.927295,0.35410225,0.98613113,0.9875701,0.98823667,0.984401,0.936686,0.32714635,0.97892874,0.97986025,0.9697072,0.9175733,0.33669832,0.9822225,0.9728698,0.95471317,0.3067058,0.9676258,0.975621,0.2936417,0.92259693,0.92629737,0.37357914,0.34876528,0.98528874
6,113,5,visual,0.99043053,0.97270125,0.9890446,0.95985997,0.4172485,0.98830384,0.9918583,0.9817976,0.9903189,0.95879203,0.3892044,0.9886115,0.98686475,0.9729025,0.9212485,0.36365026,0.97723395,0.9623003,0.9632049,0.38664803,0.9871671,0.9884045,0.3869579,0.9635162,0.9630425,0.4056537,0.42836425,0.986723
6,113,6,visual,0.9871116,0.98959744,0.98181677,0.9470556,0.32192013,0.99077857,0.9912196,0.9849433,0.98645693,0.94573724,0.3125709,0.9868735,0.99206424,0.9877254,0.9451884,0.31531164,0.98880947,0.9899716,0.9545245,0.2953766,0.98399997,0.99039674,0.24381,0.9514563,0.9503906,0.3144367,0.31067684,0.9896793
6,113,7,visual,0.97875893,0.9555068,0.9642744,0.9126328,0.20553198,0.984567,0.96516174,0.97246945,0.98641104,0.91067487,0.21019796,0.97820234,0.97468287,0.9705095,0.8726442,0.19448128,0.96674275,0.9507197,0.9107133,0.22274391,0.9695694,0.9731554,0.3228749,0.92825955,0.91861486,0.23151736,0.24519724,0.97158295
6,113,8,visual,0.9815635,0.9792909,0.980979,0.94545984,0.34115252,0.9854899,0.99246526,0.9752636,0.99170154,0.9512042,0.33021164,0.9787845,0.98802614,0.97789204,0.94321066,0.3550116,0.97461504,0.986631,0.9558479,0.3488177,0.97495204,0.9861232,0.34609988,0.96053755,0.9519347,0.35199475,0.34142804,0.9891873
6,113,9,visual,0.98990506,0.98867404,0.99063814,0.9604471,0.32736197,0.9922192,0.9919177,0.9930272,0.9935417,0.9648683,0.34407115,0.9932804,0.9889911,0.989654,0.9686231,0.33064178,0.9905199,0.9827918,0.9577491,0.34378514,0.9927842,0.99194825,0.3029414,0.9655462,0.9520627,0.3451322,0.32592592,0.9875945
6,113,10,visual,0.9901013,0.9870828,0.9870318,0.9652026,0.50545895,0.99274987,0.996379,0.99599665,0.994304,0.97259283,0.4937833,0.9923011,0.98829436,0.9929398,0.97366595,0.49611178,0.9920467,0.98743904,0.97725165,0.511029,0.98959464,0.9888268,0.527127,0.9767235,0.96695733,0.50024396,0.51190615,0.99335986
6,113,11,visual,0.9821142,0.97467,0.97994626,0.919303,0.20775846,0.9862408,0.9894547,0.98316103,0.9897741,0.94011223,0.23652764,0.97363037,0.9821591,0.98321635,0.9148223,0.2583334,0.9634245,0.96807516,0.92957896,0.24427916,0.97096986,0.9831876,0.22744377,0.9275163,0.92379564,0.23442747,0.20903061,0.9869514
6,113,12,visual,0.9874089,0.97989947,0.98143643,0.9435043,0.23214205,0.99135065,0.9947586,0.9877272,0.99331504,0.9575022,0.24206816,0.9854915,0.9905726,0.9849799,0.95527095,0.25067544,0.98666066,0.98055,0.9545797,0.2708543,0.97959125,0.98720723,0.27982405,0.94885296,0.95085305,0.25040984,0.25818577,0.9891348
6,113,13,visual,0.9894474,0.9808996,0.9708664,0.9204945,0.18247418,0.98650163,0.99379903,0.9840812,0.98091394,0.93581307,0.1613516,0.97790444,0.9878298,0.96762764,0.91635907,0.1617096,0.976737,0.9766296,0.9148448,0.16521637,0.9558399,0.96772075,0.099132165,0.93004787,0.9281901,0.18277022,0.17266223,0.9848236
6,113,14,visual,0.98986167,0.979869,0.9816538,0.90282774,0.24347591,0.9870484,0.98510116,0.9758886,0.9838195,0.91712266,0.25854883,0.9862252,0.9870475,0.9813807,0.90113086,0.23725794,0.96750015,0.97516257,0.9234277,0.23909903,0.9789615,0.9809892,0.1788426,0.92107177,0.9175407,0.21699427,0.23535006,0.98715115
6,113,15,visual,0.96150434,0.98683965,0.9829289,0.9530233,0.24231017,0.9900549,0.9941213,0.9673791,0.9645776,0.9216087,0.2632735,0.96320754,0.9572134,0.9807246,0.9392664,0.2147417,0.97570443,0.98105156,0.9602064,0.2370668,0.9769071,0.98414505,0.26197395,0.94956416,0.95323205,0.2575097,0.23758443,0.98513424
6,114,1,visual,0.9555007,0.979677,0.96118635,0.8758912,0.33999225,0.98675257,0.9812446,0.9674227,0.9738498,0.83473444,0.37532988,0.9512929,0.9607576,0.96194375,0.85195184,0.3450563,0.970273,0.9807643,0.8747524,0.3529721,0.96290284,0.9671165,0.28542015,0.881277,0.86152303,0.35834625,0.372848,0.98341084
6,114,2,visual,0.97183484,0.97584283,0.9521982,0.92529315,0.27660546,0.9851061,0.97775924,0.97770166,0.9760136,0.9204768,0.25445953,0.976222,0.9747834,0.9653995,0.90889186,0.30896327,0.98048913,0.97739804,0.9267213,0.27932104,0.9589086,0.965004,0.26358077,0.9338772,0.929462,0.27058417,0.2883546,0.98472977
6,114,3,visual,0.9839789,0.9719339,0.9796294,0.9549924,0.26058447,0.9834699,0.98383677,0.9773585,0.984349,0.9569903,0.24290115,0.9797383,0.9750165,0.9785918,0.9568639,0.22085176,0.97578746,0.9662652,0.9651014,0.21825898,0.97328854,0.97574884,0.20339856,0.95350856,0.94249207,0.20933145,0.22615953,0.98862207
6,114,4,visual,0.9660954,0.9827442,0.9793541,0.9241328,0.29702273,0.9819104,0.98839796,0.96715796,0.9601835,0.92265457,0.22572824,0.9759571,0.9655359,0.9715466,0.9400359,0.27072322,0.97799927,0.97488993,0.95235085,0.26372713,0.97938365,0.98288584,0.24172917,0.9480708,0.9341135,0.25518116,0.2761502,0.9851701
6,114,5,visual,0.988587,0.9851034,0.9856739,0.96570295,0.2519252,0.9863667,0.990228,0.98598355,0.99386024,0.96816784,0.25407514,0.9862422,0.9907552,0.97625095,0.961454,0.24975912,0.98542315,0.98194623,0.9620381,0.28166085,0.97913,0.9887799,0.24402604,0.96539915,0.96898276,0.26331753,0.2551184,0.9875403
6,114,6,visual,0.98448765,0.98361313,0.9854236,0.9614039,0.17938031,0.98742706,0.98643374,0.988431,0.9913219,0.9496158,0.15729499,0.98361367,0.9867188,0.9850833,0.94474536,0.19041707,0.98949254,0.9857999,0.9385593,0.15078896,0.9798364,0.98768044,0.18780057,0.9689804,0.95151037,0.18834092,0.20736387,0.98697615
6,114,7,visual,0.9895839,0.9845504,0.98386735,0.9466142,0.23881784,0.99127,0.99308336,0.98702246,0.98784584,0.942262,0.2702322,0.9844203,0.9888874,0.9903363,0.9237826,0.25489667,0.97548366,0.9862518,0.93122894,0.27157947,0.9739611,0.9875317,0.2542019,0.94831574,0.9527072,0.23564722,0.25696334,0.9918698
6,114,8,visual,0.9792445,0.97062427,0.9723178,0.9316554,0.20785789,0.9822568,0.98566324,0.98413306,0.98988897,0.9508551,0.20453386,0.98997223,0.9925313,0.9893018,0.9191594,0.20537297,0.98387915,0.9811681,0.93333554,0.16657637,0.987631,0.9851973,0.20959342,0.9399249,0.9463114,0.2237648,0.22877699,0.99366313
6,114,9,visual,0.96443444,0.9723578,0.970312,0.9396352,0.27808788,0.98782283,0.9884789,0.9714286,0.9743044,0.9418854,0.20898935,0.95731384,0.9681554,0.9799457,0.92997193,0.24379273,0.9668618,0.978749,0.9407446,0.21517043,0.96940386,0.9838533,0.2811673,0.94590527,0.9537544,0.271967,0.2704779,0.9892375
6,114,10,visual,0.9713343,0.97719294,0.9743577,0.92197895,0.40367422,0.9886024,0.9884915,0.9771954,0.9800968,0.92881864,0.3888168,0.9686857,0.9637628,0.9660753,0.91257465,0.39564446,0.9775144,0.9670261,0.9371056,0.40398648,0.96552324,0.97620636,0.46706024,0.91635865,0.9306872,0.4016149,0.4260857,0.9802399
6,114,11,visual,0.9768805,0.98000556,0.9572241,0.9038417,0.23936373,0.97336966,0.98212236,0.985001,0.985969,0.92768425,0.2227896,0.9839633,0.984959,0.9698217,0.90472686,0.24227852,0.9812296,0.98366183,0.93081295,0.23990296,0.9664906,0.9738392,0.19292423,0.9230002,0.91869396,0.21177804,0.23774636,0.9863257
6,114,12,visual,0.9789106,0.9744199,0.97967315,0.9489658,0.24468134,0.98165756,0.98042864,0.97735715,0.98711646,0.95732373,0.20767966,0.98345166,0.98482347,0.9735822,0.93186975,0.22466163,0.9806449,0.97526705,0.9575852,0.202523,0.9829282,0.98866516,0.19640423,0.953603,0.95550364,0.20928442,0.22896604,0.9881695
6,114,13,visual,0.95668006,0.96666723,0.96790355,0.94112015,0.25032604,0.98292625,0.98389566,0.94743305,0.96101534,0.9386011,0.21167952,0.9635996,0.96054745,0.95527864,0.9437088,0.2166826,0.95841235,0.9568617,0.9538397,0.22598419,0.97337455,0.98194015,0.21768649,0.95390797,0.9547697,0.22245076,0.22880302,0.9901577
6,114,14,visual,0.9867574,0.9884556,0.98474157,0.9199025,0.17578653,0.9847567,0.987743,0.987181,0.98784447,0.92523044,0.17914087,0.97432023,0.98099923,0.9837986,0.93212545,0.17103316,0.986349,0.9795096,0.9308329,0.16191807,0.9709612,0.9854617,0.13961606,0.9233369,0.9098289,0.17862935,0.14121331,0.9754866
6,114,15,visual,0.9835499,0.98208886,0.9679894,0.9488686,0.25840315,0.98730445,0.9770414,0.9850553,0.9886026,0.967345,0.2600911,0.98833567,0.98665243,0.97090214,0.95805776,0.25600898,0.98938704,0.99076104,0.9634754,0.2731591,0.9771298,0.97889555,0.2789759,0.96276474,0.9599701,0.25229335,0.25326216,0.98799294
6,115,1,visual,0.98833793,0.97562116,0.98703575,0.9331019,0.26043317,0.9851519,0.98515385,0.967851,0.9860437,0.93185204,0.2724844,0.98606217,0.98215324,0.9719766,0.9252097,0.25757176,0.96839637,0.9734204,0.928233,0.29559264,0.98029304,0.98665,0.31543428,0.94177204,0.9399866,0.28923428,0.2908257,0.9894579
6,115,2,visual,0.98840797,0.986092,0.988158,0.96695423,0.38227564,0.97680485,0.9883942,0.9782899,0.98871607,0.9724198,0.38928628,0.97577256,0.9881005,0.98233014,0.97720224,0.4089271,0.9854844,0.990537,0.9666861,0.38233665,0.9749123,0.9882101,0.396988,0.98013353,0.97550464,0.43879706,0.42302433,0.99145055
6,115,3,visual,0.9780148,0.98054403,0.96456176,0.9467187,0.27107558,0.9902891,0.9894046,0.98261386,0.98362964,0.96365416,0.25099722,0.9735832,0.9795684,0.9828121,0.9533545,0.20981985,0.98482716,0.98775446,0.95818794,0.22343042,0.9705671,0.9792182,0.23470865,0.95017654,0.95266736,0.2449225,0.24653721,0.9926502
6,115,4,visual,0.97371155,0.9523296,0.9720828,0.9186688,0.24594606,0.97831035,0.9834018,0.97523373,0.98816067,0.94849557,0.2084349,0.9849921,0.9847624,0.9684017,0.92438394,0.21043968,0.9714241,0.9729688,0.945654,0.23927277,0.9753941,0.97623,0.21286216,0.93821585,0.9342592,0.24453843,0.21217448,0.9922926
6,115,5,visual,0.9922508,0.9799303,0.9828315,0.8969217,0.2719605,0.98848146,0.9865984,0.98117995,0.98727065,0.9122405,0.2881362,0.9928322,0.9864385,0.97752947,0.8855476,0.27688164,0.97730386,0.97788066,0.92063254,0.27255642,0.98567253,0.98595566,0.2380095,0.9259953,0.914927,0.27037835,0.25795478,0.99040174
6,115,6,visual,0.98591185,0.978232,0.97965026,0.92158043,0.24726975,0.98733777,0.98719203,0.9879554,0.9923302,0.9202615,0.22536916,0.98682874,0.9845211,0.9837657,0.9065362,0.19912434,0.9823947,0.9722875,0.9232112,0.20988092,0.979666,0.98125374,0.27642113,0.932591,0.9280302,0.22081003,0.23608364,0.9886978
6,115,7,visual,0.9859838,0.9781657,0.9778878,0.9474098,0.25533187,0.9844449,0.9858894,0.9842777,0.993228,0.96305597,0.23303285,0.98936325,0.9935642,0.98299885,0.93971795,0.25581685,0.9765337,0.9829696,0.9587082,0.24881239,0.98177314,0.986671,0.21016562,0.95943594,0.961144,0.26143757,0.2289642,0.9898892
6,115,8,visual,0.9807972,0.97275823,0.9803447,0.950289,0.25424168,0.98539436,0.9870661,0.983551,0.9819541,0.9502398,0.24645342,0.99052066,0.98327315,0.9804958,0.924019,0.23712385,0.97451395,0.9623368,0.9462085,0.23708367,0.97748595,0.9770694,0.22791198,0.9583064,0.9629876,0.26602736,0.26919356,0.9898866
6,115,9,visual,0.9883752,0.97822577,0.9840483,0.91131204,0.23445863,0.9899412,0.9930034,0.9761276,0.9908901,0.8960277,0.21443555,0.9860883,0.99311465,0.9739528,0.88296145,0.2490453,0.97045654,0.9783279,0.90360224,0.25605023,0.98302406,0.9899857,0.27188933,0.91534674,0.9082418,0.2398816,0.24277419,0.99258924
6,115,10,visual,0.9894417,0.9892379,0.98313075,0.8900973,0.32304388,0.9926036,0.99057275,0.98557544,0.9864305,0.9105816,0.30849516,0.9869748,0.99133086,0.9857434,0.8903389,0.31739116,0.9863339,0.98938614,0.90147096,0.31818315,0.9815328,0.98535913,0.23587632,0.9149419,0.89506346,0.2948931,0.32017225,0.9884148
6,115,11,visual,0.9844761,0.9763973,0.97533476,0.9319394,0.33725533,0.9833694,0.9888853,0.9794281,0.98431104,0.9493328,0.33434713,0.99017215,0.9912483,0.9752681,0.9240016,0.29969916,0.97232705,0.9806213,0.95694315,0.32071352,0.9797462,0.9835519,0.30839148,0.951102,0.95035464,0.31600058,0.3280788,0.99260336
6,115,12,visual,0.98956525,0.9805843,0.9851332,0.90796965,0.21031919,0.98888475,0.9921936,0.9786248,0.9893637,0.9190695,0.21520859,0.9877275,0.9934873,0.975128,0.8770456,0.18270154,0.97479117,0.9805025,0.91187733,0.16708754,0.97650754,0.9915237,0.2367605,0.9237137,0.90996915,0.23000793,0.19661306,0.98867184
6,115,13,visual,0.98601246,0.9923397,0.9884906,0.9550217,0.3464099,0.9877212,0.99123,0.98529035,0.9869931,0.9630525,0.37077865,0.9848792,0.98198795,0.98238534,0.9523583,0.36245558,0.9869495,0.98447716,0.95782775,0.34658995,0.97603035,0.9879608,0.34510216,0.9664342,0.95993465,0.3580169,0.34371498,0.9871897
6,115,14,visual,0.9902805,0.98651457,0.98658377,0.95674497,0.24610579,0.9872402,0.9941847,0.98935515,0.99158037,0.9657346,0.2557161,0.983073,0.9917612,0.98460054,0.9583544,0.23631117,0.98292977,0.9835571,0.9535451,0.2622984,0.9705134,0.9902416,0.21983378,0.95136374,0.9555456,0.23131216,0.26744202,0.9825292
6,115,15,visual,0.98492515,0.98932546,0.98408324,0.9547118,0.34982607,0.9872795,0.99679685,0.9822921,0.9921017,0.9476876,0.30910936,0.9720882,0.98759806,0.9770118,0.94373196,0.34773535,0.9837428,0.9910985,0.95299107,0.33393386,0.9702121,0.9860715,0.3266028,0.963539,0.9565481,0.3417657,0.34514517,0.99009067
6,116,1,visual,0.98951644,0.98222303,0.9792998,0.970437,0.19326505,0.98787004,0.9906129,0.98763543,0.98850155,0.97032905,0.22686136,0.9883157,0.995069,0.98415893,0.9596117,0.24467619,0.98447675,0.9853489,0.9648237,0.23959298,0.97942364,0.9880491,0.1913365,0.9749694,0.9741911,0.22009254,0.22170146,0.99054223
6,116,2,visual,0.9553363,0.9605262,0.96231985,0.87659407,0.43050674,0.9691037,0.9761102,0.9774891,0.98034203,0.93372,0.4669163,0.97003096,0.978454,0.97400385,0.9066981,0.4423679,0.9785317,0.9851264,0.9156909,0.46571228,0.9679744,0.98515856,0.47173172,0.91570425,0.92246544,0.4094265,0.44743904,0.98809886
6,116,3,visual,0.949128,0.9528866,0.96115834,0.8939895,0.7612886,0.9663099,0.9790847,0.9650085,0.9785462,0.91544896,0.7505292,0.9646102,0.96295583,0.9567584,0.91124046,0.7246808,0.96355104,0.96397835,0.9170341,0.73705924,0.9563991,0.9668465,0.69662046,0.9396776,0.92543375,0.754218,0.74785495,0.9888644
6,116,4,visual,0.89619225,0.9181042,0.8902222,0.8504825,0.78659415,0.8889223,0.9521923,0.9687056,0.9874894,0.93525755,0.7673201,0.9747619,0.9620792,0.9587542,0.9223647,0.7945867,0.9532782,0.97400284,0.94902617,0.7722737,0.9761608,0.95554763,0.7503577,0.9315493,0.93005383,0.74805546,0.78658426,0.962467
6,116,5,visual,0.93929267,0.95104754,0.9461878,0.89720196,0.6786749,0.95008385,0.97811556,0.9695647,0.98156726,0.96558976,0.6699421,0.9795978,0.9664272,0.9778349,0.93552846,0.67279714,0.9655569,0.96544236,0.95394444,0.67410386,0.96874183,0.97183746,0.63136816,0.9554501,0.94109505,0.67653424,0.6782129,0.9771813
6,116,6,visual,0.9732076,0.9670147,0.97153854,0.9223037,0.3572359,0.978485,0.9782411,0.97679734,0.99091196,0.94027585,0.34959096,0.97917837,0.98154163,0.970278,0.9393041,0.37090102,0.97315747,0.97504956,0.94902396,0.36079198,0.9785368,0.98474836,0.37312138,0.9651166,0.95958424,0.36106727,0.38271463,0.9903903
6,116,7,visual,0.96206695,0.96270823,0.96346164,0.921489,0.3686581,0.9823585,0.988564,0.97570825,0.98024434,0.9428643,0.43194944,0.9757391,0.97476816,0.96075976,0.93036646,0.43988642,0.97281986,0.97338307,0.9502393,0.3826203,0.9682085,0.9745032,0.39950714,0.93701154,0.9349785,0.38853472,0.370464,0.9902469
6,116,8,visual,0.829711,0.89007133,0.8704221,0.73357373,0.37899432,0.85358065,0.8975057,0.9412499,0.949887,0.8602922,0.38898984,0.9302153,0.91143364,0.9782523,0.85481966,0.39125356,0.9823675,0.9734228,0.8629069,0.35635388,0.96939826,0.9702,0.25846797,0.87142813,0.8232353,0.36425,0.38347006,0.96795976
6,116,9,visual,0.96090245,0.96274257,0.95468956,0.9512886,0.345708,0.9648763,0.97882015,0.9785174,0.985161,0.95816386,0.27923372,0.98004705,0.98095083,0.98362005,0.9490059,0.30460364,0.97292495,0.97815096,0.95210814,0.26249015,0.9745873,0.9814837,0.27081993,0.9562706,0.96667695,0.29553992,0.2965993,0.9864513
6,116,10,visual,0.9870216,0.98720783,0.9888391,0.96636343,0.4788671,0.9887775,0.9903904,0.98701215,0.9884016,0.9680563,0.4844476,0.9923292,0.99035835,0.98618364,0.9477929,0.49044055,0.9879185,0.9889913,0.9644777,0.47432962,0.98554677,0.9922032,0.45345134,0.9650598,0.9688404,0.47860453,0.48285875,0.992098
6,116,11,visual,0.79696923,0.871192,0.823964,0.7915637,0.5116152,0.7746805,0.9027992,0.91659015,0.9642049,0.9132535,0.607498,0.8846523,0.89847434,0.8899964,0.9070848,0.5308982,0.89238626,0.94065964,0.8866005,0.62292117,0.880203,0.9096994,0.5474195,0.8345535,0.8690938,0.61655295,0.5865351,0.90589625
6,116,12,visual,0.9463064,0.96766466,0.9502266,0.8691634,0.5937203,0.9716786,0.97190714,0.9671496,0.9883584,0.9204618,0.58511317,0.97268736,0.97728425,0.96975386,0.8905246,0.56594837,0.97011656,0.96790004,0.9215976,0.5900858,0.97231644,0.98388004,0.52812415,0.91638184,0.916272,0.6122496,0.6174981,0.9905185
6,116,13,visual,0.9855713,0.98416054,0.9841214,0.8552715,0.517223,0.9856597,0.9846092,0.97893614,0.9874369,0.85258317,0.5054506,0.98667616,0.9847347,0.9767317,0.8308523,0.49692068,0.9733291,0.9738495,0.86608684,0.5080408,0.98528785,0.9881329,0.41295388,0.87160367,0.8604968,0.5319078,0.5158307,0.9922109
6,116,14,visual,0.9791298,0.97155976,0.9647556,0.71682936,0.521254,0.97154295,0.9876164,0.97996515,0.9897571,0.76442915,0.5173484,0.98275006,0.98889166,0.96967,0.71735054,0.52143246,0.97764176,0.9830559,0.7709139,0.4863883,0.9739378,0.98199284,0.29860944,0.7749103,0.73855156,0.492139,0.5152754,0.983661
6,116,15,visual,0.97971493,0.98976004,0.97684443,0.84934384,0.44606727,0.9853183,0.99085593,0.98828787,0.9872951,0.85867333,0.44177678,0.9888856,0.9839714,0.9838811,0.85257417,0.4525668,0.98955095,0.9887865,0.8648062,0.4496239,0.9775812,0.9825059,0.41977978,0.8564732,0.8435192,0.45822513,0.4599434,0.9833751
6,117,1,visual,0.9818723,0.9637793,0.9742552,0.75158733,0.45274144,0.9736969,0.9864572,0.9546654,0.98992676,0.78730667,0.4661489,0.9799267,0.9768029,0.94756055,0.7135684,0.4198053,0.9440735,0.96334034,0.803948,0.46192417,0.9742783,0.9760724,0.47462258,0.7730217,0.75967973,0.50366026,0.48731282,0.9741759
6,117,2,visual,0.98298115,0.9810746,0.9741093,0.78750193,0.46003294,0.9887899,0.99026835,0.97426033,0.98655456,0.79463124,0.4490531,0.9810918,0.98979664,0.9684479,0.7553512,0.44858518,0.97243744,0.98175365,0.80424136,0.42863107,0.9689751,0.9833148,0.29563743,0.81021446,0.792207,0.45468765,0.4608559,0.9907907
6,117,3,visual,0.97525424,0.96821153,0.9747313,0.9065703,0.5099356,0.975893,0.97931814,0.9766232,0.983046,0.90843797,0.5100617,0.9655543,0.96074116,0.96185035,0.87958235,0.5297042,0.9621715,0.9565574,0.90125793,0.50569713,0.97194415,0.97455966,0.4230598,0.9037341,0.90003055,0.50784194,0.50850624,0.98997587
6,117,4,visual,0.89080846,0.94312537,0.9327611,0.8428721,0.5649433,0.9642915,0.97503716,0.9642555,0.9851492,0.94645834,0.49742076,0.9035215,0.92944527,0.9776073,0.9175225,0.54264593,0.969901,0.97910994,0.93441254,0.5087925,0.9360494,0.9634162,0.47258678,0.86460084,0.88181305,0.5886859,0.57477844,0.9886236
6,117,5,visual,0.94172037,0.9565692,0.95342386,0.8545972,0.5140387,0.97985923,0.98250425,0.9568488,0.97572374,0.89601237,0.5013141,0.9596188,0.96028167,0.96157664,0.87503576,0.53214145,0.97425395,0.9720365,0.9139371,0.53488225,0.9693941,0.9739986,0.45686,0.89426357,0.88640285,0.5246322,0.524966,0.99459296
6,117,6,visual,0.9780407,0.97695905,0.9707964,0.95117736,0.5265421,0.98721594,0.98768103,0.9882548,0.9870721,0.9537129,0.5424604,0.9834363,0.9892942,0.9819354,0.94112164,0.5752484,0.9777619,0.9848396,0.95269585,0.5187178,0.9745516,0.9862027,0.5059996,0.95031554,0.9426022,0.52445894,0.5350709,0.9890367
6,117,7,visual,0.98378015,0.9709477,0.97757906,0.95591825,0.48047045,0.9921959,0.99158365,0.98326796,0.9924107,0.9422151,0.43814307,0.98736614,0.9915608,0.9768824,0.9223526,0.4542088,0.97436994,0.97804976,0.9386033,0.42576444,0.980019,0.9850267,0.4623538,0.95676625,0.95327073,0.4468798,0.45225817,0.99451333
6,117,8,visual,0.87880623,0.8922498,0.8785382,0.81598336,0.37966353,0.8198296,0.9462078,0.9616717,0.9803295,0.92181474,0.4566024,0.9297758,0.94974613,0.962333,0.907461,0.4473327,0.924783,0.96576244,0.89231527,0.47036347,0.94278544,0.96131957,0.43196794,0.8529772,0.8692724,0.44505355,0.41392034,0.9123915
6,117,9,visual,0.87834495,0.88365835,0.89659995,0.87035173,0.51119745,0.8823934,0.8873374,0.9789811,0.9928045,0.9402507,0.55841017,0.99305236,0.98690563,0.9742717,0.91543937,0.5947113,0.9827923,0.9670089,0.93492335,0.54763985,0.9869341,0.9875657,0.5014582,0.92979527,0.9296719,0.5479413,0.5177194,0.98833334
6,117,10,visual,0.8055989,0.8413086,0.8029885,0.7891736,0.1975272,0.8083448,0.86550677,0.9789113,0.994563,0.9576766,0.43671295,0.9906343,0.9742144,0.98047954,0.95437366,0.41425735,0.9809246,0.9740403,0.96447384,0.44935367,0.9900069,0.9732162,0.4267488,0.9686451,0.9434313,0.4386841,0.39656472,0.9749835
6,117,11,visual,0.7578425,0.8598698,0.77870715,0.7207238,0.55275553,0.76392436,0.8532188,0.9311241,0.987843,0.95630085,0.435854,0.9704803,0.9400998,0.93607885,0.90256846,0.47699028,0.93021023,0.96262246,0.94489783,0.45776093,0.97051066,0.94729245,0.44526237,0.9375129,0.8925254,0.46693224,0.48683393,0.95023674
6,117,12,visual,0.83318025,0.8472139,0.8481041,0.87468797,0.3937965,0.8474517,0.91487473,0.9791921,0.98324734,0.9262719,0.41940552,0.9690419,0.9498195,0.98251814,0.921445,0.4214338,0.960128,0.9516839,0.9439563,0.45758697,0.9688096,0.9615085,0.44119757,0.94088745,0.9535088,0.4126876,0.44456387,0.96525294
6,117,13,visual,0.9416725,0.9395897,0.9349187,0.88620037,0.5494636,0.9374173,0.9467464,0.97561425,0.9862082,0.9333814,0.56567353,0.99037963,0.9896712,0.96981806,0.9160091,0.57674134,0.9681047,0.9704405,0.9250429,0.556879,0.97755116,0.98469883,0.5939768,0.944211,0.9338672,0.55133563,0.54496217,0.9913156
6,117,14,visual,0.96592224,0.9677608,0.9559445,0.9114869,0.52480656,0.97853714,0.9821822,0.9632221,0.99096173,0.9295206,0.56297004,0.97447,0.99190915,0.95331824,0.88568914,0.55907214,0.9769935,0.97202635,0.93406034,0.55150115,0.9629381,0.985445,0.50605714,0.9286671,0.9307117,0.5808467,0.5656529,0.9871218
6,117,15,visual,0.9939964,0.967341,0.9870807,0.9545915,0.42723218,0.98642987,0.9937895,0.9771924,0.9913005,0.9622697,0.42901397,0.99027145,0.99234873,0.9741083,0.9331227,0.42776358,0.9688573,0.96690315,0.96282244,0.43964878,0.98522604,0.9920634,0.43384704,0.9663709,0.95965207,0.45667204,0.44441593,0.9917834
6,118,1,visual,0.9734545,0.96921414,0.98120385,0.9307641,0.39658445,0.97851914,0.98328114,0.9532144,0.973283,0.9223073,0.4093995,0.9627368,0.96298385,0.96856415,0.9249963,0.4462265,0.98100543,0.97834444,0.9325978,0.39981,0.98383474,0.9864137,0.42212918,0.9474815,0.9298582,0.43563384,0.42819256,0.9839236
6,118,2,visual,0.9884728,0.9821944,0.9851474,0.9635166,0.41684872,0.9876585,0.988001,0.98143595,0.9898385,0.956772,0.4007898,0.9906351,0.9870535,0.9812599,0.9452833,0.4170135,0.9860539,0.97326565,0.9523251,0.37975192,0.99033594,0.99066705,0.41571438,0.9545307,0.95512027,0.40575197,0.40507987,0.9893342
6,118,3,visual,0.9662801,0.9595121,0.96205306,0.8942607,0.3215238,0.9599393,0.97125745,0.9616351,0.9811286,0.920015,0.3055547,0.98221475,0.97096926,0.96792716,0.8725297,0.32356077,0.9702642,0.9701684,0.91446686,0.3118381,0.97677433,0.9727047,0.27049,0.920587,0.89984375,0.29895988,0.32968116,0.97521985
6,118,4,visual,0.9838929,0.98395073,0.97994816,0.93354064,0.5259895,0.987113,0.98760015,0.9853763,0.99024177,0.93809634,0.50093776,0.991375,0.9914891,0.98491573,0.9344472,0.51459205,0.9889791,0.98734313,0.9426777,0.5158175,0.99087375,0.99398816,0.5173792,0.9501869,0.9435017,0.5166513,0.5184601,0.994689
6,118,5,visual,0.9901739,0.98446596,0.9843153,0.96841836,0.38206676,0.98231316,0.99007756,0.9914337,0.99199575,0.97209924,0.39579165,0.99099,0.99241143,0.9872521,0.9708787,0.41093677,0.99040365,0.99205804,0.9703929,0.42775017,0.9927843,0.9934223,0.4052834,0.9714018,0.9724042,0.42369536,0.42419168,0.9919853
6,118,6,visual,0.95997816,0.98405975,0.963146,0.8306435,0.49934405,0.9616135,0.9880043,0.96611625,0.97494274,0.86467725,0.5428847,0.9641303,0.9599674,0.968426,0.83622485,0.5393043,0.9581082,0.98904485,0.8733912,0.5478015,0.96925133,0.9703474,0.5344761,0.8871805,0.8354383,0.53158784,0.53304327,0.9667348
6,118,7,visual,0.9554294,0.9572932,0.9463362,0.66901344,0.54673666,0.95766264,0.95701563,0.96419924,0.98759294,0.6998931,0.56972283,0.9781519,0.96469915,0.9622186,0.6382686,0.5609482,0.9788182,0.9803917,0.7034839,0.55366474,0.9852814,0.9669181,0.47257265,0.6852366,0.6538572,0.555621,0.55072016,0.9773896
6,118,8,visual,0.88479954,0.9019383,0.8782142,0.7641338,0.49663797,0.8707708,0.91323185,0.95803744,0.9790559,0.80504876,0.51413846,0.971323,0.9582917,0.9519476,0.81288624,0.54006386,0.9774919,0.9736002,0.8242327,0.52123475,0.9660356,0.9565429,0.4426062,0.82459,0.7957535,0.5458568,0.536821,0.96892965
6,118,9,visual,0.9755279,0.97109824,0.9732199,0.872391,0.56992954,0.9770316,0.9851363,0.9802176,0.9900683,0.89385444,0.5896484,0.9840724,0.9810984,0.9825015,0.86678785,0.59376425,0.97629005,0.98041266,0.89648813,0.60629624,0.98443604,0.98669344,0.5789386,0.8815801,0.8760179,0.5807301,0.5862789,0.98940986
6,118,10,visual,0.9411757,0.9536803,0.93871784,0.88679737,0.46198738,0.93602943,0.9635146,0.9739925,0.98285025,0.9018836,0.47083795,0.97197545,0.9755774,0.9740552,0.9017837,0.49660245,0.9750049,0.9823898,0.9181688,0.49293682,0.97022384,0.9743524,0.46918088,0.91451657,0.9130259,0.46206862,0.4671905,0.9797566
6,118,11,visual,0.9520761,0.9586175,0.94651014,0.88038296,0.5695261,0.9550766,0.96618134,0.98148024,0.98647517,0.90781456,0.57074857,0.97963685,0.9800275,0.975962,0.8839355,0.550769,0.9783343,0.98398876,0.9194406,0.570269,0.9785575,0.9826554,0.57588667,0.91372234,0.9086953,0.57279533,0.5888754,0.98795587
6,118,12,visual,0.9787877,0.9765184,0.98768306,0.9732041,0.59312737,0.99282634,0.9953614,0.9772775,0.98424333,0.95064014,0.61087286,0.9771834,0.98149127,0.9855332,0.96589,0.6117358,0.98260933,0.9810095,0.9700037,0.58794266,0.9876169,0.9924305,0.58042264,0.9783508,0.97236377,0.59886056,0.59967065,0.99283475
6,118,13,visual,0.97550243,0.97091705,0.9733591,0.94450414,0.5147649,0.9810401,0.9898561,0.97918844,0.9866894,0.95712966,0.5079328,0.9713055,0.9820512,0.9710283,0.9602818,0.46186614,0.9658276,0.9707896,0.9506784,0.53577304,0.9614866,0.9804428,0.48396993,0.960684,0.9432356,0.5165852,0.52840054,0.9767346
6,118,14,visual,0.94553334,0.9506826,0.9302893,0.93531036,0.341851,0.94531995,0.9664867,0.9702118,0.9862842,0.9504837,0.4053883,0.9670265,0.97302365,0.9573439,0.93140984,0.38201135,0.9758462,0.9779545,0.949045,0.41193256,0.9589864,0.97199595,0.4004415,0.94053096,0.9577017,0.3807231,0.39305216,0.9822714
6,118,15,visual,0.9788662,0.9765826,0.9740239,0.94009,0.46940053,0.97993577,0.98823464,0.9830538,0.9909261,0.9623673,0.45237294,0.99152464,0.98641473,0.98202974,0.96305346,0.43590304,0.9893756,0.9903224,0.9672657,0.45684972,0.99051136,0.987588,0.39833578,0.96565515,0.95928204,0.44156927,0.4480275,0.9939905
6,119,1,visual,0.9933212,0.9843162,0.9877141,0.9579053,0.40247384,0.9895963,0.99237835,0.9874336,0.98944956,0.9556028,0.41336668,0.9882215,0.9895461,0.9844424,0.95293623,0.41224134,0.9860176,0.98497844,0.9630968,0.398307,0.9884488,0.9934207,0.4092014,0.9705642,0.95534945,0.43424955,0.41396567,0.9885908
6,119,2,visual,0.97806585,0.95727676,0.97434753,0.93808246,0.42027545,0.98844564,0.990364,0.97220016,0.99020284,0.95944774,0.4156191,0.98689157,0.9828096,0.97556937,0.9404005,0.39815167,0.96955276,0.96205515,0.94570464,0.42757356,0.9797429,0.9779717,0.4089138,0.963324,0.93867666,0.40227622,0.41803563,0.98584706
6,119,3,visual,0.9737127,0.9611518,0.9673556,0.9539034,0.38921595,0.9756372,0.98290414,0.98762584,0.9930668,0.9563167,0.3273003,0.9837126,0.98766875,0.97784346,0.9498578,0.31418702,0.97860986,0.97116315,0.9495231,0.33343944,0.97697634,0.98220897,0.35720143,0.96337456,0.95191103,0.3721276,0.35819763,0.986029
6,119,4,visual,0.93412614,0.9238827,0.92769265,0.85608417,0.64922374,0.9246877,0.95463604,0.9808528,0.9893128,0.93434376,0.67024803,0.9772983,0.97071236,0.9748827,0.9422855,0.6913434,0.97643816,0.9685843,0.93720686,0.6555993,0.96626633,0.9604549,0.67534405,0.9411613,0.92043215,0.6912861,0.68680423,0.97653437
6,119,5,visual,0.9740732,0.9759586,0.95971805,0.89857423,0.6138934,0.96397614,0.9675043,0.97392243,0.99006325,0.9267741,0.6778227,0.986286,0.9882097,0.95918006,0.9134647,0.6377475,0.96681476,0.96601564,0.92331415,0.71013886,0.9768727,0.9848556,0.66106397,0.9334322,0.9230057,0.6805207,0.69963294,0.9932143
6,119,6,visual,0.98356587,0.97420156,0.9757326,0.95347,0.47909647,0.9802023,0.9848557,0.9821912,0.9906456,0.95932204,0.46327278,0.98849463,0.98415875,0.9693142,0.9466609,0.49996576,0.9783964,0.9649138,0.97185,0.43657628,0.9856836,0.98554695,0.41548562,0.9702214,0.9690391,0.47184926,0.46723646,0.9889538
6,119,7,visual,0.95365036,0.9632763,0.9517642,0.9108938,0.3058412,0.9625027,0.975778,0.9723301,0.98163426,0.92769104,0.28795692,0.9744259,0.9768802,0.9709834,0.9131816,0.3024932,0.9797723,0.978248,0.92157567,0.2722256,0.97459316,0.98762286,0.31980625,0.9429772,0.93432313,0.29278386,0.28655803,0.9848343
6,119,8,visual,0.93385005,0.93247426,0.9223677,0.8940855,0.41802737,0.9178996,0.955926,0.97468525,0.98088104,0.9237761,0.45058054,0.9830633,0.9840368,0.9603021,0.92605686,0.4648534,0.9657695,0.97681195,0.91558206,0.4146306,0.97451407,0.9755297,0.43739256,0.9309422,0.9263782,0.44219437,0.4258801,0.98056763
6,119,9,visual,0.9522432,0.932257,0.94940114,0.91824037,0.2781006,0.9472109,0.97140855,0.9654103,0.9784702,0.9539884,0.27153206,0.98272926,0.98470676,0.9460843,0.9310517,0.34159532,0.971942,0.9689821,0.9576415,0.22727361,0.97790974,0.9802363,0.25990823,0.9625407,0.95573586,0.27658397,0.27889514,0.987815
6,119,10,visual,0.97695345,0.9771321,0.98887664,0.96435666,0.18111998,0.9924927,0.9886484,0.9537544,0.9835249,0.9609377,0.19694643,0.97381777,0.97542846,0.973224,0.9604776,0.21634243,0.97770834,0.97865707,0.9672948,0.18649492,0.98851097,0.99042004,0.18435808,0.963083,0.96135867,0.19818597,0.19763467,0.99493736
6,119,11,visual,0.9714422,0.9706524,0.98340493,0.946906,0.24019462,0.9895192,0.9868011,0.9760544,0.98352176,0.9502604,0.2752486,0.9772828,0.97716296,0.9806841,0.9442406,0.26814225,0.97432303,0.97386664,0.956021,0.25916716,0.9841292,0.9858002,0.25252342,0.9621963,0.9538673,0.24236386,0.23025812,0.9865858
6,119,12,visual,0.9603754,0.970068,0.9729695,0.9289553,0.3299385,0.9738024,0.97741175,0.97050315,0.984077,0.95002425,0.36239746,0.9725831,0.9673682,0.98663116,0.94145936,0.37896058,0.9843819,0.98090917,0.9498655,0.38809294,0.9838319,0.97814655,0.3325681,0.9584743,0.9492781,0.35879102,0.33299896,0.98609483
6,119,13,visual,0.97718364,0.9653875,0.9743437,0.9343058,0.26482022,0.9668829,0.97938997,0.98401356,0.9949283,0.9489996,0.26468918,0.98201567,0.9905881,0.9833129,0.9428353,0.29701787,0.9857235,0.9895358,0.95022494,0.2604589,0.9818334,0.99069375,0.2861985,0.9547225,0.9498457,0.26496094,0.25640348,0.98877215
6,119,14,visual,0.98473144,0.98522526,0.98879755,0.96947545,0.33299664,0.98976076,0.9955462,0.9856695,0.9857916,0.97363997,0.32703483,0.9855371,0.9873516,0.98907864,0.9703253,0.34420228,0.98880935,0.9886872,0.9780251,0.3355577,0.9864225,0.99257463,0.31575188,0.97620183,0.97528625,0.3273248,0.32211784,0.99306244
6,119,15,visual,0.98665476,0.9694287,0.9855452,0.94629484,0.4356789,0.989539,0.99174637,0.9808059,0.99155074,0.96273404,0.44113284,0.9926138,0.9911578,0.9802045,0.941535,0.46394485,0.9795719,0.9798257,0.95530826,0.4351257,0.9875906,0.98933667,0.4387277,0.96651083,0.9581893,0.43832296,0.45237488,0.9953907
6,120,1,visual,0.9875078,0.973976,0.9868304,0.929679,0.25484845,0.9919726,0.99483347,0.9821523,0.9897974,0.94219714,0.26597747,0.9861291,0.99153244,0.97806025,0.91684693,0.25075552,0.9794621,0.9782885,0.94038635,0.2358962,0.98842716,0.9906681,0.25228873,0.9302824,0.93216723,0.23685116,0.2413767,0.99325895
6,120,2,visual,0.98038834,0.9716062,0.986956,0.9453711,0.3125266,0.98136026,0.99373335,0.9708695,0.9900877,0.9558114,0.33705413,0.96931845,0.98329806,0.97489464,0.9463986,0.28549927,0.9594139,0.9738603,0.957174,0.33071396,0.9749872,0.99067336,0.34950736,0.9620104,0.9576187,0.3273332,0.33419022,0.98230743
6,120,3,visual,0.95275515,0.9773949,0.9764609,0.88692737,0.2640762,0.9880891,0.9885372,0.94554305,0.9706117,0.9118958,0.26558957,0.9676136,0.9661868,0.9748222,0.88917077,0.30804637,0.98055536,0.98031,0.93071896,0.28149813,0.9884996,0.9846771,0.316449,0.9125847,0.9058094,0.29273656,0.3150147,0.99518114
6,120,4,visual,0.99126476,0.97224027,0.9851068,0.9314309,0.47567362,0.98375607,0.98847103,0.97413284,0.99142003,0.9315502,0.462321,0.9869956,0.98861486,0.96407044,0.9073045,0.44453162,0.9731957,0.9683711,0.94753456,0.4412127,0.97942203,0.9867382,0.36664763,0.940726,0.95146745,0.43906376,0.4347938,0.9894051
6,120,5,visual,0.9865292,0.98151064,0.9829155,0.937443,0.2921761,0.98897785,0.99191225,0.9850121,0.9883852,0.94618803,0.32040837,0.9869896,0.98698866,0.98143727,0.93856686,0.2874698,0.9821129,0.9847701,0.94107324,0.30264688,0.9836203,0.9887427,0.35832894,0.94461685,0.94717866,0.31025246,0.31593266,0.9896961
6,120,6,visual,0.9800907,0.9690674,0.9775556,0.95955276,0.39365909,0.9812526,0.97833806,0.98044443,0.98801893,0.9776214,0.38766852,0.9928287,0.9841508,0.9761121,0.96279836,0.3894301,0.9805879,0.9813684,0.9716436,0.36679918,0.98923564,0.98204327,0.39062598,0.97782046,0.966432,0.39597377,0.40022004,0.9881006
6,120,7,visual,0.94672143,0.9627164,0.9417804,0.8837006,0.50556964,0.95213866,0.9730831,0.964799,0.9905454,0.9452688,0.4657345,0.9850068,0.97715443,0.95979637,0.90104526,0.48134044,0.9680093,0.96538126,0.9259123,0.46488318,0.9814624,0.9792595,0.4157564,0.94495803,0.92649996,0.44383705,0.4840703,0.98344624
6,120,8,visual,0.7853805,0.9022543,0.7894883,0.60202193,0.5233835,0.78285277,0.82445043,0.88311195,0.9716736,0.9080387,0.6295062,0.9837743,0.9724921,0.8986417,0.7291107,0.56836927,0.87174195,0.89914334,0.8929285,0.6195733,0.9642034,0.9659734,0.5554168,0.9065547,0.86157197,0.60372335,0.6229428,0.96927255
6,120,9,visual,0.6575478,0.8965893,0.7229935,0.46920088,0.40085396,0.6522005,0.7548683,0.8518771,0.9714744,0.89276797,0.41631535,0.9654109,0.9034663,0.9008443,0.6848681,0.4454752,0.8422772,0.89215976,0.86824775,0.41809264,0.947666,0.9253639,0.35392225,0.8784479,0.7903869,0.45334816,0.42677855,0.92999583
6,120,10,visual,0.8303824,0.9537517,0.90282124,0.65775096,0.6511689,0.8581655,0.9136729,0.9002565,0.96120965,0.892354,0.7008582,0.8461428,0.8730421,0.95403796,0.75127196,0.7069017,0.92365605,0.95388734,0.8159416,0.69253075,0.8960069,0.9325064,0.6766581,0.7137794,0.71259826,0.7320461,0.7112407,0.96040815
6,120,11,visual,0.8960677,0.95404756,0.9324763,0.80552685,0.5800921,0.91698796,0.9185004,0.93678415,0.97622174,0.92681277,0.5654142,0.89629287,0.9217782,0.9468772,0.8851805,0.62140566,0.93974364,0.94718903,0.87677366,0.54883677,0.8901092,0.9171661,0.6450413,0.8961156,0.8976805,0.65909845,0.65803766,0.9685541
6,120,12,visual,0.8664209,0.8949133,0.8597897,0.8445257,0.48910046,0.8861151,0.9461903,0.9510014,0.97305936,0.922209,0.4752102,0.92104346,0.9252415,0.9396916,0.91469926,0.53904414,0.95186996,0.9487026,0.8960195,0.48736054,0.9252257,0.9176777,0.47256362,0.89988637,0.88335365,0.57345235,0.529796,0.95534086
6,120,13,visual,0.926709,0.9282527,0.9432815,0.84957284,0.59772074,0.96647984,0.97890484,0.92995274,0.9822719,0.9362747,0.63770145,0.94075876,0.9486632,0.9466127,0.8764836,0.6761368,0.9426901,0.9257909,0.9088985,0.62347573,0.9432973,0.9531233,0.6625183,0.9002776,0.8827089,0.6507902,0.6060244,0.981247
6,120,14,visual,0.9428062,0.9521694,0.95818126,0.9057318,0.6169969,0.9414375,0.96657145,0.9777378,0.9711661,0.9270483,0.5911702,0.97906977,0.9776839,0.9719588,0.91471314,0.5961037,0.98337007,0.9774015,0.94239867,0.6209333,0.9672463,0.9807978,0.6969138,0.9243767,0.9343112,0.60063684,0.64130616,0.98169345
6,120,15,visual,0.9695012,0.9399084,0.96340454,0.9414937,0.6456933,0.9667893,0.9611766,0.96195936,0.9925864,0.9523833,0.6668562,0.97280174,0.9784295,0.9560868,0.9060932,0.64682376,0.9654896,0.97895104,0.9477407,0.6567019,0.9695007,0.9734398,0.6513024,0.9464351,0.9418397,0.6401386,0.666358,0.9847161
7,121,1,visual,0.4773221,0.7266155,0.5949095,0.5899473,0.49583426,0.44447857,0.66756785,0.67266697,0.5859894,0.4930088,0.3947034,0.50681174,0.64647055,0.7298855,0.65380204,0.54558814,0.64045954,0.8142946,0.5747073,0.6498167,0.5598146,0.75440806,0.4430469,0.6487648,0.8497965,0.33473945,0.5473179,0.7999063
7,121,2,visual,0.7287424,0.770184,0.7375591,0.54591036,0.21593234,0.36657065,0.70612174,0.8414469,0.7837905,0.660277,0.29699492,0.58548975,0.8541741,0.89452076,0.68676406,0.18880816,0.577104,0.86137414,0.6230306,0.14945488,0.4547566,0.77857465,0.3649869,0.6118635,0.7832041,0.23408984,0.35745096,0.75489426
7,121,3,visual,0.76397395,0.70946044,0.74846,0.62056524,0.42186153,0.409308,0.67908984,0.75170493,0.7422277,0.7198518,0.3988401,0.55140346,0.7986035,0.93391037,0.83825475,0.6535964,0.52718675,0.8868835,0.8144524,0.7194104,0.45807415,0.8676092,0.53265375,0.705222,0.9340966,0.30568933,0.5716963,0.6902631
7,121,4,visual,0.55657816,0.5884885,0.41261968,0.43897253,0.11532036,0.5299333,0.5634791,0.65986854,0.6475978,0.7789066,0.40406302,0.6142572,0.75486004,0.83418626,0.7362975,0.4722698,0.5856764,0.80340874,0.7163131,0.47044647,0.51549554,0.7503924,0.5135626,0.694691,0.87365484,0.21752493,0.44666654,0.8391545
7,121,5,visual,0.59153694,0.5008741,0.5558151,0.32129133,0.20170563,0.5105083,0.5258429,0.5982606,0.6044162,0.47830173,0.13291971,0.550975,0.59484476,0.858451,0.53937054,0.3016815,0.5608729,0.7373571,0.4451168,0.38390356,0.4576616,0.6763275,0.3337274,0.6772529,0.8656859,0.09396837,0.33665442,0.7354179
7,121,6,visual,0.55056745,0.5703502,0.4479876,0.39466512,0.3135973,0.50064975,0.4259651,0.4788589,0.49439466,0.6624042,0.48950383,0.3749046,0.5460964,0.85480833,0.6169566,0.3352756,0.70738065,0.7547269,0.56474775,0.35611495,0.68090206,0.7267567,0.25086707,0.60311055,0.8529218,0.19919638,0.2968663,0.81434447
7,121,7,visual,0.5293968,0.55758315,0.31340617,0.4904603,0.1485223,0.47184753,0.55732626,0.4166792,0.18841165,0.5719398,0.20345287,0.64132804,0.5558694,0.7872196,0.7159827,0.4679653,0.5904589,0.78235,0.6146787,0.42583767,0.48291764,0.71018004,0.2933402,0.75257516,0.89984304,0.12773643,0.24918827,0.836011
7,121,8,visual,0.5914287,0.6897582,0.62905276,0.35494217,0.4373056,0.47737387,0.51633435,0.69860345,0.70984036,0.709418,0.2107613,0.5946941,0.743396,0.83086485,0.65728986,0.27145076,0.64474994,0.7903992,0.6407423,0.2583442,0.5977774,0.7683494,0.13173595,0.76285547,0.8562777,0.068103485,0.11444616,0.883321
7,121,9,visual,0.4655595,0.48414177,0.46030927,0.40923852,0.22913554,0.4419466,0.52858245,0.5589356,0.50095797,0.53499377,0.52953005,0.6024015,0.6578947,0.82481074,0.54284936,0.3468928,0.6064743,0.7655067,0.41614193,0.450903,0.4134224,0.60022354,0.16927022,0.7390455,0.80337805,0.18004204,0.31259316,0.875181
7,121,10,visual,0.8167838,0.5827117,0.49374673,0.602929,0.23590264,0.47291076,0.5710178,0.62993664,0.6131107,0.6935381,0.12143112,0.6030844,0.6669657,0.7562408,0.8659857,0.21240544,0.7711248,0.8702697,0.6713665,0.104459524,0.6438787,0.69855326,0.3670018,0.8259606,0.9547049,0.27674064,0.36110538,0.9023941
7,121,11,visual,0.5125415,0.15843257,0.28687343,0.37243986,0.10798339,0.29369494,0.39236066,0.55428314,0.5074303,0.81225634,0.2987347,0.6167227,0.80608714,0.7933972,0.7436368,0.50014716,0.58111674,0.77576065,0.67824966,0.586529,0.4418396,0.6921906,0.34740067,0.75183326,0.919929,0.1267539,0.4064837,0.7827892
7,121,12,visual,0.6429777,0.78890914,0.45219952,0.7137687,0.19874224,0.51323897,0.7119017,0.72102726,0.69617784,0.77553123,0.3649928,0.5922216,0.81107455,0.6429312,0.674265,0.26350808,0.6634563,0.8205667,0.6425212,0.38887236,0.44687742,0.6847744,0.35305992,0.45946535,0.83033967,0.08224241,0.26923025,0.7298428
7,121,13,visual,0.49475098,0.71928793,0.6768487,0.5792398,0.45787814,0.47941282,0.6335991,0.67365813,0.64840996,0.576593,0.43564722,0.5653407,0.67742574,0.86372834,0.6554483,0.4458919,0.69760853,0.8263756,0.6023706,0.3756454,0.60442615,0.7407457,0.41391844,0.7531399,0.8721099,0.2572855,0.44247645,0.8712852
7,121,14,visual,0.7826291,0.7449973,0.66251785,0.7713596,0.3352432,0.5654893,0.7521144,0.7068454,0.72585595,0.68588275,0.3800319,0.61812365,0.72968,0.7696485,0.759089,0.26186705,0.81769735,0.89771914,0.5953555,0.38449848,0.6104469,0.69013137,0.4703302,0.6565622,0.87381434,0.27192166,0.35753435,0.8475477
7,121,15,visual,0.6728332,0.5098943,0.65249723,0.57433105,0.36252958,0.41469043,0.5180666,0.7120742,0.71601397,0.7293098,0.32779774,0.5614264,0.7323909,0.81042355,0.68473375,0.3124285,0.6434098,0.7657009,0.680982,0.4003279,0.5880094,0.73266786,0.41399854,0.7317848,0.8996539,0.2069237,0.33542106,0.8105852
7,122,1,visual,0.46954784,0.62009394,0.4045295,0.6675083,0.10785994,0.16888793,0.48437962,0.51259255,0.47372517,0.61208594,0.15221833,0.6027852,0.6775796,0.71753514,0.7722834,0.2021582,0.49709094,0.7986182,0.6695992,0.2984795,0.6234086,0.8080596,0.10277289,0.538472,0.807388,0.22678263,0.26444474,0.7959743
7,122,2,visual,0.6576161,0.67167825,0.6279088,0.5869668,0.4153069,0.48492032,0.6300552,0.6876023,0.6096518,0.5772104,0.33845392,0.5537513,0.69529283,0.7857752,0.7358337,0.37089342,0.7120977,0.82610315,0.74722004,0.42866457,0.5634146,0.76974326,0.39553028,0.7909126,0.8825254,0.28416392,0.4045926,0.8370475
7,122,3,visual,0.87554806,0.8425589,0.8929097,0.76347935,0.61810035,0.60943824,0.80167043,0.8744389,0.90475154,0.79528147,0.64383864,0.6686292,0.84713125,0.8853974,0.8377209,0.75844616,0.71369034,0.8989544,0.8327932,0.70428216,0.6082099,0.84186107,0.6716999,0.7943564,0.942877,0.54420644,0.72055775,0.832524
7,122,4,visual,0.61300135,0.68283325,0.57480466,0.27033103,0.13761716,0.5515179,0.54742616,0.6692811,0.74323916,0.59333867,0.34071234,0.73104256,0.786534,0.8042421,0.5866347,0.340563,0.62472254,0.76686484,0.68190384,0.3955548,0.6639867,0.8214372,0.5184995,0.6731673,0.8081812,0.18967088,0.3973284,0.8639013
7,122,5,visual,0.6449246,0.5755305,0.6913383,0.51731944,0.18983856,0.39422077,0.5680117,0.65582424,0.7187569,0.466287,0.10873285,0.54340553,0.6381287,0.8304734,0.6848828,0.16353042,0.72735685,0.8394066,0.67482466,0.2849182,0.71526307,0.83803236,0.27942646,0.67924356,0.80734336,0.11836929,0.29601735,0.8415293
7,122,6,visual,0.45075288,0.60769475,0.48566937,0.36445794,0.16856518,0.65536183,0.5657207,0.5799376,0.75537944,0.60242844,0.4778298,0.6214068,0.6975631,0.69681084,0.520971,0.3469931,0.70211333,0.7535166,0.5435189,0.5588289,0.57129437,0.7291755,0.37416035,0.69080156,0.8148255,0.2837639,0.44784728,0.86278
7,122,7,visual,0.78363955,0.62743336,0.5862142,0.6306105,0.45899597,0.49467024,0.6516407,0.7175735,0.72451967,0.7437489,0.56122553,0.6515383,0.7939908,0.8846959,0.86915845,0.7391469,0.7348069,0.90875256,0.8652033,0.8366598,0.63755286,0.88963604,0.71657276,0.71707666,0.88834035,0.52020824,0.73570836,0.80764776
7,122,8,visual,0.59841067,0.69639385,0.5261771,0.5283622,0.25102568,0.514997,0.59560674,0.6379506,0.6200542,0.6980506,0.32031527,0.6368983,0.7651261,0.7227623,0.71934557,0.44371876,0.6806889,0.8068064,0.7080691,0.58728623,0.53103894,0.72213364,0.45672888,0.7342259,0.82824624,0.25162756,0.44952622,0.8662605
7,122,9,visual,0.62081975,0.69470376,0.7311698,0.4994408,0.21726903,0.51571274,0.58146536,0.5125124,0.7297415,0.61121947,0.19546597,0.5391653,0.6914913,0.7153638,0.6959726,0.23695064,0.7547868,0.75392056,0.6678091,0.33759624,0.5472224,0.70087945,0.2953582,0.8367445,0.9045731,0.23026241,0.31221396,0.87612337
7,122,10,visual,0.5605685,0.76528007,0.74410695,0.61472,0.3978448,0.46845046,0.6316052,0.6181979,0.7851011,0.76934975,0.42852002,0.61931825,0.73586303,0.78725487,0.6870504,0.4563488,0.6813186,0.83387643,0.82759243,0.5802678,0.6230276,0.79667413,0.50359243,0.7904718,0.8335689,0.23634481,0.42034304,0.8743317
7,122,11,visual,0.64492345,0.78743446,0.72245866,0.557891,0.15233462,0.50247806,0.61783063,0.58461577,0.76127714,0.68897575,0.15570505,0.5704244,0.7027253,0.7749284,0.7342041,0.21610804,0.7426746,0.81002885,0.8815432,0.22860909,0.7346771,0.8287853,0.28229997,0.837407,0.9172778,0.22133708,0.23907275,0.9003821
7,122,12,visual,0.46115455,0.74225104,0.7436157,0.6414294,0.3093412,0.65402716,0.6819949,0.43355334,0.653687,0.6322714,0.110810146,0.58745444,0.63049537,0.6823636,0.6369529,0.31001723,0.72489065,0.76639396,0.79675967,0.2650552,0.7993029,0.7986353,0.24458344,0.89561915,0.9286543,0.1663321,0.2656598,0.9127787
7,122,13,visual,0.61833006,0.48873982,0.65282285,0.47104505,0.21742313,0.5359325,0.5035842,0.43018457,0.6902458,0.5628744,0.27184787,0.50904065,0.6315414,0.75555825,0.67994994,0.18643796,0.72051376,0.6907549,0.8012186,0.23784222,0.7931512,0.83605194,0.105411835,0.88184315,0.91786736,0.12628694,0.12054658,0.92244273
7,122,14,visual,0.4291098,0.64289856,0.7558278,0.6177284,0.15457417,0.5052142,0.64440924,0.32144168,0.68205434,0.55374557,0.3114276,0.41539884,0.5493239,0.6610099,0.6676671,0.21197525,0.60074157,0.7753382,0.76227,0.1372923,0.62859505,0.7706987,0.14351124,0.8760276,0.93449926,0.16946942,0.21555334,0.8617018
7,122,15,visual,0.58217454,0.76121986,0.7393036,0.4731248,0.42530358,0.6208433,0.6070179,0.6849258,0.72625434,0.56376046,0.50738126,0.628407,0.7565987,0.7903833,0.7013836,0.41458336,0.7999099,0.83467054,0.72280043,0.43332472,0.72288066,0.7848283,0.29644713,0.79600364,0.8480515,0.3053728,0.3707838,0.8982687
7,123,1,visual,0.5818349,0.694737,0.7364595,0.66541356,0.5392971,0.64727175,0.7635822,0.56688374,0.6595583,0.55614156,0.6045002,0.5433037,0.6710861,0.6422027,0.6456987,0.58053946,0.67939603,0.8037264,0.64707536,0.528161,0.68121374,0.7629202,0.39963195,0.8301381,0.86199975,0.2924128,0.4901516,0.8954367
7,123,2,visual,0.5964652,0.84481645,0.71010184,0.522451,0.15783118,0.56983787,0.655669,0.64012533,0.73755366,0.7044048,0.23886977,0.57856643,0.7807534,0.7738129,0.53979033,0.19889511,0.6068041,0.72173303,0.6257077,0.11416221,0.63406885,0.73532486,0.27435535,0.77571917,0.87007153,0.031000813,0.23645228,0.8283629
7,123,3,visual,0.5413431,0.74884015,0.76684666,0.5378296,0.26602992,0.5798787,0.6354509,0.5435789,0.69454247,0.46637332,0.07066282,0.43272522,0.5811667,0.7451509,0.7200395,0.23305626,0.7027569,0.8210842,0.6219897,0.2843968,0.6065467,0.7131043,0.29636133,0.8027309,0.88307697,0.13789186,0.29347947,0.84471184
7,123,4,visual,0.5051211,0.57687664,0.69137,0.7355157,0.19589663,0.5708159,0.7120641,0.361031,0.4756197,0.60837114,0.0657069,0.4232112,0.5787429,0.7553727,0.5208097,0.2229446,0.75846046,0.77951354,0.6705973,0.23595513,0.6792149,0.7916689,0.2529276,0.62956256,0.79337656,0.22443531,0.28668854,0.8742854
7,123,5,visual,0.47471032,0.737811,0.7823778,0.6152823,0.23714375,0.61344033,0.6900171,0.3772434,0.5627449,0.4632009,0.3448539,0.53966504,0.58861643,0.7721704,0.6736385,0.16737787,0.70059913,0.738016,0.7878078,0.32116228,0.77461493,0.84200543,0.30250505,0.8493611,0.92662156,0.12911335,0.31354693,0.88994545
7,123,6,visual,0.39305413,0.66518366,0.6483815,0.42376468,0.11914172,0.43417707,0.51808393,0.3297847,0.4482215,0.18502377,0.37330997,0.24926898,0.3319506,0.7958763,0.64412725,0.19439206,0.60573155,0.7271462,0.688098,0.075132154,0.70103663,0.8279481,0.26463193,0.7374369,0.89697087,0.11752844,0.26397598,0.81467855
7,123,7,visual,0.50664115,0.69617087,0.7292737,0.69166267,0.28778508,0.58512104,0.69794595,0.46442497,0.6320306,0.64761376,0.36506438,0.57723266,0.6730054,0.80284137,0.7024076,0.37724537,0.71147346,0.7595029,0.85436064,0.3268368,0.8219438,0.89520484,0.45088324,0.87730885,0.9456186,0.37363723,0.44269583,0.9208767
7,123,8,visual,0.57451236,0.7422882,0.648125,0.5499353,0.35724324,0.41038427,0.62545866,0.590552,0.6548531,0.6219284,0.3953905,0.45034137,0.6234955,0.7877629,0.6768895,0.40651613,0.4554331,0.78235584,0.8558859,0.53957903,0.6605478,0.915304,0.5035154,0.807609,0.93932664,0.32144412,0.5232615,0.7453931
7,123,9,visual,0.72007525,0.89533967,0.8015983,0.6500715,0.45667443,0.6606797,0.706469,0.7550658,0.82767856,0.80352247,0.4836176,0.7554672,0.8140589,0.8337613,0.6899514,0.45333388,0.69868124,0.761764,0.8707894,0.5542187,0.88358605,0.9197072,0.5773616,0.944248,0.9638675,0.49257684,0.53185827,0.9675634
7,123,10,visual,0.44240174,0.8066149,0.6738984,0.55181235,0.2727288,0.5710188,0.64856476,0.48413262,0.6886927,0.6069496,0.18886642,0.5946739,0.65607256,0.78709,0.7180108,0.3039049,0.6500325,0.7735986,0.8411652,0.24380441,0.70153236,0.83859193,0.32234,0.79811305,0.9298848,0.19236892,0.32528663,0.85805786
7,123,11,visual,0.7312606,0.87998056,0.8354401,0.8380292,0.49719673,0.7231452,0.83467734,0.73716694,0.6850791,0.7001712,0.60551375,0.60376304,0.80013853,0.84443825,0.93209165,0.6102111,0.79894745,0.8937968,0.81505895,0.49041152,0.6638423,0.79983646,0.58415425,0.8887312,0.9256876,0.49518818,0.6072239,0.8318456
7,123,12,visual,0.9372103,0.9906653,0.98814344,0.9483387,0.8907266,0.78614897,0.96335775,0.9409962,0.95859027,0.87213594,0.8537922,0.75637436,0.9065411,0.99081373,0.950852,0.8729744,0.8116325,0.96930283,0.9398411,0.8841326,0.78841674,0.9637194,0.8983893,0.8631401,0.9692007,0.7974844,0.9020089,0.8590465
7,123,13,visual,0.975531,0.9401985,0.9805507,0.93160313,0.88233864,0.8047249,0.9283035,0.9678966,0.98882633,0.9556373,0.85656,0.8243323,0.9508359,0.9593261,0.98009634,0.88610446,0.86756474,0.9805668,0.95876,0.8833483,0.8271432,0.9538823,0.8891891,0.8987132,0.9915255,0.79217964,0.9044718,0.90558934
7,123,14,visual,0.5322193,0.6475088,0.7784371,0.64550006,0.34424743,0.6229151,0.69389635,0.6179578,0.49501416,0.515405,0.21314709,0.4291926,0.5440642,0.790191,0.7095344,0.39845964,0.65939844,0.80105865,0.7208721,0.47961822,0.66579074,0.80996454,0.3108255,0.9230143,0.92938185,0.22693093,0.37988323,0.8710186
7,123,15,visual,0.30222315,0.6614106,0.8115462,0.58059835,0.06313282,0.6435518,0.61164963,0.33005133,0.2608385,0.40663722,0.19270264,0.37446067,0.4411363,0.8185791,0.76924074,0.09528166,0.8064509,0.86152345,0.69880503,0.023475315,0.7307496,0.77540267,0.2425602,0.8469565,0.8949611,0.076510936,0.18997028,0.8660913
7,124,1,visual,0.651624,0.7559864,0.8323464,0.65654856,0.6978944,0.40260223,0.65625745,0.627368,0.6402836,0.6160688,0.7062879,0.27294558,0.6049891,0.8956124,0.7774523,0.61845326,0.48672152,0.80988353,0.7363313,0.7134987,0.4558176,0.7904327,0.52787745,0.748028,0.9239984,0.16050741,0.5256299,0.75869447
7,124,2,visual,0.26798257,0.6864965,0.7396537,0.59237385,0.17375077,0.64623815,0.6485758,0.47373316,0.4621596,0.5768947,0.5187182,0.34820294,0.51628125,0.85688466,0.79555357,0.2790885,0.7053793,0.856286,0.8041009,0.35229135,0.6648865,0.8122828,0.27575696,0.8325228,0.93813807,0.104660474,0.2582409,0.881804
7,124,3,visual,0.43425697,0.7339364,0.7857667,0.51298165,0.47891504,0.5139384,0.5946583,0.63593215,0.6530911,0.69552076,0.28392047,0.4021901,0.64758873,0.9014911,0.77217436,0.32720956,0.65753,0.82454866,0.78574467,0.36192396,0.68484634,0.8422547,0.2928627,0.76213884,0.9053414,0.22530788,0.30257696,0.8432201
7,124,4,visual,0.627641,0.7416089,0.81010073,0.55823183,0.40352002,0.53080446,0.65497476,0.6414573,0.69357055,0.6805415,0.5109879,0.59599805,0.70705026,0.8608655,0.7620931,0.39844,0.6985221,0.8327415,0.73403966,0.38931543,0.64368093,0.80560106,0.32515073,0.8622179,0.94204175,0.15649037,0.3410978,0.8839203
7,124,5,visual,0.68190885,0.8101313,0.7369869,0.44852987,0.42419907,0.46600682,0.5638196,0.7090825,0.63409173,0.6165363,0.34388977,0.543216,0.6324269,0.83910006,0.611658,0.49994355,0.59724104,0.7282818,0.74900633,0.44282344,0.73673636,0.8469406,0.3631429,0.8980248,0.9261523,0.2742305,0.395017,0.9179904
7,124,6,visual,0.61003816,0.7083882,0.6432018,0.6772861,0.3262621,0.6258623,0.69384724,0.65528446,0.69621277,0.7629601,0.23076303,0.67541355,0.75059605,0.8584914,0.7790424,0.3881915,0.74161255,0.8573782,0.76241416,0.29137507,0.6523987,0.8051157,0.29193848,0.87535274,0.9314918,0.2674595,0.34452817,0.919701
7,124,7,visual,0.44383186,0.72136974,0.792149,0.5933926,0.09473963,0.7016585,0.76229095,0.39395246,0.54764295,0.5048843,0.5624322,0.3262475,0.5114755,0.7661793,0.6211327,0.120960295,0.72715586,0.8008999,0.70164055,0.25672638,0.6006689,0.81471616,0.32758057,0.7020153,0.8398583,0.060323942,0.2792082,0.81517446
7,124,8,visual,0.81437904,0.780613,0.72890896,0.5750901,0.48274264,0.54160136,0.6866145,0.85320854,0.8918163,0.71356314,0.4536187,0.62109417,0.8157277,0.90722126,0.7498856,0.30919465,0.6734896,0.8744651,0.7718344,0.30339748,0.62801903,0.84293664,0.2984928,0.8291595,0.8894226,0.29728594,0.30149037,0.85364825
7,124,9,visual,0.9913078,0.9917116,0.9941531,0.96933734,0.97703683,0.83086413,0.98090875,0.98375434,0.9909119,0.9648192,0.98374355,0.8207776,0.9761505,0.9916419,0.98446494,0.9712648,0.84873587,0.98981214,0.9746663,0.97532785,0.83692825,0.9891112,0.9580329,0.8745208,0.9872176,0.8120149,0.96318555,0.88027257
7,124,10,visual,0.99715894,0.9858123,0.99463415,0.9608042,0.96273416,0.79517514,0.976873,0.98658276,0.9961521,0.9635195,0.9680878,0.7997268,0.98150826,0.99221593,0.9850923,0.9815399,0.8214164,0.9921299,0.9746641,0.97583914,0.7984526,0.98646814,0.9607286,0.8389876,0.9903116,0.78850925,0.97027355,0.8461897
7,124,11,visual,0.5735956,0.7132698,0.6764044,0.5121688,0.42599759,0.6296804,0.71484715,0.49242723,0.59583807,0.56805265,0.38830844,0.50694567,0.66522163,0.73774886,0.6735252,0.3740157,0.75754404,0.8100423,0.8100224,0.5233937,0.7733025,0.8858463,0.4785448,0.84198445,0.86910516,0.3615243,0.47742432,0.89100933
7,124,12,visual,0.7856334,0.7648071,0.7786046,0.51670253,0.23786145,0.42009982,0.67672724,0.70294255,0.8209781,0.6340183,0.25804493,0.43471375,0.7347924,0.8459525,0.7213549,0.10265501,0.6872765,0.8560992,0.77498806,0.200645,0.65509176,0.89824146,0.31502438,0.87498146,0.8991373,0.18984288,0.2190244,0.8278852
7,124,13,visual,0.81329113,0.8330641,0.7177751,0.61221784,0.51828504,0.6008486,0.73197126,0.7407736,0.6570629,0.5852685,0.46377698,0.54390836,0.70258784,0.83616763,0.72775143,0.51032716,0.7422504,0.836732,0.85256773,0.47012892,0.821545,0.9048338,0.43501794,0.90575415,0.89910394,0.34478602,0.4976636,0.8805656
7,124,14,visual,0.74943733,0.63741297,0.6430407,0.54017735,0.33867964,0.59287554,0.67555386,0.52354264,0.67847705,0.68487155,0.3287667,0.54762995,0.71815795,0.7323648,0.5822894,0.44254166,0.6611982,0.73188615,0.7270147,0.39840996,0.6274015,0.784829,0.45288667,0.77414197,0.88397574,0.3841327,0.4888003,0.88851905
7,124,15,visual,0.6768305,0.78620785,0.86663586,0.55865437,0.3214238,0.43553457,0.62905586,0.49623886,0.71159816,0.60441947,0.48875982,0.4339169,0.6211562,0.8129675,0.71082896,0.36982486,0.6122404,0.7776894,0.7576508,0.35655323,0.5898784,0.8072558,0.34788126,0.80669105,0.94711894,0.083908424,0.38136405,0.8052761
7,125,1,visual,0.78965783,0.8056712,0.77950734,0.5373396,0.40004036,0.40711144,0.6369229,0.7322644,0.7564254,0.6120311,0.5143286,0.41694924,0.7223552,0.8430503,0.6650215,0.46515247,0.573297,0.8012817,0.7848361,0.5082643,0.62244964,0.85223913,0.51400256,0.78515863,0.87840647,0.21254428,0.48820132,0.78518534
7,125,2,visual,0.70985085,0.7842056,0.7689982,0.70466864,0.4092646,0.38600683,0.6730725,0.7960816,0.8689717,0.7823154,0.456497,0.43500948,0.81479084,0.86692286,0.7652351,0.44162205,0.5963743,0.83013636,0.83506143,0.5082875,0.53877276,0.8645281,0.40108988,0.58702,0.88003653,0.3656216,0.4994864,0.70462734
7,125,3,visual,0.6330463,0.5769644,0.6038221,0.7439757,0.16048956,0.39059094,0.64278394,0.771464,0.8046951,0.6972024,0.431477,0.54778165,0.75063163,0.692872,0.5922641,0.44067875,0.67695534,0.8120317,0.66388863,0.28229266,0.4581157,0.7102221,0.25142145,0.57428205,0.7963921,0.25091574,0.30533865,0.8092112
7,125,4,visual,0.6554371,0.82172316,0.8278031,0.7354693,0.440479,0.37223676,0.7601886,0.5831454,0.7623569,0.79255635,0.4893374,0.32618305,0.6696573,0.79510635,0.80357456,0.52040434,0.47436386,0.8749744,0.8154783,0.50509965,0.39156315,0.82370365,0.59591085,0.45793557,0.8621922,0.18591432,0.5313149,0.6467766
7,125,5,visual,0.46797866,0.7497542,0.7124659,0.6396797,0.39958987,0.53748685,0.69763374,0.40872926,0.5528857,0.43904498,0.31147182,0.35280478,0.49704587,0.7664785,0.67635417,0.33577752,0.44776455,0.72177935,0.7183315,0.25479904,0.5082958,0.7498249,0.35257918,0.6755598,0.8880223,0.2449007,0.39609876,0.7717901
7,125,6,visual,0.79228663,0.83676827,0.8181138,0.58342946,0.26226005,0.41441357,0.6432828,0.81057763,0.7625344,0.68545496,0.286261,0.49546742,0.7409334,0.87003917,0.7690267,0.24586073,0.5314246,0.8047505,0.7783941,0.2643642,0.5435435,0.7937513,0.41712683,0.73086625,0.9430352,0.22139,0.34846556,0.7775817
7,125,7,visual,0.7957143,0.7413028,0.67477906,0.48560882,0.20143652,0.23098941,0.6235129,0.74765474,0.61471343,0.45570523,0.12270671,0.3360875,0.6293753,0.6143417,0.5802171,0.14835031,0.38854927,0.7657777,0.31162623,0.26801416,0.2519101,0.62318814,0.18395941,0.52686685,0.74738115,0.111920685,0.20721783,0.63581157
7,125,8,visual,0.5278557,0.7447839,0.59290546,0.51437294,0.23112635,0.35283107,0.6266142,0.42918104,0.5986989,0.28145176,0.25381824,0.3153406,0.52631366,0.68432605,0.65616024,0.2919156,0.5262839,0.77808213,0.5788097,0.4063167,0.5345314,0.7477176,0.3499741,0.62198734,0.7959502,0.23428015,0.37040514,0.78663707
7,125,9,visual,0.71211964,0.82280433,0.8380348,0.7002333,0.36741185,0.5257723,0.71819144,0.64046097,0.74222815,0.7025144,0.4479262,0.43703005,0.6659149,0.8181253,0.7961999,0.440791,0.60846734,0.8094051,0.8394539,0.48284683,0.6200377,0.8421535,0.53868073,0.69555014,0.91824853,0.27467996,0.53183514,0.80218035
7,125,10,visual,0.54418045,0.8122234,0.72493523,0.71857375,0.5046794,0.7355101,0.7807513,0.45662823,0.7106361,0.809397,0.38327903,0.6875585,0.750181,0.59563357,0.6318642,0.6008927,0.60492945,0.6842994,0.79643667,0.38718697,0.8337156,0.84695065,0.42710605,0.87547517,0.9641753,0.36102822,0.47306362,0.9285426
7,125,11,visual,0.6139018,0.8817909,0.7911599,0.7071805,0.27166495,0.41184875,0.70089036,0.5425016,0.7198114,0.7237459,0.25453967,0.52938104,0.7772772,0.77813333,0.72315675,0.35562408,0.39329374,0.70314133,0.86651284,0.25754422,0.623774,0.858965,0.3594914,0.6593823,0.9253008,0.04677329,0.30009544,0.77065116
7,125,12,visual,0.8106315,0.74143296,0.6551852,0.6151017,0.4660451,0.54440033,0.6691483,0.7106379,0.691961,0.61424226,0.6285607,0.4883624,0.68184006,0.7668363,0.75178903,0.32656696,0.70903635,0.8785413,0.8264431,0.35605642,0.6544164,0.832988,0.4062785,0.66917145,0.8623669,0.17210728,0.35091156,0.82300085
7,125,13,visual,0.73925763,0.7592186,0.7986536,0.7636869,0.332765,0.63632596,0.793484,0.7510209,0.8036702,0.7070954,0.4097824,0.6255988,0.78055036,0.7299692,0.7978087,0.38249198,0.80061674,0.88833785,0.7781869,0.2547348,0.6653239,0.8159318,0.24211697,0.81881624,0.92989236,0.2798174,0.29165387,0.86449146
7,125,14,visual,0.7765206,0.8169592,0.8430824,0.8206998,0.38260394,0.6109385,0.76872104,0.7461085,0.7810413,0.8592938,0.3567213,0.6024949,0.77254677,0.8418421,0.8203435,0.35431305,0.5911666,0.7777183,0.88625693,0.35751912,0.65525407,0.83831656,0.28954187,0.7596571,0.91987455,0.23376855,0.31357494,0.88581765
7,125,15,visual,0.85129386,0.8192518,0.8394127,0.67522967,0.40085846,0.37252167,0.65861267,0.8176207,0.91376233,0.77012616,0.350011,0.4815187,0.7905276,0.8407933,0.81851935,0.33903435,0.4614849,0.77881545,0.7877787,0.3891638,0.47252607,0.79350525,0.31396362,0.70137954,0.9188198,0.18254344,0.34176567,0.7997326
7,126,1,visual,0.8959741,0.8392794,0.8462922,0.7202286,0.7187154,0.43818864,0.7951288,0.85113543,0.871015,0.7909914,0.7717584,0.42145512,0.85344577,0.86272424,0.77721024,0.76061594,0.45911935,0.85058963,0.83730996,0.8214366,0.35692945,0.83051956,0.7307478,0.5476168,0.8710028,0.18715633,0.67895186,0.6493439
7,126,2,visual,0.9560412,0.94301474,0.91836727,0.83417845,0.5131225,0.5678101,0.85365766,0.9574026,0.93972087,0.8876081,0.5389391,0.6417925,0.91034216,0.9335861,0.89613307,0.5907799,0.6380935,0.8989236,0.94643664,0.55073863,0.6679808,0.93237305,0.52970445,0.7757552,0.96212,0.36936182,0.520303,0.80737436
7,126,3,visual,0.8443917,0.86985564,0.76723796,0.7842478,0.32291433,0.6106101,0.76461846,0.8050687,0.78656983,0.7905267,0.39235413,0.54685307,0.7415384,0.8496388,0.8351927,0.2567924,0.7112737,0.8597274,0.8962124,0.27023014,0.7267564,0.8886269,0.25779548,0.7696155,0.8891362,0.105407685,0.23220421,0.88054556
7,126,4,visual,0.71980095,0.8527319,0.7920683,0.56406134,0.5803218,0.5561742,0.70758677,0.78265506,0.7548594,0.58833915,0.4699176,0.44747704,0.733601,0.8915954,0.6784483,0.5398873,0.6038195,0.8207247,0.70988196,0.4828382,0.64650893,0.8761751,0.2885177,0.7736245,0.8291593,0.25787324,0.38277283,0.8049198
7,126,5,visual,0.8405579,0.8245112,0.7317857,0.63063276,0.06622484,0.5821016,0.6635909,0.78561115,0.7527767,0.64074874,0.19266352,0.5267308,0.7103723,0.8653051,0.77667624,0.15417032,0.6308951,0.80337393,0.8292842,0.2310547,0.7341243,0.895295,0.279198,0.74825895,0.8960855,0.15665027,0.232086,0.8480515
7,126,6,visual,0.79069406,0.81204885,0.76264626,0.6584423,0.4100894,0.570722,0.70576066,0.6715726,0.7192225,0.63996404,0.493557,0.4639525,0.6593056,0.80817884,0.7815499,0.3348709,0.6371932,0.803052,0.8036365,0.4150101,0.6100953,0.7981824,0.36788467,0.828026,0.93081415,0.2639065,0.38344342,0.85279053
7,126,7,visual,0.70957947,0.78180367,0.7176741,0.6382929,0.48573983,0.5022499,0.66022205,0.80302155,0.7742738,0.7923762,0.4181275,0.5648263,0.7517382,0.86740196,0.86131155,0.49761757,0.7124136,0.8895345,0.8686908,0.44090992,0.7371519,0.8971901,0.41800585,0.7549961,0.903726,0.28178346,0.41824,0.87334055
7,126,8,visual,0.77425146,0.81224144,0.68994063,0.57346654,0.17587523,0.5993128,0.6726513,0.7904058,0.7684435,0.6363242,0.11470156,0.67621446,0.7570009,0.79276633,0.6813817,0.052009635,0.647981,0.7800403,0.81719655,0.10823185,0.7011563,0.86596304,0.07851456,0.76907283,0.9303515,0.091354005,0.087715566,0.8368565
7,126,9,visual,0.80813915,0.7975888,0.76745933,0.70185673,0.32343844,0.52115905,0.68357664,0.7605961,0.8240672,0.8043862,0.52941036,0.47664,0.7619133,0.87339556,0.8358956,0.2673949,0.6520169,0.84276444,0.89342713,0.31595087,0.66870576,0.88567996,0.3609025,0.7621047,0.94951344,0.014858766,0.27341956,0.8177648
7,126,10,visual,0.81485564,0.8550363,0.7802145,0.6456663,0.2000288,0.5123842,0.67932874,0.7860178,0.82723314,0.7791571,0.15386732,0.54084694,0.78378105,0.84405905,0.733934,0.31548023,0.66512036,0.8222526,0.8294074,0.15101238,0.7113275,0.85716355,0.25653875,0.79752564,0.9243503,0.23258816,0.26668984,0.8643454
7,126,11,visual,0.68275046,0.792258,0.7317143,0.7433059,0.29824844,0.65006024,0.73998016,0.61866677,0.7209019,0.7068499,0.25482205,0.53095806,0.6923129,0.7816425,0.8252276,0.3071833,0.729482,0.8489581,0.90371585,0.3930666,0.7362515,0.88658947,0.32098517,0.8406563,0.96194583,0.26607546,0.35464564,0.89748126
7,126,12,visual,0.7976046,0.74285126,0.63075316,0.63969386,0.57668275,0.44709963,0.66176176,0.7304971,0.6606743,0.70794106,0.69992185,0.47028634,0.6995501,0.7974511,0.7773527,0.5043144,0.64178026,0.82580954,0.86769354,0.38037926,0.69017905,0.87486285,0.3958358,0.79977745,0.941294,0.19356449,0.41568765,0.84434754
7,126,13,visual,0.69961077,0.80404454,0.7413397,0.7001596,0.46277562,0.58510685,0.76284605,0.70928955,0.621584,0.72155136,0.64504725,0.45328453,0.6930257,0.7495266,0.750952,0.49315348,0.67503643,0.86373156,0.81559837,0.39515543,0.64679456,0.80124927,0.45173857,0.75684905,0.8835444,0.10281665,0.37013313,0.8441226
7,126,14,visual,0.74344033,0.7472069,0.72325414,0.71023864,0.27811164,0.54855174,0.71926075,0.71473813,0.632319,0.67700285,0.29033363,0.5678636,0.74658054,0.75190616,0.7813595,0.20914774,0.73705703,0.86470044,0.8239969,0.16519882,0.667088,0.82844144,0.2418708,0.72103333,0.8616332,0.18148145,0.23947431,0.8786674
7,126,15,visual,0.7932001,0.8308806,0.7862337,0.66293633,0.39961228,0.3691809,0.73923373,0.7352697,0.7636755,0.7263627,0.55835295,0.259692,0.6725696,0.8057629,0.7311823,0.3642846,0.41940293,0.8027857,0.84841853,0.5201588,0.4847881,0.88502026,0.41176242,0.55494565,0.8897236,0.03473072,0.39385247,0.65402585
7,127,1,visual,0.6444026,0.7703503,0.75433004,0.68591917,0.30271316,0.50115955,0.7040337,0.63187194,0.7811758,0.75700384,0.33300027,0.45316327,0.7085123,0.81444556,0.80103636,0.32271212,0.5824703,0.81876487,0.87205523,0.29504225,0.67818904,0.8702564,0.2842967,0.7527426,0.9456105,0.06677738,0.2689077,0.8027438
7,127,2,visual,0.7480586,0.8296504,0.7110958,0.65475345,0.45587948,0.5266502,0.6889557,0.7690757,0.79562736,0.78334445,0.46495178,0.5687606,0.78334755,0.794976,0.8024085,0.4263943,0.696812,0.8214239,0.86182,0.45683518,0.6884982,0.8063194,0.46034566,0.807203,0.85650325,0.319563,0.5029468,0.7850119
7,127,3,visual,0.6737075,0.79766953,0.74043375,0.72322834,0.31558472,0.5898664,0.74379283,0.63521135,0.7218152,0.8219449,0.27337742,0.46819273,0.74023,0.7859198,0.77085686,0.36998147,0.6840259,0.82488674,0.89823765,0.49269587,0.6134568,0.80633825,0.39822766,0.65973645,0.87653214,0.22806133,0.36964476,0.82619405
7,127,4,visual,0.81106365,0.88983583,0.86124367,0.73703843,0.2646404,0.5731059,0.7450627,0.7710251,0.8111853,0.7734225,0.4772352,0.5214515,0.7779799,0.9406596,0.83684313,0.224718,0.5870153,0.796518,0.8757979,0.20855083,0.59962183,0.80897814,0.27303997,0.72239786,0.9188426,0.11566725,0.31988707,0.8161396
7,127,5,visual,0.535983,0.75353086,0.65966713,0.638437,0.19384319,0.6261154,0.7091228,0.5282335,0.6571177,0.72215253,0.25177386,0.5497143,0.6763123,0.7830165,0.7412905,0.25590646,0.7320794,0.82933813,0.9002769,0.33002156,0.8132525,0.90457,0.40821534,0.85403204,0.95677775,0.33443213,0.3615587,0.9022476
7,127,6,visual,0.728377,0.81642544,0.8137251,0.70128465,0.35594493,0.6158403,0.730906,0.6608991,0.69838387,0.6685633,0.5285741,0.46353626,0.6754972,0.9246798,0.84545994,0.44188276,0.6514037,0.85230666,0.8891322,0.44855475,0.649408,0.8735403,0.4355957,0.76837504,0.9512118,0.15061164,0.3909437,0.82187486
7,127,7,visual,0.78638744,0.79381657,0.80568403,0.7790469,0.447829,0.64630836,0.7569406,0.8029884,0.82637244,0.82103467,0.43975008,0.55830413,0.7326036,0.86845714,0.8161598,0.33256423,0.65877914,0.79766095,0.8407954,0.28577387,0.6741299,0.7761107,0.4015193,0.825187,0.94229734,0.25231883,0.37828073,0.90355283
7,127,8,visual,0.75736016,0.8330986,0.7393199,0.7005199,0.50685054,0.60449505,0.7222271,0.76872617,0.69719774,0.7627058,0.61026174,0.58755994,0.76524746,0.7687013,0.762011,0.53983706,0.7025286,0.8267252,0.8644655,0.52721494,0.7079794,0.82880086,0.49530292,0.8580308,0.94805765,0.3074565,0.48890978,0.90394247
7,127,9,visual,0.6950784,0.7667125,0.7024534,0.6773012,0.31266376,0.66862285,0.71839285,0.67383647,0.6979141,0.8134742,0.34111065,0.6417243,0.7984572,0.7066509,0.7221623,0.39344817,0.67314726,0.7711436,0.8617736,0.13047469,0.77808315,0.845681,0.21817932,0.8093407,0.90355706,0.13069664,0.23670562,0.89521176
7,127,10,visual,0.77483475,0.8170372,0.80714273,0.7541799,0.37139082,0.61594796,0.7746147,0.67084736,0.80690813,0.8383236,0.53660524,0.5566599,0.81738085,0.8567807,0.79640615,0.3091134,0.63950896,0.8257278,0.907667,0.48811078,0.58129466,0.84892744,0.4730705,0.6956828,0.924912,0.17875625,0.4139218,0.78829885
7,127,11,visual,0.62986654,0.7864642,0.6538739,0.5858029,0.030618776,0.5723982,0.66992503,0.68896747,0.66158056,0.7168198,0.18992746,0.5785654,0.7353024,0.7829945,0.7528602,0.1448664,0.73983926,0.8327204,0.87045264,0.30084315,0.7733048,0.8582454,0.28936023,0.85120267,0.9153126,0.24543448,0.28819653,0.88766015
7,127,12,visual,0.7522652,0.86055183,0.8169842,0.76986253,0.10931534,0.6413451,0.7510163,0.7110796,0.76787263,0.7972327,0.35273355,0.59956384,0.7717353,0.84626204,0.8199888,0.19725814,0.67385787,0.80953354,0.9301355,0.28714558,0.76668876,0.89176327,0.31206056,0.82884324,0.95790994,0.08000735,0.30589077,0.8537486
7,127,13,visual,0.76769716,0.8453381,0.8322407,0.7759716,0.18599993,0.5453262,0.7342566,0.83473366,0.7625274,0.7936786,0.45456716,0.509717,0.75553817,0.8128774,0.7732474,0.23710145,0.5301268,0.7740843,0.9019868,0.19743899,0.58897465,0.8143533,0.27170846,0.7018222,0.8838356,0.036319032,0.21184462,0.81520736
7,127,14,visual,0.7079777,0.76946676,0.76826125,0.6290365,0.30123898,0.5899669,0.6873188,0.6951002,0.8075387,0.8478386,0.4263043,0.5248992,0.7742756,0.836685,0.733125,0.34730947,0.63470155,0.79190356,0.8276148,0.4353603,0.61061645,0.80351204,0.3859092,0.67540455,0.8715031,0.19179465,0.38396817,0.84643716
7,127,15,visual,0.6719274,0.7996642,0.7596003,0.7300094,0.37874097,0.5533389,0.71104944,0.6333735,0.7973236,0.814394,0.55666703,0.40336293,0.6646876,0.72034013,0.7151244,0.32172573,0.52359825,0.70500374,0.92366236,0.35913214,0.6133898,0.8165549,0.4100915,0.6634176,0.87803966,0.14274909,0.33286303,0.85140014
7,128,1,visual,0.87551314,0.83804196,0.8517981,0.6785596,0.59085816,0.58468366,0.7399044,0.835273,0.9153565,0.7840964,0.6521117,0.5818143,0.8050565,0.86995107,0.7755161,0.5594957,0.6372062,0.81624836,0.8479427,0.5593414,0.6701891,0.86231285,0.42639065,0.78063077,0.89136004,0.2096821,0.42393276,0.84243476
7,128,2,visual,0.84194183,0.8105441,0.7727818,0.6693721,0.34436652,0.55113584,0.72645926,0.8408943,0.77989393,0.79963976,0.47202155,0.52902853,0.744413,0.7726288,0.71869725,0.31917933,0.58647263,0.7726392,0.8636139,0.548126,0.6758774,0.8496948,0.56292236,0.6988198,0.86455345,0.27937308,0.42650518,0.867346
7,128,3,visual,0.84419566,0.7770506,0.73850316,0.7615498,0.5115074,0.36179557,0.6630024,0.7586893,0.7946916,0.75310296,0.52484393,0.40998366,0.7283383,0.8892455,0.81283885,0.52377516,0.52769065,0.78717023,0.84501964,0.4671661,0.55051523,0.87681854,0.38393408,0.58054024,0.86249703,0.3499785,0.38791233,0.74080855
7,128,4,visual,0.7288595,0.70882225,0.7116651,0.5514357,0.44664943,0.4662608,0.7130641,0.6987302,0.85921985,0.7628948,0.5763087,0.31042928,0.7464898,0.745971,0.62587655,0.44000003,0.49872082,0.7775268,0.8162783,0.5985866,0.41225794,0.839621,0.5885268,0.43887678,0.81016916,0.28861058,0.49616566,0.6292967
7,128,5,visual,0.63324904,0.7957006,0.6679813,0.682117,0.41001278,0.58321023,0.7507455,0.5064495,0.6585094,0.73266774,0.4749534,0.38038072,0.7058071,0.7210937,0.6398513,0.34372187,0.57300895,0.7075985,0.8549886,0.37136757,0.5991968,0.84568185,0.40966904,0.62802124,0.8858501,0.14069867,0.36045602,0.7565912
7,128,6,visual,0.64328456,0.87749976,0.8890814,0.7868965,0.32159644,0.5687843,0.8111832,0.5861115,0.6982201,0.68867695,0.3224241,0.3779596,0.704149,0.8623205,0.7649116,0.35213605,0.56386155,0.8018846,0.8680256,0.3744066,0.57030964,0.8536155,0.31244028,0.6534432,0.89478475,0.08956673,0.25764725,0.7568111
7,128,7,visual,0.89328885,0.8897066,0.8311005,0.8217535,0.76629066,0.62602556,0.9079201,0.81575584,0.85548306,0.8533136,0.7317001,0.55808634,0.8948553,0.7748395,0.7608501,0.80633366,0.60504967,0.8645297,0.9312775,0.7764544,0.6241054,0.90301853,0.67072797,0.63479525,0.91749233,0.47089726,0.7411961,0.7328354
7,128,8,visual,0.870695,0.6498608,0.830003,0.7651199,0.47120923,0.58354545,0.84030133,0.68828624,0.8538862,0.8391183,0.53943354,0.6028154,0.8968013,0.6606411,0.6494713,0.5850432,0.6681116,0.7478748,0.89932376,0.509882,0.594326,0.91173667,0.48652238,0.6602969,0.9135575,0.45059916,0.5465121,0.7565903
7,128,9,visual,0.7567259,0.7566528,0.6573415,0.5985741,0.42675722,0.65272087,0.75644696,0.66243196,0.7051882,0.71865696,0.40160877,0.58729106,0.80950147,0.703705,0.56593037,0.3000215,0.6238457,0.7447739,0.7487544,0.25650194,0.58134985,0.78476006,0.27057588,0.572361,0.759376,0.3490601,0.40846547,0.81211776
7,128,10,visual,0.84389853,0.80118775,0.73098177,0.6643664,0.49641314,0.6336856,0.8258734,0.8022547,0.7349164,0.73443145,0.501923,0.4986252,0.77361935,0.7718301,0.7511422,0.51335603,0.525842,0.7929487,0.8894831,0.32459605,0.58664846,0.83018607,0.37023634,0.6218617,0.84049416,0.25374383,0.418993,0.77657664
7,128,11,visual,0.6953994,0.8051703,0.59231365,0.6038874,0.29672873,0.53289115,0.72457254,0.57614535,0.6402485,0.7017817,0.25681075,0.33418354,0.6744931,0.62653726,0.5503787,0.4653386,0.6287796,0.7384428,0.7648236,0.30854204,0.49915177,0.73606634,0.10962852,0.3842499,0.7300495,0.24908176,0.3044276,0.6877846
7,128,12,visual,0.6089244,0.7745735,0.75565,0.593515,0.44990283,0.6551546,0.71307683,0.607677,0.5998409,0.5618674,0.3183669,0.6732995,0.69282913,0.7734793,0.68378437,0.23885521,0.6954023,0.75311387,0.815599,0.43451786,0.7299491,0.80533546,0.3546559,0.7324825,0.84765315,0.2540899,0.34214795,0.8596791
7,128,13,visual,0.7182375,0.7261408,0.6483693,0.6484693,0.27906835,0.62025166,0.7561831,0.68257207,0.6476643,0.7275338,0.25725436,0.42263845,0.71367645,0.8037999,0.83336973,0.46083763,0.6165832,0.8193465,0.9061347,0.32728988,0.56209964,0.8053998,0.3614431,0.60427016,0.8776097,0.304602,0.38618344,0.8013998
7,128,14,visual,0.8121754,0.86076707,0.84275424,0.71897125,0.43439272,0.6328096,0.8058437,0.8875527,0.88779914,0.7833381,0.5178323,0.5550918,0.8262339,0.8661108,0.7336278,0.50788087,0.5455237,0.78209996,0.79267275,0.35848138,0.6019326,0.8218927,0.46378225,0.6613749,0.83616847,0.22102341,0.45265502,0.7732921
7,128,15,visual,0.71115494,0.8138877,0.78187317,0.6797927,0.50154346,0.71024835,0.8376582,0.65137935,0.74613214,0.7343725,0.45458406,0.5183441,0.7367608,0.69446653,0.69408065,0.32238925,0.6608808,0.7950855,0.84031147,0.5131401,0.69380265,0.83766437,0.36334118,0.6799965,0.8682024,0.39299732,0.43316087,0.81955767
7,129,1,visual,0.6875614,0.75487727,0.72927237,0.48181418,0.41130167,0.5793734,0.7478967,0.6056607,0.4995434,0.446445,0.3480871,0.37568557,0.5728881,0.7348881,0.55133647,0.3127989,0.654409,0.7815087,0.6207251,0.34884292,0.7150691,0.80664486,0.05308505,0.54319596,0.6948927,0.25698757,0.29085374,0.8220025
7,129,2,visual,0.7684907,0.8128947,0.8063454,0.78032935,0.22408094,0.78847474,0.87047976,0.7814336,0.83778775,0.76157045,0.39362064,0.6196491,0.77389306,0.82256746,0.7928285,0.35104606,0.7587901,0.8632089,0.8507558,0.38185945,0.6168911,0.7933274,0.3719286,0.73993576,0.87947917,0.24199928,0.33397672,0.91967225
7,129,3,visual,0.8386618,0.7906793,0.8009383,0.67934287,0.2578211,0.67398095,0.7919043,0.8242971,0.84935826,0.82244617,0.38999784,0.7198558,0.86450285,0.8699037,0.762841,0.32547778,0.6998858,0.8354641,0.83301383,0.29498944,0.7457798,0.903496,0.3908379,0.7910951,0.8899752,0.26693407,0.3436688,0.8802926
7,129,4,visual,0.8957916,0.7758248,0.8497607,0.68581,0.31232482,0.57164955,0.7095918,0.8498425,0.9280051,0.81822467,0.28445867,0.6383798,0.8166129,0.8726883,0.7542351,0.3499472,0.5695606,0.7691902,0.8362691,0.3575011,0.62319034,0.8254996,0.3456067,0.7821643,0.92172074,0.24879964,0.368973,0.878457
7,129,5,visual,0.82459223,0.852883,0.8170073,0.76172924,0.4552263,0.6596542,0.7995325,0.8609992,0.8605748,0.89129114,0.5187745,0.5865026,0.81418526,0.8495629,0.8269198,0.5428819,0.6331007,0.8417645,0.85769635,0.56772155,0.611345,0.79383326,0.48579088,0.7365983,0.89822936,0.32212606,0.48472682,0.85719925
7,129,6,visual,0.87233067,0.826013,0.8186604,0.7021182,0.2257206,0.69220394,0.76922905,0.8021362,0.89145106,0.77952814,0.12139286,0.69382954,0.81749606,0.80592567,0.7141079,0.118561074,0.7197871,0.7862019,0.857984,0.09145376,0.72444195,0.84463596,0.22025351,0.82413197,0.90901023,0.1504335,0.19431715,0.9248748
7,129,7,visual,0.6973989,0.7087309,0.7928033,0.7295454,0.15420799,0.73297256,0.7766215,0.58986664,0.72939867,0.6639954,0.28577498,0.54433537,0.7053151,0.8176612,0.7648424,0.26633117,0.64493704,0.7662514,0.9182726,0.21847701,0.75633717,0.8932538,0.33044216,0.7831216,0.90225804,0.18696415,0.3226447,0.8830451
7,129,8,visual,0.8008587,0.7054153,0.75389814,0.6308285,0.33563772,0.6406182,0.7487922,0.85977274,0.86618775,0.8240388,0.49364546,0.68366736,0.8680388,0.88865954,0.8469092,0.5289168,0.7469184,0.88965386,0.89310336,0.4319311,0.79544026,0.91875315,0.46619764,0.8012342,0.90091324,0.3125686,0.43465367,0.8814707
7,129,9,visual,0.6256427,0.7410637,0.73597807,0.64681953,0.3213411,0.62439847,0.6749133,0.7415605,0.8238029,0.838792,0.25240505,0.6799774,0.80736214,0.7298106,0.80357635,0.14831996,0.6964568,0.7760274,0.8500703,0.39665067,0.7068115,0.82121086,0.3603023,0.8097303,0.9327832,0.3208232,0.35055515,0.89569825
7,129,10,visual,0.8044009,0.75778484,0.8109141,0.75462234,0.4737113,0.63837,0.7528807,0.7148974,0.75813323,0.71188027,0.48523903,0.56622887,0.7354613,0.8730764,0.92733306,0.32645103,0.8168943,0.94027334,0.90265226,0.27746028,0.7291938,0.8776728,0.28879705,0.8530459,0.9578335,0.23585874,0.3309638,0.869758
7,129,11,visual,0.7101702,0.8323448,0.710675,0.73502254,0.33008143,0.64304775,0.76752883,0.79140186,0.69449484,0.77126,0.25727713,0.66372114,0.76219726,0.77080286,0.7709825,0.2829578,0.71411854,0.8174071,0.86854976,0.10886617,0.77277553,0.8389213,0.22874616,0.8737831,0.92601395,0.12637614,0.25493753,0.92693377
7,129,12,visual,0.56605995,0.82658064,0.8753504,0.8119405,0.3978176,0.7524147,0.7820854,0.57584083,0.6196318,0.61944544,0.4683731,0.5186751,0.59228086,0.91039795,0.87864226,0.43113697,0.79704016,0.87947345,0.93267584,0.45165107,0.85654753,0.90610707,0.49047586,0.94266564,0.96517193,0.43523926,0.48712686,0.9300421
7,129,13,visual,0.5220543,0.8274013,0.78414786,0.7516419,0.35435995,0.6984591,0.7643357,0.61002415,0.6780792,0.67026615,0.4554415,0.57966703,0.6417945,0.79559374,0.8215627,0.44936648,0.73450047,0.8277873,0.9131254,0.27883476,0.88831264,0.9171693,0.31800953,0.92287666,0.9701745,0.21699657,0.33100548,0.9587226
7,129,14,visual,0.7503803,0.7460665,0.8121921,0.7964964,0.14181286,0.7370038,0.81104815,0.5569956,0.710957,0.65131384,0.13776225,0.61236167,0.69447225,0.87556106,0.8217688,0.23197275,0.721366,0.8392346,0.9006159,0.21680163,0.797434,0.9109737,0.21122155,0.90567577,0.9528455,0.15452196,0.21698327,0.92799187
7,129,15,visual,0.6170834,0.76886064,0.755887,0.7583551,0.3059939,0.70677954,0.77222407,0.52635705,0.8255492,0.7143375,0.27959934,0.6316643,0.7149163,0.7472234,0.8068716,0.3476816,0.7444235,0.8433046,0.88162,0.44045126,0.8249201,0.8885576,0.38197604,0.89155656,0.9673742,0.3342904,0.3818322,0.8938562
7,130,1,visual,0.80452573,0.8804369,0.85491526,0.7515942,0.5125499,0.580305,0.7794626,0.8220465,0.79888713,0.74893326,0.62351245,0.53523064,0.77020675,0.8871347,0.7922908,0.66608727,0.59068125,0.8327797,0.87099415,0.59454435,0.67794776,0.8666681,0.5276399,0.7797457,0.88724494,0.3194833,0.5383907,0.8268938
7,130,2,visual,0.61107135,0.72426355,0.7032135,0.61384755,0.34775323,0.59056664,0.6953991,0.5479197,0.4806252,0.47460192,0.5792323,0.35223845,0.56045014,0.6607624,0.591737,0.37142777,0.6002366,0.7162007,0.88089436,0.3108617,0.749909,0.8572488,0.36755592,0.8142618,0.86632484,0.22799942,0.4326388,0.8735653
7,130,3,visual,0.6801658,0.78025377,0.8765885,0.7887669,0.47152576,0.7320893,0.7996996,0.5786903,0.6555224,0.6337233,0.5913184,0.57757735,0.6698772,0.8097346,0.75626713,0.4696548,0.74777013,0.79205525,0.86606133,0.44545177,0.7885199,0.8858832,0.4297848,0.86070096,0.9421433,0.32454637,0.4453063,0.93539494
7,130,4,visual,0.7289027,0.8361603,0.6958977,0.6097198,0.4418667,0.47848865,0.70100385,0.71828073,0.70381415,0.7024959,0.40162876,0.4380928,0.68446136,0.7400464,0.70879215,0.4741286,0.6248933,0.818889,0.9121714,0.5834152,0.664116,0.84895253,0.4953121,0.7429886,0.8750701,0.2513111,0.40706876,0.8318061
7,130,5,visual,0.68651205,0.763638,0.753581,0.70456016,0.36229613,0.6121501,0.74338716,0.5764554,0.58415973,0.5084216,0.4886016,0.35764238,0.5605368,0.8775387,0.8831068,0.3612965,0.7089257,0.87355745,0.9202187,0.40330508,0.78437483,0.94008744,0.3618873,0.8652163,0.95840114,0.17537418,0.3991424,0.8509767
7,130,6,visual,0.5178953,0.76757646,0.67581135,0.57584786,0.3048798,0.5346142,0.6303153,0.65995747,0.722717,0.707737,0.32344103,0.4861949,0.65503514,0.7738644,0.7419434,0.24784854,0.68204516,0.78534687,0.8223658,0.15696356,0.73224455,0.8622452,0.32266784,0.81083083,0.8781328,0.05480466,0.19383547,0.8845838
7,130,7,visual,0.7692788,0.7217709,0.7063992,0.6776027,0.63681644,0.57167715,0.71531636,0.6176079,0.5663593,0.54039335,0.56649476,0.40085897,0.6189916,0.85271335,0.8141389,0.5394113,0.7421449,0.86783665,0.9061828,0.59105426,0.7255786,0.8743062,0.5779382,0.84803164,0.92167425,0.378618,0.5436507,0.8631519
7,130,8,visual,0.81793976,0.87713706,0.7300251,0.699414,0.3884877,0.61878663,0.7276798,0.82295084,0.84895253,0.8566422,0.5798552,0.7107933,0.85621035,0.8060716,0.8166346,0.43555793,0.72695315,0.8346603,0.85923994,0.5432621,0.75069577,0.854128,0.5896035,0.86537325,0.9494428,0.44213706,0.5447684,0.917809
7,130,9,visual,0.92133904,0.8537171,0.8726478,0.774814,0.50248855,0.66992867,0.8196863,0.84655833,0.89064354,0.85207635,0.44458,0.67761457,0.8641352,0.8474116,0.7865762,0.5239939,0.63628334,0.80726945,0.89522487,0.5188618,0.7139078,0.8988542,0.54155886,0.7721351,0.9017652,0.38898832,0.44372582,0.86287653
7,130,10,visual,0.7776007,0.75097305,0.7696734,0.7622602,0.48624668,0.58123577,0.75573957,0.723528,0.83882403,0.8151546,0.57279766,0.6450649,0.79372317,0.7856121,0.79401076,0.38579738,0.7660481,0.8675583,0.91204154,0.47227058,0.75093675,0.89530504,0.43263927,0.7833245,0.89857197,0.2417735,0.41990915,0.8750446
7,130,11,visual,0.78881377,0.7516606,0.6826331,0.70971143,0.35710308,0.6730917,0.7350956,0.7625724,0.83002615,0.7814327,0.22932121,0.72793126,0.80940616,0.8483804,0.85989136,0.32146603,0.75733334,0.88660705,0.8703017,0.2337572,0.74231255,0.87219954,0.3553058,0.78974,0.9049208,0.15693313,0.2804406,0.9035142
7,130,12,visual,0.877434,0.8080122,0.8128529,0.7865128,0.51755315,0.57012147,0.77454025,0.8462591,0.8866414,0.85704905,0.6123402,0.58707017,0.81909734,0.8716757,0.8278015,0.58276695,0.6131956,0.8457974,0.8846521,0.57420814,0.64910144,0.85954756,0.5462966,0.80103695,0.9255291,0.25421092,0.51449,0.83572894
7,130,13,visual,0.8234324,0.86353296,0.82660455,0.7682579,0.45190048,0.6718543,0.7692208,0.74500185,0.77868766,0.74350554,0.44821772,0.64646745,0.7740649,0.8137374,0.7458166,0.3667006,0.7032055,0.81151694,0.92664325,0.40316224,0.8253426,0.9214932,0.41096547,0.8983124,0.9350572,0.3157392,0.366216,0.91801924
7,130,14,visual,0.7682178,0.81410825,0.7447196,0.6193532,0.17694524,0.4942304,0.6820316,0.7314422,0.6789252,0.61894697,0.09737556,0.49326187,0.6725465,0.7456021,0.6219306,0.28795102,0.46757856,0.68450564,0.841547,0.1859737,0.7271008,0.88291293,0.27514747,0.9225958,0.95124996,0.23050767,0.19092529,0.87084943
7,130,15,visual,0.79089326,0.7983226,0.7055466,0.6856196,0.5234375,0.5676621,0.6837286,0.72247756,0.7221973,0.71696424,0.5474735,0.61366516,0.71375966,0.83105415,0.7666315,0.508922,0.7092813,0.7961667,0.881742,0.5390206,0.8578537,0.9225991,0.5412042,0.9002341,0.91522986,0.4408562,0.573085,0.912733
7,131,1,visual,0.7135561,0.83021843,0.7218713,0.7343572,0.22709061,0.7261212,0.7613705,0.79581237,0.80840546,0.7427982,0.29420438,0.65399677,0.7654376,0.8202944,0.79961157,0.28097373,0.767593,0.859932,0.883927,0.1033209,0.8070285,0.8601549,0.1703917,0.9123552,0.9170608,0.12295461,0.22513966,0.9235537
7,131,2,visual,0.420379,0.4509282,0.32119042,0.08543291,0.13098198,0.37155473,0.6023,0.15378366,0.52404606,0.3183947,0.3455849,0.18909705,0.16069418,0.24284916,0.4670849,0.3457023,0.13540071,0.44006163,0.45967737,0.6478448,0.1422532,0.31218892,0.35256955,0.11773951,0.38264728,0.27349442,0.033179134,0.50475717
7,131,3,visual,0.67417103,0.8758633,0.672265,0.5909696,0.49444452,0.5916198,0.69266045,0.7609899,0.77240175,0.5350246,0.48071623,0.5900189,0.7115792,0.8197793,0.6689407,0.54555964,0.6333506,0.80528677,0.7160466,0.5770512,0.6271028,0.82901496,0.5350459,0.6767126,0.8309732,0.38780987,0.52138716,0.8642635
7,131,4,visual,0.77100885,0.8348381,0.7466078,0.2800554,0.53483117,0.5826264,0.6357608,0.72554284,0.7134368,0.37626952,0.69658196,0.5854194,0.7049564,0.7951913,0.42111555,0.5056502,0.72753036,0.76317245,0.58545387,0.48327866,0.75164527,0.83264995,0.28335553,0.6706141,0.7055671,0.4163708,0.52093583,0.9316219
7,131,5,visual,0.8595792,0.74305457,0.78200614,0.647613,0.65657794,0.64305174,0.72837484,0.7823689,0.8327372,0.76636565,0.56051385,0.7287705,0.8363561,0.8803727,0.74698275,0.4811705,0.71514505,0.79930896,0.85267687,0.55172324,0.7650729,0.8803105,0.4422448,0.81794626,0.90271354,0.41919452,0.504648,0.9308353
7,131,6,visual,0.7530836,0.7436766,0.73119706,0.52438873,0.32349107,0.5872464,0.676936,0.8037561,0.77097154,0.64406633,0.29094002,0.671958,0.78102183,0.8622267,0.69979894,0.44270045,0.72846985,0.83251977,0.83230555,0.4634279,0.77523345,0.90618885,0.48758227,0.8357751,0.90314555,0.351857,0.41983253,0.91478676
7,131,7,visual,0.86122584,0.76573354,0.8021343,0.64484537,0.37583095,0.5630048,0.7040317,0.8124286,0.81570053,0.68899083,0.46095568,0.62832564,0.7715166,0.8793853,0.7951127,0.44168714,0.7092261,0.8317232,0.8470262,0.44201648,0.6389322,0.7964846,0.40971366,0.7558672,0.86566687,0.27495453,0.39025217,0.90321463
7,131,8,visual,0.8801915,0.916189,0.83495617,0.7870559,0.60832304,0.610334,0.7905567,0.9048745,0.8737712,0.8629582,0.59242386,0.6635474,0.84595734,0.8958248,0.8716682,0.5940103,0.713751,0.88454545,0.9103271,0.70223284,0.6825109,0.86584586,0.6496096,0.8069462,0.954456,0.45925248,0.623503,0.8736944
7,131,9,visual,0.8655594,0.72704524,0.81876343,0.7482617,0.5999371,0.5203934,0.6918645,0.78434014,0.8685989,0.7786882,0.65316254,0.54974514,0.77041817,0.80709994,0.7977175,0.5470105,0.80253506,0.8721348,0.91639435,0.6097678,0.63251907,0.8682032,0.56893206,0.72589797,0.90258694,0.3386323,0.5128264,0.844325
7,131,10,visual,0.84688854,0.82593477,0.8680047,0.7330639,0.44983,0.64787996,0.7559205,0.748284,0.822812,0.78331697,0.3884306,0.74158245,0.8249441,0.8767611,0.75140816,0.3837277,0.6999449,0.7967695,0.86301327,0.38146797,0.7727725,0.8769086,0.34389353,0.91464055,0.9509833,0.25370827,0.3307643,0.936046
7,131,11,visual,0.8722127,0.84201837,0.7709785,0.64780575,0.59456104,0.6260472,0.7114238,0.83175755,0.7801746,0.7220105,0.6441837,0.68308836,0.77659905,0.87803227,0.8042299,0.65886337,0.76486516,0.8577306,0.855741,0.59362954,0.7966599,0.8881374,0.51251215,0.9136992,0.94794816,0.46584865,0.5467039,0.9321074
7,131,12,visual,0.79790586,0.7377114,0.7863389,0.6190018,0.39945954,0.57815176,0.6933561,0.66856503,0.7912425,0.726926,0.5076922,0.6334017,0.76977867,0.845245,0.7342135,0.3944694,0.6921131,0.82251596,0.82962966,0.5405748,0.6660176,0.8370109,0.4486337,0.7781878,0.889477,0.22622861,0.40321898,0.8937992
7,131,13,visual,0.37362498,0.43093342,0.33016777,0.58977747,0.12233328,0.3351579,0.37181216,0.62664044,0.7158911,0.46581888,0.28903574,0.2628855,0.5681071,0.6261876,0.460876,0.17975605,0.4912988,0.69608676,0.34049883,0.13545725,0.3044658,0.53831536,0.039480865,0.4604876,0.6045659,0.21392038,0.22661075,0.6358614
7,131,14,visual,0.30258915,0.71544635,0.29476884,0.3668938,0.43468335,0.4128978,0.6965525,0.38226745,0.45613354,0.21346942,0.06934814,0.16948484,0.24475116,0.24832079,0.3808233,0.5187738,0.37123576,0.76243037,0.23000304,0.1205042,0.35391152,0.32782406,0.29380828,0.41258365,0.60148776,0.12913789,0.49128565,0.55011344
7,131,15,visual,0.76721036,0.6753159,0.70008856,0.59245175,0.45758125,0.5514904,0.67518973,0.669794,0.68642503,0.61162776,0.46164167,0.56402034,0.68453807,0.7882833,0.7450624,0.3427991,0.7145004,0.80262136,0.8095997,0.45160618,0.6980118,0.8433585,0.4232197,0.87021863,0.93124664,0.2490133,0.394954,0.9141563
7,132,1,visual,0.6718402,0.7786515,0.8584713,0.5812874,0.58914375,0.46515605,0.65724695,0.774715,0.7562912,0.6107273,0.556336,0.54663754,0.72176266,0.86605823,0.6089051,0.5876433,0.62717265,0.76558447,0.65810925,0.6459895,0.57744765,0.7694517,0.4150013,0.6571773,0.77967244,0.3335869,0.5020049,0.84799504
7,132,2,visual,0.81047744,0.8743079,0.7349781,0.5900631,0.6962704,0.66413873,0.7597194,0.8939294,0.8434599,0.6841156,0.7150492,0.68365526,0.8274412,0.8750514,0.7471911,0.73759574,0.76784134,0.89181906,0.8405435,0.6641205,0.69360316,0.8604222,0.5496262,0.71316034,0.83316064,0.45215613,0.5960368,0.8962145
7,132,3,visual,0.90186155,0.90168846,0.83238244,0.7468836,0.7363258,0.7898794,0.8671246,0.9020544,0.7920899,0.7349493,0.7589296,0.7851636,0.8618832,0.8903609,0.8339024,0.79146695,0.8759653,0.93737555,0.9009816,0.73453194,0.87045735,0.945885,0.6163054,0.92117846,0.9028078,0.6766664,0.7672632,0.9339379
7,132,4,visual,0.95037186,0.89506865,0.8598961,0.79229146,0.55581325,0.5295784,0.83629054,0.9304398,0.9163848,0.8557813,0.62197274,0.49612063,0.8617939,0.87121385,0.84233284,0.6217303,0.5780419,0.8843173,0.9248958,0.640933,0.41772836,0.8398133,0.60375357,0.538308,0.88136137,0.31644186,0.5817865,0.7092197
7,132,5,visual,0.808978,0.7779671,0.7176697,0.6596588,0.24334024,0.6411675,0.7128282,0.7849279,0.7176241,0.6671494,0.32776764,0.652575,0.7357596,0.8514345,0.7735358,0.37568974,0.7592765,0.8135813,0.85896164,0.43631098,0.749559,0.86354536,0.42422658,0.8797502,0.9142159,0.41088873,0.4512746,0.92194915
7,132,6,visual,0.8635876,0.7884196,0.6644292,0.72442526,0.4711753,0.6833183,0.75773174,0.819838,0.78319645,0.83915305,0.6034565,0.7424225,0.84690756,0.82240516,0.7858758,0.5141754,0.79065156,0.8547723,0.81461155,0.5260848,0.71192694,0.82671374,0.6546535,0.8284383,0.9178223,0.42301518,0.5594404,0.9132984
7,132,7,visual,0.7562976,0.7643239,0.7361616,0.61044854,0.13764614,0.59308815,0.679913,0.7369563,0.71451825,0.6647251,0.286778,0.6375912,0.70596015,0.89067215,0.79172605,0.02813531,0.74236053,0.84963787,0.75729626,0.10095788,0.7125551,0.8192217,0.28625265,0.89643323,0.8920719,0.19135797,0.1692441,0.92082375
7,132,8,visual,0.8941956,0.7780992,0.77867955,0.51549214,0.31321067,0.42668605,0.6449119,0.8723935,0.8792432,0.68696404,0.37205562,0.5849526,0.7886684,0.89198256,0.71802384,0.4106611,0.65714204,0.84698147,0.76619685,0.3714197,0.6302656,0.82755035,0.2631491,0.8659063,0.89341146,0.3288179,0.35372892,0.8815681
7,132,9,visual,0.9681381,0.93068415,0.9217138,0.8760105,0.83027565,0.6371822,0.90227646,0.9385499,0.9561944,0.8773015,0.830105,0.64167625,0.92557126,0.9205517,0.9091161,0.82892185,0.73796,0.950383,0.8520603,0.791576,0.6525152,0.9224381,0.75707793,0.7622632,0.92805594,0.5768284,0.78950846,0.7936854
7,132,10,visual,0.9803977,0.9819861,0.9630367,0.9465766,0.83051175,0.91122246,0.97354496,0.96776307,0.97523403,0.95874625,0.83766866,0.89757353,0.9787016,0.9478879,0.9594822,0.7898972,0.95887107,0.9811706,0.9333112,0.83579654,0.8853032,0.97645164,0.83890224,0.9362522,0.970288,0.71849006,0.827545,0.94037586
7,132,11,visual,0.75024486,0.84783703,0.66523284,0.46048748,0.363811,0.6476999,0.7688035,0.6958363,0.6995812,0.5237525,0.4194062,0.5795185,0.7606025,0.69948447,0.4577976,0.35096243,0.69415927,0.7806461,0.6995296,0.27825978,0.7345836,0.856753,0.14775622,0.70038515,0.72217035,0.21178554,0.28044412,0.84167975
7,132,12,visual,0.736461,0.78871477,0.68991536,0.3637809,0.2947695,0.5632676,0.6984432,0.6294359,0.55339974,0.4002062,0.28121397,0.55106115,0.67847407,0.8115776,0.5493476,0.25381365,0.7274666,0.787281,0.6764739,0.27265617,0.811411,0.8976755,0.09480078,0.6468318,0.7425193,0.20891991,0.21914074,0.88531923
7,132,13,visual,0.693256,0.79461896,0.7024957,0.32980406,0.3947676,0.67367435,0.7176263,0.7327646,0.679589,0.5608598,0.5172976,0.61885804,0.753013,0.80144095,0.47994727,0.45374894,0.67139673,0.7710253,0.49695596,0.36870536,0.6567104,0.737628,0.33704644,0.43733627,0.6138066,0.13087443,0.30544573,0.8507073
7,132,14,visual,0.6566812,0.7150179,0.7629467,0.6663466,0.16232003,0.6108839,0.74387014,0.6932051,0.65892416,0.6613315,0.37547734,0.6087309,0.6886158,0.8183348,0.70475316,0.25060096,0.7322237,0.8236229,0.73348653,0.25145543,0.7832191,0.8892699,0.32743692,0.7135725,0.83749205,0.23119134,0.2876466,0.8793682
7,132,15,visual,0.7717948,0.8443988,0.7387836,0.30469906,0.5205061,0.54068315,0.649525,0.78287596,0.6896017,0.42217058,0.55045235,0.6060114,0.7178744,0.8072279,0.39643762,0.4522797,0.65740734,0.7409183,0.6281553,0.58251613,0.7622019,0.8786046,0.5290742,0.60175693,0.67539114,0.4455066,0.5022737,0.87614423
7,133,1,visual,0.7276548,0.87393117,0.87189466,0.72646874,0.35016984,0.87245613,0.88519716,0.74917555,0.7769453,0.815211,0.51077724,0.6271631,0.82765913,0.8466282,0.79669946,0.33657405,0.91505325,0.9164644,0.7887551,0.4234498,0.84765506,0.9017431,0.4188335,0.7180881,0.8523801,0.3590989,0.38596252,0.87655175
7,133,2,visual,0.6032656,0.40303597,0.47998643,0.3299596,0.114250466,0.0794356,0.46294355,0.61457485,0.58101594,0.40615126,0.214389,0.21106611,0.45487565,0.7396578,0.4658903,0.22796334,0.4861386,0.65451616,0.47024667,0.26032344,0.4445028,0.76814467,0.40946367,0.5966459,0.5306053,0.25715584,0.21338601,0.6662792
7,133,3,visual,0.4984212,0.46954337,0.37680027,0.09454573,0.19922459,0.3089508,0.24858727,0.64491147,0.64859474,0.34595314,0.16505687,0.4120431,0.5459859,0.7652456,0.57306397,0.07164251,0.6030597,0.76678437,0.64758927,0.229777,0.5970415,0.78198045,0.3311024,0.6674725,0.83534044,0.11240443,0.26247728,0.72835416
7,133,4,visual,0.8813423,0.9575108,0.93118596,0.8905582,0.85584116,0.75998807,0.93278813,0.88228667,0.896403,0.8663026,0.80762714,0.7309015,0.8890966,0.9594318,0.95843524,0.83142716,0.8214804,0.9818484,0.9367313,0.8149681,0.76322895,0.9486282,0.78346604,0.83435017,0.97123,0.6900198,0.81910884,0.84727067
7,133,5,visual,0.9195717,0.9051472,0.8776241,0.7759516,0.718014,0.68162566,0.85957634,0.87230146,0.89302164,0.75650686,0.75854707,0.69471335,0.8519692,0.9474671,0.875167,0.79818904,0.7353011,0.9383411,0.83176994,0.7592477,0.73597574,0.9228674,0.70169747,0.7698467,0.9162059,0.593894,0.77959895,0.83532006
7,133,6,visual,0.77249545,0.7348267,0.62076217,0.4277719,0.66938794,0.5014471,0.692452,0.7884409,0.6696837,0.5961343,0.5190658,0.5842931,0.78001404,0.6949784,0.56916034,0.56038326,0.6013917,0.7519834,0.6581563,0.5083377,0.6327045,0.7318816,0.27699837,0.8091787,0.8294782,0.3016313,0.47118482,0.8623694
7,133,7,visual,0.72659814,0.7488663,0.6949317,0.5712466,0.31110173,0.5550767,0.6990598,0.61687034,0.7303563,0.6329855,0.43859652,0.50165236,0.6786915,0.6172242,0.5565959,0.35922864,0.42512712,0.6597489,0.7851583,0.38762042,0.53405416,0.78597856,0.346532,0.7372154,0.8729803,0.20508902,0.30529353,0.8119782
7,133,8,visual,0.71751726,0.6220724,0.6884316,0.49084443,0.31007957,0.5948711,0.63470936,0.70283306,0.80390364,0.4144314,0.27373093,0.53110003,0.6336744,0.70954233,0.47682065,0.21336843,0.5473712,0.69671696,0.6122723,0.21925122,0.6877522,0.79333925,0.3460487,0.8913317,0.87510645,0.26592052,0.34082848,0.88854855
7,133,9,visual,0.79930836,0.7439258,0.7063861,0.45616087,0.37668577,0.5633515,0.673727,0.7146871,0.7207291,0.43408948,0.33885944,0.54175335,0.69387186,0.8208985,0.5971898,0.4993116,0.59460926,0.78416824,0.7083166,0.5499191,0.6416684,0.84711534,0.5253128,0.726699,0.82402605,0.30226246,0.4920254,0.80831254
7,133,10,visual,0.83683914,0.7085544,0.7078551,0.50291365,0.17502195,0.53792876,0.6753756,0.6938093,0.8235827,0.5642496,0.333333,0.5957905,0.7561567,0.70482206,0.5236966,0.20199695,0.51113486,0.7010505,0.6788612,0.21853033,0.6824318,0.8393912,0.16418436,0.90394175,0.86467224,0.20062688,0.2575414,0.8724958
7,133,11,visual,0.675046,0.67303467,0.6295566,0.58012784,0.2987067,0.58485126,0.6856469,0.60737664,0.626966,0.5099341,0.3212113,0.59609413,0.69938886,0.6489426,0.5114667,0.2826946,0.53976715,0.63038146,0.6768829,0.11137195,0.62676346,0.7759641,0.24918948,0.744337,0.8436765,0.14089595,0.293873,0.79771465
7,133,12,visual,0.8814298,0.58137226,0.5742611,0.230841,0.620399,0.48987854,0.5973652,0.6268627,0.5946032,0.2667895,0.642729,0.48738056,0.6368996,0.7452321,0.42949775,0.5319441,0.46813965,0.71460557,0.6090529,0.44636768,0.552523,0.77994204,0.2551177,0.6978632,0.6863458,0.120887436,0.43411386,0.7745253
7,133,13,visual,0.76476645,0.76196414,0.6150381,0.44259983,0.25396377,0.5612504,0.6393477,0.7622825,0.61519396,0.5243734,0.08740456,0.6493195,0.7119342,0.6345024,0.48811027,0.17959295,0.53377277,0.6667278,0.704436,0.43460417,0.6364356,0.782404,0.38629723,0.784829,0.8418515,0.2375464,0.35022226,0.8446988
7,133,14,visual,0.7689071,0.69729877,0.6658137,0.40920538,0.38963464,0.53412807,0.64268154,0.7574681,0.7980267,0.5057071,0.43909,0.5922133,0.742232,0.70875174,0.51672643,0.3072089,0.61473054,0.73226917,0.5800448,0.39316884,0.67441165,0.7768511,0.33294687,0.82547563,0.81124204,0.2727905,0.33682746,0.8450984
7,133,15,visual,0.7715332,0.5291857,0.546578,0.37448683,0.36734027,0.53164715,0.6104802,0.45674792,0.5126843,0.3807931,0.43019632,0.53684354,0.6522904,0.6216815,0.49814704,0.19541131,0.5105189,0.6586956,0.7055858,0.32059038,0.5346953,0.76351917,0.1793263,0.56736493,0.7420658,0.2456827,0.3268757,0.7597775
7,134,1,visual,0.7831351,0.7066339,0.73550814,0.54225755,0.32716367,0.5711507,0.7109583,0.57374275,0.7336017,0.55791277,0.5685492,0.50048125,0.69628584,0.6982365,0.591076,0.276777,0.58277106,0.72944945,0.6594877,0.42262223,0.68527365,0.83121437,0.34877384,0.69188565,0.83204633,0.21922553,0.4112303,0.7991292
7,134,2,visual,0.7715745,0.74527884,0.6567545,0.53748447,0.48583815,0.49706885,0.7197759,0.7911181,0.7370072,0.59445065,0.5650526,0.6364884,0.8287701,0.77672243,0.60559976,0.4990797,0.5188849,0.7526795,0.7751608,0.6907941,0.540933,0.82983094,0.6893446,0.5642226,0.8170806,0.37401962,0.6277559,0.73637384
7,134,3,visual,0.8392424,0.69273245,0.6997491,0.4563469,0.25828475,0.52969474,0.7385021,0.6304406,0.6324616,0.445126,0.32225066,0.51044095,0.7426532,0.7766137,0.6441427,0.1971989,0.4721691,0.808865,0.6696258,0.091922626,0.46798,0.80981815,0.07749155,0.53371567,0.7730743,0.1661288,0.20101161,0.6441215
7,134,4,visual,0.8732016,0.81137663,0.8113593,0.32001495,0.7019566,0.4221549,0.70668536,0.7800208,0.85084283,0.368467,0.7417216,0.47232756,0.7785225,0.8575265,0.41785702,0.67101455,0.50134575,0.8012457,0.5334505,0.7428969,0.586354,0.88139737,0.34444547,0.79118526,0.7016153,0.31970322,0.6156657,0.73341733
7,134,5,visual,0.8332954,0.6314483,0.71222806,0.5219745,0.41241774,0.6018791,0.70010114,0.78821933,0.8201779,0.574543,0.40153292,0.6156138,0.79102015,0.7290714,0.50501543,0.54261297,0.52762574,0.70255667,0.5696734,0.53431755,0.66422766,0.8112204,0.27094743,0.74918264,0.8107966,0.40219796,0.45677072,0.8168253
7,134,6,visual,0.8500871,0.8066938,0.6859051,0.3281001,0.4626835,0.44969088,0.67315185,0.7614853,0.66821784,0.33906406,0.458047,0.48639497,0.70418555,0.81880975,0.52158856,0.48809528,0.4922615,0.79161245,0.6878998,0.530353,0.51717174,0.8298151,0.45105273,0.61443436,0.70811814,0.2603975,0.51956373,0.7290425
7,134,7,visual,0.88568246,0.8143067,0.8089248,0.54937154,0.6887389,0.45065385,0.71178323,0.8212949,0.77647555,0.5925938,0.58219486,0.49902254,0.75063974,0.8733608,0.6620719,0.55040616,0.5699461,0.77102965,0.7382681,0.5546382,0.5774075,0.7934384,0.43480948,0.65020144,0.80362535,0.19316892,0.474561,0.73625576
7,134,8,visual,0.9037967,0.7851895,0.6976614,0.34314173,0.43590024,0.40357202,0.70785046,0.77618194,0.76174206,0.44212058,0.36174238,0.5142411,0.7791875,0.82517564,0.47271755,0.44867998,0.5314049,0.8285289,0.55574757,0.2466816,0.61397946,0.83916944,0.11255864,0.8225217,0.7424432,0.05083359,0.24412863,0.7692237
7,134,9,visual,0.72899455,0.71385884,0.6882601,0.44126734,0.42334038,0.54229885,0.6851523,0.76966935,0.7354033,0.5527802,0.47734612,0.68236995,0.78147787,0.70020956,0.56106627,0.47253826,0.58400345,0.7692816,0.736063,0.47707823,0.5819978,0.7967185,0.39785025,0.5193798,0.7018916,0.23642394,0.37932098,0.8205591
7,134,10,visual,0.74522716,0.59113157,0.5736002,0.28806776,0.40128466,0.44943073,0.63206524,0.7576247,0.7576697,0.5083383,0.34471592,0.6200671,0.8230611,0.687487,0.47288138,0.23916811,0.5466761,0.72402924,0.55146176,0.22171836,0.54745185,0.7090762,0.115373366,0.7387451,0.6851056,0.1445941,0.3119216,0.7984316
7,134,11,visual,0.5855698,0.56026554,0.5099272,0.2213218,0.49606103,0.44584152,0.56716585,0.61295325,0.58538175,0.40006068,0.5210346,0.48815337,0.66988176,0.6576182,0.41406947,0.6168545,0.52480775,0.72667277,0.53223383,0.6445045,0.5200475,0.7150573,0.3958849,0.6349299,0.68643725,0.39220035,0.567147,0.7794118
7,134,12,visual,0.71377313,0.55934596,0.63880605,0.3093861,0.5607651,0.52360183,0.5811235,0.54293376,0.84897774,0.39905086,0.34602585,0.60844725,0.7059249,0.6778567,0.47500467,0.54193133,0.60847837,0.65423226,0.5237614,0.39577618,0.7021956,0.7809601,0.3122426,0.69587725,0.7444965,0.4330687,0.4382312,0.85671127
7,134,13,visual,0.8139653,0.8524194,0.8172271,0.5189237,0.70219,0.5382421,0.70332044,0.8186374,0.8541677,0.5801358,0.6035318,0.6728233,0.83584625,0.879605,0.61728984,0.5954187,0.64696836,0.8061114,0.68948764,0.5749414,0.73835737,0.86498684,0.56263685,0.78941154,0.7703435,0.4138748,0.5839094,0.85181046
7,134,14,visual,0.69365406,0.63638914,0.68556833,0.21030721,0.38326144,0.5790259,0.64199495,0.67806756,0.7504082,0.4429061,0.27799734,0.57665235,0.7104527,0.6343239,0.34675795,0.41041726,0.55460095,0.69508547,0.5374543,0.37101528,0.74369645,0.8332342,0.23529598,0.6895063,0.6808736,0.22909555,0.3550241,0.8235953
7,134,15,visual,0.7493683,0.57588583,0.7049507,0.2604658,0.42869556,0.37779877,0.6494877,0.6572341,0.6867955,0.2985978,0.49409106,0.4423698,0.73183876,0.6451406,0.5061921,0.34671032,0.5299099,0.7691243,0.56339663,0.43370724,0.69728214,0.85254544,0.11062286,0.8141562,0.6649697,0.22581218,0.43764514,0.76215684
7,135,1,visual,0.7752228,0.69345057,0.7583756,0.35720593,0.52617764,0.5337525,0.6684233,0.6735497,0.75690156,0.5217578,0.6983596,0.594829,0.7083958,0.74623775,0.5225979,0.5123513,0.64881873,0.8042306,0.5577938,0.5251326,0.6082844,0.80698556,0.51860154,0.7205889,0.72527564,0.37607688,0.48921785,0.84203964
7,135,2,visual,0.72516364,0.60124284,0.6841042,0.41799212,0.15466428,0.64929503,0.64290667,0.4896074,0.59356743,0.38852698,0.07070249,0.53530777,0.6074031,0.6322282,0.38916034,0.17828806,0.58273315,0.6077839,0.60637903,0.2421467,0.7735693,0.7571875,0.19570622,0.76219845,0.8032027,0.18021756,0.15299603,0.8649169
7,135,3,visual,0.5853246,0.77499396,0.78144115,0.31901827,0.27167675,0.5764786,0.66404396,0.51051074,0.57798064,0.41417593,0.4808463,0.4303497,0.6954248,0.8146747,0.44219,0.22636819,0.40220928,0.6875699,0.47745663,0.25067112,0.43296847,0.75607026,0.23252723,0.29215163,0.7351092,0.24092354,0.29284528,0.58357865
7,135,4,visual,0.34024858,0.6344182,0.6872997,0.40536913,0.36386845,0.6524687,0.7270266,0.27530032,0.39200035,0.36529616,0.2144452,0.21541561,0.4429471,0.66000915,0.37406746,0.43097204,0.67668504,0.6948705,0.4535942,0.4737233,0.58360237,0.7634926,0.3247988,0.3369945,0.5673776,0.2749529,0.37336263,0.8052281
7,135,5,visual,0.64471304,0.7294792,0.7210089,0.4629222,0.36125442,0.5911186,0.6876867,0.6225919,0.52042234,0.42247602,0.26784587,0.45007062,0.65509987,0.61899483,0.5223702,0.25770867,0.6223452,0.7232506,0.6014305,0.5247801,0.5398311,0.7322052,0.37400573,0.6668258,0.7686487,0.06543738,0.3573914,0.7919019
7,135,6,visual,0.58024603,0.495423,0.74130255,0.5280092,0.48162246,0.5142543,0.6404572,0.51512647,0.7534084,0.52928054,0.5257493,0.55394197,0.64718044,0.67376435,0.42672628,0.2477953,0.5584405,0.584223,0.6328377,0.45021752,0.6265629,0.7705523,0.38414282,0.8448347,0.8776456,0.25018167,0.4707696,0.8204698
7,135,7,visual,0.5912464,0.58800673,0.7492635,0.5632338,0.45182323,0.44998512,0.58013105,0.610753,0.77531976,0.5015909,0.32946098,0.5330491,0.6665523,0.73841435,0.559637,0.5091316,0.62759227,0.69121134,0.6560625,0.39471903,0.6166119,0.8071248,0.2805698,0.8182737,0.8336154,0.39745888,0.364935,0.8674209
7,135,8,visual,0.64723927,0.4889879,0.6969752,0.52848995,0.37488508,0.5753479,0.71043885,0.41416782,0.7689734,0.5996586,0.3238883,0.59390646,0.71390396,0.6147636,0.4844079,0.1721991,0.54756606,0.6591142,0.6413701,0.30539975,0.6220001,0.82474816,0.2798206,0.8002664,0.8413302,0.25620848,0.3031814,0.84579486
7,135,9,visual,0.48441178,0.5007939,0.55157584,0.3801205,0.5428742,0.467175,0.5563669,0.461048,0.765225,0.4873812,0.25226948,0.57917154,0.68089575,0.6772041,0.5128315,0.4292839,0.6254442,0.6780211,0.5260515,0.3082021,0.6260329,0.79849523,0.21823466,0.8444435,0.78619534,0.24582271,0.3493991,0.8628493
7,135,10,visual,0.6513079,0.54548097,0.7013454,0.6491893,0.24091667,0.6405582,0.68863183,0.41023573,0.72376716,0.48339573,0.38681644,0.5374379,0.58796626,0.62004775,0.51354414,0.13278992,0.6528344,0.71085864,0.6553013,0.37912753,0.65338475,0.74889576,0.27824897,0.8012125,0.85749245,0.1877635,0.32677105,0.8215658
7,135,11,visual,0.62247264,0.65245974,0.61870444,0.42264205,0.3757129,0.53325564,0.6358729,0.4991276,0.7143968,0.5128864,0.319411,0.6272197,0.65949535,0.6475762,0.4431214,0.30003873,0.6031362,0.7064234,0.58435804,0.17714725,0.68345666,0.7677354,0.09879152,0.7990144,0.8064508,0.21341392,0.26381573,0.8509398
7,135,12,visual,0.38838017,0.57940966,0.55051583,0.4850813,0.21727438,0.51008797,0.5872533,0.24648273,0.5258861,0.25389507,0.31080267,0.44773045,0.42406037,0.64238846,0.57292336,0.04340294,0.59416854,0.7009419,0.61889297,0.11561948,0.6962044,0.8197368,0.23980615,0.83484346,0.81310934,0.21683365,0.17762585,0.8820938
7,135,13,visual,0.49377352,0.40526244,0.6681709,0.5451544,0.31476054,0.51041543,0.65056276,0.19481552,0.5455424,0.48729748,0.23656973,0.49813452,0.50995,0.60623085,0.4492542,0.23401666,0.5551366,0.6321598,0.67642653,0.37065148,0.6380456,0.8117356,0.543005,0.88390887,0.8800578,0.4541364,0.4966801,0.84973633
7,135,14,visual,0.5811638,0.7212344,0.6521926,0.41949803,0.4829098,0.5985076,0.6361386,0.51446486,0.85304886,0.44502804,0.39895993,0.5263044,0.632603,0.70255893,0.58614486,0.5586195,0.5687104,0.7162177,0.5883272,0.51125944,0.63010937,0.7900618,0.46387434,0.77352136,0.8144569,0.35932687,0.5306073,0.88023657
7,135,15,visual,0.62417203,0.43232548,0.6576581,0.55833703,0.2753391,0.55494887,0.62201446,0.4422498,0.6845923,0.44324705,0.5074701,0.4978564,0.5776458,0.6937233,0.5915387,0.32865465,0.65501314,0.70550525,0.69219077,0.37255973,0.68867135,0.83388853,0.28206444,0.8461831,0.87450975,0.19238237,0.38644353,0.8502551
7,136,1,visual,0.8049226,0.6915972,0.7427544,0.54063916,0.5641808,0.68213594,0.6430989,0.61615926,0.75613916,0.47677538,0.48512614,0.6040466,0.6744244,0.7077495,0.5748072,0.5708957,0.64751375,0.6044275,0.57307017,0.46354648,0.60718995,0.6520072,0.5533521,0.7989079,0.6719629,0.52994937,0.52108943,0.7798566
7,136,2,visual,0.65055704,0.7097388,0.70560896,0.37318522,0.3146374,0.38737756,0.6917201,0.5866914,0.7176018,0.45671764,0.38473707,0.4916942,0.6673886,0.7595328,0.45714784,0.47544307,0.50797826,0.75106823,0.59297556,0.49268824,0.5370526,0.80255836,0.49281305,0.5947465,0.71940655,0.27561396,0.4809834,0.70818895
7,136,3,visual,0.728942,0.7996279,0.8395206,0.51068693,0.29696825,0.42819786,0.6966806,0.71572226,0.8473082,0.53098017,0.35315096,0.5279898,0.7681451,0.7960105,0.62825096,0.49575058,0.48394048,0.76553243,0.67586964,0.48485312,0.5301491,0.8764815,0.52329874,0.44767445,0.75703067,0.2724292,0.44974354,0.6539241
7,136,4,visual,0.96420157,0.9056966,0.86975473,0.6171311,0.7791735,0.5489671,0.827829,0.89168173,0.90050477,0.6997183,0.78955656,0.56092155,0.85706913,0.8620674,0.66957295,0.78582275,0.60420513,0.86203706,0.77573425,0.81087023,0.58125556,0.88036066,0.61983836,0.5677354,0.8249199,0.4620802,0.7108508,0.75230247
7,136,5,visual,0.8397569,0.67621124,0.7328304,0.40898788,0.53425425,0.49597976,0.6675158,0.62338877,0.72100747,0.4990955,0.53807986,0.561402,0.7494395,0.72144943,0.4863794,0.55346626,0.38183886,0.65093845,0.6887636,0.44915465,0.53547895,0.8559755,0.32188043,0.63197154,0.7968408,0.07500234,0.45281476,0.6988244
7,136,6,visual,0.89337593,0.82615244,0.7889552,0.58911455,0.71417713,0.4095364,0.79312545,0.88091135,0.8389927,0.70693344,0.737915,0.5283773,0.8875503,0.9078872,0.73158914,0.724147,0.55667096,0.88550425,0.78989774,0.71897155,0.519383,0.8657117,0.57966876,0.59505194,0.83786076,0.35130033,0.69318765,0.6887518
7,136,7,visual,0.8327758,0.79663825,0.8374437,0.54792285,0.3463665,0.5462042,0.75649947,0.77917093,0.8368285,0.59893256,0.4118341,0.52923834,0.76385075,0.8405681,0.71837926,0.4036915,0.54818505,0.8422638,0.7714271,0.35061726,0.4716431,0.82944757,0.3948361,0.5357455,0.8144688,0.21055081,0.42963693,0.69948244
7,136,8,visual,0.73464984,0.6924441,0.57902753,0.4358288,0.5374665,0.46538493,0.72022945,0.7912512,0.8316445,0.6390066,0.7286826,0.53870076,0.86009306,0.7830602,0.652462,0.61090624,0.61728126,0.8440724,0.77247065,0.78476924,0.44299644,0.82516915,0.6230102,0.44519982,0.74687535,0.32089654,0.68890953,0.66912943
7,136,9,visual,0.5929633,0.548942,0.6996994,0.4447311,0.6010918,0.4495817,0.67389965,0.66226673,0.62363124,0.4735511,0.43756923,0.62316954,0.70528024,0.7208666,0.5079232,0.36783993,0.49590066,0.6899544,0.577623,0.63651204,0.37944284,0.7420453,0.34836197,0.5509575,0.7449894,0.26410183,0.4935829,0.6718456
7,136,10,visual,0.59445214,0.66771656,0.6641435,0.225131,0.47744066,0.52362555,0.59417677,0.8016031,0.745833,0.54893625,0.43469176,0.56765443,0.7397752,0.7848138,0.5319829,0.55423164,0.5988525,0.77186775,0.59713393,0.63220143,0.59729695,0.81903666,0.38170686,0.6729964,0.73174036,0.33387884,0.52198565,0.8298293
7,136,11,visual,0.8475086,0.8482846,0.8465993,0.41424674,0.6580202,0.4335512,0.75537413,0.78800803,0.81792843,0.4044252,0.61625427,0.4880147,0.77393854,0.8338073,0.48831216,0.61860365,0.5166294,0.79617536,0.5646588,0.54055905,0.54215163,0.86134696,0.2907474,0.69333434,0.6905384,0.33288577,0.5196721,0.76151675
7,136,12,visual,0.78192365,0.7410628,0.84006673,0.34129423,0.3912032,0.5008661,0.6662284,0.611231,0.7519906,0.33897296,0.4491944,0.46422842,0.68413496,0.8644561,0.53101385,0.27585456,0.5522525,0.790996,0.5813934,0.42103896,0.58960843,0.8649033,0.36092222,0.77454126,0.7418568,0.34738582,0.40064526,0.79138124
7,136,13,visual,0.65024674,0.81000763,0.76423705,0.36832726,0.41981417,0.47397122,0.6331454,0.63632774,0.7805838,0.48085368,0.5308494,0.5837035,0.76232,0.73983675,0.4019244,0.4005052,0.56622565,0.70159125,0.615257,0.46934414,0.64352846,0.86339545,0.22402802,0.6765978,0.7226092,0.25393772,0.4096227,0.81255895
7,136,14,visual,0.65422684,0.45034775,0.741478,0.39963228,0.37399834,0.40523067,0.6051624,0.4053606,0.7345638,0.38284892,0.24659246,0.39541057,0.63378906,0.58359784,0.40122655,0.11665961,0.60063297,0.6343027,0.5995061,0.47522202,0.5827754,0.85248554,0.3634111,0.7726224,0.7724176,0.23068796,0.364485,0.8089869
7,136,15,visual,0.56212294,0.6096183,0.69644773,0.27381977,0.3594303,0.46586448,0.5864791,0.5897932,0.6986669,0.4873601,0.3147669,0.568528,0.6911071,0.7512211,0.44139963,0.37620997,0.5768234,0.7070318,0.5993801,0.50386506,0.7128335,0.87058806,0.3570715,0.7667479,0.75001645,0.3325703,0.44994178,0.8563267
7,137,1,visual,0.7767261,0.73222697,0.74761385,0.23894341,0.33304483,0.40675345,0.63687456,0.6183684,0.7698571,0.4019095,0.46085462,0.4482655,0.6906275,0.792121,0.38705578,0.16159369,0.4949523,0.7150015,0.5431013,0.368497,0.48793584,0.8452934,0.31732216,0.6431521,0.6790357,0.11167721,0.3335113,0.74941766
7,137,2,visual,0.31980878,0.5867883,0.37836376,0.29129177,0.3030961,0.31062457,0.6390901,0.46013203,0.43001556,0.29656214,0.07930883,0.13159806,0.47610673,0.5245321,0.30472896,0.15458651,0.41815424,0.66570944,0.39430442,0.12472247,0.21849819,0.5085318,0.17279185,0.48552442,0.6125145,0.4968019,0.30980346,0.6459593
7,137,3,visual,0.61724204,0.60005355,0.6019304,0.40935335,0.07290896,0.4582599,0.59590286,0.6172891,0.4873084,0.4279726,0.32089972,0.43744996,0.6303149,0.77520716,0.4027541,0.40952995,0.3373226,0.8479832,0.5385272,0.28598854,0.17954555,0.8449697,0.19076255,0.24079466,0.62688595,0.037354622,0.3993472,0.3630167
7,137,4,visual,0.6593051,0.76824206,0.64407605,0.37446368,0.16256821,0.5545371,0.64783317,0.5504576,0.74153787,0.63373643,0.15801993,0.63701147,0.7645603,0.70791763,0.42158666,0.3313592,0.61773914,0.7363253,0.6968966,0.3311216,0.628862,0.8258443,0.38714188,0.63046134,0.73293644,0.26491347,0.30636308,0.85360724
7,137,5,visual,0.6590544,0.7678935,0.7507044,0.46085194,0.32602572,0.65787584,0.69749475,0.6480596,0.72978663,0.5410192,0.2364993,0.5996792,0.70921904,0.7638665,0.4829443,0.38333458,0.640744,0.7348656,0.6423362,0.31867945,0.75669295,0.8548272,0.11754784,0.71860445,0.7743273,0.173696,0.2741518,0.914787
7,137,6,visual,0.5315778,0.6094451,0.6654735,0.42915457,0.27144393,0.6334154,0.6484233,0.3586192,0.42444983,0.41520384,0.15207314,0.3734797,0.467702,0.683331,0.47986454,0.1920893,0.5590129,0.6482939,0.6341981,0.39402214,0.6701021,0.8098787,0.18349701,0.7806154,0.80704826,0.27598563,0.31681478,0.89374566
7,137,7,visual,0.28718856,0.7486811,0.72804844,0.44500616,0.5698881,0.53362495,0.6248377,0.46958715,0.46554294,0.4146239,0.2387619,0.44673347,0.46660987,0.81689405,0.5196307,0.49029404,0.62214416,0.731209,0.71314365,0.55767,0.7941397,0.88920724,0.41374865,0.84748286,0.83822936,0.51035386,0.51599854,0.91993415
7,137,8,visual,0.18405515,0.73484695,0.7914168,0.3677489,0.43080667,0.55586344,0.6633368,0.15096547,0.31960666,0.42887324,0.22633007,0.37621638,0.36666888,0.757643,0.5161533,0.45167437,0.49580657,0.66889775,0.6265816,0.53038913,0.6756448,0.8151088,0.363096,0.7849114,0.78834534,0.27542672,0.38288066,0.8840629
7,137,9,visual,0.3011024,0.6485782,0.7452862,0.46521574,0.40358064,0.6433552,0.6892352,0.3957848,0.40004748,0.42434287,0.08435386,0.49021104,0.47624275,0.7674914,0.5922852,0.30576888,0.7007346,0.7668557,0.66459745,0.2741211,0.70396256,0.8320399,0.18319474,0.78470093,0.8273039,0.20845732,0.30937976,0.8991028
7,137,10,visual,0.27980196,0.61325264,0.6127222,0.30448952,0.2588602,0.5592833,0.5791862,0.26659256,0.4758613,0.47988597,0.32706043,0.37955272,0.46613574,0.52296257,0.34378225,0.19604768,0.6028304,0.6246957,0.6238566,0.21588622,0.6121172,0.7843891,0.27425143,0.7133442,0.7816211,0.25260353,0.2677664,0.87688637
7,137,11,visual,0.22296116,0.7627606,0.71826434,0.33750874,0.4290592,0.48514098,0.6362514,0.10001622,0.24583949,0.14222431,0.1383747,0.28314242,0.268214,0.82873845,0.5209133,0.47714123,0.53245604,0.7099251,0.6830014,0.5128634,0.70830864,0.8924396,0.4561524,0.7944419,0.76887757,0.31440428,0.46296054,0.85700774
7,137,12,visual,0.21142282,0.8054608,0.62279284,0.363681,0.5390878,0.5148167,0.6303412,0.19436032,0.41237757,0.3406827,0.24238005,0.3382711,0.33939216,0.57579744,0.41574925,0.6424422,0.5856654,0.6821602,0.68261915,0.43714747,0.67221576,0.79583824,0.20803419,0.81471086,0.8141351,0.35910589,0.39080393,0.8976429
7,137,13,visual,0.40828025,0.69748664,0.6767489,0.44242337,0.42368487,0.5546575,0.6565883,0.27994576,0.5933732,0.27708888,0.30460328,0.33483282,0.4384792,0.72824734,0.613031,0.28161907,0.6873376,0.7883367,0.664325,0.39615402,0.5938416,0.8013931,0.25205514,0.76675045,0.7998714,0.3267709,0.38271382,0.87278074
7,137,14,visual,0.24285673,0.7582894,0.78963625,0.4827059,0.38829392,0.5727468,0.7202757,0.018069489,0.32787922,0.3425781,0.14574607,0.29388386,0.2824207,0.6954151,0.4809674,0.39059487,0.6017783,0.7142687,0.68346965,0.54514956,0.6474793,0.834224,0.49865013,0.734055,0.7707404,0.2821843,0.4336018,0.8832529
7,137,15,visual,0.50791436,0.7193134,0.6005109,0.34790584,0.35756242,0.39951482,0.5592792,0.46753737,0.6211723,0.46284,0.19468269,0.37994096,0.5779281,0.6729624,0.55219513,0.38205436,0.62842464,0.74866897,0.705581,0.5491407,0.45034477,0.7638547,0.38326865,0.6414109,0.7758439,0.21497451,0.36185223,0.7883865
7,138,1,visual,0.69189,0.8007108,0.78082997,0.49408007,0.42356184,0.33122864,0.6670476,0.5626311,0.76350385,0.4901544,0.21264903,0.39494953,0.6418372,0.69380873,0.52609056,0.4257538,0.49368098,0.7306455,0.76417714,0.3246368,0.42682645,0.8318432,0.33617917,0.49139062,0.73723906,0.1496533,0.39876834,0.6876238
7,138,2,visual,0.3644616,0.8298059,0.8568122,0.54616284,0.5248215,0.44406775,0.7637599,0.35703504,0.46816975,0.35994253,0.23446187,0.4346493,0.42723364,0.8313789,0.6789911,0.51182485,0.6296391,0.84180886,0.7159648,0.58694416,0.44692266,0.8330652,0.3964966,0.5966894,0.7485948,0.2658583,0.474499,0.72506756
7,138,3,visual,0.5232584,0.8153043,0.6811157,0.39883417,0.71066713,0.5716749,0.6926793,0.55561477,0.71054983,0.5919204,0.41421914,0.57508785,0.6770339,0.80035794,0.62540525,0.69472575,0.7184163,0.8520461,0.733226,0.64268553,0.6380913,0.84820217,0.53739595,0.6922497,0.77296066,0.6612233,0.73110384,0.85908145
7,138,4,visual,0.34320217,0.8026314,0.77866906,0.36243042,0.34378102,0.54681057,0.6638622,0.27434105,0.42624918,0.2644339,0.2508519,0.34882882,0.3423248,0.8119384,0.4801198,0.27989995,0.6003437,0.7447268,0.64154816,0.33755738,0.69816947,0.8441317,0.27233654,0.77751243,0.76940894,0.28161824,0.32278067,0.88094854
7,138,5,visual,0.651355,0.75732505,0.8032441,0.4454375,0.5898888,0.5103667,0.67095476,0.45801535,0.6083969,0.24595349,0.40246475,0.42780203,0.5049899,0.80491716,0.6235371,0.5679569,0.5694086,0.7776505,0.6737528,0.6319181,0.4751696,0.8012133,0.46564415,0.6668666,0.7809511,0.19356011,0.5005009,0.7581897
7,138,6,visual,0.2704249,0.814432,0.7140253,0.38689402,0.3207947,0.53417146,0.646711,0.21898234,0.26874912,0.19995601,0.15774792,0.23801546,0.2635203,0.76160216,0.46501514,0.3725929,0.5770996,0.7300063,0.60658455,0.48432723,0.6601186,0.87340397,0.4721046,0.801839,0.7787773,0.40844074,0.53038424,0.8398562
7,138,7,visual,0.24325202,0.823878,0.689806,0.20857297,0.31095064,0.3864234,0.6165358,0.043277472,0.3687376,0.39389542,0.43813205,0.2835052,0.3074806,0.6922845,0.2618559,0.48937458,0.47435936,0.69742185,0.5892595,0.22171068,0.55824983,0.8378932,0.1523101,0.60593116,0.6525079,0.20674248,0.33840483,0.76938194
7,138,8,visual,0.47096753,0.7580524,0.78817487,0.46906275,0.31709713,0.55806667,0.6630633,0.3567748,0.5188298,0.3437463,0.29065683,0.43439174,0.43781433,0.7981574,0.5539318,0.40396425,0.68637854,0.7700731,0.6435602,0.27365637,0.6209561,0.8238404,0.2961354,0.7277813,0.76669115,0.14676778,0.3049294,0.82479477
7,138,9,visual,0.3725967,0.7913111,0.6818527,0.3833204,0.6442879,0.43996167,0.6742638,0.34365794,0.5253837,0.36695552,0.13691224,0.39512518,0.4746464,0.7186411,0.49997652,0.74623555,0.5599198,0.7917199,0.66491777,0.6853369,0.4739576,0.8231499,0.44151714,0.66619813,0.7500863,0.3828462,0.6472545,0.7382542
7,138,10,visual,0.077530265,0.79256666,0.7378946,0.41133213,0.4572439,0.45592338,0.69278276,0.11864097,0.22845621,0.26036024,0.39285672,0.24192998,0.21714158,0.745826,0.5157797,0.44376388,0.55357575,0.7462046,0.67998797,0.40401766,0.39817977,0.82265425,0.39050183,0.27450347,0.6479227,0.36017546,0.40218297,0.6250105
7,138,11,visual,0.52161723,0.9287331,0.93145216,0.78094625,0.8039712,0.49980956,0.83627135,0.49401343,0.5601694,0.44178617,0.3956301,0.43559095,0.5073362,0.8618131,0.7854463,0.6915197,0.54431295,0.8320648,0.8692433,0.7910666,0.51325136,0.86457586,0.65955955,0.48694733,0.82896423,0.34959438,0.65501946,0.69016826
7,138,12,visual,0.42530748,0.71257097,0.7180983,0.3365859,0.7254634,0.37687364,0.66141605,0.5379937,0.5505139,0.3605273,0.21555357,0.43370596,0.58774966,0.75152594,0.47951794,0.50671387,0.56579405,0.7610614,0.64355123,0.53742564,0.5174368,0.81808424,0.37492898,0.5280998,0.6728973,0.21545976,0.5177029,0.7320968
7,138,13,visual,0.4305502,0.81281096,0.70112437,0.18682753,0.37871206,0.4763066,0.6158343,0.4211383,0.5579975,0.33310723,0.29812047,0.45146158,0.55117494,0.7519397,0.31767184,0.31512415,0.59747726,0.73488444,0.4721716,0.29111257,0.6825874,0.83610994,0.18925773,0.6881359,0.64891356,0.3100801,0.3483639,0.82133496
7,138,14,visual,0.34105325,0.70982593,0.73190874,0.25795966,0.501668,0.4441735,0.55955386,0.37758008,0.43930417,0.33132634,0.09571687,0.45271203,0.5002882,0.7851878,0.43017328,0.4012216,0.57716376,0.7323829,0.4588594,0.4925567,0.5659085,0.7620391,0.36139408,0.81086564,0.7533682,0.25616258,0.4433781,0.8107126
7,138,15,visual,0.46626243,0.84299195,0.71477497,0.29556412,0.24439262,0.5118431,0.5854879,0.38387525,0.5810452,0.29965654,0.31642812,0.52143764,0.53165555,0.75228095,0.40108728,0.20089363,0.56162083,0.6753141,0.56615996,0.31911656,0.70015544,0.84596616,0.14730863,0.7556735,0.71980053,0.25356805,0.31051227,0.87447166
7,139,1,visual,0.64740115,0.82948095,0.81606036,0.33453968,0.47713757,0.57955426,0.67756003,0.58324987,0.6849882,0.3333142,0.13161857,0.504572,0.5599678,0.8037189,0.44110048,0.47174314,0.6627286,0.75905937,0.4292661,0.5603065,0.64389473,0.8001357,0.16055115,0.5737828,0.6356312,0.35575497,0.44240588,0.8486938
7,139,2,visual,0.44979867,0.77337325,0.676047,0.36659506,0.54721737,0.56090724,0.6628947,0.52324283,0.59846365,0.41026455,0.33405972,0.4851853,0.5422184,0.8707346,0.62814474,0.56622577,0.7970897,0.86831135,0.71002585,0.50619835,0.84930474,0.8997159,0.41005427,0.82368535,0.7827191,0.4686519,0.47321185,0.90570045
7,139,3,visual,0.4929906,0.7488515,0.687828,0.23501311,0.38273016,0.5003196,0.60695505,0.44782037,0.50217503,0.08673411,0.2726611,0.47038803,0.485347,0.7676817,0.43493143,0.44861555,0.72514063,0.7956561,0.4572826,0.4979497,0.688377,0.7767673,0.36034337,0.60524964,0.6423197,0.3655972,0.42262065,0.89160496
7,139,4,visual,0.3240436,0.72611654,0.7414584,0.41167328,0.2859687,0.635268,0.65929693,0.15160967,0.2556831,0.42970678,0.11635282,0.2532011,0.32995072,0.83116883,0.5259286,0.28731263,0.75844496,0.76298875,0.52873015,0.2896405,0.7111739,0.77191716,0.15601352,0.7038208,0.7686009,0.17330869,0.21422899,0.9160488
7,139,5,visual,0.44054577,0.69068974,0.7246685,0.45860356,0.22035086,0.60563815,0.6599541,0.37781587,0.33711213,0.26269916,0.24035403,0.324555,0.4819665,0.58244956,0.38947114,0.26530594,0.66924834,0.69528115,0.67165756,0.34111324,0.62644607,0.75149393,0.4538753,0.5845566,0.75140023,0.24532603,0.33533546,0.78196454
7,139,6,visual,0.26174226,0.7025355,0.58566266,0.424116,0.36266968,0.5604638,0.6087951,0.30954605,0.25373775,0.10762029,0.19488688,0.2886765,0.311995,0.70882374,0.58949065,0.23834993,0.62756294,0.7348329,0.7704319,0.39049354,0.6922957,0.81865996,0.29578066,0.76536447,0.8204299,0.21811324,0.2906504,0.9189025
7,139,7,visual,0.58382314,0.8040008,0.7917068,0.54042065,0.35396796,0.6135965,0.7082254,0.48329136,0.52386385,0.28049967,0.2793279,0.42444485,0.446425,0.79774183,0.66955394,0.3757749,0.6927869,0.81854844,0.71655995,0.4314811,0.63366544,0.7935722,0.31641755,0.7139835,0.8512325,0.2325578,0.33365205,0.8634551
7,139,8,visual,0.30899203,0.757801,0.7303567,0.46383783,0.52413094,0.56715655,0.64781,0.24165714,0.29874486,0.06793937,0.023863332,0.27185652,0.3204326,0.70806664,0.5358021,0.5073844,0.6586478,0.75294954,0.65178895,0.43527627,0.63804996,0.75863516,0.3050339,0.7348392,0.75641805,0.3489636,0.41917965,0.9181533
7,139,9,visual,0.41736877,0.73188365,0.75232697,0.5207371,0.37944174,0.5720927,0.64027935,0.27425295,0.5249266,0.40913698,0.12771927,0.3158236,0.40228495,0.7355764,0.61738175,0.33356738,0.6408699,0.73221487,0.7349365,0.31172514,0.70647323,0.8198565,0.30836773,0.8503586,0.8867979,0.32461968,0.36711285,0.91997
7,139,10,visual,0.53795,0.75080216,0.8146287,0.47014353,0.5905368,0.5329154,0.6653494,0.40127003,0.6659791,0.4027596,0.4243858,0.4442281,0.51368564,0.7708111,0.56342024,0.65118587,0.64039934,0.78428054,0.65057,0.68280965,0.6645365,0.827463,0.4024761,0.84139526,0.8161059,0.37774566,0.5301698,0.8909279
7,139,11,visual,0.26543182,0.79631567,0.6601212,0.4245169,0.39003792,0.55162746,0.57433116,0.31813958,0.6068177,0.4282576,0.44489995,0.3870934,0.4124459,0.6853453,0.5636391,0.25561976,0.6427634,0.6925761,0.7203729,0.47965956,0.69453466,0.79519445,0.2617369,0.8492555,0.8879511,0.24323955,0.28122246,0.9062592
7,139,12,visual,0.629174,0.74477303,0.7808341,0.5333464,0.33727488,0.620036,0.6746979,0.54765314,0.76061976,0.5722871,0.10726969,0.67024815,0.7075251,0.7480738,0.57960886,0.31111962,0.66517115,0.73497045,0.74875724,0.24056908,0.78503704,0.8594674,0.2583299,0.8368165,0.8773523,0.28556928,0.2529722,0.9385774
7,139,13,visual,0.38466802,0.7403037,0.6345441,0.424038,0.49755237,0.63049877,0.6469231,0.37269574,0.62903374,0.37654245,0.54446256,0.43214655,0.47631645,0.7641133,0.56375015,0.572257,0.69640785,0.74862003,0.73438346,0.64651895,0.7827262,0.85987794,0.4855526,0.84407616,0.8480845,0.49491417,0.57007533,0.9519036
7,139,14,visual,0.58874214,0.78557014,0.7140319,0.5146326,0.6613803,0.47981626,0.69074833,0.5442886,0.69924974,0.60189706,0.5431521,0.39586523,0.65106636,0.75928533,0.6404944,0.6567472,0.685336,0.8821513,0.76584053,0.6202145,0.5560765,0.8321575,0.55963165,0.5842456,0.8084757,0.3606705,0.6196147,0.77099735
7,139,15,visual,0.6222579,0.6583493,0.61647856,0.46552855,0.5972628,0.5832645,0.6758099,0.5225106,0.6601199,0.5614029,0.5277575,0.5884107,0.75649565,0.7423374,0.54854995,0.6460788,0.6406241,0.67756706,0.7390147,0.72039604,0.6384864,0.8379247,0.66397125,0.5048486,0.7213732,0.4530018,0.6663436,0.8248937
7,140,1,visual,0.63421494,0.7270266,0.62819046,0.50844085,0.5235269,0.4950918,0.6636408,0.6058151,0.4485384,0.3779161,0.58106476,0.5063402,0.69018227,0.70866096,0.54572284,0.49951398,0.5476534,0.70493007,0.6926098,0.5330136,0.6881135,0.777867,0.5030324,0.60060745,0.69816774,0.5470039,0.6278454,0.8341788
7,140,2,visual,0.8693766,0.83348215,0.6283362,0.51603854,0.3267883,0.41576874,0.6870586,0.81034166,0.6389453,0.6362265,0.35138583,0.5155016,0.80929327,0.7454774,0.5714773,0.19585381,0.5423409,0.77480847,0.67002237,0.33207953,0.5875014,0.72799146,0.22361565,0.6971564,0.76203674,0.25149506,0.37961498,0.8007693
7,140,3,visual,0.77529377,0.7260627,0.7868139,0.47398576,0.33879218,0.65256447,0.69447434,0.7052402,0.84152204,0.54803634,0.38092712,0.6563257,0.73181874,0.7493112,0.48307946,0.21014826,0.6863193,0.6989398,0.6160221,0.3237241,0.7316932,0.81330377,0.34898102,0.7190471,0.7579902,0.29822907,0.42737868,0.87591475
7,140,4,visual,0.85697937,0.78473854,0.6695651,0.38003966,0.6957134,0.3654186,0.6043717,0.79093546,0.6440394,0.4491837,0.699304,0.43806103,0.7146952,0.7922165,0.5008213,0.6177561,0.5041903,0.75986874,0.62751305,0.59163624,0.585686,0.7917978,0.46371898,0.61451983,0.67700946,0.27449128,0.5471088,0.797846
7,140,5,visual,0.8127804,0.7620609,0.759187,0.42930567,0.5193215,0.529798,0.6694437,0.84926265,0.8389671,0.5315319,0.6192626,0.6342743,0.7915921,0.8559156,0.52095187,0.4932894,0.5748866,0.77120703,0.5714797,0.46075577,0.6489931,0.8370861,0.36217114,0.80356985,0.7846323,0.39391991,0.45739713,0.868975
7,140,6,visual,0.7508005,0.75891894,0.59334666,0.41177344,0.55072004,0.51506364,0.60972494,0.8117619,0.811894,0.5688344,0.59968257,0.5889258,0.78405946,0.711033,0.5444133,0.5254981,0.5890511,0.7446123,0.63633627,0.5190254,0.71467286,0.83469516,0.35275114,0.80065393,0.84228617,0.41058192,0.49022552,0.8301344
7,140,7,visual,0.7740093,0.7714823,0.6429038,0.5673944,0.30470365,0.46163946,0.6434676,0.75194544,0.6361283,0.6658788,0.36566305,0.58585554,0.7615386,0.7509511,0.6818606,0.21243146,0.5838993,0.7559322,0.6317114,0.21810485,0.70949244,0.76852167,0.1945849,0.693481,0.8173907,0.25231403,0.2605127,0.8562237
7,140,8,visual,0.8094982,0.70952,0.76658654,0.33546183,0.5233548,0.5304735,0.63775617,0.6828836,0.7752111,0.44275331,0.5293833,0.5836067,0.725352,0.80626494,0.44515267,0.54551446,0.5870903,0.7347982,0.6020077,0.64751,0.7288124,0.8861849,0.35254213,0.7641492,0.77602655,0.4509741,0.60985094,0.78369534
7,140,9,visual,0.8240168,0.8531969,0.7545275,0.330414,0.7657407,0.57210314,0.7329786,0.83854735,0.8887529,0.5318871,0.77931696,0.72090816,0.85825473,0.793806,0.43920687,0.81662405,0.6933944,0.8121609,0.6149821,0.75391024,0.7607261,0.89389765,0.44292986,0.6887001,0.66981834,0.5934152,0.7221042,0.90809685
7,140,10,visual,0.9412813,0.9943096,0.9579905,0.9071698,0.97062635,0.9696329,0.9698616,0.95763135,0.9388032,0.9271161,0.97500694,0.95714974,0.9310107,0.9575514,0.9169523,0.98315316,0.97694975,0.96445644,0.9465685,0.960499,0.9416988,0.99181443,0.9324934,0.9140426,0.93290186,0.97551155,0.95753545,0.9526866
7,140,11,visual,0.9556661,0.9605304,0.9816238,0.9433843,0.9614914,0.9178589,0.9709451,0.9266323,0.9519394,0.9150804,0.94341856,0.9206813,0.9559902,0.97105986,0.95295334,0.98169833,0.9385744,0.9724893,0.967106,0.9749808,0.92640597,0.98969394,0.9499736,0.90365815,0.962636,0.95307785,0.98151755,0.95521134
7,140,12,visual,0.8080859,0.7626588,0.70947003,0.27349013,0.49900517,0.4271977,0.629148,0.8304053,0.80666775,0.43186387,0.54767257,0.55764914,0.78285176,0.79053575,0.42103407,0.50326586,0.57554746,0.7394185,0.5670747,0.6121031,0.6968478,0.87732756,0.32871374,0.7931991,0.6861952,0.40387133,0.5686024,0.8306299
7,140,13,visual,0.7675329,0.6726048,0.6832645,0.38126534,0.36618063,0.5099172,0.6701368,0.82151514,0.83475155,0.58048546,0.34064624,0.5865079,0.8023717,0.75088584,0.5662534,0.3075918,0.6117479,0.79935145,0.6268395,0.3071425,0.7339789,0.85939026,0.34341627,0.68985724,0.72491246,0.32271892,0.37742978,0.8140348
7,140,14,visual,0.8700465,0.752409,0.8315157,0.54243624,0.77299994,0.4521568,0.75828636,0.7437391,0.7949518,0.53980625,0.83717495,0.46465635,0.7706199,0.79657674,0.52065706,0.6959129,0.55550885,0.78428966,0.60502607,0.72498447,0.5922178,0.84767807,0.45755157,0.40975776,0.680255,0.44016662,0.6225007,0.66252136
7,140,15,visual,0.7789327,0.49710512,0.73627704,0.35813093,0.4366041,0.45257875,0.6034886,0.60048944,0.78489166,0.53082675,0.5382251,0.5000321,0.723863,0.6047397,0.34903887,0.59361035,0.5800678,0.6384467,0.5235826,0.6654419,0.6063716,0.81886226,0.47975183,0.5874934,0.60798246,0.48681152,0.5810997,0.77518827
8,141,1,visual,0.86471814,0.344157,0.27812445,0.9051529,0.8022966,0.12560463,0.19673803,0.59496325,0.53148234,0.908132,0.83557254,0.12713365,0.4385412,0.9889113,0.38856795,0.40752915,0.663298,0.9510322,0.32628122,0.35803765,0.7109626,0.9785227,0.8540481,0.09766945,0.2300952,0.09600694,0.27566493,0.777118
8,141,2,visual,0.86471814,0.344157,0.27812445,0.9051529,0.8022966,0.12560463,0.19673803,0.59496325,0.53148234,0.908132,0.83557254,0.12713365,0.4385412,0.9889113,0.38856795,0.40752915,0.663298,0.9510322,0.32628122,0.35803765,0.7109626,0.9785227,0.8540481,0.09766945,0.2300952,0.09600694,0.27566493,0.777118
8,141,3,visual,0.86471814,0.344157,0.27812445,0.9051529,0.8022966,0.12560463,0.19673803,0.59496325,0.53148234,0.908132,0.83557254,0.12713365,0.4385412,0.9889113,0.38856795,0.40752915,0.663298,0.9510322,0.32628122,0.35803765,0.7109626,0.9785227,0.8540481,0.09766945,0.2300952,0.09600694,0.27566493,0.777118
8,141,4,visual,0.86471814,0.344157,0.27812445,0.9051529,0.8022966,0.12560463,0.19673803,0.59496325,0.53148234,0.908132,0.83557254,0.12713365,0.4385412,0.9889113,0.38856795,0.40752915,0.663298,0.9510322,0.32628122,0.35803765,0.7109626,0.9785227,0.8540481,0.09766945,0.2300952,0.09600694,0.27566493,0.777118
8,141,5,visual,0.86471814,0.344157,0.27812445,0.9051529,0.8022966,0.12560463,0.19673803,0.59496325,0.53148234,0.908132,0.83557254,0.12713365,0.4385412,0.9889113,0.38856795,0.40752915,0.663298,0.9510322,0.32628122,0.35803765,0.7109626,0.9785227,0.8540481,0.09766945,0.2300952,0.09600694,0.27566493,0.777118
8,141,6,visual,0.86471814,0.344157,0.27812445,0.9051529,0.8022966,0.12560463,0.19673803,0.59496325,0.53148234,0.908132,0.83557254,0.12713365,0.4385412,0.9889113,0.38856795,0.40752915,0.663298,0.9510322,0.32628122,0.35803765,0.7109626,0.9785227,0.8540481,0.09766945,0.2300952,0.09600694,0.27566493,0.777118
8,141,7,visual,0.86471814,0.344157,0.27812445,0.9051529,0.8022966,0.12560463,0.19673803,0.59496325,0.53148234,0.908132,0.83557254,0.12713365,0.4385412,0.9889113,0.38856795,0.40752915,0.663298,0.9510322,0.32628122,0.35803765,0.7109626,0.9785227,0.8540481,0.09766945,0.2300952,0.09600694,0.27566493,0.777118
8,141,8,visual,0.86471814,0.344157,0.27812445,0.9051529,0.8022966,0.12560463,0.19673803,0.59496325,0.53148234,0.908132,0.83557254,0.12713365,0.4385412,0.9889113,0.38856795,0.40752915,0.663298,0.9510322,0.32628122,0.35803765,0.7109626,0.9785227,0.8540481,0.09766945,0.2300952,0.09600694,0.27566493,0.777118
8,141,9,visual,0.86471814,0.344157,0.27812445,0.9051529,0.8022966,0.12560463,0.19673803,0.59496325,0.53148234,0.908132,0.83557254,0.12713365,0.4385412,0.9889113,0.38856795,0.40752915,0.663298,0.9510322,0.32628122,0.35803765,0.7109626,0.9785227,0.8540481,0.09766945,0.2300952,0.09600694,0.27566493,0.777118
8,141,10,visual,0.86471814,0.344157,0.27812445,0.9051529,0.8022966,0.12560463,0.19673803,0.59496325,0.53148234,0.908132,0.83557254,0.12713365,0.4385412,0.9889113,0.38856795,0.40752915,0.663298,0.9510322,0.32628122,0.35803765,0.7109626,0.9785227,0.8540481,0.09766945,0.2300952,0.09600694,0.27566493,0.777118
8,141,11,visual,0.86471814,0.344157,0.27812445,0.9051529,0.8022966,0.12560463,0.19673803,0.59496325,0.53148234,0.908132,0.83557254,0.12713365,0.4385412,0.9889113,0.38856795,0.40752915,0.663298,0.9510322,0.32628122,0.35803765,0.7109626,0.9785227,0.8540481,0.09766945,0.2300952,0.09600694,0.27566493,0.777118
8,141,12,visual,0.86471814,0.344157,0.27812445,0.9051529,0.8022966,0.12560463,0.19673803,0.59496325,0.53148234,0.908132,0.83557254,0.12713365,0.4385412,0.9889113,0.38856795,0.40752915,0.663298,0.9510322,0.32628122,0.35803765,0.7109626,0.9785227,0.8540481,0.09766945,0.2300952,0.09600694,0.27566493,0.777118
8,141,13,visual,0.86471814,0.344157,0.27812445,0.9051529,0.8022966,0.12560463,0.19673803,0.59496325,0.53148234,0.908132,0.83557254,0.12713365,0.4385412,0.9889113,0.38856795,0.40752915,0.663298,0.9510322,0.32628122,0.35803765,0.7109626,0.9785227,0.8540481,0.09766945,0.2300952,0.09600694,0.27566493,0.777118
8,141,14,visual,0.86471814,0.344157,0.27812445,0.9051529,0.8022966,0.12560463,0.19673803,0.59496325,0.53148234,0.908132,0.83557254,0.12713365,0.4385412,0.9889113,0.38856795,0.40752915,0.663298,0.9510322,0.32628122,0.35803765,0.7109626,0.9785227,0.8540481,0.09766945,0.2300952,0.09600694,0.27566493,0.777118
8,141,15,visual,0.86471814,0.344157,0.27812445,0.9051529,0.8022966,0.12560463,0.19673803,0.59496325,0.53148234,0.908132,0.83557254,0.12713365,0.4385412,0.9889113,0.38856795,0.40752915,0.663298,0.9510322,0.32628122,0.35803765,0.7109626,0.9785227,0.8540481,0.09766945,0.2300952,0.09600694,0.27566493,0.777118
8,142,1,visual,0.86471814,0.344157,0.27812445,0.9051529,0.8022966,0.12560463,0.19673803,0.59496325,0.53148234,0.908132,0.83557254,0.12713365,0.4385412,0.9889113,0.38856795,0.40752915,0.663298,0.9510322,0.32628122,0.35803765,0.7109626,0.9785227,0.8540481,0.09766945,0.2300952,0.09600694,0.27566493,0.777118
8,142,2,visual,0.86471814,0.344157,0.27812445,0.9051529,0.8022966,0.12560463,0.19673803,0.59496325,0.53148234,0.908132,0.83557254,0.12713365,0.4385412,0.9889113,0.38856795,0.40752915,0.663298,0.9510322,0.32628122,0.35803765,0.7109626,0.9785227,0.8540481,0.09766945,0.2300952,0.09600694,0.27566493,0.777118
8,142,3,visual,0.86471814,0.344157,0.27812445,0.9051529,0.8022966,0.12560463,0.19673803,0.59496325,0.53148234,0.908132,0.83557254,0.12713365,0.4385412,0.9889113,0.38856795,0.40752915,0.663298,0.9510322,0.32628122,0.35803765,0.7109626,0.9785227,0.8540481,0.09766945,0.2300952,0.09600694,0.27566493,0.777118
8,142,4,visual,0.86471814,0.344157,0.27812445,0.9051529,0.8022966,0.12560463,0.19673803,0.59496325,0.53148234,0.908132,0.83557254,0.12713365,0.4385412,0.9889113,0.38856795,0.40752915,0.663298,0.9510322,0.32628122,0.35803765,0.7109626,0.9785227,0.8540481,0.09766945,0.2300952,0.09600694,0.27566493,0.777118
8,142,5,visual,0.86471814,0.344157,0.27812445,0.9051529,0.8022966,0.12560463,0.19673803,0.59496325,0.53148234,0.908132,0.83557254,0.12713365,0.4385412,0.9889113,0.38856795,0.40752915,0.663298,0.9510322,0.32628122,0.35803765,0.7109626,0.9785227,0.8540481,0.09766945,0.2300952,0.09600694,0.27566493,0.777118
8,142,6,visual,0.86471814,0.344157,0.27812445,0.9051529,0.8022966,0.12560463,0.19673803,0.59496325,0.53148234,0.908132,0.83557254,0.12713365,0.4385412,0.9889113,0.38856795,0.40752915,0.663298,0.9510322,0.32628122,0.35803765,0.7109626,0.9785227,0.8540481,0.09766945,0.2300952,0.09600694,0.27566493,0.777118
8,142,7,visual,0.86471814,0.344157,0.27812445,0.9051529,0.8022966,0.12560463,0.19673803,0.59496325,0.53148234,0.908132,0.83557254,0.12713365,0.4385412,0.9889113,0.38856795,0.40752915,0.663298,0.9510322,0.32628122,0.35803765,0.7109626,0.9785227,0.8540481,0.09766945,0.2300952,0.09600694,0.27566493,0.777118
8,142,8,visual,0.86471814,0.344157,0.27812445,0.9051529,0.8022966,0.12560463,0.19673803,0.59496325,0.53148234,0.908132,0.83557254,0.12713365,0.4385412,0.9889113,0.38856795,0.40752915,0.663298,0.9510322,0.32628122,0.35803765,0.7109626,0.9785227,0.8540481,0.09766945,0.2300952,0.09600694,0.27566493,0.777118
8,142,9,visual,0.86471814,0.344157,0.27812445,0.9051529,0.8022966,0.12560463,0.19673803,0.59496325,0.53148234,0.908132,0.83557254,0.12713365,0.4385412,0.9889113,0.38856795,0.40752915,0.663298,0.9510322,0.32628122,0.35803765,0.7109626,0.9785227,0.8540481,0.09766945,0.2300952,0.09600694,0.27566493,0.777118
8,142,10,visual,0.86471814,0.344157,0.27812445,0.9051529,0.8022966,0.12560463,0.19673803,0.59496325,0.53148234,0.908132,0.83557254,0.12713365,0.4385412,0.9889113,0.38856795,0.40752915,0.663298,0.9510322,0.32628122,0.35803765,0.7109626,0.9785227,0.8540481,0.09766945,0.2300952,0.09600694,0.27566493,0.777118
8,142,11,visual,0.86471814,0.344157,0.27812445,0.9051529,0.8022966,0.12560463,0.19673803,0.59496325,0.53148234,0.908132,0.83557254,0.12713365,0.4385412,0.9889113,0.38856795,0.40752915,0.663298,0.9510322,0.32628122,0.35803765,0.7109626,0.9785227,0.8540481,0.09766945,0.2300952,0.09600694,0.27566493,0.777118
8,142,12,visual,0.86471814,0.344157,0.27812445,0.9051529,0.8022966,0.12560463,0.19673803,0.59496325,0.53148234,0.908132,0.83557254,0.12713365,0.4385412,0.9889113,0.38856795,0.40752915,0.663298,0.9510322,0.32628122,0.35803765,0.7109626,0.9785227,0.8540481,0.09766945,0.2300952,0.09600694,0.27566493,0.777118
8,142,13,visual,0.86471814,0.344157,0.27812445,0.9051529,0.8022966,0.12560463,0.19673803,0.59496325,0.53148234,0.908132,0.83557254,0.12713365,0.4385412,0.9889113,0.38856795,0.40752915,0.663298,0.9510322,0.32628122,0.35803765,0.7109626,0.9785227,0.8540481,0.09766945,0.2300952,0.09600694,0.27566493,0.777118
8,142,14,visual,0.86471814,0.344157,0.27812445,0.9051529,0.8022966,0.12560463,0.19673803,0.59496325,0.53148234,0.908132,0.83557254,0.12713365,0.4385412,0.9889113,0.38856795,0.40752915,0.663298,0.9510322,0.32628122,0.35803765,0.7109626,0.9785227,0.8540481,0.09766945,0.2300952,0.09600694,0.27566493,0.777118
8,142,15,visual,0.86471814,0.344157,0.27812445,0.9051529,0.8022966,0.12560463,0.19673803,0.59496325,0.53148234,0.908132,0.83557254,0.12713365,0.4385412,0.9889113,0.38856795,0.40752915,0.663298,0.9510322,0.32628122,0.35803765,0.7109626,0.9785227,0.8540481,0.09766945,0.2300952,0.09600694,0.27566493,0.777118
8,143,1,visual,0.86471814,0.344157,0.27812445,0.9051529,0.8022966,0.12560463,0.19673803,0.59496325,0.53148234,0.908132,0.83557254,0.12713365,0.4385412,0.9889113,0.38856795,0.40752915,0.663298,0.9510322,0.32628122,0.35803765,0.7109626,0.9785227,0.8540481,0.09766945,0.2300952,0.09600694,0.27566493,0.777118
8,143,2,visual,0.86471814,0.344157,0.27812445,0.9051529,0.8022966,0.12560463,0.19673803,0.59496325,0.53148234,0.908132,0.83557254,0.12713365,0.4385412,0.9889113,0.38856795,0.40752915,0.663298,0.9510322,0.32628122,0.35803765,0.7109626,0.9785227,0.8540481,0.09766945,0.2300952,0.09600694,0.27566493,0.777118
8,143,3,visual,0.86471814,0.344157,0.27812445,0.9051529,0.8022966,0.12560463,0.19673803,0.59496325,0.53148234,0.908132,0.83557254,0.12713365,0.4385412,0.9889113,0.38856795,0.40752915,0.663298,0.9510322,0.32628122,0.35803765,0.7109626,0.9785227,0.8540481,0.09766945,0.2300952,0.09600694,0.27566493,0.777118
8,143,4,visual,0.86471814,0.344157,0.27812445,0.9051529,0.8022966,0.12560463,0.19673803,0.59496325,0.53148234,0.908132,0.83557254,0.12713365,0.4385412,0.9889113,0.38856795,0.40752915,0.663298,0.9510322,0.32628122,0.35803765,0.7109626,0.9785227,0.8540481,0.09766945,0.2300952,0.09600694,0.27566493,0.777118
8,143,5,visual,0.86471814,0.344157,0.27812445,0.9051529,0.8022966,0.12560463,0.19673803,0.59496325,0.53148234,0.908132,0.83557254,0.12713365,0.4385412,0.9889113,0.38856795,0.40752915,0.663298,0.9510322,0.32628122,0.35803765,0.7109626,0.9785227,0.8540481,0.09766945,0.2300952,0.09600694,0.27566493,0.777118
8,143,6,visual,0.86471814,0.344157,0.27812445,0.9051529,0.8022966,0.12560463,0.19673803,0.59496325,0.53148234,0.908132,0.83557254,0.12713365,0.4385412,0.9889113,0.38856795,0.40752915,0.663298,0.9510322,0.32628122,0.35803765,0.7109626,0.9785227,0.8540481,0.09766945,0.2300952,0.09600694,0.27566493,0.777118
8,143,7,visual,0.86471814,0.344157,0.27812445,0.9051529,0.8022966,0.12560463,0.19673803,0.59496325,0.53148234,0.908132,0.83557254,0.12713365,0.4385412,0.9889113,0.38856795,0.40752915,0.663298,0.9510322,0.32628122,0.35803765,0.7109626,0.9785227,0.8540481,0.09766945,0.2300952,0.09600694,0.27566493,0.777118
8,143,8,visual,0.86471814,0.344157,0.27812445,0.9051529,0.8022966,0.12560463,0.19673803,0.59496325,0.53148234,0.908132,0.83557254,0.12713365,0.4385412,0.9889113,0.38856795,0.40752915,0.663298,0.9510322,0.32628122,0.35803765,0.7109626,0.9785227,0.8540481,0.09766945,0.2300952,0.09600694,0.27566493,0.777118
8,143,9,visual,0.86471814,0.344157,0.27812445,0.9051529,0.8022966,0.12560463,0.19673803,0.59496325,0.53148234,0.908132,0.83557254,0.12713365,0.4385412,0.9889113,0.38856795,0.40752915,0.663298,0.9510322,0.32628122,0.35803765,0.7109626,0.9785227,0.8540481,0.09766945,0.2300952,0.09600694,0.27566493,0.777118
8,143,10,visual,0.86471814,0.344157,0.27812445,0.9051529,0.8022966,0.12560463,0.19673803,0.59496325,0.53148234,0.908132,0.83557254,0.12713365,0.4385412,0.9889113,0.38856795,0.40752915,0.663298,0.9510322,0.32628122,0.35803765,0.7109626,0.9785227,0.8540481,0.09766945,0.2300952,0.09600694,0.27566493,0.777118
8,143,11,visual,0.86471814,0.344157,0.27812445,0.9051529,0.8022966,0.12560463,0.19673803,0.59496325,0.53148234,0.908132,0.83557254,0.12713365,0.4385412,0.9889113,0.38856795,0.40752915,0.663298,0.9510322,0.32628122,0.35803765,0.7109626,0.9785227,0.8540481,0.09766945,0.2300952,0.09600694,0.27566493,0.777118
8,143,12,visual,0.86471814,0.344157,0.27812445,0.9051529,0.8022966,0.12560463,0.19673803,0.59496325,0.53148234,0.908132,0.83557254,0.12713365,0.4385412,0.9889113,0.38856795,0.40752915,0.663298,0.9510322,0.32628122,0.35803765,0.7109626,0.9785227,0.8540481,0.09766945,0.2300952,0.09600694,0.27566493,0.777118
8,143,13,visual,0.86471814,0.344157,0.27812445,0.9051529,0.8022966,0.12560463,0.19673803,0.59496325,0.53148234,0.908132,0.83557254,0.12713365,0.4385412,0.9889113,0.38856795,0.40752915,0.663298,0.9510322,0.32628122,0.35803765,0.7109626,0.9785227,0.8540481,0.09766945,0.2300952,0.09600694,0.27566493,0.777118
8,143,14,visual,0.86471814,0.344157,0.27812445,0.9051529,0.8022966,0.12560463,0.19673803,0.59496325,0.53148234,0.908132,0.83557254,0.12713365,0.4385412,0.9889113,0.38856795,0.40752915,0.663298,0.9510322,0.32628122,0.35803765,0.7109626,0.9785227,0.8540481,0.09766945,0.2300952,0.09600694,0.27566493,0.777118
8,143,15,visual,0.86471814,0.344157,0.27812445,0.9051529,0.8022966,0.12560463,0.19673803,0.59496325,0.53148234,0.908132,0.83557254,0.12713365,0.4385412,0.9889113,0.38856795,0.40752915,0.663298,0.9510322,0.32628122,0.35803765,0.7109626,0.9785227,0.8540481,0.09766945,0.2300952,0.09600694,0.27566493,0.777118
8,144,1,visual,0.86471814,0.344157,0.27812445,0.9051529,0.8022966,0.12560463,0.19673803,0.59496325,0.53148234,0.908132,0.83557254,0.12713365,0.4385412,0.9889113,0.38856795,0.40752915,0.663298,0.9510322,0.32628122,0.35803765,0.7109626,0.9785227,0.8540481,0.09766945,0.2300952,0.09600694,0.27566493,0.777118
8,144,2,visual,0.86471814,0.344157,0.27812445,0.9051529,0.8022966,0.12560463,0.19673803,0.59496325,0.53148234,0.908132,0.83557254,0.12713365,0.4385412,0.9889113,0.38856795,0.40752915,0.663298,0.9510322,0.32628122,0.35803765,0.7109626,0.9785227,0.8540481,0.09766945,0.2300952,0.09600694,0.27566493,0.777118
8,144,3,visual,0.86471814,0.344157,0.27812445,0.9051529,0.8022966,0.12560463,0.19673803,0.59496325,0.53148234,0.908132,0.83557254,0.12713365,0.4385412,0.9889113,0.38856795,0.40752915,0.663298,0.9510322,0.32628122,0.35803765,0.7109626,0.9785227,0.8540481,0.09766945,0.2300952,0.09600694,0.27566493,0.777118
8,144,4,visual,0.86471814,0.344157,0.27812445,0.9051529,0.8022966,0.12560463,0.19673803,0.59496325,0.53148234,0.908132,0.83557254,0.12713365,0.4385412,0.9889113,0.38856795,0.40752915,0.663298,0.9510322,0.32628122,0.35803765,0.7109626,0.9785227,0.8540481,0.09766945,0.2300952,0.09600694,0.27566493,0.777118
8,144,5,visual,0.86471814,0.344157,0.27812445,0.9051529,0.8022966,0.12560463,0.19673803,0.59496325,0.53148234,0.908132,0.83557254,0.12713365,0.4385412,0.9889113,0.38856795,0.40752915,0.663298,0.9510322,0.32628122,0.35803765,0.7109626,0.9785227,0.8540481,0.09766945,0.2300952,0.09600694,0.27566493,0.777118
8,144,6,visual,0.86471814,0.344157,0.27812445,0.9051529,0.8022966,0.12560463,0.19673803,0.59496325,0.53148234,0.908132,0.83557254,0.12713365,0.4385412,0.9889113,0.38856795,0.40752915,0.663298,0.9510322,0.32628122,0.35803765,0.7109626,0.9785227,0.8540481,0.09766945,0.2300952,0.09600694,0.27566493,0.777118
8,144,7,visual,0.86471814,0.344157,0.27812445,0.9051529,0.8022966,0.12560463,0.19673803,0.59496325,0.53148234,0.908132,0.83557254,0.12713365,0.4385412,0.9889113,0.38856795,0.40752915,0.663298,0.9510322,0.32628122,0.35803765,0.7109626,0.9785227,0.8540481,0.09766945,0.2300952,0.09600694,0.27566493,0.777118
8,144,8,visual,0.86471814,0.344157,0.27812445,0.9051529,0.8022966,0.12560463,0.19673803,0.59496325,0.53148234,0.908132,0.83557254,0.12713365,0.4385412,0.9889113,0.38856795,0.40752915,0.663298,0.9510322,0.32628122,0.35803765,0.7109626,0.9785227,0.8540481,0.09766945,0.2300952,0.09600694,0.27566493,0.777118
8,144,9,visual,0.86471814,0.344157,0.27812445,0.9051529,0.8022966,0.12560463,0.19673803,0.59496325,0.53148234,0.908132,0.83557254,0.12713365,0.4385412,0.9889113,0.38856795,0.40752915,0.663298,0.9510322,0.32628122,0.35803765,0.7109626,0.9785227,0.8540481,0.09766945,0.2300952,0.09600694,0.27566493,0.777118
8,144,10,visual,0.86471814,0.344157,0.27812445,0.9051529,0.8022966,0.12560463,0.19673803,0.59496325,0.53148234,0.908132,0.83557254,0.12713365,0.4385412,0.9889113,0.38856795,0.40752915,0.663298,0.9510322,0.32628122,0.35803765,0.7109626,0.9785227,0.8540481,0.09766945,0.2300952,0.09600694,0.27566493,0.777118
8,144,11,visual,0.86471814,0.344157,0.27812445,0.9051529,0.8022966,0.12560463,0.19673803,0.59496325,0.53148234,0.908132,0.83557254,0.12713365,0.4385412,0.9889113,0.38856795,0.40752915,0.663298,0.9510322,0.32628122,0.35803765,0.7109626,0.9785227,0.8540481,0.09766945,0.2300952,0.09600694,0.27566493,0.777118
8,144,12,visual,0.86471814,0.344157,0.27812445,0.9051529,0.8022966,0.12560463,0.19673803,0.59496325,0.53148234,0.908132,0.83557254,0.12713365,0.4385412,0.9889113,0.38856795,0.40752915,0.663298,0.9510322,0.32628122,0.35803765,0.7109626,0.9785227,0.8540481,0.09766945,0.2300952,0.09600694,0.27566493,0.777118
8,144,13,visual,0.86471814,0.344157,0.27812445,0.9051529,0.8022966,0.12560463,0.19673803,0.59496325,0.53148234,0.908132,0.83557254,0.12713365,0.4385412,0.9889113,0.38856795,0.40752915,0.663298,0.9510322,0.32628122,0.35803765,0.7109626,0.9785227,0.8540481,0.09766945,0.2300952,0.09600694,0.27566493,0.777118
8,144,14,visual,0.86471814,0.344157,0.27812445,0.9051529,0.8022966,0.12560463,0.19673803,0.59496325,0.53148234,0.908132,0.83557254,0.12713365,0.4385412,0.9889113,0.38856795,0.40752915,0.663298,0.9510322,0.32628122,0.35803765,0.7109626,0.9785227,0.8540481,0.09766945,0.2300952,0.09600694,0.27566493,0.777118
8,144,15,visual,0.86471814,0.344157,0.27812445,0.9051529,0.8022966,0.12560463,0.19673803,0.59496325,0.53148234,0.908132,0.83557254,0.12713365,0.4385412,0.9889113,0.38856795,0.40752915,0.663298,0.9510322,0.32628122,0.35803765,0.7109626,0.9785227,0.8540481,0.09766945,0.2300952,0.09600694,0.27566493,0.777118
8,145,1,visual,0.86471814,0.344157,0.27812445,0.9051529,0.8022966,0.12560463,0.19673803,0.59496325,0.53148234,0.908132,0.83557254,0.12713365,0.4385412,0.9889113,0.38856795,0.40752915,0.663298,0.9510322,0.32628122,0.35803765,0.7109626,0.9785227,0.8540481,0.09766945,0.2300952,0.09600694,0.27566493,0.777118
8,145,2,visual,0.86471814,0.344157,0.27812445,0.9051529,0.8022966,0.12560463,0.19673803,0.59496325,0.53148234,0.908132,0.83557254,0.12713365,0.4385412,0.9889113,0.38856795,0.40752915,0.663298,0.9510322,0.32628122,0.35803765,0.7109626,0.9785227,0.8540481,0.09766945,0.2300952,0.09600694,0.27566493,0.777118
8,145,3,visual,0.86471814,0.344157,0.27812445,0.9051529,0.8022966,0.12560463,0.19673803,0.59496325,0.53148234,0.908132,0.83557254,0.12713365,0.4385412,0.9889113,0.38856795,0.40752915,0.663298,0.9510322,0.32628122,0.35803765,0.7109626,0.9785227,0.8540481,0.09766945,0.2300952,0.09600694,0.27566493,0.777118
8,145,4,visual,0.86471814,0.344157,0.27812445,0.9051529,0.8022966,0.12560463,0.19673803,0.59496325,0.53148234,0.908132,0.83557254,0.12713365,0.4385412,0.9889113,0.38856795,0.40752915,0.663298,0.9510322,0.32628122,0.35803765,0.7109626,0.9785227,0.8540481,0.09766945,0.2300952,0.09600694,0.27566493,0.777118
8,145,5,visual,0.86471814,0.344157,0.27812445,0.9051529,0.8022966,0.12560463,0.19673803,0.59496325,0.53148234,0.908132,0.83557254,0.12713365,0.4385412,0.9889113,0.38856795,0.40752915,0.663298,0.9510322,0.32628122,0.35803765,0.7109626,0.9785227,0.8540481,0.09766945,0.2300952,0.09600694,0.27566493,0.777118
8,145,6,visual,0.86471814,0.344157,0.27812445,0.9051529,0.8022966,0.12560463,0.19673803,0.59496325,0.53148234,0.908132,0.83557254,0.12713365,0.4385412,0.9889113,0.38856795,0.40752915,0.663298,0.9510322,0.32628122,0.35803765,0.7109626,0.9785227,0.8540481,0.09766945,0.2300952,0.09600694,0.27566493,0.777118
8,145,7,visual,0.86471814,0.344157,0.27812445,0.9051529,0.8022966,0.12560463,0.19673803,0.59496325,0.53148234,0.908132,0.83557254,0.12713365,0.4385412,0.9889113,0.38856795,0.40752915,0.663298,0.9510322,0.32628122,0.35803765,0.7109626,0.9785227,0.8540481,0.09766945,0.2300952,0.09600694,0.27566493,0.777118
8,145,8,visual,0.86471814,0.344157,0.27812445,0.9051529,0.8022966,0.12560463,0.19673803,0.59496325,0.53148234,0.908132,0.83557254,0.12713365,0.4385412,0.9889113,0.38856795,0.40752915,0.663298,0.9510322,0.32628122,0.35803765,0.7109626,0.9785227,0.8540481,0.09766945,0.2300952,0.09600694,0.27566493,0.777118
8,145,9,visual,0.86471814,0.344157,0.27812445,0.9051529,0.8022966,0.12560463,0.19673803,0.59496325,0.53148234,0.908132,0.83557254,0.12713365,0.4385412,0.9889113,0.38856795,0.40752915,0.663298,0.9510322,0.32628122,0.35803765,0.7109626,0.9785227,0.8540481,0.09766945,0.2300952,0.09600694,0.27566493,0.777118
8,145,10,visual,0.86471814,0.344157,0.27812445,0.9051529,0.8022966,0.12560463,0.19673803,0.59496325,0.53148234,0.908132,0.83557254,0.12713365,0.4385412,0.9889113,0.38856795,0.40752915,0.663298,0.9510322,0.32628122,0.35803765,0.7109626,0.9785227,0.8540481,0.09766945,0.2300952,0.09600694,0.27566493,0.777118
8,145,11,visual,0.86471814,0.344157,0.27812445,0.9051529,0.8022966,0.12560463,0.19673803,0.59496325,0.53148234,0.908132,0.83557254,0.12713365,0.4385412,0.9889113,0.38856795,0.40752915,0.663298,0.9510322,0.32628122,0.35803765,0.7109626,0.9785227,0.8540481,0.09766945,0.2300952,0.09600694,0.27566493,0.777118
8,145,12,visual,0.86471814,0.344157,0.27812445,0.9051529,0.8022966,0.12560463,0.19673803,0.59496325,0.53148234,0.908132,0.83557254,0.12713365,0.4385412,0.9889113,0.38856795,0.40752915,0.663298,0.9510322,0.32628122,0.35803765,0.7109626,0.9785227,0.8540481,0.09766945,0.2300952,0.09600694,0.27566493,0.777118
8,145,13,visual,0.86471814,0.344157,0.27812445,0.9051529,0.8022966,0.12560463,0.19673803,0.59496325,0.53148234,0.908132,0.83557254,0.12713365,0.4385412,0.9889113,0.38856795,0.40752915,0.663298,0.9510322,0.32628122,0.35803765,0.7109626,0.9785227,0.8540481,0.09766945,0.2300952,0.09600694,0.27566493,0.777118
8,145,14,visual,0.86471814,0.344157,0.27812445,0.9051529,0.8022966,0.12560463,0.19673803,0.59496325,0.53148234,0.908132,0.83557254,0.12713365,0.4385412,0.9889113,0.38856795,0.40752915,0.663298,0.9510322,0.32628122,0.35803765,0.7109626,0.9785227,0.8540481,0.09766945,0.2300952,0.09600694,0.27566493,0.777118
8,145,15,visual,0.86471814,0.344157,0.27812445,0.9051529,0.8022966,0.12560463,0.19673803,0.59496325,0.53148234,0.908132,0.83557254,0.12713365,0.4385412,0.9889113,0.38856795,0.40752915,0.663298,0.9510322,0.32628122,0.35803765,0.7109626,0.9785227,0.8540481,0.09766945,0.2300952,0.09600694,0.27566493,0.777118
8,146,1,visual,0.86471814,0.344157,0.27812445,0.9051529,0.8022966,0.12560463,0.19673803,0.59496325,0.53148234,0.908132,0.83557254,0.12713365,0.4385412,0.9889113,0.38856795,0.40752915,0.663298,0.9510322,0.32628122,0.35803765,0.7109626,0.9785227,0.8540481,0.09766945,0.2300952,0.09600694,0.27566493,0.777118
8,146,2,visual,0.86471814,0.344157,0.27812445,0.9051529,0.8022966,0.12560463,0.19673803,0.59496325,0.53148234,0.908132,0.83557254,0.12713365,0.4385412,0.9889113,0.38856795,0.40752915,0.663298,0.9510322,0.32628122,0.35803765,0.7109626,0.9785227,0.8540481,0.09766945,0.2300952,0.09600694,0.27566493,0.777118
8,146,3,visual,0.86471814,0.344157,0.27812445,0.9051529,0.8022966,0.12560463,0.19673803,0.59496325,0.53148234,0.908132,0.83557254,0.12713365,0.4385412,0.9889113,0.38856795,0.40752915,0.663298,0.9510322,0.32628122,0.35803765,0.7109626,0.9785227,0.8540481,0.09766945,0.2300952,0.09600694,0.27566493,0.777118
8,146,4,visual,0.86471814,0.344157,0.27812445,0.9051529,0.8022966,0.12560463,0.19673803,0.59496325,0.53148234,0.908132,0.83557254,0.12713365,0.4385412,0.9889113,0.38856795,0.40752915,0.663298,0.9510322,0.32628122,0.35803765,0.7109626,0.9785227,0.8540481,0.09766945,0.2300952,0.09600694,0.27566493,0.777118
8,146,5,visual,0.86471814,0.344157,0.27812445,0.9051529,0.8022966,0.12560463,0.19673803,0.59496325,0.53148234,0.908132,0.83557254,0.12713365,0.4385412,0.9889113,0.38856795,0.40752915,0.663298,0.9510322,0.32628122,0.35803765,0.7109626,0.9785227,0.8540481,0.09766945,0.2300952,0.09600694,0.27566493,0.777118
8,146,6,visual,0.86471814,0.344157,0.27812445,0.9051529,0.8022966,0.12560463,0.19673803,0.59496325,0.53148234,0.908132,0.83557254,0.12713365,0.4385412,0.9889113,0.38856795,0.40752915,0.663298,0.9510322,0.32628122,0.35803765,0.7109626,0.9785227,0.8540481,0.09766945,0.2300952,0.09600694,0.27566493,0.777118
8,146,7,visual,0.86471814,0.344157,0.27812445,0.9051529,0.8022966,0.12560463,0.19673803,0.59496325,0.53148234,0.908132,0.83557254,0.12713365,0.4385412,0.9889113,0.38856795,0.40752915,0.663298,0.9510322,0.32628122,0.35803765,0.7109626,0.9785227,0.8540481,0.09766945,0.2300952,0.09600694,0.27566493,0.777118
8,146,8,visual,0.86471814,0.344157,0.27812445,0.9051529,0.8022966,0.12560463,0.19673803,0.59496325,0.53148234,0.908132,0.83557254,0.12713365,0.4385412,0.9889113,0.38856795,0.40752915,0.663298,0.9510322,0.32628122,0.35803765,0.7109626,0.9785227,0.8540481,0.09766945,0.2300952,0.09600694,0.27566493,0.777118
8,146,9,visual,0.86471814,0.344157,0.27812445,0.9051529,0.8022966,0.12560463,0.19673803,0.59496325,0.53148234,0.908132,0.83557254,0.12713365,0.4385412,0.9889113,0.38856795,0.40752915,0.663298,0.9510322,0.32628122,0.35803765,0.7109626,0.9785227,0.8540481,0.09766945,0.2300952,0.09600694,0.27566493,0.777118
8,146,10,visual,0.86471814,0.344157,0.27812445,0.9051529,0.8022966,0.12560463,0.19673803,0.59496325,0.53148234,0.908132,0.83557254,0.12713365,0.4385412,0.9889113,0.38856795,0.40752915,0.663298,0.9510322,0.32628122,0.35803765,0.7109626,0.9785227,0.8540481,0.09766945,0.2300952,0.09600694,0.27566493,0.777118
8,146,11,visual,0.86471814,0.344157,0.27812445,0.9051529,0.8022966,0.12560463,0.19673803,0.59496325,0.53148234,0.908132,0.83557254,0.12713365,0.4385412,0.9889113,0.38856795,0.40752915,0.663298,0.9510322,0.32628122,0.35803765,0.7109626,0.9785227,0.8540481,0.09766945,0.2300952,0.09600694,0.27566493,0.777118
8,146,12,visual,0.86471814,0.344157,0.27812445,0.9051529,0.8022966,0.12560463,0.19673803,0.59496325,0.53148234,0.908132,0.83557254,0.12713365,0.4385412,0.9889113,0.38856795,0.40752915,0.663298,0.9510322,0.32628122,0.35803765,0.7109626,0.9785227,0.8540481,0.09766945,0.2300952,0.09600694,0.27566493,0.777118
8,146,13,visual,0.86471814,0.344157,0.27812445,0.9051529,0.8022966,0.12560463,0.19673803,0.59496325,0.53148234,0.908132,0.83557254,0.12713365,0.4385412,0.9889113,0.38856795,0.40752915,0.663298,0.9510322,0.32628122,0.35803765,0.7109626,0.9785227,0.8540481,0.09766945,0.2300952,0.09600694,0.27566493,0.777118
8,146,14,visual,0.86471814,0.344157,0.27812445,0.9051529,0.8022966,0.12560463,0.19673803,0.59496325,0.53148234,0.908132,0.83557254,0.12713365,0.4385412,0.9889113,0.38856795,0.40752915,0.663298,0.9510322,0.32628122,0.35803765,0.7109626,0.9785227,0.8540481,0.09766945,0.2300952,0.09600694,0.27566493,0.777118
8,146,15,visual,0.86471814,0.344157,0.27812445,0.9051529,0.8022966,0.12560463,0.19673803,0.59496325,0.53148234,0.908132,0.83557254,0.12713365,0.4385412,0.9889113,0.38856795,0.40752915,0.663298,0.9510322,0.32628122,0.35803765,0.7109626,0.9785227,0.8540481,0.09766945,0.2300952,0.09600694,0.27566493,0.777118
8,147,1,visual,0.86471814,0.344157,0.27812445,0.9051529,0.8022966,0.12560463,0.19673803,0.59496325,0.53148234,0.908132,0.83557254,0.12713365,0.4385412,0.9889113,0.38856795,0.40752915,0.663298,0.9510322,0.32628122,0.35803765,0.7109626,0.9785227,0.8540481,0.09766945,0.2300952,0.09600694,0.27566493,0.777118
8,147,2,visual,0.86471814,0.344157,0.27812445,0.9051529,0.8022966,0.12560463,0.19673803,0.59496325,0.53148234,0.908132,0.83557254,0.12713365,0.4385412,0.9889113,0.38856795,0.40752915,0.663298,0.9510322,0.32628122,0.35803765,0.7109626,0.9785227,0.8540481,0.09766945,0.2300952,0.09600694,0.27566493,0.777118
8,147,3,visual,0.86471814,0.344157,0.27812445,0.9051529,0.8022966,0.12560463,0.19673803,0.59496325,0.53148234,0.908132,0.83557254,0.12713365,0.4385412,0.9889113,0.38856795,0.40752915,0.663298,0.9510322,0.32628122,0.35803765,0.7109626,0.9785227,0.8540481,0.09766945,0.2300952,0.09600694,0.27566493,0.777118
8,147,4,visual,0.86471814,0.344157,0.27812445,0.9051529,0.8022966,0.12560463,0.19673803,0.59496325,0.53148234,0.908132,0.83557254,0.12713365,0.4385412,0.9889113,0.38856795,0.40752915,0.663298,0.9510322,0.32628122,0.35803765,0.7109626,0.9785227,0.8540481,0.09766945,0.2300952,0.09600694,0.27566493,0.777118
8,147,5,visual,0.86471814,0.344157,0.27812445,0.9051529,0.8022966,0.12560463,0.19673803,0.59496325,0.53148234,0.908132,0.83557254,0.12713365,0.4385412,0.9889113,0.38856795,0.40752915,0.663298,0.9510322,0.32628122,0.35803765,0.7109626,0.9785227,0.8540481,0.09766945,0.2300952,0.09600694,0.27566493,0.777118
8,147,6,visual,0.86471814,0.344157,0.27812445,0.9051529,0.8022966,0.12560463,0.19673803,0.59496325,0.53148234,0.908132,0.83557254,0.12713365,0.4385412,0.9889113,0.38856795,0.40752915,0.663298,0.9510322,0.32628122,0.35803765,0.7109626,0.9785227,0.8540481,0.09766945,0.2300952,0.09600694,0.27566493,0.777118
8,147,7,visual,0.86471814,0.344157,0.27812445,0.9051529,0.8022966,0.12560463,0.19673803,0.59496325,0.53148234,0.908132,0.83557254,0.12713365,0.4385412,0.9889113,0.38856795,0.40752915,0.663298,0.9510322,0.32628122,0.35803765,0.7109626,0.9785227,0.8540481,0.09766945,0.2300952,0.09600694,0.27566493,0.777118
8,147,8,visual,0.86471814,0.344157,0.27812445,0.9051529,0.8022966,0.12560463,0.19673803,0.59496325,0.53148234,0.908132,0.83557254,0.12713365,0.4385412,0.9889113,0.38856795,0.40752915,0.663298,0.9510322,0.32628122,0.35803765,0.7109626,0.9785227,0.8540481,0.09766945,0.2300952,0.09600694,0.27566493,0.777118
8,147,9,visual,0.86471814,0.344157,0.27812445,0.9051529,0.8022966,0.12560463,0.19673803,0.59496325,0.53148234,0.908132,0.83557254,0.12713365,0.4385412,0.9889113,0.38856795,0.40752915,0.663298,0.9510322,0.32628122,0.35803765,0.7109626,0.9785227,0.8540481,0.09766945,0.2300952,0.09600694,0.27566493,0.777118
8,147,10,visual,0.86471814,0.344157,0.27812445,0.9051529,0.8022966,0.12560463,0.19673803,0.59496325,0.53148234,0.908132,0.83557254,0.12713365,0.4385412,0.9889113,0.38856795,0.40752915,0.663298,0.9510322,0.32628122,0.35803765,0.7109626,0.9785227,0.8540481,0.09766945,0.2300952,0.09600694,0.27566493,0.777118
8,147,11,visual,0.86471814,0.344157,0.27812445,0.9051529,0.8022966,0.12560463,0.19673803,0.59496325,0.53148234,0.908132,0.83557254,0.12713365,0.4385412,0.9889113,0.38856795,0.40752915,0.663298,0.9510322,0.32628122,0.35803765,0.7109626,0.9785227,0.8540481,0.09766945,0.2300952,0.09600694,0.27566493,0.777118
8,147,12,visual,0.86471814,0.344157,0.27812445,0.9051529,0.8022966,0.12560463,0.19673803,0.59496325,0.53148234,0.908132,0.83557254,0.12713365,0.4385412,0.9889113,0.38856795,0.40752915,0.663298,0.9510322,0.32628122,0.35803765,0.7109626,0.9785227,0.8540481,0.09766945,0.2300952,0.09600694,0.27566493,0.777118
8,147,13,visual,0.86471814,0.344157,0.27812445,0.9051529,0.8022966,0.12560463,0.19673803,0.59496325,0.53148234,0.908132,0.83557254,0.12713365,0.4385412,0.9889113,0.38856795,0.40752915,0.663298,0.9510322,0.32628122,0.35803765,0.7109626,0.9785227,0.8540481,0.09766945,0.2300952,0.09600694,0.27566493,0.777118
8,147,14,visual,0.86471814,0.344157,0.27812445,0.9051529,0.8022966,0.12560463,0.19673803,0.59496325,0.53148234,0.908132,0.83557254,0.12713365,0.4385412,0.9889113,0.38856795,0.40752915,0.663298,0.9510322,0.32628122,0.35803765,0.7109626,0.9785227,0.8540481,0.09766945,0.2300952,0.09600694,0.27566493,0.777118
8,147,15,visual,0.86471814,0.344157,0.27812445,0.9051529,0.8022966,0.12560463,0.19673803,0.59496325,0.53148234,0.908132,0.83557254,0.12713365,0.4385412,0.9889113,0.38856795,0.40752915,0.663298,0.9510322,0.32628122,0.35803765,0.7109626,0.9785227,0.8540481,0.09766945,0.2300952,0.09600694,0.27566493,0.777118
8,148,1,visual,0.86471814,0.344157,0.27812445,0.9051529,0.8022966,0.12560463,0.19673803,0.59496325,0.53148234,0.908132,0.83557254,0.12713365,0.4385412,0.9889113,0.38856795,0.40752915,0.663298,0.9510322,0.32628122,0.35803765,0.7109626,0.9785227,0.8540481,0.09766945,0.2300952,0.09600694,0.27566493,0.777118
8,148,2,visual,0.86471814,0.344157,0.27812445,0.9051529,0.8022966,0.12560463,0.19673803,0.59496325,0.53148234,0.908132,0.83557254,0.12713365,0.4385412,0.9889113,0.38856795,0.40752915,0.663298,0.9510322,0.32628122,0.35803765,0.7109626,0.9785227,0.8540481,0.09766945,0.2300952,0.09600694,0.27566493,0.777118
8,148,3,visual,0.86471814,0.344157,0.27812445,0.9051529,0.8022966,0.12560463,0.19673803,0.59496325,0.53148234,0.908132,0.83557254,0.12713365,0.4385412,0.9889113,0.38856795,0.40752915,0.663298,0.9510322,0.32628122,0.35803765,0.7109626,0.9785227,0.8540481,0.09766945,0.2300952,0.09600694,0.27566493,0.777118
8,148,4,visual,0.86471814,0.344157,0.27812445,0.9051529,0.8022966,0.12560463,0.19673803,0.59496325,0.53148234,0.908132,0.83557254,0.12713365,0.4385412,0.9889113,0.38856795,0.40752915,0.663298,0.9510322,0.32628122,0.35803765,0.7109626,0.9785227,0.8540481,0.09766945,0.2300952,0.09600694,0.27566493,0.777118
8,148,5,visual,0.86471814,0.344157,0.27812445,0.9051529,0.8022966,0.12560463,0.19673803,0.59496325,0.53148234,0.908132,0.83557254,0.12713365,0.4385412,0.9889113,0.38856795,0.40752915,0.663298,0.9510322,0.32628122,0.35803765,0.7109626,0.9785227,0.8540481,0.09766945,0.2300952,0.09600694,0.27566493,0.777118
8,148,6,visual,0.86471814,0.344157,0.27812445,0.9051529,0.8022966,0.12560463,0.19673803,0.59496325,0.53148234,0.908132,0.83557254,0.12713365,0.4385412,0.9889113,0.38856795,0.40752915,0.663298,0.9510322,0.32628122,0.35803765,0.7109626,0.9785227,0.8540481,0.09766945,0.2300952,0.09600694,0.27566493,0.777118
8,148,7,visual,0.86471814,0.344157,0.27812445,0.9051529,0.8022966,0.12560463,0.19673803,0.59496325,0.53148234,0.908132,0.83557254,0.12713365,0.4385412,0.9889113,0.38856795,0.40752915,0.663298,0.9510322,0.32628122,0.35803765,0.7109626,0.9785227,0.8540481,0.09766945,0.2300952,0.09600694,0.27566493,0.777118
8,148,8,visual,0.86471814,0.344157,0.27812445,0.9051529,0.8022966,0.12560463,0.19673803,0.59496325,0.53148234,0.908132,0.83557254,0.12713365,0.4385412,0.9889113,0.38856795,0.40752915,0.663298,0.9510322,0.32628122,0.35803765,0.7109626,0.9785227,0.8540481,0.09766945,0.2300952,0.09600694,0.27566493,0.777118
8,148,9,visual,0.86471814,0.344157,0.27812445,0.9051529,0.8022966,0.12560463,0.19673803,0.59496325,0.53148234,0.908132,0.83557254,0.12713365,0.4385412,0.9889113,0.38856795,0.40752915,0.663298,0.9510322,0.32628122,0.35803765,0.7109626,0.9785227,0.8540481,0.09766945,0.2300952,0.09600694,0.27566493,0.777118
8,148,10,visual,0.86471814,0.344157,0.27812445,0.9051529,0.8022966,0.12560463,0.19673803,0.59496325,0.53148234,0.908132,0.83557254,0.12713365,0.4385412,0.9889113,0.38856795,0.40752915,0.663298,0.9510322,0.32628122,0.35803765,0.7109626,0.9785227,0.8540481,0.09766945,0.2300952,0.09600694,0.27566493,0.777118
8,148,11,visual,0.86471814,0.344157,0.27812445,0.9051529,0.8022966,0.12560463,0.19673803,0.59496325,0.53148234,0.908132,0.83557254,0.12713365,0.4385412,0.9889113,0.38856795,0.40752915,0.663298,0.9510322,0.32628122,0.35803765,0.7109626,0.9785227,0.8540481,0.09766945,0.2300952,0.09600694,0.27566493,0.777118
8,148,12,visual,0.86471814,0.344157,0.27812445,0.9051529,0.8022966,0.12560463,0.19673803,0.59496325,0.53148234,0.908132,0.83557254,0.12713365,0.4385412,0.9889113,0.38856795,0.40752915,0.663298,0.9510322,0.32628122,0.35803765,0.7109626,0.9785227,0.8540481,0.09766945,0.2300952,0.09600694,0.27566493,0.777118
8,148,13,visual,0.86471814,0.344157,0.27812445,0.9051529,0.8022966,0.12560463,0.19673803,0.59496325,0.53148234,0.908132,0.83557254,0.12713365,0.4385412,0.9889113,0.38856795,0.40752915,0.663298,0.9510322,0.32628122,0.35803765,0.7109626,0.9785227,0.8540481,0.09766945,0.2300952,0.09600694,0.27566493,0.777118
8,148,14,visual,0.86471814,0.344157,0.27812445,0.9051529,0.8022966,0.12560463,0.19673803,0.59496325,0.53148234,0.908132,0.83557254,0.12713365,0.4385412,0.9889113,0.38856795,0.40752915,0.663298,0.9510322,0.32628122,0.35803765,0.7109626,0.9785227,0.8540481,0.09766945,0.2300952,0.09600694,0.27566493,0.777118
8,148,15,visual,0.86471814,0.344157,0.27812445,0.9051529,0.8022966,0.12560463,0.19673803,0.59496325,0.53148234,0.908132,0.83557254,0.12713365,0.4385412,0.9889113,0.38856795,0.40752915,0.663298,0.9510322,0.32628122,0.35803765,0.7109626,0.9785227,0.8540481,0.09766945,0.2300952,0.09600694,0.27566493,0.777118
8,149,1,visual,0.86471814,0.344157,0.27812445,0.9051529,0.8022966,0.12560463,0.19673803,0.59496325,0.53148234,0.908132,0.83557254,0.12713365,0.4385412,0.9889113,0.38856795,0.40752915,0.663298,0.9510322,0.32628122,0.35803765,0.7109626,0.9785227,0.8540481,0.09766945,0.2300952,0.09600694,0.27566493,0.777118
8,149,2,visual,0.86471814,0.344157,0.27812445,0.9051529,0.8022966,0.12560463,0.19673803,0.59496325,0.53148234,0.908132,0.83557254,0.12713365,0.4385412,0.9889113,0.38856795,0.40752915,0.663298,0.9510322,0.32628122,0.35803765,0.7109626,0.9785227,0.8540481,0.09766945,0.2300952,0.09600694,0.27566493,0.777118
8,149,3,visual,0.86471814,0.344157,0.27812445,0.9051529,0.8022966,0.12560463,0.19673803,0.59496325,0.53148234,0.908132,0.83557254,0.12713365,0.4385412,0.9889113,0.38856795,0.40752915,0.663298,0.9510322,0.32628122,0.35803765,0.7109626,0.9785227,0.8540481,0.09766945,0.2300952,0.09600694,0.27566493,0.777118
8,149,4,visual,0.86471814,0.344157,0.27812445,0.9051529,0.8022966,0.12560463,0.19673803,0.59496325,0.53148234,0.908132,0.83557254,0.12713365,0.4385412,0.9889113,0.38856795,0.40752915,0.663298,0.9510322,0.32628122,0.35803765,0.7109626,0.9785227,0.8540481,0.09766945,0.2300952,0.09600694,0.27566493,0.777118
8,149,5,visual,0.86471814,0.344157,0.27812445,0.9051529,0.8022966,0.12560463,0.19673803,0.59496325,0.53148234,0.908132,0.83557254,0.12713365,0.4385412,0.9889113,0.38856795,0.40752915,0.663298,0.9510322,0.32628122,0.35803765,0.7109626,0.9785227,0.8540481,0.09766945,0.2300952,0.09600694,0.27566493,0.777118
8,149,6,visual,0.86471814,0.344157,0.27812445,0.9051529,0.8022966,0.12560463,0.19673803,0.59496325,0.53148234,0.908132,0.83557254,0.12713365,0.4385412,0.9889113,0.38856795,0.40752915,0.663298,0.9510322,0.32628122,0.35803765,0.7109626,0.9785227,0.8540481,0.09766945,0.2300952,0.09600694,0.27566493,0.777118
8,149,7,visual,0.86471814,0.344157,0.27812445,0.9051529,0.8022966,0.12560463,0.19673803,0.59496325,0.53148234,0.908132,0.83557254,0.12713365,0.4385412,0.9889113,0.38856795,0.40752915,0.663298,0.9510322,0.32628122,0.35803765,0.7109626,0.9785227,0.8540481,0.09766945,0.2300952,0.09600694,0.27566493,0.777118
8,149,8,visual,0.86471814,0.344157,0.27812445,0.9051529,0.8022966,0.12560463,0.19673803,0.59496325,0.53148234,0.908132,0.83557254,0.12713365,0.4385412,0.9889113,0.38856795,0.40752915,0.663298,0.9510322,0.32628122,0.35803765,0.7109626,0.9785227,0.8540481,0.09766945,0.2300952,0.09600694,0.27566493,0.777118
8,149,9,visual,0.86471814,0.344157,0.27812445,0.9051529,0.8022966,0.12560463,0.19673803,0.59496325,0.53148234,0.908132,0.83557254,0.12713365,0.4385412,0.9889113,0.38856795,0.40752915,0.663298,0.9510322,0.32628122,0.35803765,0.7109626,0.9785227,0.8540481,0.09766945,0.2300952,0.09600694,0.27566493,0.777118
8,149,10,visual,0.86471814,0.344157,0.27812445,0.9051529,0.8022966,0.12560463,0.19673803,0.59496325,0.53148234,0.908132,0.83557254,0.12713365,0.4385412,0.9889113,0.38856795,0.40752915,0.663298,0.9510322,0.32628122,0.35803765,0.7109626,0.9785227,0.8540481,0.09766945,0.2300952,0.09600694,0.27566493,0.777118
8,149,11,visual,0.86471814,0.344157,0.27812445,0.9051529,0.8022966,0.12560463,0.19673803,0.59496325,0.53148234,0.908132,0.83557254,0.12713365,0.4385412,0.9889113,0.38856795,0.40752915,0.663298,0.9510322,0.32628122,0.35803765,0.7109626,0.9785227,0.8540481,0.09766945,0.2300952,0.09600694,0.27566493,0.777118
8,149,12,visual,0.86471814,0.344157,0.27812445,0.9051529,0.8022966,0.12560463,0.19673803,0.59496325,0.53148234,0.908132,0.83557254,0.12713365,0.4385412,0.9889113,0.38856795,0.40752915,0.663298,0.9510322,0.32628122,0.35803765,0.7109626,0.9785227,0.8540481,0.09766945,0.2300952,0.09600694,0.27566493,0.777118
8,149,13,visual,0.86471814,0.344157,0.27812445,0.9051529,0.8022966,0.12560463,0.19673803,0.59496325,0.53148234,0.908132,0.83557254,0.12713365,0.4385412,0.9889113,0.38856795,0.40752915,0.663298,0.9510322,0.32628122,0.35803765,0.7109626,0.9785227,0.8540481,0.09766945,0.2300952,0.09600694,0.27566493,0.777118
8,149,14,visual,0.86471814,0.344157,0.27812445,0.9051529,0.8022966,0.12560463,0.19673803,0.59496325,0.53148234,0.908132,0.83557254,0.12713365,0.4385412,0.9889113,0.38856795,0.40752915,0.663298,0.9510322,0.32628122,0.35803765,0.7109626,0.9785227,0.8540481,0.09766945,0.2300952,0.09600694,0.27566493,0.777118
8,149,15,visual,0.86471814,0.344157,0.27812445,0.9051529,0.8022966,0.12560463,0.19673803,0.59496325,0.53148234,0.908132,0.83557254,0.12713365,0.4385412,0.9889113,0.38856795,0.40752915,0.663298,0.9510322,0.32628122,0.35803765,0.7109626,0.9785227,0.8540481,0.09766945,0.2300952,0.09600694,0.27566493,0.777118
8,150,1,visual,0.86471814,0.344157,0.27812445,0.9051529,0.8022966,0.12560463,0.19673803,0.59496325,0.53148234,0.908132,0.83557254,0.12713365,0.4385412,0.9889113,0.38856795,0.40752915,0.663298,0.9510322,0.32628122,0.35803765,0.7109626,0.9785227,0.8540481,0.09766945,0.2300952,0.09600694,0.27566493,0.777118
8,150,2,visual,0.86471814,0.344157,0.27812445,0.9051529,0.8022966,0.12560463,0.19673803,0.59496325,0.53148234,0.908132,0.83557254,0.12713365,0.4385412,0.9889113,0.38856795,0.40752915,0.663298,0.9510322,0.32628122,0.35803765,0.7109626,0.9785227,0.8540481,0.09766945,0.2300952,0.09600694,0.27566493,0.777118
8,150,3,visual,0.86471814,0.344157,0.27812445,0.9051529,0.8022966,0.12560463,0.19673803,0.59496325,0.53148234,0.908132,0.83557254,0.12713365,0.4385412,0.9889113,0.38856795,0.40752915,0.663298,0.9510322,0.32628122,0.35803765,0.7109626,0.9785227,0.8540481,0.09766945,0.2300952,0.09600694,0.27566493,0.777118
8,150,4,visual,0.86471814,0.344157,0.27812445,0.9051529,0.8022966,0.12560463,0.19673803,0.59496325,0.53148234,0.908132,0.83557254,0.12713365,0.4385412,0.9889113,0.38856795,0.40752915,0.663298,0.9510322,0.32628122,0.35803765,0.7109626,0.9785227,0.8540481,0.09766945,0.2300952,0.09600694,0.27566493,0.777118
8,150,5,visual,0.86471814,0.344157,0.27812445,0.9051529,0.8022966,0.12560463,0.19673803,0.59496325,0.53148234,0.908132,0.83557254,0.12713365,0.4385412,0.9889113,0.38856795,0.40752915,0.663298,0.9510322,0.32628122,0.35803765,0.7109626,0.9785227,0.8540481,0.09766945,0.2300952,0.09600694,0.27566493,0.777118
8,150,6,visual,0.86471814,0.344157,0.27812445,0.9051529,0.8022966,0.12560463,0.19673803,0.59496325,0.53148234,0.908132,0.83557254,0.12713365,0.4385412,0.9889113,0.38856795,0.40752915,0.663298,0.9510322,0.32628122,0.35803765,0.7109626,0.9785227,0.8540481,0.09766945,0.2300952,0.09600694,0.27566493,0.777118
8,150,7,visual,0.86471814,0.344157,0.27812445,0.9051529,0.8022966,0.12560463,0.19673803,0.59496325,0.53148234,0.908132,0.83557254,0.12713365,0.4385412,0.9889113,0.38856795,0.40752915,0.663298,0.9510322,0.32628122,0.35803765,0.7109626,0.9785227,0.8540481,0.09766945,0.2300952,0.09600694,0.27566493,0.777118
8,150,8,visual,0.86471814,0.344157,0.27812445,0.9051529,0.8022966,0.12560463,0.19673803,0.59496325,0.53148234,0.908132,0.83557254,0.12713365,0.4385412,0.9889113,0.38856795,0.40752915,0.663298,0.9510322,0.32628122,0.35803765,0.7109626,0.9785227,0.8540481,0.09766945,0.2300952,0.09600694,0.27566493,0.777118
8,150,9,visual,0.86471814,0.344157,0.27812445,0.9051529,0.8022966,0.12560463,0.19673803,0.59496325,0.53148234,0.908132,0.83557254,0.12713365,0.4385412,0.9889113,0.38856795,0.40752915,0.663298,0.9510322,0.32628122,0.35803765,0.7109626,0.9785227,0.8540481,0.09766945,0.2300952,0.09600694,0.27566493,0.777118
8,150,10,visual,0.86471814,0.344157,0.27812445,0.9051529,0.8022966,0.12560463,0.19673803,0.59496325,0.53148234,0.908132,0.83557254,0.12713365,0.4385412,0.9889113,0.38856795,0.40752915,0.663298,0.9510322,0.32628122,0.35803765,0.7109626,0.9785227,0.8540481,0.09766945,0.2300952,0.09600694,0.27566493,0.777118
8,150,11,visual,0.86471814,0.344157,0.27812445,0.9051529,0.8022966,0.12560463,0.19673803,0.59496325,0.53148234,0.908132,0.83557254,0.12713365,0.4385412,0.9889113,0.38856795,0.40752915,0.663298,0.9510322,0.32628122,0.35803765,0.7109626,0.9785227,0.8540481,0.09766945,0.2300952,0.09600694,0.27566493,0.777118
8,150,12,visual,0.86471814,0.344157,0.27812445,0.9051529,0.8022966,0.12560463,0.19673803,0.59496325,0.53148234,0.908132,0.83557254,0.12713365,0.4385412,0.9889113,0.38856795,0.40752915,0.663298,0.9510322,0.32628122,0.35803765,0.7109626,0.9785227,0.8540481,0.09766945,0.2300952,0.09600694,0.27566493,0.777118
8,150,13,visual,0.86471814,0.344157,0.27812445,0.9051529,0.8022966,0.12560463,0.19673803,0.59496325,0.53148234,0.908132,0.83557254,0.12713365,0.4385412,0.9889113,0.38856795,0.40752915,0.663298,0.9510322,0.32628122,0.35803765,0.7109626,0.9785227,0.8540481,0.09766945,0.2300952,0.09600694,0.27566493,0.777118
8,150,14,visual,0.86471814,0.344157,0.27812445,0.9051529,0.8022966,0.12560463,0.19673803,0.59496325,0.53148234,0.908132,0.83557254,0.12713365,0.4385412,0.9889113,0.38856795,0.40752915,0.663298,0.9510322,0.32628122,0.35803765,0.7109626,0.9785227,0.8540481,0.09766945,0.2300952,0.09600694,0.27566493,0.777118
8,150,15,visual,0.86471814,0.344157,0.27812445,0.9051529,0.8022966,0.12560463,0.19673803,0.59496325,0.53148234,0.908132,0.83557254,0.12713365,0.4385412,0.9889113,0.38856795,0.40752915,0.663298,0.9510322,0.32628122,0.35803765,0.7109626,0.9785227,0.8540481,0.09766945,0.2300952,0.09600694,0.27566493,0.777118
8,151,1,visual,0.86471814,0.344157,0.27812445,0.9051529,0.8022966,0.12560463,0.19673803,0.59496325,0.53148234,0.908132,0.83557254,0.12713365,0.4385412,0.9889113,0.38856795,0.40752915,0.663298,0.9510322,0.32628122,0.35803765,0.7109626,0.9785227,0.8540481,0.09766945,0.2300952,0.09600694,0.27566493,0.777118
8,151,2,visual,0.86471814,0.344157,0.27812445,0.9051529,0.8022966,0.12560463,0.19673803,0.59496325,0.53148234,0.908132,0.83557254,0.12713365,0.4385412,0.9889113,0.38856795,0.40752915,0.663298,0.9510322,0.32628122,0.35803765,0.7109626,0.9785227,0.8540481,0.09766945,0.2300952,0.09600694,0.27566493,0.777118
8,151,3,visual,0.86471814,0.344157,0.27812445,0.9051529,0.8022966,0.12560463,0.19673803,0.59496325,0.53148234,0.908132,0.83557254,0.12713365,0.4385412,0.9889113,0.38856795,0.40752915,0.663298,0.9510322,0.32628122,0.35803765,0.7109626,0.9785227,0.8540481,0.09766945,0.2300952,0.09600694,0.27566493,0.777118
8,151,4,visual,0.86471814,0.344157,0.27812445,0.9051529,0.8022966,0.12560463,0.19673803,0.59496325,0.53148234,0.908132,0.83557254,0.12713365,0.4385412,0.9889113,0.38856795,0.40752915,0.663298,0.9510322,0.32628122,0.35803765,0.7109626,0.9785227,0.8540481,0.09766945,0.2300952,0.09600694,0.27566493,0.777118
8,151,5,visual,0.86471814,0.344157,0.27812445,0.9051529,0.8022966,0.12560463,0.19673803,0.59496325,0.53148234,0.908132,0.83557254,0.12713365,0.4385412,0.9889113,0.38856795,0.40752915,0.663298,0.9510322,0.32628122,0.35803765,0.7109626,0.9785227,0.8540481,0.09766945,0.2300952,0.09600694,0.27566493,0.777118
8,151,6,visual,0.86471814,0.344157,0.27812445,0.9051529,0.8022966,0.12560463,0.19673803,0.59496325,0.53148234,0.908132,0.83557254,0.12713365,0.4385412,0.9889113,0.38856795,0.40752915,0.663298,0.9510322,0.32628122,0.35803765,0.7109626,0.9785227,0.8540481,0.09766945,0.2300952,0.09600694,0.27566493,0.777118
8,151,7,visual,0.86471814,0.344157,0.27812445,0.9051529,0.8022966,0.12560463,0.19673803,0.59496325,0.53148234,0.908132,0.83557254,0.12713365,0.4385412,0.9889113,0.38856795,0.40752915,0.663298,0.9510322,0.32628122,0.35803765,0.7109626,0.9785227,0.8540481,0.09766945,0.2300952,0.09600694,0.27566493,0.777118
8,151,8,visual,0.86471814,0.344157,0.27812445,0.9051529,0.8022966,0.12560463,0.19673803,0.59496325,0.53148234,0.908132,0.83557254,0.12713365,0.4385412,0.9889113,0.38856795,0.40752915,0.663298,0.9510322,0.32628122,0.35803765,0.7109626,0.9785227,0.8540481,0.09766945,0.2300952,0.09600694,0.27566493,0.777118
8,151,9,visual,0.86471814,0.344157,0.27812445,0.9051529,0.8022966,0.12560463,0.19673803,0.59496325,0.53148234,0.908132,0.83557254,0.12713365,0.4385412,0.9889113,0.38856795,0.40752915,0.663298,0.9510322,0.32628122,0.35803765,0.7109626,0.9785227,0.8540481,0.09766945,0.2300952,0.09600694,0.27566493,0.777118
8,151,10,visual,0.86471814,0.344157,0.27812445,0.9051529,0.8022966,0.12560463,0.19673803,0.59496325,0.53148234,0.908132,0.83557254,0.12713365,0.4385412,0.9889113,0.38856795,0.40752915,0.663298,0.9510322,0.32628122,0.35803765,0.7109626,0.9785227,0.8540481,0.09766945,0.2300952,0.09600694,0.27566493,0.777118
8,151,11,visual,0.86471814,0.344157,0.27812445,0.9051529,0.8022966,0.12560463,0.19673803,0.59496325,0.53148234,0.908132,0.83557254,0.12713365,0.4385412,0.9889113,0.38856795,0.40752915,0.663298,0.9510322,0.32628122,0.35803765,0.7109626,0.9785227,0.8540481,0.09766945,0.2300952,0.09600694,0.27566493,0.777118
8,151,12,visual,0.86471814,0.344157,0.27812445,0.9051529,0.8022966,0.12560463,0.19673803,0.59496325,0.53148234,0.908132,0.83557254,0.12713365,0.4385412,0.9889113,0.38856795,0.40752915,0.663298,0.9510322,0.32628122,0.35803765,0.7109626,0.9785227,0.8540481,0.09766945,0.2300952,0.09600694,0.27566493,0.777118
8,151,13,visual,0.86471814,0.344157,0.27812445,0.9051529,0.8022966,0.12560463,0.19673803,0.59496325,0.53148234,0.908132,0.83557254,0.12713365,0.4385412,0.9889113,0.38856795,0.40752915,0.663298,0.9510322,0.32628122,0.35803765,0.7109626,0.9785227,0.8540481,0.09766945,0.2300952,0.09600694,0.27566493,0.777118
8,151,14,visual,0.86471814,0.344157,0.27812445,0.9051529,0.8022966,0.12560463,0.19673803,0.59496325,0.53148234,0.908132,0.83557254,0.12713365,0.4385412,0.9889113,0.38856795,0.40752915,0.663298,0.9510322,0.32628122,0.35803765,0.7109626,0.9785227,0.8540481,0.09766945,0.2300952,0.09600694,0.27566493,0.777118
8,151,15,visual,0.86471814,0.344157,0.27812445,0.9051529,0.8022966,0.12560463,0.19673803,0.59496325,0.53148234,0.908132,0.83557254,0.12713365,0.4385412,0.9889113,0.38856795,0.40752915,0.663298,0.9510322,0.32628122,0.35803765,0.7109626,0.9785227,0.8540481,0.09766945,0.2300952,0.09600694,0.27566493,0.777118
8,152,1,visual,0.86471814,0.344157,0.27812445,0.9051529,0.8022966,0.12560463,0.19673803,0.59496325,0.53148234,0.908132,0.83557254,0.12713365,0.4385412,0.9889113,0.38856795,0.40752915,0.663298,0.9510322,0.32628122,0.35803765,0.7109626,0.9785227,0.8540481,0.09766945,0.2300952,0.09600694,0.27566493,0.777118
8,152,2,visual,0.86471814,0.344157,0.27812445,0.9051529,0.8022966,0.12560463,0.19673803,0.59496325,0.53148234,0.908132,0.83557254,0.12713365,0.4385412,0.9889113,0.38856795,0.40752915,0.663298,0.9510322,0.32628122,0.35803765,0.7109626,0.9785227,0.8540481,0.09766945,0.2300952,0.09600694,0.27566493,0.777118
8,152,3,visual,0.86471814,0.344157,0.27812445,0.9051529,0.8022966,0.12560463,0.19673803,0.59496325,0.53148234,0.908132,0.83557254,0.12713365,0.4385412,0.9889113,0.38856795,0.40752915,0.663298,0.9510322,0.32628122,0.35803765,0.7109626,0.9785227,0.8540481,0.09766945,0.2300952,0.09600694,0.27566493,0.777118
8,152,4,visual,0.86471814,0.344157,0.27812445,0.9051529,0.8022966,0.12560463,0.19673803,0.59496325,0.53148234,0.908132,0.83557254,0.12713365,0.4385412,0.9889113,0.38856795,0.40752915,0.663298,0.9510322,0.32628122,0.35803765,0.7109626,0.9785227,0.8540481,0.09766945,0.2300952,0.09600694,0.27566493,0.777118
8,152,5,visual,0.86471814,0.344157,0.27812445,0.9051529,0.8022966,0.12560463,0.19673803,0.59496325,0.53148234,0.908132,0.83557254,0.12713365,0.4385412,0.9889113,0.38856795,0.40752915,0.663298,0.9510322,0.32628122,0.35803765,0.7109626,0.9785227,0.8540481,0.09766945,0.2300952,0.09600694,0.27566493,0.777118
8,152,6,visual,0.86471814,0.344157,0.27812445,0.9051529,0.8022966,0.12560463,0.19673803,0.59496325,0.53148234,0.908132,0.83557254,0.12713365,0.4385412,0.9889113,0.38856795,0.40752915,0.663298,0.9510322,0.32628122,0.35803765,0.7109626,0.9785227,0.8540481,0.09766945,0.2300952,0.09600694,0.27566493,0.777118
8,152,7,visual,0.86471814,0.344157,0.27812445,0.9051529,0.8022966,0.12560463,0.19673803,0.59496325,0.53148234,0.908132,0.83557254,0.12713365,0.4385412,0.9889113,0.38856795,0.40752915,0.663298,0.9510322,0.32628122,0.35803765,0.7109626,0.9785227,0.8540481,0.09766945,0.2300952,0.09600694,0.27566493,0.777118
8,152,8,visual,0.86471814,0.344157,0.27812445,0.9051529,0.8022966,0.12560463,0.19673803,0.59496325,0.53148234,0.908132,0.83557254,0.12713365,0.4385412,0.9889113,0.38856795,0.40752915,0.663298,0.9510322,0.32628122,0.35803765,0.7109626,0.9785227,0.8540481,0.09766945,0.2300952,0.09600694,0.27566493,0.777118
8,152,9,visual,0.86471814,0.344157,0.27812445,0.9051529,0.8022966,0.12560463,0.19673803,0.59496325,0.53148234,0.908132,0.83557254,0.12713365,0.4385412,0.9889113,0.38856795,0.40752915,0.663298,0.9510322,0.32628122,0.35803765,0.7109626,0.9785227,0.8540481,0.09766945,0.2300952,0.09600694,0.27566493,0.777118
8,152,10,visual,0.86471814,0.344157,0.27812445,0.9051529,0.8022966,0.12560463,0.19673803,0.59496325,0.53148234,0.908132,0.83557254,0.12713365,0.4385412,0.9889113,0.38856795,0.40752915,0.663298,0.9510322,0.32628122,0.35803765,0.7109626,0.9785227,0.8540481,0.09766945,0.2300952,0.09600694,0.27566493,0.777118
8,152,11,visual,0.86471814,0.344157,0.27812445,0.9051529,0.8022966,0.12560463,0.19673803,0.59496325,0.53148234,0.908132,0.83557254,0.12713365,0.4385412,0.9889113,0.38856795,0.40752915,0.663298,0.9510322,0.32628122,0.35803765,0.7109626,0.9785227,0.8540481,0.09766945,0.2300952,0.09600694,0.27566493,0.777118
8,152,12,visual,0.86471814,0.344157,0.27812445,0.9051529,0.8022966,0.12560463,0.19673803,0.59496325,0.53148234,0.908132,0.83557254,0.12713365,0.4385412,0.9889113,0.38856795,0.40752915,0.663298,0.9510322,0.32628122,0.35803765,0.7109626,0.9785227,0.8540481,0.09766945,0.2300952,0.09600694,0.27566493,0.777118
8,152,13,visual,0.86471814,0.344157,0.27812445,0.9051529,0.8022966,0.12560463,0.19673803,0.59496325,0.53148234,0.908132,0.83557254,0.12713365,0.4385412,0.9889113,0.38856795,0.40752915,0.663298,0.9510322,0.32628122,0.35803765,0.7109626,0.9785227,0.8540481,0.09766945,0.2300952,0.09600694,0.27566493,0.777118
8,152,14,visual,0.86471814,0.344157,0.27812445,0.9051529,0.8022966,0.12560463,0.19673803,0.59496325,0.53148234,0.908132,0.83557254,0.12713365,0.4385412,0.9889113,0.38856795,0.40752915,0.663298,0.9510322,0.32628122,0.35803765,0.7109626,0.9785227,0.8540481,0.09766945,0.2300952,0.09600694,0.27566493,0.777118
8,152,15,visual,0.86471814,0.344157,0.27812445,0.9051529,0.8022966,0.12560463,0.19673803,0.59496325,0.53148234,0.908132,0.83557254,0.12713365,0.4385412,0.9889113,0.38856795,0.40752915,0.663298,0.9510322,0.32628122,0.35803765,0.7109626,0.9785227,0.8540481,0.09766945,0.2300952,0.09600694,0.27566493,0.777118
8,153,1,visual,0.86471814,0.344157,0.27812445,0.9051529,0.8022966,0.12560463,0.19673803,0.59496325,0.53148234,0.908132,0.83557254,0.12713365,0.4385412,0.9889113,0.38856795,0.40752915,0.663298,0.9510322,0.32628122,0.35803765,0.7109626,0.9785227,0.8540481,0.09766945,0.2300952,0.09600694,0.27566493,0.777118
8,153,2,visual,0.86471814,0.344157,0.27812445,0.9051529,0.8022966,0.12560463,0.19673803,0.59496325,0.53148234,0.908132,0.83557254,0.12713365,0.4385412,0.9889113,0.38856795,0.40752915,0.663298,0.9510322,0.32628122,0.35803765,0.7109626,0.9785227,0.8540481,0.09766945,0.2300952,0.09600694,0.27566493,0.777118
8,153,3,visual,0.86471814,0.344157,0.27812445,0.9051529,0.8022966,0.12560463,0.19673803,0.59496325,0.53148234,0.908132,0.83557254,0.12713365,0.4385412,0.9889113,0.38856795,0.40752915,0.663298,0.9510322,0.32628122,0.35803765,0.7109626,0.9785227,0.8540481,0.09766945,0.2300952,0.09600694,0.27566493,0.777118
8,153,4,visual,0.86471814,0.344157,0.27812445,0.9051529,0.8022966,0.12560463,0.19673803,0.59496325,0.53148234,0.908132,0.83557254,0.12713365,0.4385412,0.9889113,0.38856795,0.40752915,0.663298,0.9510322,0.32628122,0.35803765,0.7109626,0.9785227,0.8540481,0.09766945,0.2300952,0.09600694,0.27566493,0.777118
8,153,5,visual,0.86471814,0.344157,0.27812445,0.9051529,0.8022966,0.12560463,0.19673803,0.59496325,0.53148234,0.908132,0.83557254,0.12713365,0.4385412,0.9889113,0.38856795,0.40752915,0.663298,0.9510322,0.32628122,0.35803765,0.7109626,0.9785227,0.8540481,0.09766945,0.2300952,0.09600694,0.27566493,0.777118
8,153,6,visual,0.86471814,0.344157,0.27812445,0.9051529,0.8022966,0.12560463,0.19673803,0.59496325,0.53148234,0.908132,0.83557254,0.12713365,0.4385412,0.9889113,0.38856795,0.40752915,0.663298,0.9510322,0.32628122,0.35803765,0.7109626,0.9785227,0.8540481,0.09766945,0.2300952,0.09600694,0.27566493,0.777118
8,153,7,visual,0.86471814,0.344157,0.27812445,0.9051529,0.8022966,0.12560463,0.19673803,0.59496325,0.53148234,0.908132,0.83557254,0.12713365,0.4385412,0.9889113,0.38856795,0.40752915,0.663298,0.9510322,0.32628122,0.35803765,0.7109626,0.9785227,0.8540481,0.09766945,0.2300952,0.09600694,0.27566493,0.777118
8,153,8,visual,0.86471814,0.344157,0.27812445,0.9051529,0.8022966,0.12560463,0.19673803,0.59496325,0.53148234,0.908132,0.83557254,0.12713365,0.4385412,0.9889113,0.38856795,0.40752915,0.663298,0.9510322,0.32628122,0.35803765,0.7109626,0.9785227,0.8540481,0.09766945,0.2300952,0.09600694,0.27566493,0.777118
8,153,9,visual,0.86471814,0.344157,0.27812445,0.9051529,0.8022966,0.12560463,0.19673803,0.59496325,0.53148234,0.908132,0.83557254,0.12713365,0.4385412,0.9889113,0.38856795,0.40752915,0.663298,0.9510322,0.32628122,0.35803765,0.7109626,0.9785227,0.8540481,0.09766945,0.2300952,0.09600694,0.27566493,0.777118
8,153,10,visual,0.86471814,0.344157,0.27812445,0.9051529,0.8022966,0.12560463,0.19673803,0.59496325,0.53148234,0.908132,0.83557254,0.12713365,0.4385412,0.9889113,0.38856795,0.40752915,0.663298,0.9510322,0.32628122,0.35803765,0.7109626,0.9785227,0.8540481,0.09766945,0.2300952,0.09600694,0.27566493,0.777118
8,153,11,visual,0.86471814,0.344157,0.27812445,0.9051529,0.8022966,0.12560463,0.19673803,0.59496325,0.53148234,0.908132,0.83557254,0.12713365,0.4385412,0.9889113,0.38856795,0.40752915,0.663298,0.9510322,0.32628122,0.35803765,0.7109626,0.9785227,0.8540481,0.09766945,0.2300952,0.09600694,0.27566493,0.777118
8,153,12,visual,0.86471814,0.344157,0.27812445,0.9051529,0.8022966,0.12560463,0.19673803,0.59496325,0.53148234,0.908132,0.83557254,0.12713365,0.4385412,0.9889113,0.38856795,0.40752915,0.663298,0.9510322,0.32628122,0.35803765,0.7109626,0.9785227,0.8540481,0.09766945,0.2300952,0.09600694,0.27566493,0.777118
8,153,13,visual,0.86471814,0.344157,0.27812445,0.9051529,0.8022966,0.12560463,0.19673803,0.59496325,0.53148234,0.908132,0.83557254,0.12713365,0.4385412,0.9889113,0.38856795,0.40752915,0.663298,0.9510322,0.32628122,0.35803765,0.7109626,0.9785227,0.8540481,0.09766945,0.2300952,0.09600694,0.27566493,0.777118
8,153,14,visual,0.86471814,0.344157,0.27812445,0.9051529,0.8022966,0.12560463,0.19673803,0.59496325,0.53148234,0.908132,0.83557254,0.12713365,0.4385412,0.9889113,0.38856795,0.40752915,0.663298,0.9510322,0.32628122,0.35803765,0.7109626,0.9785227,0.8540481,0.09766945,0.2300952,0.09600694,0.27566493,0.777118
8,153,15,visual,0.86471814,0.344157,0.27812445,0.9051529,0.8022966,0.12560463,0.19673803,0.59496325,0.53148234,0.908132,0.83557254,0.12713365,0.4385412,0.9889113,0.38856795,0.40752915,0.663298,0.9510322,0.32628122,0.35803765,0.7109626,0.9785227,0.8540481,0.09766945,0.2300952,0.09600694,0.27566493,0.777118
8,154,1,visual,0.86471814,0.344157,0.27812445,0.9051529,0.8022966,0.12560463,0.19673803,0.59496325,0.53148234,0.908132,0.83557254,0.12713365,0.4385412,0.9889113,0.38856795,0.40752915,0.663298,0.9510322,0.32628122,0.35803765,0.7109626,0.9785227,0.8540481,0.09766945,0.2300952,0.09600694,0.27566493,0.777118
8,154,2,visual,0.86471814,0.344157,0.27812445,0.9051529,0.8022966,0.12560463,0.19673803,0.59496325,0.53148234,0.908132,0.83557254,0.12713365,0.4385412,0.9889113,0.38856795,0.40752915,0.663298,0.9510322,0.32628122,0.35803765,0.7109626,0.9785227,0.8540481,0.09766945,0.2300952,0.09600694,0.27566493,0.777118
8,154,3,visual,0.86471814,0.344157,0.27812445,0.9051529,0.8022966,0.12560463,0.19673803,0.59496325,0.53148234,0.908132,0.83557254,0.12713365,0.4385412,0.9889113,0.38856795,0.40752915,0.663298,0.9510322,0.32628122,0.35803765,0.7109626,0.9785227,0.8540481,0.09766945,0.2300952,0.09600694,0.27566493,0.777118
8,154,4,visual,0.86471814,0.344157,0.27812445,0.9051529,0.8022966,0.12560463,0.19673803,0.59496325,0.53148234,0.908132,0.83557254,0.12713365,0.4385412,0.9889113,0.38856795,0.40752915,0.663298,0.9510322,0.32628122,0.35803765,0.7109626,0.9785227,0.8540481,0.09766945,0.2300952,0.09600694,0.27566493,0.777118
8,154,5,visual,0.86471814,0.344157,0.27812445,0.9051529,0.8022966,0.12560463,0.19673803,0.59496325,0.53148234,0.908132,0.83557254,0.12713365,0.4385412,0.9889113,0.38856795,0.40752915,0.663298,0.9510322,0.32628122,0.35803765,0.7109626,0.9785227,0.8540481,0.09766945,0.2300952,0.09600694,0.27566493,0.777118
8,154,6,visual,0.86471814,0.344157,0.27812445,0.9051529,0.8022966,0.12560463,0.19673803,0.59496325,0.53148234,0.908132,0.83557254,0.12713365,0.4385412,0.9889113,0.38856795,0.40752915,0.663298,0.9510322,0.32628122,0.35803765,0.7109626,0.9785227,0.8540481,0.09766945,0.2300952,0.09600694,0.27566493,0.777118
8,154,7,visual,0.86471814,0.344157,0.27812445,0.9051529,0.8022966,0.12560463,0.19673803,0.59496325,0.53148234,0.908132,0.83557254,0.12713365,0.4385412,0.9889113,0.38856795,0.40752915,0.663298,0.9510322,0.32628122,0.35803765,0.7109626,0.9785227,0.8540481,0.09766945,0.2300952,0.09600694,0.27566493,0.777118
8,154,8,visual,0.86471814,0.344157,0.27812445,0.9051529,0.8022966,0.12560463,0.19673803,0.59496325,0.53148234,0.908132,0.83557254,0.12713365,0.4385412,0.9889113,0.38856795,0.40752915,0.663298,0.9510322,0.32628122,0.35803765,0.7109626,0.9785227,0.8540481,0.09766945,0.2300952,0.09600694,0.27566493,0.777118
8,154,9,visual,0.86471814,0.344157,0.27812445,0.9051529,0.8022966,0.12560463,0.19673803,0.59496325,0.53148234,0.908132,0.83557254,0.12713365,0.4385412,0.9889113,0.38856795,0.40752915,0.663298,0.9510322,0.32628122,0.35803765,0.7109626,0.9785227,0.8540481,0.09766945,0.2300952,0.09600694,0.27566493,0.777118
8,154,10,visual,0.86471814,0.344157,0.27812445,0.9051529,0.8022966,0.12560463,0.19673803,0.59496325,0.53148234,0.908132,0.83557254,0.12713365,0.4385412,0.9889113,0.38856795,0.40752915,0.663298,0.9510322,0.32628122,0.35803765,0.7109626,0.9785227,0.8540481,0.09766945,0.2300952,0.09600694,0.27566493,0.777118
8,154,11,visual,0.86471814,0.344157,0.27812445,0.9051529,0.8022966,0.12560463,0.19673803,0.59496325,0.53148234,0.908132,0.83557254,0.12713365,0.4385412,0.9889113,0.38856795,0.40752915,0.663298,0.9510322,0.32628122,0.35803765,0.7109626,0.9785227,0.8540481,0.09766945,0.2300952,0.09600694,0.27566493,0.777118
8,154,12,visual,0.86471814,0.344157,0.27812445,0.9051529,0.8022966,0.12560463,0.19673803,0.59496325,0.53148234,0.908132,0.83557254,0.12713365,0.4385412,0.9889113,0.38856795,0.40752915,0.663298,0.9510322,0.32628122,0.35803765,0.7109626,0.9785227,0.8540481,0.09766945,0.2300952,0.09600694,0.27566493,0.777118
8,154,13,visual,0.86471814,0.344157,0.27812445,0.9051529,0.8022966,0.12560463,0.19673803,0.59496325,0.53148234,0.908132,0.83557254,0.12713365,0.4385412,0.9889113,0.38856795,0.40752915,0.663298,0.9510322,0.32628122,0.35803765,0.7109626,0.9785227,0.8540481,0.09766945,0.2300952,0.09600694,0.27566493,0.777118
8,154,14,visual,0.86471814,0.344157,0.27812445,0.9051529,0.8022966,0.12560463,0.19673803,0.59496325,0.53148234,0.908132,0.83557254,0.12713365,0.4385412,0.9889113,0.38856795,0.40752915,0.663298,0.9510322,0.32628122,0.35803765,0.7109626,0.9785227,0.8540481,0.09766945,0.2300952,0.09600694,0.27566493,0.777118
8,154,15,visual,0.86471814,0.344157,0.27812445,0.9051529,0.8022966,0.12560463,0.19673803,0.59496325,0.53148234,0.908132,0.83557254,0.12713365,0.4385412,0.9889113,0.38856795,0.40752915,0.663298,0.9510322,0.32628122,0.35803765,0.7109626,0.9785227,0.8540481,0.09766945,0.2300952,0.09600694,0.27566493,0.777118
8,155,1,visual,0.86471814,0.344157,0.27812445,0.9051529,0.8022966,0.12560463,0.19673803,0.59496325,0.53148234,0.908132,0.83557254,0.12713365,0.4385412,0.9889113,0.38856795,0.40752915,0.663298,0.9510322,0.32628122,0.35803765,0.7109626,0.9785227,0.8540481,0.09766945,0.2300952,0.09600694,0.27566493,0.777118
8,155,2,visual,0.86471814,0.344157,0.27812445,0.9051529,0.8022966,0.12560463,0.19673803,0.59496325,0.53148234,0.908132,0.83557254,0.12713365,0.4385412,0.9889113,0.38856795,0.40752915,0.663298,0.9510322,0.32628122,0.35803765,0.7109626,0.9785227,0.8540481,0.09766945,0.2300952,0.09600694,0.27566493,0.777118
8,155,3,visual,0.86471814,0.344157,0.27812445,0.9051529,0.8022966,0.12560463,0.19673803,0.59496325,0.53148234,0.908132,0.83557254,0.12713365,0.4385412,0.9889113,0.38856795,0.40752915,0.663298,0.9510322,0.32628122,0.35803765,0.7109626,0.9785227,0.8540481,0.09766945,0.2300952,0.09600694,0.27566493,0.777118
8,155,4,visual,0.86471814,0.344157,0.27812445,0.9051529,0.8022966,0.12560463,0.19673803,0.59496325,0.53148234,0.908132,0.83557254,0.12713365,0.4385412,0.9889113,0.38856795,0.40752915,0.663298,0.9510322,0.32628122,0.35803765,0.7109626,0.9785227,0.8540481,0.09766945,0.2300952,0.09600694,0.27566493,0.777118
8,155,5,visual,0.86471814,0.344157,0.27812445,0.9051529,0.8022966,0.12560463,0.19673803,0.59496325,0.53148234,0.908132,0.83557254,0.12713365,0.4385412,0.9889113,0.38856795,0.40752915,0.663298,0.9510322,0.32628122,0.35803765,0.7109626,0.9785227,0.8540481,0.09766945,0.2300952,0.09600694,0.27566493,0.777118
8,155,6,visual,0.86471814,0.344157,0.27812445,0.9051529,0.8022966,0.12560463,0.19673803,0.59496325,0.53148234,0.908132,0.83557254,0.12713365,0.4385412,0.9889113,0.38856795,0.40752915,0.663298,0.9510322,0.32628122,0.35803765,0.7109626,0.9785227,0.8540481,0.09766945,0.2300952,0.09600694,0.27566493,0.777118
8,155,7,visual,0.86471814,0.344157,0.27812445,0.9051529,0.8022966,0.12560463,0.19673803,0.59496325,0.53148234,0.908132,0.83557254,0.12713365,0.4385412,0.9889113,0.38856795,0.40752915,0.663298,0.9510322,0.32628122,0.35803765,0.7109626,0.9785227,0.8540481,0.09766945,0.2300952,0.09600694,0.27566493,0.777118
8,155,8,visual,0.86471814,0.344157,0.27812445,0.9051529,0.8022966,0.12560463,0.19673803,0.59496325,0.53148234,0.908132,0.83557254,0.12713365,0.4385412,0.9889113,0.38856795,0.40752915,0.663298,0.9510322,0.32628122,0.35803765,0.7109626,0.9785227,0.8540481,0.09766945,0.2300952,0.09600694,0.27566493,0.777118
8,155,9,visual,0.86471814,0.344157,0.27812445,0.9051529,0.8022966,0.12560463,0.19673803,0.59496325,0.53148234,0.908132,0.83557254,0.12713365,0.4385412,0.9889113,0.38856795,0.40752915,0.663298,0.9510322,0.32628122,0.35803765,0.7109626,0.9785227,0.8540481,0.09766945,0.2300952,0.09600694,0.27566493,0.777118
8,155,10,visual,0.86471814,0.344157,0.27812445,0.9051529,0.8022966,0.12560463,0.19673803,0.59496325,0.53148234,0.908132,0.83557254,0.12713365,0.4385412,0.9889113,0.38856795,0.40752915,0.663298,0.9510322,0.32628122,0.35803765,0.7109626,0.9785227,0.8540481,0.09766945,0.2300952,0.09600694,0.27566493,0.777118
8,155,11,visual,0.86471814,0.344157,0.27812445,0.9051529,0.8022966,0.12560463,0.19673803,0.59496325,0.53148234,0.908132,0.83557254,0.12713365,0.4385412,0.9889113,0.38856795,0.40752915,0.663298,0.9510322,0.32628122,0.35803765,0.7109626,0.9785227,0.8540481,0.09766945,0.2300952,0.09600694,0.27566493,0.777118
8,155,12,visual,0.86471814,0.344157,0.27812445,0.9051529,0.8022966,0.12560463,0.19673803,0.59496325,0.53148234,0.908132,0.83557254,0.12713365,0.4385412,0.9889113,0.38856795,0.40752915,0.663298,0.9510322,0.32628122,0.35803765,0.7109626,0.9785227,0.8540481,0.09766945,0.2300952,0.09600694,0.27566493,0.777118
8,155,13,visual,0.86471814,0.344157,0.27812445,0.9051529,0.8022966,0.12560463,0.19673803,0.59496325,0.53148234,0.908132,0.83557254,0.12713365,0.4385412,0.9889113,0.38856795,0.40752915,0.663298,0.9510322,0.32628122,0.35803765,0.7109626,0.9785227,0.8540481,0.09766945,0.2300952,0.09600694,0.27566493,0.777118
8,155,14,visual,0.86471814,0.344157,0.27812445,0.9051529,0.8022966,0.12560463,0.19673803,0.59496325,0.53148234,0.908132,0.83557254,0.12713365,0.4385412,0.9889113,0.38856795,0.40752915,0.663298,0.9510322,0.32628122,0.35803765,0.7109626,0.9785227,0.8540481,0.09766945,0.2300952,0.09600694,0.27566493,0.777118
8,155,15,visual,0.86471814,0.344157,0.27812445,0.9051529,0.8022966,0.12560463,0.19673803,0.59496325,0.53148234,0.908132,0.83557254,0.12713365,0.4385412,0.9889113,0.38856795,0.40752915,0.663298,0.9510322,0.32628122,0.35803765,0.7109626,0.9785227,0.8540481,0.09766945,0.2300952,0.09600694,0.27566493,0.777118
8,156,1,visual,0.86471814,0.344157,0.27812445,0.9051529,0.8022966,0.12560463,0.19673803,0.59496325,0.53148234,0.908132,0.83557254,0.12713365,0.4385412,0.9889113,0.38856795,0.40752915,0.663298,0.9510322,0.32628122,0.35803765,0.7109626,0.9785227,0.8540481,0.09766945,0.2300952,0.09600694,0.27566493,0.777118
8,156,2,visual,0.86471814,0.344157,0.27812445,0.9051529,0.8022966,0.12560463,0.19673803,0.59496325,0.53148234,0.908132,0.83557254,0.12713365,0.4385412,0.9889113,0.38856795,0.40752915,0.663298,0.9510322,0.32628122,0.35803765,0.7109626,0.9785227,0.8540481,0.09766945,0.2300952,0.09600694,0.27566493,0.777118
8,156,3,visual,0.86471814,0.344157,0.27812445,0.9051529,0.8022966,0.12560463,0.19673803,0.59496325,0.53148234,0.908132,0.83557254,0.12713365,0.4385412,0.9889113,0.38856795,0.40752915,0.663298,0.9510322,0.32628122,0.35803765,0.7109626,0.9785227,0.8540481,0.09766945,0.2300952,0.09600694,0.27566493,0.777118
8,156,4,visual,0.86471814,0.344157,0.27812445,0.9051529,0.8022966,0.12560463,0.19673803,0.59496325,0.53148234,0.908132,0.83557254,0.12713365,0.4385412,0.9889113,0.38856795,0.40752915,0.663298,0.9510322,0.32628122,0.35803765,0.7109626,0.9785227,0.8540481,0.09766945,0.2300952,0.09600694,0.27566493,0.777118
8,156,5,visual,0.86471814,0.344157,0.27812445,0.9051529,0.8022966,0.12560463,0.19673803,0.59496325,0.53148234,0.908132,0.83557254,0.12713365,0.4385412,0.9889113,0.38856795,0.40752915,0.663298,0.9510322,0.32628122,0.35803765,0.7109626,0.9785227,0.8540481,0.09766945,0.2300952,0.09600694,0.27566493,0.777118
8,156,6,visual,0.86471814,0.344157,0.27812445,0.9051529,0.8022966,0.12560463,0.19673803,0.59496325,0.53148234,0.908132,0.83557254,0.12713365,0.4385412,0.9889113,0.38856795,0.40752915,0.663298,0.9510322,0.32628122,0.35803765,0.7109626,0.9785227,0.8540481,0.09766945,0.2300952,0.09600694,0.27566493,0.777118
8,156,7,visual,0.86471814,0.344157,0.27812445,0.9051529,0.8022966,0.12560463,0.19673803,0.59496325,0.53148234,0.908132,0.83557254,0.12713365,0.4385412,0.9889113,0.38856795,0.40752915,0.663298,0.9510322,0.32628122,0.35803765,0.7109626,0.9785227,0.8540481,0.09766945,0.2300952,0.09600694,0.27566493,0.777118
8,156,8,visual,0.86471814,0.344157,0.27812445,0.9051529,0.8022966,0.12560463,0.19673803,0.59496325,0.53148234,0.908132,0.83557254,0.12713365,0.4385412,0.9889113,0.38856795,0.40752915,0.663298,0.9510322,0.32628122,0.35803765,0.7109626,0.9785227,0.8540481,0.09766945,0.2300952,0.09600694,0.27566493,0.777118
8,156,9,visual,0.86471814,0.344157,0.27812445,0.9051529,0.8022966,0.12560463,0.19673803,0.59496325,0.53148234,0.908132,0.83557254,0.12713365,0.4385412,0.9889113,0.38856795,0.40752915,0.663298,0.9510322,0.32628122,0.35803765,0.7109626,0.9785227,0.8540481,0.09766945,0.2300952,0.09600694,0.27566493,0.777118
8,156,10,visual,0.86471814,0.344157,0.27812445,0.9051529,0.8022966,0.12560463,0.19673803,0.59496325,0.53148234,0.908132,0.83557254,0.12713365,0.4385412,0.9889113,0.38856795,0.40752915,0.663298,0.9510322,0.32628122,0.35803765,0.7109626,0.9785227,0.8540481,0.09766945,0.2300952,0.09600694,0.27566493,0.777118
8,156,11,visual,0.86471814,0.344157,0.27812445,0.9051529,0.8022966,0.12560463,0.19673803,0.59496325,0.53148234,0.908132,0.83557254,0.12713365,0.4385412,0.9889113,0.38856795,0.40752915,0.663298,0.9510322,0.32628122,0.35803765,0.7109626,0.9785227,0.8540481,0.09766945,0.2300952,0.09600694,0.27566493,0.777118
8,156,12,visual,0.86471814,0.344157,0.27812445,0.9051529,0.8022966,0.12560463,0.19673803,0.59496325,0.53148234,0.908132,0.83557254,0.12713365,0.4385412,0.9889113,0.38856795,0.40752915,0.663298,0.9510322,0.32628122,0.35803765,0.7109626,0.9785227,0.8540481,0.09766945,0.2300952,0.09600694,0.27566493,0.777118
8,156,13,visual,0.86471814,0.344157,0.27812445,0.9051529,0.8022966,0.12560463,0.19673803,0.59496325,0.53148234,0.908132,0.83557254,0.12713365,0.4385412,0.9889113,0.38856795,0.40752915,0.663298,0.9510322,0.32628122,0.35803765,0.7109626,0.9785227,0.8540481,0.09766945,0.2300952,0.09600694,0.27566493,0.777118
8,156,14,visual,0.86471814,0.344157,0.27812445,0.9051529,0.8022966,0.12560463,0.19673803,0.59496325,0.53148234,0.908132,0.83557254,0.12713365,0.4385412,0.9889113,0.38856795,0.40752915,0.663298,0.9510322,0.32628122,0.35803765,0.7109626,0.9785227,0.8540481,0.09766945,0.2300952,0.09600694,0.27566493,0.777118
8,156,15,visual,0.86471814,0.344157,0.27812445,0.9051529,0.8022966,0.12560463,0.19673803,0.59496325,0.53148234,0.908132,0.83557254,0.12713365,0.4385412,0.9889113,0.38856795,0.40752915,0.663298,0.9510322,0.32628122,0.35803765,0.7109626,0.9785227,0.8540481,0.09766945,0.2300952,0.09600694,0.27566493,0.777118
8,157,1,visual,0.86471814,0.344157,0.27812445,0.9051529,0.8022966,0.12560463,0.19673803,0.59496325,0.53148234,0.908132,0.83557254,0.12713365,0.4385412,0.9889113,0.38856795,0.40752915,0.663298,0.9510322,0.32628122,0.35803765,0.7109626,0.9785227,0.8540481,0.09766945,0.2300952,0.09600694,0.27566493,0.777118
8,157,2,visual,0.86471814,0.344157,0.27812445,0.9051529,0.8022966,0.12560463,0.19673803,0.59496325,0.53148234,0.908132,0.83557254,0.12713365,0.4385412,0.9889113,0.38856795,0.40752915,0.663298,0.9510322,0.32628122,0.35803765,0.7109626,0.9785227,0.8540481,0.09766945,0.2300952,0.09600694,0.27566493,0.777118
8,157,3,visual,0.86471814,0.344157,0.27812445,0.9051529,0.8022966,0.12560463,0.19673803,0.59496325,0.53148234,0.908132,0.83557254,0.12713365,0.4385412,0.9889113,0.38856795,0.40752915,0.663298,0.9510322,0.32628122,0.35803765,0.7109626,0.9785227,0.8540481,0.09766945,0.2300952,0.09600694,0.27566493,0.777118
8,157,4,visual,0.86471814,0.344157,0.27812445,0.9051529,0.8022966,0.12560463,0.19673803,0.59496325,0.53148234,0.908132,0.83557254,0.12713365,0.4385412,0.9889113,0.38856795,0.40752915,0.663298,0.9510322,0.32628122,0.35803765,0.7109626,0.9785227,0.8540481,0.09766945,0.2300952,0.09600694,0.27566493,0.777118
8,157,5,visual,0.86471814,0.344157,0.27812445,0.9051529,0.8022966,0.12560463,0.19673803,0.59496325,0.53148234,0.908132,0.83557254,0.12713365,0.4385412,0.9889113,0.38856795,0.40752915,0.663298,0.9510322,0.32628122,0.35803765,0.7109626,0.9785227,0.8540481,0.09766945,0.2300952,0.09600694,0.27566493,0.777118
8,157,6,visual,0.86471814,0.344157,0.27812445,0.9051529,0.8022966,0.12560463,0.19673803,0.59496325,0.53148234,0.908132,0.83557254,0.12713365,0.4385412,0.9889113,0.38856795,0.40752915,0.663298,0.9510322,0.32628122,0.35803765,0.7109626,0.9785227,0.8540481,0.09766945,0.2300952,0.09600694,0.27566493,0.777118
8,157,7,visual,0.86471814,0.344157,0.27812445,0.9051529,0.8022966,0.12560463,0.19673803,0.59496325,0.53148234,0.908132,0.83557254,0.12713365,0.4385412,0.9889113,0.38856795,0.40752915,0.663298,0.9510322,0.32628122,0.35803765,0.7109626,0.9785227,0.8540481,0.09766945,0.2300952,0.09600694,0.27566493,0.777118
8,157,8,visual,0.86471814,0.344157,0.27812445,0.9051529,0.8022966,0.12560463,0.19673803,0.59496325,0.53148234,0.908132,0.83557254,0.12713365,0.4385412,0.9889113,0.38856795,0.40752915,0.663298,0.9510322,0.32628122,0.35803765,0.7109626,0.9785227,0.8540481,0.09766945,0.2300952,0.09600694,0.27566493,0.777118
8,157,9,visual,0.86471814,0.344157,0.27812445,0.9051529,0.8022966,0.12560463,0.19673803,0.59496325,0.53148234,0.908132,0.83557254,0.12713365,0.4385412,0.9889113,0.38856795,0.40752915,0.663298,0.9510322,0.32628122,0.35803765,0.7109626,0.9785227,0.8540481,0.09766945,0.2300952,0.09600694,0.27566493,0.777118
8,157,10,visual,0.86471814,0.344157,0.27812445,0.9051529,0.8022966,0.12560463,0.19673803,0.59496325,0.53148234,0.908132,0.83557254,0.12713365,0.4385412,0.9889113,0.38856795,0.40752915,0.663298,0.9510322,0.32628122,0.35803765,0.7109626,0.9785227,0.8540481,0.09766945,0.2300952,0.09600694,0.27566493,0.777118
8,157,11,visual,0.86471814,0.344157,0.27812445,0.9051529,0.8022966,0.12560463,0.19673803,0.59496325,0.53148234,0.908132,0.83557254,0.12713365,0.4385412,0.9889113,0.38856795,0.40752915,0.663298,0.9510322,0.32628122,0.35803765,0.7109626,0.9785227,0.8540481,0.09766945,0.2300952,0.09600694,0.27566493,0.777118
8,157,12,visual,0.86471814,0.344157,0.27812445,0.9051529,0.8022966,0.12560463,0.19673803,0.59496325,0.53148234,0.908132,0.83557254,0.12713365,0.4385412,0.9889113,0.38856795,0.40752915,0.663298,0.9510322,0.32628122,0.35803765,0.7109626,0.9785227,0.8540481,0.09766945,0.2300952,0.09600694,0.27566493,0.777118
8,157,13,visual,0.86471814,0.344157,0.27812445,0.9051529,0.8022966,0.12560463,0.19673803,0.59496325,0.53148234,0.908132,0.83557254,0.12713365,0.4385412,0.9889113,0.38856795,0.40752915,0.663298,0.9510322,0.32628122,0.35803765,0.7109626,0.9785227,0.8540481,0.09766945,0.2300952,0.09600694,0.27566493,0.777118
8,157,14,visual,0.86471814,0.344157,0.27812445,0.9051529,0.8022966,0.12560463,0.19673803,0.59496325,0.53148234,0.908132,0.83557254,0.12713365,0.4385412,0.9889113,0.38856795,0.40752915,0.663298,0.9510322,0.32628122,0.35803765,0.7109626,0.9785227,0.8540481,0.09766945,0.2300952,0.09600694,0.27566493,0.777118
8,157,15,visual,0.86471814,0.344157,0.27812445,0.9051529,0.8022966,0.12560463,0.19673803,0.59496325,0.53148234,0.908132,0.83557254,0.12713365,0.4385412,0.9889113,0.38856795,0.40752915,0.663298,0.9510322,0.32628122,0.35803765,0.7109626,0.9785227,0.8540481,0.09766945,0.2300952,0.09600694,0.27566493,0.777118
8,158,1,visual,0.86471814,0.344157,0.27812445,0.9051529,0.8022966,0.12560463,0.19673803,0.59496325,0.53148234,0.908132,0.83557254,0.12713365,0.4385412,0.9889113,0.38856795,0.40752915,0.663298,0.9510322,0.32628122,0.35803765,0.7109626,0.9785227,0.8540481,0.09766945,0.2300952,0.09600694,0.27566493,0.777118
8,158,2,visual,0.86471814,0.344157,0.27812445,0.9051529,0.8022966,0.12560463,0.19673803,0.59496325,0.53148234,0.908132,0.83557254,0.12713365,0.4385412,0.9889113,0.38856795,0.40752915,0.663298,0.9510322,0.32628122,0.35803765,0.7109626,0.9785227,0.8540481,0.09766945,0.2300952,0.09600694,0.27566493,0.777118
8,158,3,visual,0.86471814,0.344157,0.27812445,0.9051529,0.8022966,0.12560463,0.19673803,0.59496325,0.53148234,0.908132,0.83557254,0.12713365,0.4385412,0.9889113,0.38856795,0.40752915,0.663298,0.9510322,0.32628122,0.35803765,0.7109626,0.9785227,0.8540481,0.09766945,0.2300952,0.09600694,0.27566493,0.777118
8,158,4,visual,0.86471814,0.344157,0.27812445,0.9051529,0.8022966,0.12560463,0.19673803,0.59496325,0.53148234,0.908132,0.83557254,0.12713365,0.4385412,0.9889113,0.38856795,0.40752915,0.663298,0.9510322,0.32628122,0.35803765,0.7109626,0.9785227,0.8540481,0.09766945,0.2300952,0.09600694,0.27566493,0.777118
8,158,5,visual,0.86471814,0.344157,0.27812445,0.9051529,0.8022966,0.12560463,0.19673803,0.59496325,0.53148234,0.908132,0.83557254,0.12713365,0.4385412,0.9889113,0.38856795,0.40752915,0.663298,0.9510322,0.32628122,0.35803765,0.7109626,0.9785227,0.8540481,0.09766945,0.2300952,0.09600694,0.27566493,0.777118
8,158,6,visual,0.86471814,0.344157,0.27812445,0.9051529,0.8022966,0.12560463,0.19673803,0.59496325,0.53148234,0.908132,0.83557254,0.12713365,0.4385412,0.9889113,0.38856795,0.40752915,0.663298,0.9510322,0.32628122,0.35803765,0.7109626,0.9785227,0.8540481,0.09766945,0.2300952,0.09600694,0.27566493,0.777118
8,158,7,visual,0.86471814,0.344157,0.27812445,0.9051529,0.8022966,0.12560463,0.19673803,0.59496325,0.53148234,0.908132,0.83557254,0.12713365,0.4385412,0.9889113,0.38856795,0.40752915,0.663298,0.9510322,0.32628122,0.35803765,0.7109626,0.9785227,0.8540481,0.09766945,0.2300952,0.09600694,0.27566493,0.777118
8,158,8,visual,0.86471814,0.344157,0.27812445,0.9051529,0.8022966,0.12560463,0.19673803,0.59496325,0.53148234,0.908132,0.83557254,0.12713365,0.4385412,0.9889113,0.38856795,0.40752915,0.663298,0.9510322,0.32628122,0.35803765,0.7109626,0.9785227,0.8540481,0.09766945,0.2300952,0.09600694,0.27566493,0.777118
8,158,9,visual,0.86471814,0.344157,0.27812445,0.9051529,0.8022966,0.12560463,0.19673803,0.59496325,0.53148234,0.908132,0.83557254,0.12713365,0.4385412,0.9889113,0.38856795,0.40752915,0.663298,0.9510322,0.32628122,0.35803765,0.7109626,0.9785227,0.8540481,0.09766945,0.2300952,0.09600694,0.27566493,0.777118
8,158,10,visual,0.86471814,0.344157,0.27812445,0.9051529,0.8022966,0.12560463,0.19673803,0.59496325,0.53148234,0.908132,0.83557254,0.12713365,0.4385412,0.9889113,0.38856795,0.40752915,0.663298,0.9510322,0.32628122,0.35803765,0.7109626,0.9785227,0.8540481,0.09766945,0.2300952,0.09600694,0.27566493,0.777118
8,158,11,visual,0.86471814,0.344157,0.27812445,0.9051529,0.8022966,0.12560463,0.19673803,0.59496325,0.53148234,0.908132,0.83557254,0.12713365,0.4385412,0.9889113,0.38856795,0.40752915,0.663298,0.9510322,0.32628122,0.35803765,0.7109626,0.9785227,0.8540481,0.09766945,0.2300952,0.09600694,0.27566493,0.777118
8,158,12,visual,0.86471814,0.344157,0.27812445,0.9051529,0.8022966,0.12560463,0.19673803,0.59496325,0.53148234,0.908132,0.83557254,0.12713365,0.4385412,0.9889113,0.38856795,0.40752915,0.663298,0.9510322,0.32628122,0.35803765,0.7109626,0.9785227,0.8540481,0.09766945,0.2300952,0.09600694,0.27566493,0.777118
8,158,13,visual,0.86471814,0.344157,0.27812445,0.9051529,0.8022966,0.12560463,0.19673803,0.59496325,0.53148234,0.908132,0.83557254,0.12713365,0.4385412,0.9889113,0.38856795,0.40752915,0.663298,0.9510322,0.32628122,0.35803765,0.7109626,0.9785227,0.8540481,0.09766945,0.2300952,0.09600694,0.27566493,0.777118
8,158,14,visual,0.86471814,0.344157,0.27812445,0.9051529,0.8022966,0.12560463,0.19673803,0.59496325,0.53148234,0.908132,0.83557254,0.12713365,0.4385412,0.9889113,0.38856795,0.40752915,0.663298,0.9510322,0.32628122,0.35803765,0.7109626,0.9785227,0.8540481,0.09766945,0.2300952,0.09600694,0.27566493,0.777118
8,158,15,visual,0.86471814,0.344157,0.27812445,0.9051529,0.8022966,0.12560463,0.19673803,0.59496325,0.53148234,0.908132,0.83557254,0.12713365,0.4385412,0.9889113,0.38856795,0.40752915,0.663298,0.9510322,0.32628122,0.35803765,0.7109626,0.9785227,0.8540481,0.09766945,0.2300952,0.09600694,0.27566493,0.777118
8,159,1,visual,0.86471814,0.344157,0.27812445,0.9051529,0.8022966,0.12560463,0.19673803,0.59496325,0.53148234,0.908132,0.83557254,0.12713365,0.4385412,0.9889113,0.38856795,0.40752915,0.663298,0.9510322,0.32628122,0.35803765,0.7109626,0.9785227,0.8540481,0.09766945,0.2300952,0.09600694,0.27566493,0.777118
8,159,2,visual,0.86471814,0.344157,0.27812445,0.9051529,0.8022966,0.12560463,0.19673803,0.59496325,0.53148234,0.908132,0.83557254,0.12713365,0.4385412,0.9889113,0.38856795,0.40752915,0.663298,0.9510322,0.32628122,0.35803765,0.7109626,0.9785227,0.8540481,0.09766945,0.2300952,0.09600694,0.27566493,0.777118
8,159,3,visual,0.86471814,0.344157,0.27812445,0.9051529,0.8022966,0.12560463,0.19673803,0.59496325,0.53148234,0.908132,0.83557254,0.12713365,0.4385412,0.9889113,0.38856795,0.40752915,0.663298,0.9510322,0.32628122,0.35803765,0.7109626,0.9785227,0.8540481,0.09766945,0.2300952,0.09600694,0.27566493,0.777118
8,159,4,visual,0.86471814,0.344157,0.27812445,0.9051529,0.8022966,0.12560463,0.19673803,0.59496325,0.53148234,0.908132,0.83557254,0.12713365,0.4385412,0.9889113,0.38856795,0.40752915,0.663298,0.9510322,0.32628122,0.35803765,0.7109626,0.9785227,0.8540481,0.09766945,0.2300952,0.09600694,0.27566493,0.777118
8,159,5,visual,0.86471814,0.344157,0.27812445,0.9051529,0.8022966,0.12560463,0.19673803,0.59496325,0.53148234,0.908132,0.83557254,0.12713365,0.4385412,0.9889113,0.38856795,0.40752915,0.663298,0.9510322,0.32628122,0.35803765,0.7109626,0.9785227,0.8540481,0.09766945,0.2300952,0.09600694,0.27566493,0.777118
8,159,6,visual,0.86471814,0.344157,0.27812445,0.9051529,0.8022966,0.12560463,0.19673803,0.59496325,0.53148234,0.908132,0.83557254,0.12713365,0.4385412,0.9889113,0.38856795,0.40752915,0.663298,0.9510322,0.32628122,0.35803765,0.7109626,0.9785227,0.8540481,0.09766945,0.2300952,0.09600694,0.27566493,0.777118
8,159,7,visual,0.86471814,0.344157,0.27812445,0.9051529,0.8022966,0.12560463,0.19673803,0.59496325,0.53148234,0.908132,0.83557254,0.12713365,0.4385412,0.9889113,0.38856795,0.40752915,0.663298,0.9510322,0.32628122,0.35803765,0.7109626,0.9785227,0.8540481,0.09766945,0.2300952,0.09600694,0.27566493,0.777118
8,159,8,visual,0.86471814,0.344157,0.27812445,0.9051529,0.8022966,0.12560463,0.19673803,0.59496325,0.53148234,0.908132,0.83557254,0.12713365,0.4385412,0.9889113,0.38856795,0.40752915,0.663298,0.9510322,0.32628122,0.35803765,0.7109626,0.9785227,0.8540481,0.09766945,0.2300952,0.09600694,0.27566493,0.777118
8,159,9,visual,0.86471814,0.344157,0.27812445,0.9051529,0.8022966,0.12560463,0.19673803,0.59496325,0.53148234,0.908132,0.83557254,0.12713365,0.4385412,0.9889113,0.38856795,0.40752915,0.663298,0.9510322,0.32628122,0.35803765,0.7109626,0.9785227,0.8540481,0.09766945,0.2300952,0.09600694,0.27566493,0.777118
8,159,10,visual,0.86471814,0.344157,0.27812445,0.9051529,0.8022966,0.12560463,0.19673803,0.59496325,0.53148234,0.908132,0.83557254,0.12713365,0.4385412,0.9889113,0.38856795,0.40752915,0.663298,0.9510322,0.32628122,0.35803765,0.7109626,0.9785227,0.8540481,0.09766945,0.2300952,0.09600694,0.27566493,0.777118
8,159,11,visual,0.86471814,0.344157,0.27812445,0.9051529,0.8022966,0.12560463,0.19673803,0.59496325,0.53148234,0.908132,0.83557254,0.12713365,0.4385412,0.9889113,0.38856795,0.40752915,0.663298,0.9510322,0.32628122,0.35803765,0.7109626,0.9785227,0.8540481,0.09766945,0.2300952,0.09600694,0.27566493,0.777118
8,159,12,visual,0.86471814,0.344157,0.27812445,0.9051529,0.8022966,0.12560463,0.19673803,0.59496325,0.53148234,0.908132,0.83557254,0.12713365,0.4385412,0.9889113,0.38856795,0.40752915,0.663298,0.9510322,0.32628122,0.35803765,0.7109626,0.9785227,0.8540481,0.09766945,0.2300952,0.09600694,0.27566493,0.777118
8,159,13,visual,0.86471814,0.344157,0.27812445,0.9051529,0.8022966,0.12560463,0.19673803,0.59496325,0.53148234,0.908132,0.83557254,0.12713365,0.4385412,0.9889113,0.38856795,0.40752915,0.663298,0.9510322,0.32628122,0.35803765,0.7109626,0.9785227,0.8540481,0.09766945,0.2300952,0.09600694,0.27566493,0.777118
8,159,14,visual,0.86471814,0.344157,0.27812445,0.9051529,0.8022966,0.12560463,0.19673803,0.59496325,0.53148234,0.908132,0.83557254,0.12713365,0.4385412,0.9889113,0.38856795,0.40752915,0.663298,0.9510322,0.32628122,0.35803765,0.7109626,0.9785227,0.8540481,0.09766945,0.2300952,0.09600694,0.27566493,0.777118
8,159,15,visual,0.86471814,0.344157,0.27812445,0.9051529,0.8022966,0.12560463,0.19673803,0.59496325,0.53148234,0.908132,0.83557254,0.12713365,0.4385412,0.9889113,0.38856795,0.40752915,0.663298,0.9510322,0.32628122,0.35803765,0.7109626,0.9785227,0.8540481,0.09766945,0.2300952,0.09600694,0.27566493,0.777118
8,160,1,visual,0.86471814,0.344157,0.27812445,0.9051529,0.8022966,0.12560463,0.19673803,0.59496325,0.53148234,0.908132,0.83557254,0.12713365,0.4385412,0.9889113,0.38856795,0.40752915,0.663298,0.9510322,0.32628122,0.35803765,0.7109626,0.9785227,0.8540481,0.09766945,0.2300952,0.09600694,0.27566493,0.777118
8,160,2,visual,0.86471814,0.344157,0.27812445,0.9051529,0.8022966,0.12560463,0.19673803,0.59496325,0.53148234,0.908132,0.83557254,0.12713365,0.4385412,0.9889113,0.38856795,0.40752915,0.663298,0.9510322,0.32628122,0.35803765,0.7109626,0.9785227,0.8540481,0.09766945,0.2300952,0.09600694,0.27566493,0.777118
8,160,3,visual,0.86471814,0.344157,0.27812445,0.9051529,0.8022966,0.12560463,0.19673803,0.59496325,0.53148234,0.908132,0.83557254,0.12713365,0.4385412,0.9889113,0.38856795,0.40752915,0.663298,0.9510322,0.32628122,0.35803765,0.7109626,0.9785227,0.8540481,0.09766945,0.2300952,0.09600694,0.27566493,0.777118
8,160,4,visual,0.86471814,0.344157,0.27812445,0.9051529,0.8022966,0.12560463,0.19673803,0.59496325,0.53148234,0.908132,0.83557254,0.12713365,0.4385412,0.9889113,0.38856795,0.40752915,0.663298,0.9510322,0.32628122,0.35803765,0.7109626,0.9785227,0.8540481,0.09766945,0.2300952,0.09600694,0.27566493,0.777118
8,160,5,visual,0.86471814,0.344157,0.27812445,0.9051529,0.8022966,0.12560463,0.19673803,0.59496325,0.53148234,0.908132,0.83557254,0.12713365,0.4385412,0.9889113,0.38856795,0.40752915,0.663298,0.9510322,0.32628122,0.35803765,0.7109626,0.9785227,0.8540481,0.09766945,0.2300952,0.09600694,0.27566493,0.777118
8,160,6,visual,0.86471814,0.344157,0.27812445,0.9051529,0.8022966,0.12560463,0.19673803,0.59496325,0.53148234,0.908132,0.83557254,0.12713365,0.4385412,0.9889113,0.38856795,0.40752915,0.663298,0.9510322,0.32628122,0.35803765,0.7109626,0.9785227,0.8540481,0.09766945,0.2300952,0.09600694,0.27566493,0.777118
8,160,7,visual,0.86471814,0.344157,0.27812445,0.9051529,0.8022966,0.12560463,0.19673803,0.59496325,0.53148234,0.908132,0.83557254,0.12713365,0.4385412,0.9889113,0.38856795,0.40752915,0.663298,0.9510322,0.32628122,0.35803765,0.7109626,0.9785227,0.8540481,0.09766945,0.2300952,0.09600694,0.27566493,0.777118
8,160,8,visual,0.86471814,0.344157,0.27812445,0.9051529,0.8022966,0.12560463,0.19673803,0.59496325,0.53148234,0.908132,0.83557254,0.12713365,0.4385412,0.9889113,0.38856795,0.40752915,0.663298,0.9510322,0.32628122,0.35803765,0.7109626,0.9785227,0.8540481,0.09766945,0.2300952,0.09600694,0.27566493,0.777118
8,160,9,visual,0.86471814,0.344157,0.27812445,0.9051529,0.8022966,0.12560463,0.19673803,0.59496325,0.53148234,0.908132,0.83557254,0.12713365,0.4385412,0.9889113,0.38856795,0.40752915,0.663298,0.9510322,0.32628122,0.35803765,0.7109626,0.9785227,0.8540481,0.09766945,0.2300952,0.09600694,0.27566493,0.777118
8,160,10,visual,0.86471814,0.344157,0.27812445,0.9051529,0.8022966,0.12560463,0.19673803,0.59496325,0.53148234,0.908132,0.83557254,0.12713365,0.4385412,0.9889113,0.38856795,0.40752915,0.663298,0.9510322,0.32628122,0.35803765,0.7109626,0.9785227,0.8540481,0.09766945,0.2300952,0.09600694,0.27566493,0.777118
8,160,11,visual,0.86471814,0.344157,0.27812445,0.9051529,0.8022966,0.12560463,0.19673803,0.59496325,0.53148234,0.908132,0.83557254,0.12713365,0.4385412,0.9889113,0.38856795,0.40752915,0.663298,0.9510322,0.32628122,0.35803765,0.7109626,0.9785227,0.8540481,0.09766945,0.2300952,0.09600694,0.27566493,0.777118
8,160,12,visual,0.86471814,0.344157,0.27812445,0.9051529,0.8022966,0.12560463,0.19673803,0.59496325,0.53148234,0.908132,0.83557254,0.12713365,0.4385412,0.9889113,0.38856795,0.40752915,0.663298,0.9510322,0.32628122,0.35803765,0.7109626,0.9785227,0.8540481,0.09766945,0.2300952,0.09600694,0.27566493,0.777118
8,160,13,visual,0.86471814,0.344157,0.27812445,0.9051529,0.8022966,0.12560463,0.19673803,0.59496325,0.53148234,0.908132,0.83557254,0.12713365,0.4385412,0.9889113,0.38856795,0.40752915,0.663298,0.9510322,0.32628122,0.35803765,0.7109626,0.9785227,0.8540481,0.09766945,0.2300952,0.09600694,0.27566493,0.777118
8,160,14,visual,0.86471814,0.344157,0.27812445,0.9051529,0.8022966,0.12560463,0.19673803,0.59496325,0.53148234,0.908132,0.83557254,0.12713365,0.4385412,0.9889113,0.38856795,0.40752915,0.663298,0.9510322,0.32628122,0.35803765,0.7109626,0.9785227,0.8540481,0.09766945,0.2300952,0.09600694,0.27566493,0.777118
8,160,15,visual,0.86471814,0.344157,0.27812445,0.9051529,0.8022966,0.12560463,0.19673803,0.59496325,0.53148234,0.908132,0.83557254,0.12713365,0.4385412,0.9889113,0.38856795,0.40752915,0.663298,0.9510322,0.32628122,0.35803765,0.7109626,0.9785227,0.8540481,0.09766945,0.2300952,0.09600694,0.27566493,0.777118
9,161,1,visual,0.76599157,0.8729462,0.7313724,0.4141238,0.22063474,0.35711274,0.5537056,0.8628333,0.8122343,0.5179269,0.3056743,0.46892422,0.6561508,0.874011,0.5635047,0.22551742,0.5160121,0.7161008,0.77740186,0.18033175,0.7296745,0.8953485,0.091150045,0.97203314,0.9044331,0.01907947,0.10779745,0.8787204
9,161,2,visual,0.50593317,0.75134367,0.68649954,0.6319991,0.18462615,0.5689506,0.6204278,0.56243736,0.51444083,0.5009664,0.28031605,0.5087702,0.5451714,0.95047486,0.9251912,0.26784253,0.8440337,0.8974136,0.97951055,0.32360157,0.9269389,0.9486477,0.33802807,0.94383407,0.9548112,0.321994,0.30647168,0.9675667
9,161,3,visual,0.68402296,0.8530154,0.834977,0.78289497,0.4335668,0.75717455,0.7962316,0.6902942,0.65717316,0.62437797,0.26572683,0.6174013,0.67385584,0.9606861,0.9187662,0.33451977,0.8774156,0.9310047,0.9758289,0.3375534,0.9262638,0.9656956,0.30946478,0.96007705,0.9793085,0.2987766,0.3145532,0.97106963
9,161,4,visual,0.73539424,0.91557366,0.90614015,0.67898864,0.13814339,0.5982822,0.7311302,0.8020308,0.77852356,0.61672413,0.24521758,0.5523012,0.6671289,0.9848418,0.7929679,0.19468929,0.7095676,0.8402258,0.83713204,0.23943052,0.74947435,0.8710078,0.31726658,0.9528499,0.979413,0.3257729,0.3118963,0.9389083
9,161,5,visual,0.7130626,0.84495693,0.84077156,0.74727106,0.42174724,0.7695007,0.80710286,0.8653537,0.84270465,0.7925544,0.314315,0.8007799,0.8479483,0.9689536,0.9051668,0.40152407,0.90779805,0.96538955,0.9353507,0.41785794,0.9334491,0.9750872,0.40548778,0.96642345,0.9421241,0.3990867,0.38911217,0.9470689
9,161,6,visual,0.62255466,0.8073754,0.7653333,0.7397649,0.37453488,0.75792783,0.77773917,0.8090676,0.75610614,0.7748128,0.293121,0.7854535,0.81381774,0.94994444,0.93204194,0.4045613,0.9432937,0.9670703,0.9554168,0.43702477,0.9524161,0.9583876,0.43832767,0.9894066,0.98070294,0.4542363,0.42084756,0.98681617
9,161,7,visual,0.67597973,0.8921801,0.9053099,0.87893724,0.25538287,0.88294184,0.88586104,0.7607707,0.73862374,0.7637131,0.2334734,0.7531781,0.7925778,0.98768884,0.96640897,0.26413345,0.95036834,0.9707602,0.97377115,0.2501749,0.9620938,0.97436494,0.2879199,0.98788035,0.9867716,0.26869386,0.2712583,0.9805308
9,161,8,visual,0.671413,0.8411491,0.86151105,0.81303513,0.5951889,0.8399005,0.830233,0.7680837,0.7252697,0.7051699,0.37436113,0.6872637,0.74010503,0.9421639,0.89702165,0.53452134,0.8605743,0.8993791,0.9715733,0.5755041,0.9515498,0.96872556,0.546028,0.97763056,0.9773088,0.56029797,0.53101426,0.9771582
9,161,9,visual,0.8180505,0.88801515,0.82063276,0.6463221,0.39095256,0.64376634,0.74881876,0.83044726,0.7819491,0.6555111,0.36866382,0.6303078,0.72106385,0.8774215,0.68945163,0.44018924,0.65665364,0.77824265,0.87834156,0.45280033,0.8458627,0.9276466,0.41726258,0.9728409,0.9557878,0.38084215,0.40319976,0.9477941
9,161,10,visual,0.80907416,0.90993696,0.87062323,0.7252931,0.5851506,0.732222,0.781475,0.8869817,0.89210016,0.784675,0.4779208,0.77416193,0.83269227,0.9290773,0.78029007,0.6235441,0.7694473,0.8412582,0.89281106,0.554631,0.8891305,0.93388903,0.39446434,0.9822866,0.9639579,0.37911895,0.48041067,0.962205
9,161,11,visual,0.8213027,0.8445535,0.90559,0.8612992,0.48933813,0.8589231,0.8674247,0.8537698,0.919665,0.9023535,0.42333543,0.895509,0.9332847,0.9212799,0.8774427,0.43983716,0.8537488,0.89357746,0.9450413,0.49778047,0.93800443,0.9724799,0.41171375,0.9801161,0.97626716,0.42816234,0.45662203,0.9770232
9,161,12,visual,0.88562536,0.93766755,0.9372814,0.8601204,0.48288882,0.7808764,0.88313764,0.9302731,0.95172685,0.9245975,0.4947505,0.8422497,0.94612336,0.95298976,0.89963275,0.53013206,0.8108252,0.9099224,0.9381458,0.5344243,0.8532159,0.9576022,0.586598,0.93992954,0.98336196,0.5588733,0.55399776,0.9347944
9,161,13,visual,0.66603863,0.97288746,0.9335439,0.8644757,0.7317394,0.79654634,0.8797443,0.7249572,0.74738556,0.72372913,0.75756097,0.65290064,0.73566484,0.93283224,0.8765071,0.76368743,0.82666457,0.9125769,0.9555408,0.81568456,0.8595248,0.9360824,0.7911093,0.93505186,0.9678235,0.6832487,0.77129984,0.94502157
9,161,14,visual,0.918339,0.9888951,0.958394,0.7559633,0.68495,0.69308347,0.9345392,0.9369944,0.93959063,0.8078149,0.6830585,0.7820117,0.9501415,0.9762665,0.80034065,0.7151623,0.74185205,0.9642694,0.8423056,0.7878667,0.7630174,0.969208,0.86609143,0.94214314,0.87854993,0.76825374,0.7596023,0.8377381
9,161,15,visual,0.71924555,0.8848596,0.85277325,0.71887755,0.40868157,0.517957,0.6491162,0.76868045,0.66726655,0.6895098,0.6153108,0.651418,0.6676158,0.9254232,0.86511517,0.5644991,0.71376705,0.82444435,0.9126666,0.5391764,0.73065764,0.852785,0.627833,0.86841774,0.9489558,0.6362034,0.62009645,0.946373
9,162,1,visual,0.9034765,0.9589805,0.9551815,0.7114515,0.6261039,0.67369616,0.9085574,0.9146881,0.86950755,0.69448024,0.56836754,0.657278,0.8535699,0.887564,0.72748685,0.6304427,0.6943099,0.89375263,0.756615,0.6263568,0.6878945,0.91355544,0.41844317,0.89391786,0.84939086,0.2950111,0.56256646,0.80757654
9,162,2,visual,0.8248504,0.9746701,0.7510878,0.5746663,0.6884658,0.56846297,0.69192255,0.86549205,0.8069756,0.784068,0.797378,0.78645545,0.7899836,0.7488492,0.5910952,0.6935598,0.5856477,0.69596,0.8652347,0.96004146,0.852856,0.97326756,0.9267075,0.9971252,0.9092994,0.9164208,0.99072,0.8977247
9,162,3,visual,0.7528871,0.97138596,0.8151457,0.69548386,0.7556648,0.71730417,0.7579258,0.72060686,0.7651492,0.7272628,0.6491554,0.73422194,0.7313988,0.7884359,0.66179097,0.7504244,0.6799543,0.74114287,0.9548334,0.8080588,0.96608275,0.97073126,0.79585534,0.97909796,0.9530512,0.7697794,0.7741778,0.9527977
9,162,4,visual,0.72777,0.87801933,0.8450108,0.7488913,0.7691707,0.73280066,0.7838182,0.8374447,0.75242984,0.7152548,0.6783468,0.7023002,0.7353249,0.8417828,0.7702056,0.7901879,0.7484572,0.8135494,0.9536721,0.7671268,0.9363821,0.96960914,0.7256419,0.982624,0.97328305,0.68867475,0.7445372,0.9589828
9,162,5,visual,0.71804374,0.887504,0.91856056,0.8484271,0.6613755,0.8734854,0.8709556,0.84196967,0.81891274,0.8339768,0.7182342,0.83839065,0.84795547,0.9431221,0.90229785,0.74469054,0.9208122,0.9398601,0.9459591,0.715316,0.95870584,0.9680045,0.68158895,0.9793271,0.9730513,0.68435264,0.72542155,0.9840514
9,162,6,visual,0.7105532,0.92081624,0.92585385,0.88459116,0.6066426,0.9198414,0.8934643,0.7711404,0.77178264,0.7608766,0.60065687,0.7771563,0.8152884,0.9310626,0.9024835,0.68889046,0.93022305,0.9604491,0.9437266,0.69921565,0.95980984,0.95298237,0.7216027,0.9660317,0.9361635,0.6894068,0.7083492,0.9594665
9,162,7,visual,0.5753222,0.8389335,0.8702663,0.7477107,0.6148856,0.7806662,0.80398005,0.6950156,0.6507782,0.66851103,0.30102703,0.6868505,0.71119916,0.8916673,0.8549693,0.58670026,0.8817375,0.93600017,0.9087662,0.6158893,0.91257495,0.9263056,0.5488395,0.95666194,0.9299823,0.53429395,0.55370104,0.9177156
9,162,8,visual,0.5903814,0.8432402,0.837735,0.7889442,0.3075251,0.82655287,0.8275666,0.7255806,0.76824814,0.8152182,0.41537803,0.80046684,0.8190597,0.8913912,0.85943687,0.26718476,0.8603073,0.89949965,0.9232917,0.33684823,0.9439284,0.96436244,0.42234802,0.9565258,0.95794946,0.38216242,0.3892232,0.969772
9,162,9,visual,0.7007012,0.8901201,0.88757974,0.7842816,0.5837186,0.8496278,0.85293174,0.7203737,0.78228754,0.79341376,0.60055053,0.79547155,0.8366914,0.8950224,0.8820146,0.58215517,0.92328864,0.922897,0.8736013,0.6151188,0.88659036,0.930618,0.6047861,0.94477147,0.9388865,0.6045664,0.62077,0.95999295
9,162,10,visual,0.64907956,0.85968167,0.87722903,0.76566225,0.40425858,0.8356963,0.8490328,0.78204226,0.758401,0.8459322,0.58581716,0.80916774,0.8360553,0.91890264,0.89767003,0.50740683,0.9215313,0.93778455,0.8659252,0.51804787,0.8781038,0.92996866,0.5543096,0.957316,0.94378006,0.48154274,0.48671493,0.9664118
9,162,11,visual,0.58129406,0.8582198,0.87043136,0.7471482,0.558862,0.7821128,0.80069137,0.7144452,0.75338036,0.8105183,0.5501133,0.79150003,0.8131835,0.8879733,0.85667574,0.55908656,0.8667853,0.9015092,0.8985174,0.5855704,0.915505,0.9469481,0.5487238,0.96180445,0.96421856,0.55746037,0.57530963,0.97162116
9,162,12,visual,0.6099195,0.8984907,0.83643675,0.7504045,0.49893603,0.773022,0.81170636,0.711812,0.81179833,0.871953,0.4819866,0.8889886,0.86555564,0.8844128,0.83120257,0.5814868,0.84472686,0.883239,0.941923,0.5390172,0.92687404,0.9551119,0.5273466,0.9619328,0.94898945,0.5286585,0.5481251,0.97727424
9,162,13,visual,0.671561,0.9173824,0.9108454,0.82561684,0.5987045,0.8505076,0.86176294,0.72154367,0.77624524,0.90224904,0.5167248,0.85772425,0.8655016,0.88938516,0.8668861,0.57249653,0.87676615,0.8948231,0.87859154,0.6575384,0.91947186,0.9447937,0.5977716,0.9468667,0.95381695,0.65041703,0.6226688,0.9732625
9,162,14,visual,0.66467565,0.8785939,0.91277707,0.79822546,0.63525176,0.84625757,0.8621171,0.7201296,0.7593436,0.8666869,0.3932096,0.8603345,0.834449,0.8916271,0.87037796,0.5740871,0.87649107,0.91477793,0.87424666,0.6211391,0.88709265,0.92205656,0.5362176,0.96782595,0.95983005,0.51713336,0.5321322,0.9679188
9,162,15,visual,0.64215475,0.8459605,0.89195347,0.7335239,0.5588062,0.8243302,0.80375475,0.73816603,0.7594729,0.8155932,0.5993746,0.77338696,0.82291895,0.90056866,0.8945453,0.5122823,0.90009373,0.9202808,0.8708245,0.5460451,0.9102156,0.91655076,0.54195833,0.944749,0.97113764,0.5323341,0.55530334,0.9660196
9,163,1,visual,0.6424445,0.78132087,0.8204353,0.75646544,0.5251207,0.8051184,0.79618126,0.72844684,0.7430232,0.8392884,0.5005275,0.8221279,0.834404,0.87379193,0.8514331,0.6597593,0.7927632,0.864338,0.8840623,0.6769026,0.8352528,0.90958124,0.6628743,0.93467224,0.9829196,0.6083652,0.6424593,0.95099074
9,163,2,visual,0.70100516,0.87478954,0.8416195,0.8388609,0.5998145,0.8345433,0.84119636,0.6690445,0.72045696,0.77555335,0.6492543,0.7434964,0.76487255,0.8946071,0.8699382,0.6070017,0.8404181,0.88446736,0.9252107,0.73010105,0.9237321,0.95619756,0.73222524,0.951293,0.96098286,0.75542766,0.74362975,0.9627397
9,163,3,visual,0.7695157,0.8744874,0.91439664,0.8418417,0.6292431,0.8491775,0.877747,0.8649124,0.80978805,0.7821687,0.58690363,0.74777,0.7986982,0.85801625,0.8400984,0.6329494,0.8175402,0.866063,0.92302495,0.71101785,0.91569567,0.95337653,0.7383159,0.9621623,0.9818452,0.7810424,0.7615603,0.97307605
9,163,4,visual,0.7430843,0.89811254,0.83082116,0.81934094,0.6467132,0.8214499,0.8731989,0.7454961,0.74373,0.69013155,0.58665854,0.6606026,0.7405608,0.873535,0.77446663,0.6299853,0.7767128,0.85516477,0.80405027,0.7034606,0.7996366,0.8893973,0.6327921,0.9644626,0.9594158,0.6272317,0.6753125,0.94205856
9,163,5,visual,0.7047399,0.8773947,0.9070698,0.82005906,0.6945209,0.8389464,0.86921257,0.8330897,0.7910749,0.8867549,0.58113176,0.87939394,0.8823679,0.89902735,0.9330121,0.66730165,0.91098964,0.9396303,0.89196265,0.73580456,0.9010899,0.9407224,0.63437486,0.9575601,0.9610049,0.6386823,0.6878776,0.9761717
9,163,6,visual,0.679665,0.86539197,0.84485376,0.84285533,0.73528194,0.8570646,0.86742455,0.7343135,0.7595291,0.8691729,0.62047726,0.8456393,0.8725468,0.7812242,0.88309973,0.7546206,0.9088708,0.8937654,0.8271357,0.68542963,0.8223763,0.8796725,0.72389996,0.9654445,0.9715017,0.7666984,0.75069505,0.9686641
9,163,7,visual,0.6892259,0.88894296,0.8835373,0.79814094,0.69774276,0.80104786,0.83979803,0.8121098,0.7969909,0.91091293,0.7237985,0.91866404,0.9065222,0.89639556,0.9046068,0.7113399,0.91226727,0.93353945,0.8810618,0.74501777,0.87102616,0.9191649,0.7261392,0.9819035,0.97841614,0.71752244,0.7365858,0.98345363
9,163,8,visual,0.74138004,0.8784409,0.87972814,0.84496105,0.6095922,0.87108034,0.8734239,0.8221054,0.8049906,0.911067,0.727855,0.9024363,0.9114453,0.84017116,0.9331594,0.6524656,0.93467575,0.93983066,0.8439055,0.70173484,0.8723194,0.88925123,0.6912737,0.97996,0.9724659,0.70402217,0.71901506,0.9815761
9,163,9,visual,0.812495,0.8999975,0.9413266,0.90198994,0.78667843,0.9118949,0.9221857,0.86288357,0.846769,0.9361075,0.63938296,0.93540114,0.9297491,0.9143371,0.93455845,0.73031336,0.9304463,0.94399256,0.93461114,0.7973665,0.9356622,0.95460784,0.7195154,0.98970807,0.99059355,0.7190692,0.74347275,0.99227214
9,163,10,visual,0.68524754,0.95989627,0.9375708,0.89443815,0.87472934,0.9073812,0.94616586,0.6922495,0.70109993,0.7296109,0.6418886,0.72242206,0.7229086,0.92087173,0.89475673,0.84715873,0.89212656,0.95898235,0.91982126,0.83459187,0.9452509,0.9456257,0.80046916,0.97498894,0.9404462,0.81602216,0.8272071,0.95008504
9,163,11,visual,0.6959117,0.8642935,0.9250834,0.8303614,0.7145833,0.88782215,0.8759357,0.8132725,0.75075775,0.87775,0.6810846,0.82953775,0.8648234,0.8801666,0.91915035,0.75412,0.92130387,0.9267452,0.8673119,0.7875527,0.92852324,0.9272299,0.6923667,0.9700293,0.96135783,0.742358,0.74864435,0.97930133
9,163,12,visual,0.76189464,0.91384846,0.93809247,0.9086791,0.7647476,0.9275764,0.93803674,0.8158571,0.7868329,0.879432,0.8087173,0.8416616,0.8656524,0.8773158,0.9165269,0.77572995,0.9032117,0.9294973,0.9063929,0.7961714,0.903688,0.9344667,0.8869713,0.97902983,0.9825601,0.85573465,0.86177164,0.983557
9,163,13,visual,0.7760688,0.88987243,0.8822035,0.88702434,0.6686238,0.898052,0.91313946,0.79696375,0.77135783,0.86356914,0.68199885,0.8379459,0.8584711,0.84150046,0.8954683,0.6985755,0.87310517,0.91061676,0.85169095,0.75516045,0.8265872,0.8856646,0.7420064,0.9714908,0.97822183,0.68106735,0.7439519,0.97263414
9,163,14,visual,0.7645578,0.80816096,0.7859895,0.79871255,0.671583,0.8357009,0.85469514,0.84038144,0.7759764,0.91154987,0.6924581,0.89731604,0.90498203,0.7225514,0.9148467,0.67150545,0.9029875,0.92810357,0.77711046,0.8034088,0.7678749,0.82423985,0.7023122,0.96472317,0.9590265,0.72184324,0.74677986,0.969571
9,163,15,visual,0.674835,0.87885505,0.79878616,0.88765824,0.73805696,0.8974323,0.8973713,0.77108383,0.72916555,0.8415507,0.63425887,0.82703406,0.8340889,0.7575689,0.9571027,0.7077865,0.9361917,0.94047993,0.824223,0.7865935,0.82209957,0.84919417,0.7698568,0.981518,0.9853176,0.76309276,0.779827,0.990758
9,164,1,visual,0.64079666,0.86242867,0.89086837,0.76862705,0.6010067,0.8188423,0.84451157,0.75545496,0.7259296,0.83095866,0.6230846,0.8148352,0.8087181,0.87386626,0.8807057,0.70624894,0.90943736,0.9341994,0.87352777,0.642095,0.87933505,0.9169457,0.71141106,0.97151804,0.94973993,0.7057057,0.69385296,0.97410065
9,164,2,visual,0.60641646,0.88838154,0.8589792,0.82358724,0.67792314,0.8390713,0.8405383,0.65322435,0.73488843,0.8013541,0.63576496,0.78270435,0.7879429,0.8371446,0.8119367,0.715286,0.82850635,0.86673176,0.86829334,0.7816455,0.9023002,0.91829544,0.7476017,0.9752175,0.956416,0.77512777,0.7873444,0.9692961
9,164,3,visual,0.6800401,0.8422419,0.8221248,0.84052616,0.60753304,0.87558055,0.88102406,0.7010608,0.7609563,0.79766226,0.7257652,0.79878366,0.81985587,0.74009335,0.8804685,0.58137953,0.8825394,0.8832745,0.7910164,0.6140026,0.8260385,0.86282843,0.6348324,0.9691988,0.95616794,0.6631597,0.658405,0.98821026
9,164,4,visual,0.6024102,0.8915184,0.8416067,0.78684974,0.6451867,0.86098725,0.844723,0.671739,0.72280365,0.76671696,0.6429073,0.74761873,0.786409,0.8226117,0.8767346,0.63951993,0.90126187,0.911558,0.8037434,0.7208491,0.8316672,0.8741852,0.6608603,0.96356755,0.95523405,0.67370415,0.6783045,0.9737909
9,164,5,visual,0.5957114,0.84020454,0.864116,0.7831147,0.6356196,0.80315113,0.80950665,0.74257123,0.7198649,0.8341691,0.7311911,0.82168126,0.8344323,0.84393156,0.91441643,0.6773805,0.918549,0.9285984,0.8559043,0.7380667,0.8798229,0.89200056,0.7417787,0.9881039,0.9680461,0.7420967,0.75412935,0.9793854
9,164,6,visual,0.6046326,0.86883897,0.85722363,0.79986423,0.6942075,0.83571815,0.8256246,0.7449678,0.7789507,0.8351349,0.65392137,0.81061417,0.8307114,0.89304584,0.91209483,0.7340304,0.9255628,0.9398736,0.9142284,0.68621916,0.9236406,0.94068867,0.70550245,0.9707727,0.97748303,0.702653,0.72226936,0.9790567
9,164,7,visual,0.653967,0.833609,0.8854792,0.8141369,0.82421595,0.8569703,0.86943567,0.7485264,0.7542521,0.8054365,0.5527623,0.810241,0.8148054,0.83461016,0.8605582,0.7191633,0.89303243,0.9002662,0.8527758,0.7453263,0.86626744,0.91278255,0.69120824,0.94219625,0.9361954,0.73687845,0.7595825,0.9641834
9,164,8,visual,0.60871047,0.81462604,0.8844847,0.78569794,0.52972454,0.82552296,0.82347846,0.7136523,0.71785957,0.8014618,0.71047795,0.78555584,0.80984956,0.8375023,0.88654596,0.6100145,0.8928334,0.9071865,0.85297865,0.63137704,0.8779018,0.9144463,0.63031125,0.96118194,0.9643704,0.63558006,0.6572393,0.96400857
9,164,9,visual,0.5934072,0.84891576,0.8439406,0.7742227,0.3462048,0.8299361,0.8306696,0.7155974,0.73420405,0.80267453,0.4874937,0.7827892,0.8061872,0.8141897,0.8806714,0.41233763,0.8944008,0.90146536,0.8590814,0.424785,0.88059634,0.90482455,0.5295758,0.9680782,0.9695377,0.49993923,0.4945744,0.9910243
9,164,10,visual,0.5735853,0.8210024,0.8222266,0.7883118,0.5756254,0.77922,0.80210114,0.70313454,0.71686196,0.74346495,0.5720146,0.7979615,0.77786225,0.9085384,0.9161464,0.70569354,0.88324594,0.9425566,0.8751785,0.71929723,0.8989165,0.9296256,0.6865733,0.93450725,0.9507945,0.67281675,0.72036344,0.94580203
9,164,11,visual,0.64602286,0.80139303,0.7737063,0.83908075,0.7409391,0.86232084,0.8667334,0.6824025,0.81215274,0.80008686,0.6995252,0.79611593,0.8185107,0.76543856,0.8704909,0.769687,0.8358134,0.8797731,0.8758067,0.84438264,0.87298745,0.9117664,0.8211096,0.9515464,0.97665536,0.8163685,0.84157276,0.9624909
9,164,12,visual,0.6941398,0.81898665,0.8754011,0.85725206,0.6945038,0.89756584,0.90998554,0.64688814,0.74686515,0.8351237,0.54605025,0.81145626,0.7909944,0.78210074,0.8538657,0.64115405,0.84632856,0.8912216,0.8171455,0.78285867,0.8650157,0.8986239,0.6389117,0.9553558,0.94526315,0.68127096,0.7247624,0.964949
9,164,13,visual,0.5980031,0.8070651,0.815246,0.8202232,0.72655714,0.845024,0.83649564,0.73920053,0.7363323,0.78639007,0.58514965,0.7651514,0.7961774,0.8773253,0.9528862,0.75139993,0.9001033,0.94626373,0.91709703,0.7714876,0.9288947,0.9372106,0.75154006,0.9416714,0.97354144,0.77440166,0.7669067,0.94279236
9,164,14,visual,0.71219695,0.8270853,0.8098169,0.77273065,0.6803585,0.7917671,0.8466078,0.7991856,0.7404411,0.8193195,0.6544349,0.7827102,0.80310994,0.85980064,0.90899366,0.70185125,0.88119566,0.93563616,0.8389588,0.7839994,0.8546999,0.9124009,0.70311135,0.9533161,0.95637757,0.6952774,0.734136,0.957417
9,164,15,visual,0.75008863,0.8685487,0.8848419,0.88234013,0.6458552,0.890453,0.90386534,0.82115614,0.85285854,0.85799,0.58931607,0.8411011,0.854684,0.92711437,0.94131666,0.6075685,0.91437006,0.956513,0.9499314,0.64124346,0.9487373,0.9704511,0.6284941,0.9748968,0.97491974,0.66366404,0.6642267,0.9702434
9,165,1,visual,0.59509414,0.85293406,0.8461252,0.82124496,0.6143554,0.8662938,0.8545881,0.78516424,0.7651814,0.8047915,0.6039075,0.7347651,0.80759907,0.9177222,0.90921974,0.64280134,0.8951236,0.9662056,0.90443146,0.61851126,0.86549795,0.93498397,0.627539,0.94412106,0.9513325,0.6471213,0.6437488,0.9369985
9,165,2,visual,0.7149219,0.86430365,0.8655837,0.852904,0.7108607,0.8669907,0.864353,0.7793327,0.7938233,0.8935468,0.5735475,0.8858846,0.87904143,0.90623415,0.9136481,0.72166353,0.9037752,0.92775404,0.9343097,0.69636565,0.9398571,0.9508589,0.6786837,0.9779919,0.9902909,0.654522,0.6803688,0.97779095
9,165,3,visual,0.5876051,0.87879914,0.8829581,0.8529526,0.60470235,0.878065,0.85823053,0.74497914,0.6894746,0.7844146,0.46555558,0.7582686,0.77090997,0.9324749,0.95609903,0.52640766,0.943631,0.96213126,0.9308807,0.5587785,0.9315387,0.94595915,0.51630235,0.9698417,0.98233384,0.55699646,0.5409201,0.96377224
9,165,4,visual,0.80727327,0.7264561,0.9131294,0.88521695,0.91709256,0.8362108,0.9168319,0.69623727,0.8332237,0.79363626,0.8264063,0.8477603,0.84695673,0.7577811,0.76700395,0.758969,0.72874576,0.7880157,0.9853038,0.987313,0.9484424,0.982583,0.96932626,0.9346795,0.9740551,0.93611676,0.9777317,0.94280636
9,165,5,visual,0.80218625,0.9657908,0.9782401,0.9822453,0.98278475,0.9579458,0.9571027,0.73752975,0.74106973,0.74153733,0.74372697,0.79933876,0.72196716,0.98961836,0.9897141,0.9909929,0.9567115,0.9942091,0.998018,0.99689835,0.9678435,0.9921651,0.9995526,0.9574808,0.9897544,0.95652276,0.98967946,0.95934296
9,165,6,visual,0.6013226,0.7497416,0.7951761,0.7861048,0.43856642,0.763144,0.7558289,0.6126637,0.6777702,0.63496935,0.45940414,0.65355974,0.6228899,0.8774417,0.8980829,0.49033833,0.8883137,0.95791596,0.956378,0.5498281,0.94597256,0.93566495,0.54047096,0.9829907,0.9534362,0.5246894,0.50442237,0.93884367
9,165,7,visual,0.40101779,0.47270304,0.44389787,0.42951423,0.20105134,0.43878743,0.43936816,0.82116824,0.8159752,0.808531,0.4878206,0.81020397,0.86634487,0.8760354,0.9220435,0.4584754,0.9371244,0.942778,0.9050624,0.5326481,0.8894394,0.9186464,0.55277014,0.98964196,0.9711704,0.52209955,0.55467916,0.9720696
9,165,8,visual,0.49914682,0.61571425,0.6603963,0.631834,0.08602764,0.6164443,0.63758385,0.84535146,0.8421257,0.8248154,0.39036578,0.81029266,0.8529291,0.90106523,0.8597047,0.21551473,0.84929377,0.8987198,0.95006907,0.28426486,0.9359285,0.9604183,0.32910353,0.98452866,0.9789161,0.29926702,0.30004898,0.97935075
9,165,9,visual,0.5653574,0.6862916,0.62073326,0.6528954,0.26461658,0.65305924,0.67053884,0.83040535,0.81779414,0.7469443,0.36932498,0.7369586,0.80681765,0.92536926,0.94577837,0.30281144,0.9385476,0.96507674,0.919008,0.33630216,0.9158731,0.94537497,0.24095072,0.9945436,0.9824486,0.22331671,0.2625107,0.97845066
9,165,10,visual,0.665611,0.6707983,0.6165823,0.64292794,0.43799967,0.6488132,0.64854956,0.8519844,0.77948755,0.7872888,0.4877549,0.77837086,0.81964374,0.8195466,0.9295989,0.41407907,0.9328215,0.950559,0.88235265,0.54833555,0.8731999,0.89803374,0.3944261,0.99707884,0.98831666,0.38316715,0.4133281,0.9875663
9,165,11,visual,0.3814998,0.5990395,0.5864283,0.61051,0.18028128,0.6254806,0.595204,0.7307123,0.6623223,0.62201685,0.45293063,0.6408022,0.69472665,0.8786714,0.93281466,0.48402354,0.9434911,0.9577343,0.9195014,0.52224284,0.92198175,0.95193046,0.50242823,0.99227446,0.96987754,0.48588967,0.50713444,0.97525746
9,165,12,visual,0.57291514,0.59461176,0.63017684,0.61857396,0.2196296,0.6269207,0.63447654,0.75428385,0.775466,0.69011426,0.13740991,0.6759985,0.74339044,0.8122067,0.9261885,0.24850398,0.917707,0.94072264,0.8897967,0.2919983,0.8881872,0.9123746,0.32631424,0.99560624,0.9839505,0.31903943,0.2887989,0.9816239
9,165,13,visual,0.63389283,0.7263782,0.7054539,0.7121328,0.2667114,0.70710593,0.7128805,0.86703134,0.8515923,0.8293853,0.2321393,0.8298915,0.8634563,0.9286476,0.9222537,0.23593554,0.9214962,0.9325753,0.96611685,0.3014411,0.96515065,0.9794683,0.33627394,0.99722964,0.98703873,0.3215686,0.31716177,0.9896769
9,165,14,visual,0.56488305,0.74121565,0.72559595,0.72119075,0.30415902,0.7338883,0.7280118,0.76888275,0.79864395,0.76811534,0.25232583,0.7759993,0.82148314,0.9154957,0.94251823,0.29448563,0.94770753,0.95454335,0.9524253,0.36765978,0.9547478,0.97634935,0.31101415,0.99550956,0.9837183,0.32314658,0.34145173,0.98850983
9,165,15,visual,0.6557989,0.72291815,0.7070165,0.7158643,0.4564747,0.7164944,0.7202529,0.8246184,0.77094465,0.7876116,0.506843,0.7999688,0.81974876,0.926814,0.9501437,0.43391666,0.9539142,0.9695446,0.969319,0.5283174,0.96588475,0.95915604,0.48223504,0.9969877,0.98192406,0.4756357,0.4778797,0.98694015
9,166,1,visual,0.6451164,0.7273963,0.7362287,0.7275954,0.4387681,0.72879463,0.75646996,0.80981505,0.7174482,0.637348,0.54041445,0.6652713,0.72896594,0.8421364,0.86863947,0.5725484,0.8849591,0.8957437,0.90571654,0.5489508,0.9225011,0.93820834,0.5132879,0.99017483,0.96206486,0.52848935,0.5666304,0.97538275
9,166,2,visual,0.68541336,0.7415561,0.6503598,0.618922,0.41359314,0.62964725,0.6549496,0.77451587,0.7356996,0.67814225,0.5292656,0.69813955,0.7481735,0.88788915,0.9013014,0.4593534,0.9128776,0.9320793,0.94853234,0.52416277,0.9589986,0.9652214,0.43225452,0.9956368,0.98070306,0.44183147,0.4706732,0.9890169
9,166,3,visual,0.6021661,0.6524482,0.666731,0.66448134,0.3292905,0.66916883,0.665078,0.76840603,0.74815613,0.6646413,0.28671977,0.68538034,0.755859,0.89774305,0.8972927,0.4131906,0.91196823,0.9373191,0.94076765,0.45484284,0.95167327,0.9604375,0.49524912,0.9955394,0.96827257,0.48006567,0.44539225,0.98028827
9,166,4,visual,0.5517895,0.6862502,0.6387424,0.6407644,0.451267,0.6535778,0.6516866,0.78527635,0.71247363,0.60022044,0.5278383,0.63473535,0.71401805,0.8690025,0.84022284,0.4948862,0.8662745,0.9126579,0.9120415,0.4962782,0.93523335,0.95676184,0.42375436,0.9878673,0.9531309,0.46236718,0.45590648,0.9666642
9,166,5,visual,0.72766304,0.7452448,0.65352625,0.6967059,0.23843804,0.7013135,0.7162258,0.82057565,0.7034189,0.6925369,0.14907983,0.71079236,0.7464292,0.85917544,0.8980051,0.27559164,0.9071752,0.928014,0.9109496,0.34778774,0.93755984,0.9507795,0.31481156,0.9927152,0.9743801,0.32390356,0.31698737,0.984009
9,166,6,visual,0.54066575,0.699191,0.6974182,0.64705354,0.4658301,0.65727,0.6800613,0.6360525,0.7007195,0.5428764,0.35297203,0.5650197,0.63257146,0.8036476,0.83664864,0.37356156,0.83870673,0.88643354,0.878023,0.4732315,0.9104141,0.9308411,0.45508844,0.98148054,0.95364517,0.44119698,0.40928623,0.9655776
9,166,7,visual,0.7863537,0.84264433,0.8858636,0.8384444,0.6821981,0.8555629,0.8584967,0.858196,0.77317005,0.7266434,0.6314655,0.73880774,0.79303354,0.91404426,0.8946292,0.65162617,0.90435046,0.95212847,0.95494074,0.7339279,0.97117496,0.9645173,0.68914384,0.9911169,0.9645508,0.6998089,0.6982119,0.97214466
9,166,8,visual,0.33815,0.5136059,0.62056696,0.68513256,0.524446,0.6572067,0.6598796,0.72507054,0.6597543,0.53696233,0.48229134,0.6081753,0.62555903,0.7958913,0.78608704,0.5063956,0.8276452,0.862733,0.8766592,0.61565846,0.90310377,0.908074,0.6069672,0.9638052,0.9429391,0.6068185,0.5831642,0.9561244
9,166,9,visual,0.57982886,0.70219135,0.68007505,0.67985094,0.4545415,0.69527084,0.68837994,0.7637424,0.6765665,0.6744378,0.3879354,0.66581976,0.7347726,0.78529435,0.7996262,0.5569069,0.81543344,0.8640838,0.8534581,0.6095299,0.89515215,0.8932979,0.59206825,0.975783,0.9622462,0.60571355,0.61928713,0.97341305
9,166,10,visual,0.5935437,0.79265714,0.78622967,0.7941197,0.6349836,0.80453455,0.7880628,0.76159406,0.6982896,0.64174837,0.48492652,0.64832085,0.6965193,0.9385297,0.93128264,0.5779432,0.9356191,0.96621233,0.9689532,0.6142905,0.971794,0.9658495,0.596088,0.9955207,0.9802143,0.6068972,0.5878042,0.9827939
9,166,11,visual,0.66552645,0.8516581,0.8793721,0.8595744,0.6380236,0.8618629,0.8632167,0.8138636,0.7507752,0.71293455,0.47356796,0.7261715,0.78233606,0.9391167,0.9300975,0.5449229,0.93011343,0.95841473,0.9668589,0.57722884,0.97699606,0.9843243,0.5523593,0.9897642,0.96957546,0.5538979,0.561193,0.97958297
9,166,12,visual,0.6149518,0.77684003,0.823238,0.82868993,0.64237195,0.8518955,0.8383463,0.815561,0.63346314,0.6476451,0.61563826,0.68381906,0.696948,0.8545507,0.86894035,0.69417983,0.8874413,0.9126336,0.9605412,0.6943989,0.9595169,0.9483576,0.6931448,0.97384685,0.97529703,0.68021023,0.67590576,0.9751165
9,166,13,visual,0.69320357,0.76085293,0.7584844,0.7676284,0.5327475,0.8141406,0.811173,0.7437729,0.6392301,0.5802317,0.578783,0.64630383,0.6645657,0.7506142,0.8261377,0.5510711,0.8350465,0.8556727,0.8812414,0.544172,0.8933924,0.8980641,0.49591985,0.965143,0.95186263,0.5309514,0.50900096,0.9633805
9,166,14,visual,0.6913216,0.833692,0.8429139,0.8192966,0.6862033,0.8276654,0.8664787,0.81841457,0.7296075,0.69938636,0.47154754,0.7148693,0.7411367,0.8368125,0.8819499,0.6738122,0.88958824,0.9187138,0.8880312,0.7344195,0.93962777,0.91588616,0.69349545,0.9741284,0.9639627,0.7293755,0.72172874,0.9701412
9,166,15,visual,0.64417434,0.8302349,0.8345224,0.8002956,0.35167506,0.8243649,0.83828366,0.7999737,0.70412505,0.6937093,0.4056257,0.69735724,0.73073435,0.8374883,0.913732,0.38906577,0.91755754,0.9481512,0.8820533,0.44236887,0.91750425,0.92154133,0.44347498,0.98661834,0.95562756,0.44435427,0.4420194,0.96825194
9,167,1,visual,0.7338826,0.845834,0.8152063,0.82395005,0.30006698,0.83975273,0.84262323,0.838488,0.82210296,0.79502815,0.45993102,0.7981949,0.82331604,0.913385,0.96438897,0.40218487,0.9627574,0.9739541,0.92642224,0.37676597,0.94709444,0.95437723,0.3954065,0.99269706,0.9842064,0.3703628,0.40528616,0.9880441
9,167,2,visual,0.643465,0.8453686,0.82898587,0.84267527,0.4019217,0.8470681,0.86468923,0.7741239,0.6902685,0.710419,0.5023919,0.7243467,0.7471603,0.8782468,0.9176803,0.46524265,0.93601596,0.9421522,0.92882496,0.4869537,0.9405239,0.964699,0.47944197,0.9921225,0.9709027,0.48938823,0.46474797,0.9832808
9,167,3,visual,0.74322987,0.9225398,0.9109711,0.9152395,0.4907017,0.916423,0.9302474,0.8200742,0.74981713,0.756778,0.32479447,0.74964637,0.7780195,0.9265071,0.94386065,0.5002993,0.9398215,0.95662516,0.9660973,0.51204497,0.975379,0.9809268,0.5006581,0.98913985,0.98849434,0.50397515,0.5024216,0.9881977
9,167,4,visual,0.741767,0.8512155,0.76012784,0.7677665,0.61478347,0.743656,0.77176696,0.8604087,0.81058055,0.7628303,0.57152694,0.75201607,0.7969039,0.92613184,0.9210999,0.606051,0.9049062,0.9378745,0.97461253,0.57335466,0.97612846,0.99017674,0.61858785,0.9941092,0.98858494,0.6037266,0.5989932,0.9901861
9,167,5,visual,0.78511256,0.8765477,0.85062283,0.8504005,0.3647871,0.84134173,0.8598891,0.8578636,0.81493497,0.8035762,0.48107004,0.7995647,0.8258041,0.9519307,0.94196737,0.40340403,0.938997,0.96574354,0.9927505,0.39900193,0.9959966,0.9955537,0.37434325,0.996316,0.990969,0.38081804,0.4075426,0.99312717
9,167,6,visual,0.7817458,0.8812441,0.83788574,0.84253556,0.39999065,0.83944327,0.84317225,0.85670716,0.8121764,0.78303635,0.30933735,0.7847912,0.8151026,0.9189059,0.92760986,0.39532274,0.92492485,0.9392985,0.9694879,0.4427545,0.9784574,0.98359025,0.43811512,0.99652797,0.9901194,0.44191772,0.44690785,0.9911512
9,167,7,visual,0.7889531,0.9469446,0.9676966,0.97045535,0.47106224,0.9711534,0.9598035,0.87388504,0.8354688,0.8086052,0.45631328,0.8105847,0.85807997,0.9572279,0.95911753,0.48685226,0.9576542,0.9757802,0.98704064,0.47228202,0.9894429,0.9824924,0.48001158,0.9968626,0.98044515,0.4704818,0.4807379,0.98497283
9,167,8,visual,0.81590897,0.8994255,0.8590069,0.8562331,0.52503717,0.8574006,0.877666,0.89388126,0.83412516,0.78356344,0.5428026,0.7978912,0.83838695,0.9067157,0.8964318,0.5404567,0.9068734,0.9317058,0.9615355,0.5709776,0.9669876,0.9784196,0.54541475,0.995726,0.98435664,0.5299607,0.5450722,0.9915486
9,167,9,visual,0.85768324,0.886385,0.89157027,0.90669006,0.7822347,0.90084666,0.894415,0.9422436,0.9059152,0.9135943,0.7580073,0.9161952,0.93224186,0.9502382,0.96241343,0.8076299,0.9611321,0.9726825,0.9769893,0.85023254,0.97893304,0.9842829,0.84063345,0.9986161,0.9917959,0.83809,0.8382339,0.99446225
9,167,10,visual,0.64839196,0.8303943,0.80868495,0.814525,0.6824408,0.815356,0.8223525,0.8116179,0.7953507,0.7364717,0.7299257,0.73683804,0.792535,0.92334664,0.9174229,0.78539425,0.91899425,0.9374551,0.9558219,0.81642973,0.9629838,0.97294754,0.810857,0.9947769,0.9818529,0.8143332,0.829916,0.9868245
9,167,11,visual,0.6418825,0.79325616,0.79336303,0.7881706,0.6901666,0.8038036,0.8077733,0.79436487,0.7861127,0.76759356,0.6692756,0.7635753,0.8000354,0.93956685,0.9457117,0.75797606,0.9507976,0.9628444,0.94443935,0.8247055,0.9525803,0.9676675,0.79854345,0.9961853,0.98579043,0.8061163,0.8242664,0.9893532
9,167,12,visual,0.54331195,0.7462189,0.7714556,0.754284,0.7066794,0.7658013,0.7531322,0.748336,0.62653375,0.5950594,0.59834933,0.6192739,0.6763827,0.93193007,0.91803503,0.78867173,0.9233165,0.95685315,0.9661311,0.78930366,0.9674268,0.9714886,0.7865944,0.99072796,0.97552955,0.7886898,0.78599036,0.9835232
9,167,13,visual,0.88630134,0.89714205,0.9250212,0.895145,0.63100326,0.90264237,0.9068051,0.9211359,0.9160942,0.89497787,0.67637646,0.8993069,0.9206886,0.9578978,0.9575476,0.6938805,0.9626202,0.9686208,0.9874213,0.6929124,0.9915526,0.9933414,0.71416277,0.9977205,0.9910361,0.7063353,0.7015774,0.99256474
9,167,14,visual,0.636692,0.7699441,0.77393407,0.8084039,0.5797893,0.8028811,0.809847,0.86748374,0.8476299,0.81851584,0.5314096,0.8391928,0.85450923,0.92665017,0.9538769,0.64200073,0.96178925,0.9710888,0.9570621,0.6399563,0.9666795,0.97245693,0.69432306,0.994198,0.9868963,0.68513477,0.6727891,0.9943897
9,167,15,visual,0.7967753,0.84760064,0.84850687,0.84674895,0.662006,0.8500533,0.8614775,0.91097,0.92432797,0.88672197,0.59826154,0.88677543,0.9141768,0.9607325,0.98268515,0.583938,0.9814651,0.9841616,0.96937567,0.66726214,0.97360516,0.9864164,0.58838105,0.9979563,0.99347967,0.6002009,0.6231517,0.99467176
9,168,1,visual,0.81337005,0.80549365,0.80910575,0.7685839,0.6898906,0.7726096,0.7998246,0.8610752,0.8088867,0.75606906,0.71962947,0.7658638,0.8018373,0.919676,0.87380964,0.7991204,0.88898057,0.9184633,0.9603369,0.8701672,0.9692391,0.9596989,0.81043947,0.99482864,0.9652583,0.824705,0.8200723,0.9717743
9,168,2,visual,0.6040407,0.8062162,0.81777066,0.7971404,0.42084813,0.8098898,0.80791616,0.7811722,0.6335557,0.6416504,0.41903362,0.6664271,0.71314424,0.8213984,0.856369,0.48692304,0.87410957,0.90912783,0.9501065,0.6260375,0.96387446,0.9501551,0.6144891,0.9925501,0.97115105,0.6120059,0.6125176,0.9794717
9,168,3,visual,0.5903745,0.7842811,0.8625152,0.83400047,0.41711405,0.8634265,0.8497811,0.7555293,0.67461115,0.6068153,0.3726619,0.6258888,0.6737742,0.8977391,0.87868446,0.363625,0.8929333,0.92617506,0.9473715,0.4730217,0.96255004,0.9731132,0.45494774,0.9889229,0.9661969,0.43724564,0.44708624,0.9783442
9,168,4,visual,0.64600754,0.8058776,0.8579597,0.82320637,0.38666248,0.8469702,0.83964676,0.79611355,0.70675755,0.6310348,0.36524653,0.65539724,0.7106159,0.90587413,0.87467927,0.436856,0.8973991,0.9395661,0.9482483,0.4001094,0.9748784,0.9593956,0.45258036,0.9738764,0.95361125,0.43962932,0.46605402,0.9766718
9,168,5,visual,0.7495412,0.91261494,0.87506115,0.9154859,0.755751,0.923566,0.9146993,0.76558465,0.7835752,0.6865783,0.6326491,0.7167839,0.73582363,0.8596781,0.91881263,0.7630995,0.92066145,0.9379231,0.9178945,0.7498057,0.94589204,0.9434821,0.7660471,0.98986834,0.9714794,0.7740524,0.7733715,0.98044276
9,168,6,visual,0.57983744,0.7513457,0.6942667,0.7961868,0.4040866,0.7918918,0.77940804,0.7671611,0.8042583,0.7382115,0.44998464,0.75092715,0.78725123,0.819931,0.90617794,0.48702124,0.913239,0.9336268,0.8480598,0.5116638,0.87745583,0.9130957,0.46387392,0.9901368,0.96245444,0.48231313,0.50881463,0.9794349
9,168,7,visual,0.7108952,0.74000573,0.69670486,0.698822,0.208397,0.68259346,0.65367496,0.86832327,0.7914396,0.7739877,0.24179968,0.7705485,0.7852317,0.9247195,0.9267178,0.27877375,0.9192033,0.90144837,0.9513318,0.30158883,0.9649239,0.9581295,0.2330304,0.9909539,0.9583175,0.2453043,0.28895578,0.97533363
9,168,8,visual,0.62922215,0.81204784,0.7438278,0.7925789,0.48163444,0.79993755,0.80632544,0.74500716,0.76142097,0.6816672,0.48194557,0.74430823,0.7398777,0.7602952,0.81947446,0.51606625,0.8168096,0.86546546,0.88437414,0.6864953,0.94293153,0.935025,0.57853824,0.9681456,0.9345387,0.6057874,0.64208674,0.9593667
9,168,9,visual,0.48095766,0.6607376,0.6894416,0.6329851,0.4892055,0.6513487,0.6723069,0.7349992,0.66885984,0.67705595,0.566478,0.6735354,0.6848279,0.7088731,0.6959712,0.5509895,0.6839887,0.7281668,0.97311354,0.55974925,0.9819416,0.98287207,0.5365648,0.9911247,0.9787223,0.5450392,0.55104065,0.98294705
9,168,10,visual,0.6837395,0.7517968,0.8295246,0.8403758,0.76725173,0.8379093,0.8084044,0.7337103,0.8651738,0.83582735,0.69254833,0.85109913,0.84727705,0.73599863,0.73249197,0.6628619,0.73393303,0.7535467,0.9713042,0.83741206,0.9869035,0.978891,0.8526827,0.99042815,0.9707796,0.85044074,0.8487516,0.9814343
9,168,11,visual,0.6073073,0.83594745,0.42660135,0.5477009,0.39846024,0.57227963,0.49361128,0.83668375,0.71209955,0.81466806,0.6777242,0.8370358,0.7820061,0.51651376,0.66431546,0.533522,0.6943978,0.5958346,0.9290938,0.7537719,0.90940934,0.9496858,0.7636275,0.98939466,0.9728079,0.76373225,0.7658859,0.95941633
9,168,12,visual,0.82675505,0.9592147,0.25361982,0.6964009,0.32266706,0.73305625,0.47631645,0.86814934,0.17623657,0.8221148,0.43166476,0.8422488,0.64116997,0.21067461,0.7558017,0.3755317,0.7913891,0.5396112,0.15102471,0.44304898,0.11940761,0.38975915,0.6510433,0.99229693,0.8816375,0.6290588,0.73586255,0.85702735
9,168,13,visual,0.9533614,0.9750481,0.84041935,0.57570666,0.21723792,0.5904828,0.3078472,0.9761607,0.76896137,0.60224223,0.32165802,0.6235743,0.36196256,0.8151462,0.58219004,0.21656378,0.5982432,0.33657253,0.32660636,0.14012079,0.32643953,0.13450299,0.5568767,0.98404974,0.8495329,0.5655431,0.5008163,0.8391892
9,168,14,visual,0.8261021,0.96315956,0.6701099,0.20947401,0.050219975,0.42943957,0.45855987,0.8777709,0.7401896,0.20878738,0.21065627,0.37478894,0.4611735,0.7263141,0.13309076,0.017729392,0.3599409,0.5088725,0.16277336,0.18561117,0.09910318,0.76216817,0.41284332,0.90373623,0.5041975,0.42118213,0.3606735,0.33346906
9,168,15,visual,0.9542161,0.9629274,0.91683394,0.49340013,0.50196916,0.38142994,0.75301075,0.9553128,0.8914027,0.5105107,0.50343573,0.3436057,0.75651,0.9184266,0.5385333,0.50294197,0.29599953,0.7925966,0.6297634,0.583238,0.33182335,0.8584215,0.6330736,0.37835917,0.783656,0.3841015,0.66096133,0.41433603
9,169,1,visual,0.78376603,0.7432849,0.83129245,0.7598056,0.60195816,0.5789958,0.6969842,0.91287094,0.84547025,0.7950627,0.58460087,0.7139612,0.82378787,0.8889838,0.8501217,0.591668,0.8216666,0.9157364,0.95122826,0.63079613,0.8106487,0.90367395,0.6395676,0.86724263,0.9267756,0.5964519,0.6293989,0.94207305
9,169,2,visual,0.7203052,0.8635616,0.8424882,0.8213711,0.5526749,0.8285454,0.8719173,0.85085934,0.7183823,0.6685498,0.5239041,0.6609984,0.74540937,0.8625309,0.8419028,0.5542731,0.8333066,0.9169144,0.9710363,0.58066046,0.9684369,0.9489254,0.56670225,0.9922513,0.9453123,0.55478704,0.5832065,0.94230866
9,169,3,visual,0.62670577,0.7983081,0.78559166,0.7626574,0.5214303,0.76701206,0.7772983,0.7628373,0.7201456,0.6481538,0.42923674,0.6475534,0.6987746,0.8667929,0.87209725,0.47948655,0.86149865,0.9008866,0.94941944,0.48271778,0.9521991,0.95660573,0.45164055,0.9792363,0.9724606,0.42841414,0.43129718,0.9790149
9,169,4,visual,0.28268236,0.5316068,0.68523854,0.60473484,0.43889928,0.52825123,0.5884389,0.78693724,0.60028034,0.57091504,0.6234131,0.6748096,0.67725223,0.7831169,0.7474649,0.63933945,0.7663447,0.8277936,0.9279548,0.6580058,0.8765354,0.94389445,0.65357715,0.93134964,0.95406914,0.7020947,0.6722495,0.9410912
9,169,5,visual,0.7597976,0.92365927,0.9454143,0.8019927,0.8206372,0.3593713,0.8268953,0.8823754,0.7678447,0.7147018,0.64710605,0.27936998,0.7170125,0.93794346,0.8386328,0.81426466,0.38513458,0.8743014,0.8843489,0.85212195,0.46642032,0.9173255,0.81287616,0.6339827,0.93607163,0.53306496,0.8316667,0.62668526
9,169,6,visual,0.87554735,0.9753925,0.945448,0.711533,0.6594066,0.29782298,0.8022547,0.9138023,0.8026719,0.5922272,0.5410035,0.17893353,0.6669123,0.92213154,0.6809515,0.6331786,0.27419376,0.79837626,0.81373304,0.7391712,0.4392166,0.9046455,0.7600581,0.71043277,0.8997716,0.5328876,0.7525137,0.6485455
9,169,7,visual,0.67160964,0.76790464,0.8204283,0.79839855,0.64529485,0.79553944,0.7967395,0.85131836,0.77951807,0.7416732,0.58043903,0.78935,0.79209095,0.9047942,0.868829,0.5407857,0.8802668,0.9226743,0.9762007,0.5984701,0.97773665,0.96646696,0.5840214,0.97873235,0.95161,0.5936952,0.5850252,0.9643582
9,169,8,visual,0.8365876,0.9056495,0.9130912,0.8615653,0.7479155,0.8841004,0.89815,0.92136896,0.8192041,0.7554365,0.70316535,0.79364973,0.8440554,0.9110971,0.870218,0.6919753,0.89804316,0.9468587,0.9647297,0.67867196,0.97731,0.9524529,0.63955206,0.9851078,0.9422602,0.6559124,0.6677549,0.95956254
9,169,9,visual,0.46815217,0.6256277,0.641419,0.64103204,0.092972875,0.6501108,0.6417058,0.8174455,0.70363325,0.69196504,0.2029472,0.7059946,0.7714613,0.8894182,0.8903361,0.14456335,0.8971043,0.9322154,0.99388444,0.24574184,0.9932918,0.9745449,0.2437153,0.9950643,0.97314775,0.24562807,0.1882852,0.9769305
9,169,10,visual,0.73478675,0.74860555,0.75665194,0.71680814,0.28411067,0.7340927,0.7445904,0.8609001,0.79478586,0.74106133,0.24588555,0.7586856,0.80929875,0.9311685,0.9078813,0.3123457,0.9183174,0.9476762,0.9709932,0.36670598,0.9842746,0.97960645,0.3720724,0.9944927,0.9712564,0.36585227,0.33551115,0.9806613
9,169,11,visual,0.5544409,0.7695713,0.73189735,0.692528,0.30948284,0.7117654,0.72958744,0.70777154,0.6748741,0.65906036,0.5044817,0.6680497,0.6770172,0.94676864,0.92876434,0.3965722,0.9436607,0.95760906,0.98473626,0.4142672,0.9948362,0.9893389,0.4245703,0.9911642,0.9783884,0.41920292,0.4125833,0.99083364
9,169,12,visual,0.587702,0.7099535,0.77773017,0.7747933,0.43743125,0.77370167,0.7641438,0.8279183,0.78127,0.75702924,0.56380093,0.7608927,0.80138665,0.93369436,0.91827124,0.5473135,0.9256628,0.95583296,0.9930249,0.4754297,0.99637216,0.9889373,0.44464362,0.99595624,0.98634195,0.45258692,0.4910268,0.9874616
9,169,13,visual,0.36671695,0.6909126,0.74854153,0.7166577,0.5294011,0.7317485,0.7297534,0.64026433,0.5876038,0.57142174,0.29192385,0.57963055,0.6173061,0.93898004,0.92376983,0.6267649,0.9312613,0.96772856,0.96109146,0.64096355,0.9891863,0.9788118,0.60150653,0.97918147,0.96979064,0.6223995,0.6046718,0.9792285
9,169,14,visual,0.58098525,0.66657037,0.690262,0.66814494,0.5006728,0.68848604,0.6892962,0.7593168,0.76551926,0.73220724,0.3849201,0.74378884,0.77767366,0.9586746,0.950173,0.45624512,0.957739,0.9695202,0.9842525,0.4711184,0.9911882,0.99232084,0.47775236,0.9946932,0.98901814,0.46354118,0.47436827,0.99418306
9,169,15,visual,0.61479455,0.7552698,0.8218931,0.8118389,0.52042586,0.8186033,0.8149343,0.81885636,0.74487454,0.71442336,0.54498535,0.7304478,0.76593775,0.9295304,0.91462874,0.64202964,0.9202936,0.9452077,0.9897587,0.6559125,0.9942684,0.9907372,0.6403392,0.9962896,0.9856339,0.6392249,0.64458144,0.991388
9,170,1,visual,0.52476,0.67350054,0.65475035,0.62799627,0.5725343,0.61713105,0.6357119,0.8068202,0.6344178,0.58909976,0.37329382,0.60979736,0.6617946,0.8620528,0.8256336,0.5164284,0.81732744,0.8526673,0.95294625,0.48358232,0.95686185,0.92959386,0.5229662,0.96793276,0.922853,0.5406505,0.5771352,0.9657492
9,170,2,visual,0.7204628,0.7714904,0.74470514,0.66501504,0.32613787,0.6507914,0.679033,0.79098284,0.62656915,0.519077,0.25537297,0.5211695,0.57298774,0.8306064,0.7447764,0.34671706,0.73180497,0.8175135,0.9500595,0.43558025,0.939272,0.9659271,0.48393887,0.9928516,0.9670472,0.49150103,0.4745709,0.9669644
9,170,3,visual,0.70065355,0.815946,0.8039463,0.76027316,0.6151355,0.76386946,0.7776669,0.7722726,0.6382686,0.60039,0.6775346,0.61929023,0.65670633,0.84983563,0.8265091,0.72959673,0.8372248,0.89565164,0.9317413,0.5980209,0.955579,0.9555574,0.6325562,0.97984856,0.9479911,0.60035324,0.6285092,0.9666023
9,170,4,visual,0.71430343,0.8274771,0.8160807,0.77042437,0.6718865,0.7765012,0.8115095,0.86637545,0.7977563,0.7569984,0.6378655,0.78730094,0.82322073,0.9219584,0.9040841,0.74320763,0.91277605,0.9484156,0.9658621,0.80303025,0.9783596,0.98224384,0.7915516,0.98610574,0.9656123,0.79482895,0.8053441,0.9703374
9,170,5,visual,0.6312939,0.7395511,0.78577167,0.7023805,0.45128715,0.71919864,0.73013216,0.8239056,0.7639838,0.68730974,0.48084745,0.7009014,0.74729294,0.91934496,0.85098827,0.5512255,0.85665023,0.9065353,0.9354767,0.6215282,0.9518271,0.92935,0.60115397,0.9827733,0.94495505,0.621648,0.5876778,0.9497593
9,170,6,visual,0.63914764,0.7286668,0.7627546,0.71472436,0.41003045,0.7153161,0.75393504,0.8142753,0.74435854,0.6360137,0.5147404,0.61898965,0.6976509,0.8906699,0.8408648,0.51778704,0.8168302,0.89586276,0.9125292,0.5367272,0.9196984,0.94171745,0.4463427,0.9869216,0.9677764,0.46773124,0.48051512,0.95716155
9,170,7,visual,0.7029037,0.811679,0.72610986,0.6647403,0.35081437,0.6281455,0.7053769,0.83764064,0.73183036,0.6431411,0.40799737,0.60951596,0.6746269,0.8732243,0.8169909,0.4728869,0.7797675,0.8585504,0.93729234,0.5134161,0.91095245,0.93258554,0.5711714,0.978768,0.96239716,0.54914385,0.5635435,0.95583576
9,170,8,visual,0.65679866,0.75894076,0.7545441,0.6948509,0.22099629,0.6876948,0.7136679,0.85727596,0.8019394,0.7504262,0.3354724,0.75149775,0.789544,0.9124891,0.88503027,0.36587688,0.88014257,0.90994334,0.9627581,0.3966563,0.95689726,0.9659849,0.41635817,0.99527395,0.9829289,0.3998477,0.42390376,0.98284566
9,170,9,visual,0.57209444,0.7904485,0.80652,0.7173903,0.59383744,0.7085265,0.73395854,0.7485256,0.67867947,0.60092705,0.33053762,0.62957126,0.6935147,0.869433,0.81579936,0.49550503,0.82616735,0.8765002,0.9378848,0.4644913,0.9415925,0.94443893,0.45393178,0.990381,0.9596758,0.4467509,0.45275053,0.9771367
9,170,10,visual,0.66300553,0.764795,0.86587363,0.711497,0.6226904,0.69393384,0.7930482,0.87860864,0.79150385,0.788399,0.47760835,0.8014545,0.8062776,0.88359445,0.78141856,0.46047774,0.7798999,0.879467,0.86207086,0.53307945,0.858488,0.94887286,0.5828875,0.9634157,0.87249655,0.54592675,0.5264324,0.90247613
9,170,11,visual,0.7301836,0.8909377,0.7033836,0.6326997,0.3171722,0.5953351,0.66914546,0.8064707,0.6143219,0.5944149,0.36317456,0.5920728,0.58343166,0.70770454,0.6524036,0.32638654,0.6207743,0.72400904,0.9533671,0.49180108,0.9394805,0.9452093,0.5160165,0.9791056,0.9330673,0.5266765,0.5113222,0.9284123
9,170,12,visual,0.6557674,0.884692,0.8794009,0.8158243,0.743062,0.79943186,0.8318368,0.7618058,0.75199926,0.75081825,0.66732275,0.76636434,0.7777207,0.81467634,0.76525825,0.77534807,0.75140685,0.79574716,0.9616558,0.7120292,0.9482231,0.9658916,0.7175484,0.9873884,0.9623777,0.6794891,0.6773425,0.9663915
9,170,13,visual,0.89663106,0.96991557,0.99713665,0.99741143,0.99712986,0.9632939,0.98621255,0.87285465,0.89440525,0.88945115,0.9005016,0.96443045,0.8560156,0.9693771,0.9679579,0.96978825,0.94034374,0.9838145,0.99923146,0.9955061,0.9616153,0.98600024,0.99628526,0.95761377,0.9860153,0.9675677,0.98399425,0.94372934
9,170,14,visual,0.84871083,0.8289526,0.89968216,0.8779255,0.38671967,0.8676563,0.853911,0.92033976,0.8730561,0.8630408,0.41383088,0.8458235,0.8727323,0.9084278,0.9084736,0.48348355,0.8966335,0.9509233,0.98740864,0.460406,0.9751182,0.9635224,0.45809,0.97944343,0.96611637,0.5051166,0.49226466,0.9616431
9,170,15,visual,0.43148023,0.508447,0.51548684,0.44551575,0.3744049,0.42871356,0.46827012,0.8253653,0.78353566,0.7131784,0.47694674,0.7065682,0.7590303,0.8723813,0.83339494,0.48476845,0.8247631,0.8839018,0.92104304,0.48281655,0.903353,0.9480883,0.4426378,0.9391866,0.9386763,0.496019,0.5061771,0.9376089
9,171,1,visual,0.6123867,0.65737855,0.6764694,0.6340084,0.49656942,0.6593146,0.68379337,0.85403055,0.8069191,0.7909713,0.28151593,0.82015777,0.8574894,0.9035975,0.9239776,0.30206794,0.9337707,0.95362467,0.9262109,0.35408267,0.949384,0.93989545,0.26227722,0.9852021,0.9569355,0.26700798,0.29770446,0.9752225
9,171,2,visual,0.5637339,0.63146853,0.69476736,0.6433364,0.12025045,0.6667393,0.6470195,0.82655287,0.7819722,0.6538909,0.16238956,0.7005672,0.75769264,0.8996441,0.84400797,0.08948209,0.8766234,0.90817225,0.9128883,0.19114144,0.94555026,0.9455006,0.14802922,0.96835035,0.9316885,0.11118956,0.14516252,0.9699393
9,171,3,visual,0.36864877,0.30507618,0.32344052,0.29702348,0.29189333,0.29806325,0.31304762,0.7300632,0.56526697,0.5676466,0.25695446,0.54913735,0.59852546,0.5992087,0.611663,0.36870003,0.56873554,0.6484567,0.9675983,0.42354172,0.9692727,0.97421056,0.39220133,0.9876859,0.9786342,0.36923474,0.4003649,0.9677428
9,171,4,visual,0.5212148,0.6625545,0.61220825,0.5457634,0.44672576,0.52569526,0.5616576,0.6749307,0.5117454,0.46051347,0.2489175,0.45231333,0.48440734,0.8160431,0.7279136,0.32349876,0.71155703,0.76661724,0.9417778,0.33493292,0.94217044,0.9685752,0.34370235,0.99235666,0.97901744,0.31456926,0.31394225,0.98161674
9,171,5,visual,0.602879,0.66305363,0.6777374,0.65308875,0.2250861,0.6405709,0.66409737,0.8390946,0.6603321,0.6651197,0.21540628,0.6680286,0.694265,0.73404825,0.75272155,0.24288194,0.7515806,0.7705643,0.9603569,0.3503885,0.95431036,0.9659098,0.35599774,0.99513495,0.9775517,0.34878868,0.35073796,0.98429245
9,171,6,visual,0.71100825,0.8467422,0.87908196,0.8465171,0.20489867,0.8444659,0.8500695,0.83868736,0.782101,0.77644736,0.25814754,0.78111917,0.81190056,0.93956316,0.93228424,0.13482207,0.9273758,0.95024097,0.9764156,0.11154568,0.97074085,0.974271,0.10488156,0.9908391,0.986738,0.10316872,0.11185184,0.98551047
9,171,7,visual,0.742253,0.822959,0.83506024,0.8288518,0.31918272,0.82575,0.8217968,0.90684444,0.844399,0.8450142,0.3840984,0.84669214,0.87290895,0.9444524,0.95005953,0.35353625,0.9487201,0.96409523,0.9909571,0.29923028,0.9888937,0.9867524,0.28059414,0.99776375,0.99142206,0.27361253,0.30077207,0.99341154
9,171,8,visual,0.61571443,0.7860732,0.8079806,0.7684812,0.20668656,0.7839824,0.7892901,0.70755553,0.64370835,0.6403865,0.092011504,0.6376288,0.6684606,0.93485934,0.9203502,0.24849407,0.92372644,0.9379049,0.9772221,0.33256376,0.98055106,0.9762752,0.36557305,0.9969355,0.9838461,0.34893793,0.33036682,0.9882204
9,171,9,visual,0.4967456,0.80990726,0.8115021,0.7601417,0.50090885,0.7709749,0.76514775,0.63288724,0.6165952,0.608551,0.3041862,0.6071433,0.65595907,0.9363991,0.9079708,0.56931347,0.91441435,0.9402826,0.95749485,0.55019677,0.96558744,0.97544193,0.51297677,0.9945825,0.9713062,0.50799143,0.5278312,0.97570246
9,171,10,visual,0.77592045,0.8733286,0.9180979,0.87503415,0.28457537,0.8793473,0.88180774,0.8663076,0.80515885,0.7869222,0.24499346,0.798337,0.84162736,0.9120431,0.91445386,0.23448032,0.92228204,0.9518594,0.9577761,0.27422822,0.9629648,0.965651,0.27863747,0.99707645,0.978578,0.25946155,0.25016728,0.984096
9,171,11,visual,0.7046002,0.8322491,0.84427136,0.80724806,0.6523057,0.8181018,0.80900824,0.8655035,0.86173165,0.80996686,0.4901505,0.8128205,0.86251205,0.9644073,0.942164,0.5885386,0.94229823,0.9605665,0.9722877,0.6178926,0.97472674,0.9829439,0.60459363,0.99771106,0.98142326,0.6095163,0.6098916,0.983668
9,171,12,visual,0.6816759,0.7917255,0.77205586,0.74100256,0.40168858,0.7420012,0.75501627,0.77684724,0.78818315,0.7313911,0.57099766,0.7381273,0.7940583,0.8844691,0.86635035,0.4863482,0.87757367,0.898769,0.93569475,0.55170774,0.9505096,0.9603863,0.5286316,0.99375397,0.97501844,0.5249112,0.55727494,0.9836631
9,171,13,visual,0.7292485,0.8627604,0.8947172,0.86455405,0.083050266,0.87891227,0.8733885,0.8271928,0.7557616,0.73232913,0.18779206,0.75213164,0.7916731,0.87801266,0.90823513,0.11756509,0.9083132,0.9421911,0.9638209,0.18319497,0.9759185,0.9673349,0.18176132,0.99399555,0.97527546,0.17477578,0.17844395,0.9825719
9,171,14,visual,0.7460825,0.84079933,0.8122961,0.7604068,0.16530056,0.7528702,0.77660525,0.82195604,0.7216275,0.68607026,0.15083039,0.6902159,0.7548223,0.8840892,0.869023,0.1701403,0.86954194,0.90813494,0.9626187,0.14146826,0.9528185,0.9537805,0.14839914,0.991084,0.97346437,0.12991676,0.12922737,0.9701837
9,171,15,visual,0.70216316,0.81894004,0.9176009,0.8627916,0.27332982,0.87502426,0.8641278,0.7656656,0.6918066,0.6380468,0.21371838,0.6564004,0.70783275,0.90038466,0.9085765,0.19175568,0.9181746,0.93080914,0.9531824,0.22958948,0.96964836,0.9717551,0.23228477,0.98675877,0.96555614,0.20592001,0.19012417,0.9817813
9,172,1,visual,0.73925394,0.8515572,0.79540133,0.7304721,0.51301944,0.73842305,0.7645275,0.8480019,0.74032354,0.63120127,0.4267337,0.65290457,0.72779894,0.86062735,0.7931444,0.41634324,0.80067545,0.8589886,0.9609489,0.4235808,0.97136986,0.9794595,0.3896462,0.9940283,0.9618313,0.389949,0.4009294,0.9738323
9,172,2,visual,0.69629467,0.79585034,0.769127,0.67902035,0.5316235,0.7041071,0.75490004,0.8658382,0.80013657,0.6806323,0.46493712,0.70647275,0.7746994,0.9380474,0.8535118,0.50076807,0.8614267,0.8993157,0.9194589,0.47047943,0.9333626,0.96096694,0.42403552,0.9808408,0.9333798,0.42407975,0.45555496,0.9464409
9,172,3,visual,0.6515033,0.75913554,0.7621526,0.7258572,0.424964,0.72995466,0.7585796,0.85021836,0.8018802,0.68108094,0.44634232,0.7173387,0.77848923,0.9192277,0.845967,0.399401,0.86820257,0.9150234,0.9364156,0.4474095,0.9634041,0.9681713,0.4197409,0.9803297,0.947901,0.43749586,0.42871016,0.976239
9,172,4,visual,0.64985716,0.77471465,0.815063,0.74756175,0.4580123,0.7854453,0.77113825,0.80913186,0.7304197,0.63011837,0.44854936,0.6808437,0.71389467,0.9031219,0.86575,0.51485103,0.88643765,0.93598604,0.9444385,0.5298499,0.97609997,0.9512766,0.5431048,0.97672814,0.9456812,0.5021357,0.50118995,0.96245056
9,172,5,visual,0.7963311,0.80138844,0.7758834,0.7112567,0.4196219,0.7132516,0.73094356,0.8608468,0.76018953,0.70137906,0.4654577,0.7228024,0.7536328,0.89515615,0.8660043,0.45476127,0.86611426,0.91786045,0.9556826,0.4795079,0.96069986,0.967517,0.48072568,0.9855222,0.949981,0.46823537,0.47287732,0.9607239
9,172,6,visual,0.73531437,0.8121642,0.82648253,0.7909926,0.66344965,0.82439154,0.81614137,0.83295923,0.84647447,0.727207,0.8057811,0.76501566,0.81966364,0.8355032,0.82482725,0.79465103,0.81678915,0.88042873,0.90016806,0.8351467,0.93881744,0.95352376,0.7669399,0.96585757,0.9308966,0.78178215,0.831159,0.9523987
9,172,7,visual,0.6710974,0.72144896,0.67604417,0.6130236,0.21997906,0.6106656,0.63705325,0.82161355,0.69920295,0.62281924,0.28203103,0.6314697,0.7100205,0.8051074,0.7243686,0.25566205,0.7279912,0.8362361,0.92612475,0.26473036,0.9380848,0.9492678,0.2462664,0.9821925,0.92298496,0.26793122,0.28032565,0.93947154
9,172,8,visual,0.7347324,0.7162635,0.73979586,0.6963802,0.23541257,0.66840523,0.6830949,0.85289437,0.6945368,0.62155676,0.14313753,0.6153526,0.66985655,0.78811836,0.7125145,0.28634742,0.6957352,0.76931554,0.9666634,0.39646804,0.9573166,0.9689897,0.41585872,0.9923792,0.9655698,0.40161985,0.4334677,0.96329165
9,172,9,visual,0.66279286,0.74847025,0.7456718,0.6628323,0.34687966,0.6720185,0.67741394,0.849254,0.7055758,0.6356632,0.5136183,0.65002185,0.69353306,0.8233738,0.78540814,0.50927496,0.7972412,0.8546231,0.95232445,0.41946158,0.9561791,0.94268405,0.40149704,0.9899272,0.9604156,0.41607276,0.43054703,0.96990913
9,172,10,visual,0.67455614,0.73093265,0.7166504,0.5912995,0.20231487,0.61335737,0.660851,0.7804162,0.74567854,0.6556465,0.35549396,0.69166833,0.75308055,0.91641164,0.8398277,0.34100854,0.86104095,0.89949745,0.9283013,0.36272714,0.94909453,0.9422222,0.4163584,0.98419404,0.93997294,0.39448768,0.38131204,0.962809
9,172,11,visual,0.7557513,0.701989,0.74953765,0.6759626,0.27954167,0.69250363,0.6804792,0.7789367,0.7335313,0.62999135,0.3825914,0.6328358,0.6798681,0.8250333,0.79252046,0.3871048,0.7967807,0.85290945,0.92451876,0.47183752,0.92864794,0.9238799,0.41467884,0.9941316,0.96747655,0.40183014,0.4030711,0.963558
9,172,12,visual,0.69032407,0.7884787,0.7755053,0.75577176,0.34725243,0.753998,0.7603049,0.8434536,0.67275596,0.6232786,0.26455542,0.63015854,0.66664505,0.8765031,0.8406849,0.26755238,0.8518902,0.8823345,0.98722804,0.30109873,0.987381,0.98552907,0.29118544,0.996448,0.97687125,0.26653334,0.27719212,0.984006
9,172,13,visual,0.6708662,0.70013875,0.6868564,0.665689,0.2676621,0.6656583,0.67326826,0.8408139,0.7914056,0.7509091,0.3050883,0.7535369,0.7905392,0.9283573,0.90881264,0.17137112,0.91087854,0.92701155,0.9903798,0.14600542,0.98974484,0.9898371,0.12135766,0.9976096,0.9859996,0.11242476,0.13535492,0.9886248
9,172,14,visual,0.6278007,0.7049506,0.6781249,0.61750233,0.16162078,0.611201,0.61428434,0.8509975,0.7865034,0.7507755,0.20057085,0.741245,0.7742432,0.85263824,0.8151808,0.20266892,0.79816633,0.822686,0.9807461,0.18704423,0.9713874,0.97909546,0.21562475,0.9942382,0.9880257,0.21068946,0.20496616,0.99101233
9,172,15,visual,0.514226,0.6427917,0.57746273,0.47343197,0.26708373,0.44063303,0.55739766,0.84659266,0.5853491,0.52296704,0.09785157,0.54836464,0.5770959,0.61234623,0.51211065,0.11737384,0.49089712,0.61505705,0.9430642,0.17823267,0.9326789,0.97934055,0.13836056,0.9829391,0.9397213,0.15033334,0.15521114,0.9267242
9,173,1,visual,0.44052732,0.65501624,0.62878394,0.5963315,0.22843449,0.5890785,0.6258998,0.72231466,0.6049541,0.5571118,0.5127572,0.5659408,0.62414914,0.7305696,0.69414943,0.3378627,0.68238825,0.76425207,0.9599049,0.53829134,0.9635158,0.9571933,0.510098,0.98842645,0.9507996,0.5262947,0.5011347,0.9626
9,173,2,visual,0.517168,0.6519191,0.64733374,0.6244326,0.29608548,0.62249154,0.6421072,0.7661832,0.6984668,0.66694677,0.3568126,0.65832716,0.7050916,0.8810146,0.8829269,0.3516353,0.8845483,0.9304147,0.9753223,0.4200049,0.97876716,0.96855825,0.39511517,0.9931018,0.9731266,0.400037,0.38819268,0.9811582
9,173,3,visual,0.39939782,0.6585555,0.6923627,0.71727747,0.11460304,0.7015896,0.72688395,0.7531743,0.52328956,0.55940527,0.17810062,0.56307095,0.6102231,0.6719165,0.7218201,0.10270978,0.69691384,0.7559238,0.9733171,0.33938953,0.97722924,0.9531119,0.31791824,0.9944521,0.9715085,0.3108685,0.2821794,0.973797
9,173,4,visual,0.30569074,0.5236555,0.5059271,0.50761175,0.13228732,0.45914173,0.49538323,0.78362995,0.59832275,0.58020395,0.22856587,0.63269657,0.631518,0.5488115,0.5162654,0.10268226,0.5071572,0.57458746,0.9765481,0.28110707,0.958698,0.974843,0.29287252,0.9743846,0.9650996,0.31341907,0.27321818,0.9697476
9,173,5,visual,0.35037294,0.5283718,0.53773,0.5160611,0.4620406,0.49617535,0.53103393,0.7956596,0.56159204,0.5033642,0.32048926,0.5095102,0.5589904,0.6915464,0.6508371,0.51676667,0.6221073,0.70476186,0.9790533,0.49397284,0.9769476,0.97564745,0.50213933,0.99284106,0.9831008,0.47013035,0.51510406,0.9740278
9,173,6,visual,0.6129649,0.66195995,0.63799775,0.62673485,0.50096816,0.6325256,0.6565787,0.75786984,0.6184001,0.554301,0.459323,0.563231,0.6221398,0.8603862,0.83102614,0.59941936,0.843996,0.88114613,0.9764621,0.49182656,0.9788809,0.98135185,0.501353,0.99632937,0.978877,0.5109309,0.52319866,0.9847361
9,173,7,visual,0.49006113,0.6223081,0.66588664,0.65331477,0.20873985,0.65780324,0.66412866,0.84297514,0.66121674,0.63449603,0.4705554,0.6425875,0.69479764,0.8456287,0.8360721,0.46928737,0.8389525,0.8897567,0.9745355,0.4620927,0.9719209,0.97679013,0.44241548,0.99610007,0.9815474,0.43358785,0.43163812,0.9833918
9,173,8,visual,0.52939403,0.63509434,0.7380234,0.70605797,0.31717446,0.7098416,0.7206781,0.8344055,0.69720143,0.6370508,0.5694848,0.6472345,0.69568646,0.8633202,0.8393632,0.50293046,0.84314907,0.89827263,0.9580444,0.502654,0.96149796,0.9734326,0.49178356,0.992605,0.9677969,0.48136666,0.49644193,0.9696943
9,173,9,visual,0.65591633,0.7363276,0.7766031,0.7586972,0.21324883,0.7621556,0.780686,0.8752029,0.8118419,0.7478943,0.39632106,0.75508136,0.79571205,0.91775244,0.87797683,0.3537289,0.8835435,0.9079945,0.97339344,0.3663749,0.97694266,0.9845224,0.33952168,0.99730265,0.97622085,0.3257474,0.31856224,0.9818243
9,173,10,visual,0.49159864,0.6776439,0.4594385,0.39659664,0.16388454,0.37192363,0.4148513,0.7659848,0.5427981,0.55142194,0.44241616,0.5529229,0.5682067,0.651525,0.6050822,0.2946898,0.5765432,0.62360764,0.9623023,0.42701247,0.9531288,0.9572957,0.46931034,0.99165726,0.95833105,0.4726488,0.43204445,0.96379614
9,173,11,visual,0.57883,0.75987464,0.24420375,0.10583715,0.28148985,0.11767338,0.1564583,0.8524201,0.4079298,0.5137509,0.3333255,0.57330525,0.50769717,0.25269553,0.28707653,0.3323504,0.34011036,0.2988502,0.8580037,0.2878326,0.8208463,0.90138,0.31047162,0.9686824,0.9395966,0.30123955,0.28977466,0.90173465
9,173,12,visual,0.7059491,0.81136864,0.6917332,0.5830296,0.16422558,0.5387066,0.6267317,0.87149304,0.60287297,0.52951235,0.1877709,0.5023644,0.5960982,0.7125925,0.5997955,0.17046459,0.5508142,0.66189826,0.954204,0.23044097,0.9121856,0.9708621,0.24060991,0.9789825,0.98050135,0.21120366,0.25016364,0.95613
9,173,13,visual,0.37410986,0.5613039,0.52562773,0.5038389,0.35170823,0.50102943,0.5124119,0.6802002,0.6821649,0.68560535,0.03704242,0.6993216,0.7254182,0.9525566,0.90773225,0.32678112,0.9129141,0.9280511,0.98099244,0.30308458,0.9833046,0.9833235,0.29718062,0.9972184,0.98522824,0.28061947,0.24648218,0.99231964
9,173,14,visual,0.5326712,0.66913337,0.67087406,0.67491597,0.2608183,0.6788603,0.68008035,0.8050736,0.70144945,0.6698215,0.10467317,0.66992986,0.69394106,0.9149844,0.89507806,0.2165055,0.9011494,0.9245605,0.96713674,0.31177664,0.9720101,0.97552377,0.30056193,0.99750555,0.98302084,0.30921197,0.29378918,0.98920053
9,173,15,visual,0.56825656,0.75518167,0.7820167,0.7769007,0.30121955,0.7593096,0.76050997,0.7682565,0.6762085,0.6371426,0.10291319,0.6531416,0.69350123,0.92432207,0.89615,0.13740185,0.90107507,0.92368025,0.98712,0.17891362,0.9865859,0.98782665,0.19604862,0.99141246,0.9729436,0.18830195,0.16225515,0.9882344
9,174,1,visual,0.62797236,0.73701763,0.7044265,0.6774973,0.2825477,0.6792168,0.7117723,0.864638,0.74701715,0.67838955,0.41318452,0.6812798,0.74549776,0.8888988,0.8483498,0.38237318,0.8506316,0.9098069,0.9733946,0.42558485,0.97503734,0.9687589,0.37857082,0.9980115,0.9626827,0.3783375,0.42655036,0.96625596
9,174,2,visual,0.6913817,0.7623403,0.76333964,0.6907561,0.34425148,0.6919873,0.72357804,0.77116126,0.6715933,0.5809564,0.40439722,0.57680637,0.62066394,0.9106392,0.85743797,0.39095768,0.8631532,0.89413637,0.9672226,0.37771693,0.9685527,0.9728315,0.35902205,0.996443,0.96500593,0.35761887,0.3982056,0.97491795
9,174,3,visual,0.40763023,0.5830127,0.62643576,0.59891987,0.08424488,0.6105012,0.6188103,0.77974766,0.69573283,0.6111175,0.25271508,0.63425696,0.69502676,0.8641534,0.84878385,0.24392411,0.86563176,0.90907985,0.9204199,0.23176773,0.9427304,0.94594,0.2885298,0.98799187,0.9485435,0.27983078,0.26675788,0.972123
9,174,4,visual,0.624274,0.7548054,0.73822236,0.70021594,0.22075012,0.73555773,0.7662245,0.84379584,0.79550135,0.70838046,0.13084249,0.75819266,0.80166274,0.8617053,0.8188191,0.1337518,0.8512018,0.9132988,0.92886037,0.25555897,0.9712824,0.96262664,0.2967203,0.97381496,0.915572,0.29033935,0.26053107,0.95638645
9,174,5,visual,0.790404,0.8281784,0.9065827,0.89442825,0.5559137,0.9023139,0.8973928,0.83287543,0.818466,0.80788195,0.5990468,0.8135776,0.7769348,0.8621343,0.8592114,0.5741153,0.8551449,0.9015488,0.9910473,0.63544965,0.9953482,0.9727939,0.637471,0.99339664,0.9702738,0.63157994,0.6013315,0.9711205
9,174,6,visual,0.5921908,0.6689895,0.733201,0.7127487,0.64613736,0.7222414,0.7508472,0.873378,0.87100655,0.85224396,0.7284332,0.86079174,0.8537561,0.8806594,0.86772877,0.7531998,0.874426,0.914439,0.97915083,0.7395825,0.9886944,0.97602594,0.7290579,0.99075836,0.963293,0.72768575,0.753598,0.97036695
9,174,7,visual,0.8690499,0.9067553,0.8767074,0.86717224,0.74667525,0.8811943,0.87039447,0.9550805,0.95252484,0.93927026,0.6959364,0.951816,0.9602614,0.96608037,0.9607678,0.75094175,0.9641461,0.9673896,0.994314,0.72761136,0.9961501,0.9947882,0.7107902,0.9945917,0.9913692,0.719737,0.71699286,0.9920117
9,174,8,visual,0.5408233,0.7080872,0.75682795,0.7390813,0.2960231,0.74905914,0.7389915,0.8475209,0.7316364,0.66083145,0.3810281,0.7022639,0.72605675,0.8458607,0.76648635,0.3443337,0.77177197,0.8261118,0.9279745,0.5357509,0.9299904,0.9630673,0.52209127,0.986165,0.9551658,0.5151566,0.5377697,0.96343124
9,174,9,visual,0.5644218,0.73916173,0.8303699,0.8031395,0.45517713,0.8042062,0.7994633,0.8615403,0.71828973,0.66541535,0.5740149,0.6994233,0.73895466,0.86998755,0.8275919,0.62605846,0.8405926,0.88458407,0.976776,0.5519697,0.987367,0.97508204,0.5602388,0.99103934,0.9621777,0.5649414,0.5608272,0.97657114
9,174,10,visual,0.43199307,0.65059125,0.68201077,0.67569983,0.4643235,0.666847,0.6756766,0.7686228,0.6709472,0.6188547,0.49827594,0.6381332,0.6779934,0.93202233,0.8989714,0.4367321,0.91388303,0.93989414,0.97592056,0.3899439,0.97651553,0.96762305,0.36114183,0.9961058,0.97048,0.3618845,0.38261467,0.9800908
9,174,11,visual,0.5807967,0.643446,0.6379931,0.6012641,0.25741336,0.5976506,0.6128858,0.8329834,0.75823367,0.69117934,0.46367308,0.7076276,0.7455523,0.9269986,0.8827605,0.4799766,0.89169973,0.9280991,0.96820694,0.49635923,0.975925,0.9687899,0.4789189,0.989982,0.96862423,0.46325257,0.48201537,0.9810965
9,174,12,visual,0.59693027,0.6466861,0.6595422,0.6229775,0.42118934,0.623213,0.63717425,0.82159543,0.80683696,0.743336,0.52819,0.7584623,0.817377,0.93406415,0.9087908,0.57374907,0.9159352,0.9440091,0.9701422,0.5380253,0.9753313,0.9792871,0.544854,0.99787515,0.97659427,0.5322058,0.54152334,0.9839875
9,174,13,visual,0.72012347,0.7734693,0.7598803,0.72495615,0.338592,0.7289395,0.75201076,0.84027445,0.7395069,0.68463993,0.44288486,0.69075376,0.7306266,0.87971294,0.8490285,0.4028578,0.8539093,0.91535175,0.9813554,0.32121655,0.981189,0.9602121,0.3119059,0.9964926,0.9520681,0.29770944,0.3492883,0.95364904
9,174,14,visual,0.54521245,0.5996108,0.64115703,0.6357297,0.07479899,0.631742,0.64368683,0.86336553,0.7684191,0.704393,0.24746355,0.715641,0.78893954,0.85606366,0.8208234,0.20930551,0.8329732,0.8934991,0.9573152,0.31477863,0.96861506,0.9594039,0.30749777,0.99490637,0.9544107,0.30338874,0.28278577,0.95893264
9,174,15,visual,0.6066818,0.72797763,0.7072502,0.6768013,0.5057115,0.6722651,0.6713029,0.8252421,0.77832687,0.7368417,0.56060463,0.76476985,0.7853843,0.9275198,0.8900346,0.5675729,0.89702195,0.90157115,0.98429114,0.5830459,0.9857524,0.98816514,0.57597667,0.9946273,0.9832226,0.5859489,0.576516,0.9905554
9,175,1,visual,0.50220925,0.58282185,0.6584022,0.6360812,0.13168244,0.65516204,0.6463994,0.85785294,0.8180801,0.77178705,0.4727874,0.7727425,0.814428,0.8456271,0.88634664,0.42268637,0.8727669,0.9021602,0.9421054,0.4234406,0.95282155,0.94057333,0.37243515,0.99165666,0.97238904,0.36999846,0.38059822,0.97411907
9,175,2,visual,0.5818321,0.7013299,0.6848864,0.70194113,0.34068796,0.7138013,0.7039833,0.8684442,0.799285,0.7703349,0.42851907,0.794335,0.8147442,0.93837905,0.92958575,0.5202466,0.9392929,0.9395509,0.979526,0.5349111,0.9840758,0.9855201,0.53685963,0.9924834,0.98428184,0.52708447,0.523747,0.9925336
9,175,3,visual,0.67600936,0.70997447,0.7233086,0.6725239,0.18388756,0.679365,0.6943753,0.8518291,0.75474197,0.7273307,0.20652674,0.7383034,0.7938478,0.9101292,0.8996959,0.31562105,0.906477,0.945883,0.9764699,0.41239887,0.9799724,0.97455776,0.4116593,0.9957541,0.97986645,0.4108533,0.38212803,0.98432106
9,175,4,visual,0.67601234,0.7607497,0.7661459,0.76428723,0.47492424,0.7754094,0.7748278,0.8420383,0.85535043,0.79988337,0.3703845,0.8298549,0.86153173,0.9539474,0.95488167,0.36257848,0.9625598,0.97216433,0.9572573,0.4112476,0.96568817,0.97080255,0.36524975,0.9936484,0.98074806,0.36136284,0.3513284,0.9925672
9,175,5,visual,0.62924093,0.7551474,0.76776594,0.7242367,0.39141202,0.73257995,0.7371164,0.81046027,0.7226108,0.67064315,0.35147312,0.693195,0.7347111,0.91508037,0.9116001,0.5141682,0.92534864,0.9553786,0.9435226,0.5677417,0.95533556,0.958699,0.5985641,0.9954957,0.9726173,0.591404,0.57996625,0.98250735
9,175,6,visual,0.7121863,0.8785338,0.90206844,0.8732037,0.5015114,0.88230145,0.8779108,0.8210848,0.7777173,0.7596884,0.31998548,0.7694141,0.8024471,0.96205354,0.9556929,0.41544643,0.9631215,0.96336716,0.98417056,0.4746765,0.98982775,0.9856883,0.45736617,0.9963036,0.9867874,0.44021195,0.44633117,0.99175465
9,175,7,visual,0.60329527,0.84916246,0.87433374,0.83195615,0.5815167,0.8399127,0.8278543,0.75611913,0.6764054,0.6468086,0.5431733,0.66549003,0.69911075,0.93452233,0.9120925,0.58540684,0.9221055,0.9412438,0.9765025,0.60102296,0.98082095,0.97777885,0.5995093,0.99722385,0.9846771,0.60506475,0.5929421,0.9883862
9,175,8,visual,0.7082702,0.7692724,0.87748396,0.78829896,0.6519574,0.8098106,0.82801396,0.7565561,0.7642628,0.62152284,0.5464883,0.6730726,0.7512111,0.86435175,0.81660974,0.5251797,0.83909804,0.878666,0.91245997,0.63061893,0.946485,0.9594889,0.5587303,0.9849628,0.94344217,0.5866252,0.55176693,0.9582292
9,175,9,visual,0.703086,0.79335797,0.8381788,0.7766707,0.54985285,0.7806267,0.7918905,0.8387758,0.7167749,0.65783477,0.6071368,0.66908616,0.73025995,0.86310023,0.8297564,0.5569389,0.84250265,0.8915661,0.954977,0.50795627,0.9611004,0.970645,0.46268922,0.9948311,0.9699692,0.45751232,0.49620596,0.98036486
9,175,10,visual,0.72499293,0.7493159,0.86751306,0.84652543,0.29079282,0.8433232,0.83031595,0.8104618,0.77456325,0.76374996,0.42401904,0.783312,0.8202525,0.835887,0.8427976,0.3003139,0.8524776,0.87220085,0.9766341,0.31058097,0.9847784,0.9736876,0.3044926,0.9947885,0.97702307,0.3104741,0.33581802,0.9872576
9,175,11,visual,0.79215455,0.8349185,0.90183467,0.8378761,0.5007991,0.8547729,0.85382247,0.8402379,0.8541891,0.80358326,0.36987457,0.81727946,0.8601129,0.91599375,0.91500384,0.41495225,0.9216362,0.93536556,0.94989806,0.44457734,0.96125126,0.9678712,0.45976725,0.9958657,0.98153406,0.46866336,0.44688365,0.98587275
9,175,12,visual,0.7167636,0.8096962,0.94361717,0.9095039,0.27271265,0.9186706,0.9126331,0.7319524,0.7782264,0.7391155,0.15840767,0.77317774,0.8093697,0.8574981,0.8576168,0.31164068,0.8637725,0.861011,0.97121185,0.31368646,0.98228663,0.9772096,0.32109687,0.9911221,0.9687907,0.31254703,0.29930994,0.98145294
9,175,13,visual,0.6877864,0.8197528,0.89499545,0.8705789,0.5088449,0.8905451,0.8854026,0.7651213,0.7616579,0.6545855,0.64524746,0.6922979,0.75656223,0.87788665,0.82950246,0.44634935,0.8494157,0.86977637,0.90866685,0.55683345,0.94921935,0.93720937,0.42931846,0.9856707,0.9537732,0.4835038,0.5179472,0.9692476
9,175,14,visual,0.6732657,0.72349197,0.8926914,0.852192,0.5594937,0.8546646,0.86417633,0.7472666,0.72795033,0.7131156,0.5651204,0.7190366,0.7577167,0.79089975,0.79492295,0.49801263,0.7942452,0.8096484,0.9625567,0.560314,0.9681734,0.9629956,0.5070696,0.99588746,0.965209,0.519587,0.54674745,0.9708924
9,175,15,visual,0.73330927,0.8356317,0.87246907,0.8341738,0.48440582,0.8380938,0.8338734,0.7480084,0.7837534,0.72458017,0.479323,0.7551735,0.79518604,0.82826793,0.7840912,0.49837223,0.79366523,0.83096987,0.95669365,0.5637056,0.9713977,0.96109533,0.53268975,0.9893004,0.9581749,0.5421251,0.5496605,0.97206527
9,176,1,visual,0.79157,0.76293766,0.9249974,0.87634385,0.3467034,0.8863222,0.88728684,0.77794,0.8332196,0.80542606,0.3651205,0.8164542,0.8520341,0.7820621,0.81383497,0.38449952,0.8187112,0.82714605,0.965871,0.41115686,0.973319,0.9747458,0.39965838,0.9965189,0.9806936,0.39560097,0.40173945,0.9881166
9,176,2,visual,0.61846906,0.72762656,0.81640065,0.7725978,0.6924184,0.79368246,0.7908061,0.84468365,0.75151926,0.6976797,0.6567238,0.71591944,0.75366837,0.8484284,0.8325564,0.6771652,0.84134185,0.8735555,0.9396786,0.66196424,0.9624752,0.9621773,0.62339985,0.9880047,0.95825213,0.62221605,0.6135971,0.969427
9,176,3,visual,0.62284136,0.7260281,0.7731006,0.7392679,0.5627349,0.76143104,0.7741631,0.8833868,0.69247895,0.66810876,0.53474563,0.6847418,0.7338778,0.83714557,0.824391,0.62540334,0.83698314,0.8973407,0.96606064,0.611988,0.9784627,0.9620088,0.6159451,0.994252,0.9556799,0.6167829,0.6411942,0.9657466
9,176,4,visual,0.55179423,0.5807199,0.6008452,0.55684096,0.37817332,0.5748898,0.5805451,0.8606416,0.74195886,0.7545025,0.4342757,0.7713084,0.79592156,0.88095963,0.886697,0.5495456,0.89993703,0.91735107,0.9456056,0.6126351,0.96223754,0.953046,0.6020874,0.98950607,0.9732915,0.5913083,0.58033323,0.9863374
9,176,5,visual,0.4934514,0.5745609,0.57469755,0.5222876,0.14802945,0.54721415,0.5591626,0.81667686,0.7722654,0.7087091,0.21886726,0.7423043,0.7785879,0.9223599,0.9025228,0.3227568,0.9185447,0.94162834,0.9561991,0.31286424,0.9806171,0.98381203,0.33282322,0.98879313,0.971899,0.3342068,0.32701427,0.988243
9,176,6,visual,0.5077022,0.55521166,0.5302051,0.5174225,0.17290887,0.5310489,0.5403627,0.8334285,0.7838914,0.71700805,0.25457534,0.72279245,0.78044367,0.9080234,0.8814574,0.32042706,0.8858889,0.92159873,0.96679395,0.29141116,0.9698489,0.9817649,0.34373665,0.99664545,0.97411203,0.34215593,0.33875656,0.9803041
9,176,7,visual,0.69914186,0.6954814,0.72048175,0.67846185,0.041006573,0.683352,0.7145394,0.7826538,0.7449142,0.66219085,0.08538194,0.6706815,0.71094394,0.89234364,0.89774877,0.1761526,0.9017942,0.9371119,0.9531817,0.18930723,0.96271133,0.96156704,0.21204336,0.9919322,0.9692307,0.19666241,0.17797826,0.9818936
9,176,8,visual,0.55487067,0.6937118,0.7205588,0.6976723,0.27354255,0.7055885,0.719946,0.76121205,0.744978,0.66920644,0.61564916,0.69818,0.72041416,0.8873569,0.88541037,0.46687925,0.8905976,0.91485083,0.950557,0.5094766,0.9651156,0.9580337,0.47812733,0.98990625,0.9583145,0.49166927,0.49739063,0.9747227
9,176,9,visual,0.7761338,0.83888215,0.804473,0.7972903,0.77801496,0.7846498,0.8153112,0.9444503,0.9375086,0.9236471,0.7625786,0.92049956,0.9306257,0.9362251,0.92565644,0.7977103,0.91358554,0.9587069,0.9940219,0.8479622,0.9847235,0.9838279,0.8633887,0.9816922,0.97532976,0.8331477,0.84969926,0.97227347
9,176,10,visual,0.3343494,0.55262744,0.52059567,0.49054456,0.18508527,0.48593292,0.56037074,0.75841874,0.7291929,0.67893034,0.42112952,0.6735401,0.7067929,0.80169845,0.7980322,0.4900895,0.81424975,0.9059624,0.9440745,0.51160806,0.92894936,0.9249141,0.5359593,0.9737178,0.9264079,0.5424546,0.5237716,0.9491608
9,176,11,visual,0.629309,0.71660304,0.76684827,0.6817853,0.6612254,0.72072816,0.7665686,0.8840553,0.78635937,0.76429296,0.6911477,0.7813249,0.80674505,0.9304491,0.9139991,0.7592987,0.932746,0.9508436,0.9490103,0.7341481,0.97144043,0.9666172,0.7284881,0.97993505,0.9395726,0.7526606,0.7709175,0.9728422
9,176,12,visual,0.66164684,0.8020552,0.85214794,0.7813505,0.71265423,0.79334253,0.824575,0.88311833,0.7875534,0.754931,0.58322793,0.76546556,0.7899565,0.9097508,0.8579296,0.7187641,0.85827845,0.92054653,0.9427997,0.78378046,0.9475293,0.9692518,0.75031054,0.9905339,0.9478367,0.75648093,0.78163326,0.95625436
9,176,13,visual,0.62915975,0.7755593,0.80764824,0.7927516,0.7021281,0.79706806,0.8128831,0.8507832,0.7273565,0.7582631,0.6334433,0.751841,0.7744415,0.8927277,0.92741597,0.682096,0.9229615,0.94657594,0.9460238,0.6833608,0.9655965,0.95791847,0.67683995,0.9853203,0.9557028,0.6939367,0.6851477,0.9678287
9,176,14,visual,0.81125295,0.86272764,0.9180405,0.86595106,0.8650823,0.8659429,0.8873576,0.8747158,0.85245275,0.8224999,0.8019822,0.8355887,0.8491062,0.88886106,0.8886098,0.8443734,0.87772715,0.91452503,0.97635293,0.9165652,0.9802163,0.9834989,0.8986389,0.99268955,0.98919016,0.8997247,0.9059587,0.9899081
9,176,15,visual,0.6551304,0.8429474,0.9139489,0.89725167,0.52699757,0.90614325,0.90525323,0.8481389,0.7154035,0.6671985,0.30726686,0.68181735,0.72757167,0.9111499,0.88622874,0.4607616,0.8989446,0.9233209,0.9796018,0.5524947,0.9892553,0.9895385,0.5762147,0.9940304,0.98297685,0.5710074,0.5527694,0.988632
9,177,1,visual,0.66690207,0.71497685,0.8168255,0.74547446,0.5997459,0.7780007,0.7978392,0.81508535,0.7217844,0.67089856,0.67838377,0.72132486,0.7173108,0.81788105,0.82045615,0.64149624,0.829906,0.8885501,0.95102936,0.73426867,0.97898024,0.9490627,0.7126002,0.97871965,0.9435324,0.7353302,0.71992254,0.95157063
9,177,2,visual,0.82609266,0.87802076,0.9531811,0.9421375,0.84429026,0.9659011,0.952664,0.91908747,0.88070816,0.8582378,0.7892644,0.86910594,0.88645506,0.91677135,0.9358732,0.84467727,0.92978334,0.95601714,0.97381437,0.89156467,0.9843155,0.9774696,0.89036006,0.99086195,0.9835967,0.88741803,0.8756055,0.98824984
9,177,3,visual,0.6564296,0.7977132,0.95547706,0.9223924,0.7744883,0.94689167,0.93524337,0.70960754,0.70864004,0.6423936,0.5850661,0.68768847,0.67850196,0.8248866,0.8534255,0.72930676,0.83323926,0.87897164,0.9493396,0.7880972,0.9814263,0.96347535,0.78691477,0.96651006,0.9587835,0.77888894,0.7887662,0.97108215
9,177,4,visual,0.66706026,0.80489874,0.9074021,0.8132559,0.7901843,0.78241706,0.8057891,0.82527274,0.7403386,0.7698207,0.6850914,0.7351481,0.752467,0.8378029,0.83819073,0.7405622,0.7937157,0.8506397,0.943143,0.8809523,0.92675084,0.9370304,0.8786518,0.97210306,0.96688837,0.86731565,0.872802,0.9651247
9,177,5,visual,0.6176622,0.77207774,0.91631305,0.7789208,0.7289857,0.8093873,0.8202015,0.80820227,0.709532,0.7660676,0.7303355,0.76191115,0.7715901,0.8590455,0.9099031,0.8241856,0.8827295,0.9080915,0.88356096,0.8102154,0.90331197,0.91474813,0.8335635,0.9713169,0.9720199,0.817922,0.83952445,0.9877199
9,177,6,visual,0.58140963,0.7849273,0.90271443,0.8254749,0.5113746,0.8411762,0.82658786,0.70009667,0.71037674,0.76936376,0.52867216,0.7620725,0.78923917,0.8777228,0.9117323,0.5602505,0.898387,0.91763496,0.94841236,0.5530379,0.94686437,0.9539732,0.54144996,0.98292845,0.9924442,0.527447,0.55117625,0.98361343
9,177,7,visual,0.5892331,0.8186738,0.90910685,0.85263085,0.5031919,0.84924364,0.8599248,0.7344263,0.67793936,0.741396,0.3907667,0.7645979,0.7582856,0.85881764,0.8953824,0.48526275,0.8933596,0.90445983,0.89487386,0.4741012,0.91176033,0.92391765,0.48801634,0.9751273,0.98480475,0.47044715,0.4855536,0.9816363
9,177,8,visual,0.67663,0.89815754,0.9394608,0.8382322,0.84356445,0.817189,0.85546666,0.7809557,0.7532231,0.77685976,0.75322074,0.796748,0.80082864,0.90575993,0.8783967,0.8415655,0.86465865,0.9011608,0.9184941,0.88803065,0.9064976,0.94181424,0.84632885,0.97343075,0.97433496,0.8295202,0.86585224,0.97591925
9,177,9,visual,0.50594217,0.80223197,0.92657465,0.8667068,0.6934127,0.87722456,0.8647168,0.70863074,0.5720182,0.63406366,0.52377945,0.6374705,0.63460803,0.8403468,0.8960985,0.7281621,0.85177433,0.88719064,0.9398524,0.7576689,0.9363806,0.9399533,0.7649746,0.9677125,0.98958117,0.75887114,0.7752108,0.97741103
9,177,10,visual,0.704825,0.79988027,0.9157745,0.7827266,0.74557394,0.8895722,0.83324444,0.7570515,0.743964,0.68783987,0.6176112,0.7351313,0.7252855,0.8590624,0.8925465,0.8414163,0.8745467,0.9065592,0.893979,0.80937177,0.97473365,0.94199973,0.8462571,0.9311017,0.9669621,0.80674237,0.8347576,0.97069615
9,177,11,visual,0.5750349,0.79734075,0.8779467,0.82182986,0.48938662,0.8263058,0.82388145,0.7915323,0.7302086,0.7551765,0.5653452,0.75980586,0.77102774,0.9004309,0.92906797,0.61255556,0.9100742,0.92433643,0.94095796,0.57272756,0.9450654,0.9538169,0.59777534,0.96833575,0.98581505,0.55190593,0.5845874,0.98302746
9,177,12,visual,0.58973753,0.8602122,0.9212116,0.8617425,0.6627882,0.87605256,0.88075334,0.7732948,0.68961465,0.77031374,0.59335685,0.7479214,0.76896906,0.8868374,0.91298556,0.67386043,0.9013274,0.9289077,0.92963696,0.7245463,0.9578487,0.9524903,0.72075313,0.97007275,0.98605305,0.7549011,0.73915863,0.9822976
9,177,13,visual,0.56979436,0.72522646,0.8902965,0.80867034,0.65484387,0.8445211,0.8223171,0.81543154,0.70702934,0.7955062,0.63089347,0.7784427,0.7988923,0.83235633,0.89236116,0.6183212,0.8891382,0.9006528,0.9382911,0.64494526,0.9521473,0.9472658,0.6388801,0.97611207,0.9808145,0.6744949,0.67246574,0.983533
9,177,14,visual,0.6636661,0.7821405,0.91906154,0.85864156,0.75171,0.8836236,0.8694541,0.79533756,0.75580406,0.81935704,0.6637383,0.81480044,0.82829106,0.81535596,0.9134555,0.75400656,0.8951351,0.8998622,0.9200406,0.7858156,0.9400006,0.9421049,0.83155894,0.9757073,0.985075,0.8168114,0.82780725,0.9892291
9,177,15,visual,0.65468585,0.84728664,0.9063848,0.8703449,0.7310396,0.8501556,0.857779,0.81338364,0.80564106,0.82392836,0.5705049,0.8334823,0.8472236,0.8987754,0.9430241,0.7197579,0.93691397,0.94344276,0.9358453,0.75323844,0.95136434,0.954449,0.7367526,0.97374105,0.9821472,0.71822417,0.7263555,0.9854485
9,178,1,visual,0.6302894,0.8363965,0.9172168,0.8731103,0.716527,0.88644534,0.88779074,0.76474327,0.71253544,0.8037285,0.5982754,0.7787893,0.79254663,0.8681797,0.92106587,0.7001425,0.9067968,0.91902035,0.9212447,0.7194843,0.95640177,0.95559007,0.72093743,0.96078044,0.968797,0.74224144,0.7115174,0.9817997
9,178,2,visual,0.68166757,0.83774424,0.94058144,0.8720683,0.8582798,0.8846322,0.8762525,0.79240644,0.77086955,0.7543873,0.6980316,0.7771895,0.78537464,0.9162851,0.9365002,0.7976047,0.9248429,0.94993997,0.95383215,0.8506197,0.9630231,0.9548055,0.8095936,0.96509737,0.97524554,0.78343916,0.7936382,0.9736496
9,178,3,visual,0.7127195,0.8365142,0.94699097,0.863047,0.54731053,0.9037644,0.90303516,0.8310095,0.7795867,0.8224962,0.5333953,0.8366044,0.8307739,0.87451917,0.9254753,0.5888226,0.9125381,0.9347246,0.91504866,0.5792453,0.9549176,0.947179,0.59236205,0.9669711,0.9645607,0.5867001,0.61107427,0.98150295
9,178,4,visual,0.7200729,0.8211829,0.94586915,0.8876742,0.72626424,0.909634,0.89125997,0.86062735,0.7744349,0.827526,0.6971307,0.8313143,0.83286,0.8670813,0.9227594,0.7851862,0.921529,0.9330605,0.95572925,0.7954914,0.96729267,0.9502745,0.81438863,0.9912558,0.9870434,0.8024627,0.81827337,0.9897279
9,178,5,visual,0.5983265,0.7789697,0.8852589,0.8069704,0.7412646,0.8222455,0.8083822,0.7722901,0.748664,0.78018427,0.7177224,0.7875959,0.80042124,0.8946026,0.9168008,0.73448974,0.9047658,0.9155017,0.95292044,0.8192418,0.96491957,0.95739555,0.7952489,0.97911,0.98275745,0.80034405,0.80711395,0.98171836
9,178,6,visual,0.5835861,0.8146101,0.9184343,0.8343811,0.5255252,0.85244346,0.8445893,0.7899377,0.695192,0.73610675,0.54950285,0.74375015,0.7575261,0.904629,0.9346024,0.5842096,0.9415859,0.94235706,0.9266334,0.5860591,0.95302904,0.946248,0.55139965,0.98019123,0.9772415,0.5903666,0.573523,0.9898474
9,178,7,visual,0.6189413,0.7260539,0.9256931,0.78124434,0.39374676,0.85119265,0.8189033,0.74646324,0.687398,0.72544426,0.4224212,0.7434673,0.74979305,0.792371,0.91767687,0.43327057,0.8829993,0.9099845,0.8638584,0.4656847,0.9181183,0.9026699,0.48747757,0.9489831,0.9741354,0.45244962,0.46233562,0.9818647
9,178,8,visual,0.61026245,0.7674508,0.9201726,0.8248811,0.61534697,0.8712401,0.8559256,0.80162764,0.6928652,0.74504375,0.5581213,0.7396234,0.7494681,0.83472294,0.9123596,0.5922889,0.89148813,0.9121546,0.9150871,0.6838754,0.95798117,0.9458665,0.6769087,0.96997154,0.9837846,0.6810345,0.672639,0.989111
9,178,9,visual,0.6047977,0.756314,0.9278739,0.8069597,0.66964084,0.85611796,0.8341918,0.7908544,0.68533623,0.70774174,0.663962,0.7236904,0.7315008,0.83289754,0.9025851,0.65782034,0.8999619,0.91200876,0.89537555,0.69598705,0.94500244,0.9301651,0.6618328,0.96473837,0.9767884,0.69163173,0.67922467,0.9847777
9,178,10,visual,0.6661283,0.77489233,0.9411525,0.85285705,0.689056,0.8638794,0.85845584,0.8415711,0.7539455,0.7806011,0.6634449,0.7867961,0.80589616,0.8477499,0.90684795,0.6434294,0.9060458,0.9226343,0.9317303,0.70993036,0.93955743,0.9415622,0.6352266,0.98514676,0.98340183,0.65045446,0.6647361,0.97798073
9,178,11,visual,0.5965605,0.7747724,0.91889066,0.8253837,0.6055498,0.8321152,0.833551,0.791459,0.7059164,0.7912413,0.55961823,0.8023182,0.8018605,0.8330732,0.9295231,0.65571505,0.90444607,0.9206269,0.9119819,0.64384484,0.92315906,0.92407936,0.6396622,0.97844166,0.9841632,0.6243617,0.64783937,0.98129046
9,178,12,visual,0.545797,0.8032693,0.9299539,0.85702646,0.4918821,0.8581785,0.8658877,0.77313465,0.66281086,0.7262464,0.3604897,0.73882526,0.72719723,0.87526506,0.9343531,0.51736856,0.9270881,0.93458414,0.93521273,0.53231686,0.94492966,0.94793355,0.57904035,0.98532224,0.992397,0.5589336,0.57236487,0.9899461
9,178,13,visual,0.58306074,0.79011,0.9009481,0.8286431,0.6637162,0.8491627,0.83945984,0.79774934,0.69427145,0.78204286,0.7249729,0.7738398,0.78594995,0.8742453,0.94752675,0.73424476,0.93512166,0.9537662,0.90649873,0.7358185,0.94206125,0.92394584,0.735697,0.9754596,0.9904023,0.748743,0.75204223,0.9783349
9,178,14,visual,0.5863855,0.7867653,0.92796487,0.8298767,0.6561577,0.8712967,0.83787775,0.74001926,0.6807316,0.72075653,0.5535929,0.72977114,0.73645616,0.8583236,0.9130299,0.6288589,0.88686675,0.9096241,0.93005884,0.6882432,0.9715149,0.93918836,0.6958752,0.9638669,0.9919535,0.67952394,0.68714005,0.97351533
9,178,15,visual,0.5581875,0.7752838,0.91837925,0.8683586,0.65590054,0.8702759,0.8601093,0.76699173,0.7174944,0.73802984,0.5365215,0.7575367,0.7641553,0.8612053,0.916518,0.60447335,0.88619924,0.91584444,0.9575072,0.71092784,0.9720965,0.9584994,0.69234324,0.9770179,0.987543,0.67677957,0.68752986,0.9820739
9,179,1,visual,0.6005454,0.8016637,0.92905736,0.846616,0.78054917,0.867922,0.87442017,0.79724294,0.7300898,0.77934384,0.6308782,0.78671116,0.7705758,0.89368355,0.9397624,0.74346346,0.9379685,0.94331396,0.9372896,0.79081273,0.9687817,0.9661186,0.78262293,0.97821957,0.98014677,0.7829018,0.786142,0.9852246
9,179,2,visual,0.66456586,0.8685897,0.94026196,0.88451314,0.5647409,0.88955665,0.90525943,0.8137332,0.73385876,0.82640153,0.6748348,0.8026403,0.7934568,0.89517194,0.9153846,0.6204199,0.90311164,0.92918056,0.937428,0.6226851,0.9489247,0.95656866,0.6455305,0.9838489,0.96412295,0.65187114,0.6177739,0.9680472
9,179,3,visual,0.6248429,0.807769,0.93996197,0.8837514,0.74615246,0.894417,0.8960638,0.8297383,0.71528643,0.7894096,0.5208061,0.7758375,0.78786427,0.8785125,0.9346701,0.637814,0.9135785,0.93327254,0.95217544,0.7484256,0.9726225,0.96157724,0.6877638,0.98570055,0.9868203,0.6966921,0.69433683,0.9824161
9,179,4,visual,0.77836746,0.89602005,0.9645261,0.92435235,0.59368503,0.93782306,0.9359189,0.8986086,0.85001665,0.90486944,0.6066064,0.8917915,0.8990387,0.94915384,0.9720047,0.6094222,0.9701341,0.97154236,0.97411424,0.59310275,0.9855033,0.9846283,0.605871,0.99512726,0.995959,0.6045489,0.5965182,0.99601907
9,179,5,visual,0.67472386,0.88646233,0.95293874,0.9110851,0.4549881,0.9230269,0.9095335,0.8295747,0.766024,0.8232612,0.3216849,0.8118785,0.83138853,0.9386118,0.9725786,0.49775904,0.9616708,0.97482127,0.9673565,0.4636486,0.98101765,0.971016,0.49028653,0.9880665,0.9956181,0.45057842,0.478583,0.99154204
9,179,6,visual,0.8114764,0.9258517,0.98023033,0.9526175,0.57159835,0.95176923,0.959821,0.91589665,0.84252423,0.91006774,0.5584551,0.90972346,0.90078926,0.9421972,0.96865505,0.5804219,0.97185636,0.9694691,0.97184795,0.5998634,0.9719979,0.9792745,0.578202,0.9966041,0.9972076,0.5708443,0.58000106,0.99723417
9,179,7,visual,0.6022011,0.78040916,0.92264634,0.86896855,0.5432566,0.8634692,0.85918814,0.8462136,0.7251267,0.7881038,0.37645242,0.7986911,0.79742026,0.87110037,0.9276239,0.5106957,0.9272747,0.93781275,0.96396,0.53116465,0.96186745,0.9593499,0.5340645,0.99264777,0.9936772,0.53882736,0.53719854,0.9887948
9,179,8,visual,0.71544814,0.8695475,0.9640529,0.9150728,0.7718254,0.9289924,0.93342364,0.8050729,0.7694269,0.80763245,0.60073966,0.8087961,0.7961218,0.88068616,0.92984754,0.7422417,0.8972181,0.9429866,0.9485504,0.7866632,0.9723003,0.95352805,0.7860511,0.96826184,0.9759634,0.7781509,0.7809778,0.95935774
9,179,9,visual,0.7115737,0.89978915,0.9583014,0.9289271,0.57512105,0.9416674,0.94319874,0.83106524,0.7951867,0.8436797,0.53683203,0.8253324,0.83201015,0.9374715,0.9509583,0.5728371,0.9394936,0.96105313,0.9798063,0.59915036,0.98934543,0.98611426,0.5803291,0.9934318,0.9838376,0.5794714,0.60666406,0.9826206
9,179,10,visual,0.60463905,0.8628589,0.9353672,0.8920142,0.56673884,0.8969761,0.892717,0.784201,0.7290792,0.788607,0.687025,0.78277403,0.79475373,0.90846264,0.93954635,0.6091335,0.9320057,0.9525406,0.96702653,0.62786454,0.98176813,0.96843714,0.64410603,0.9907665,0.9900735,0.6401022,0.64445573,0.98859406
9,179,11,visual,0.73665804,0.891485,0.97258735,0.9263705,0.7678457,0.94124085,0.93873495,0.8800133,0.7943998,0.853638,0.55888337,0.8405625,0.8565392,0.92879045,0.9733189,0.6835623,0.95854264,0.97110707,0.9635079,0.75923526,0.9749994,0.9752563,0.722369,0.9862502,0.9947569,0.74325997,0.72726756,0.98849964
9,179,12,visual,0.6096137,0.85778797,0.9454027,0.9036591,0.58672106,0.91434693,0.8975177,0.7730425,0.7188364,0.761758,0.6211421,0.757547,0.7745692,0.9273396,0.96440816,0.69467455,0.9482161,0.96502745,0.9690729,0.65791065,0.98807734,0.9666372,0.6820966,0.9809877,0.9904165,0.67243516,0.6673496,0.978054
9,179,13,visual,0.72505534,0.9012321,0.9557975,0.9283359,0.6783487,0.9350192,0.9317884,0.8387153,0.80297965,0.83946025,0.5085942,0.8318062,0.84378576,0.9227875,0.9559917,0.61904895,0.9363943,0.96338814,0.97705853,0.6498834,0.98747694,0.9766981,0.6471523,0.98606724,0.9913255,0.6401198,0.6512112,0.9900708
9,179,14,visual,0.6685421,0.8251987,0.93954,0.8928128,0.60941833,0.913356,0.89683056,0.8316118,0.7710069,0.80473566,0.41007856,0.7911787,0.8088489,0.88614774,0.93159866,0.52135247,0.90743273,0.9405136,0.9709663,0.5834077,0.98138994,0.97075474,0.5625568,0.98232794,0.9946839,0.5691828,0.5616411,0.98296386
9,179,15,visual,0.6520507,0.8670127,0.94828075,0.83659726,0.5638459,0.79989177,0.8133779,0.78953147,0.7161972,0.79608816,0.5746063,0.77002144,0.7760975,0.8995519,0.92381716,0.58076847,0.8961866,0.91740835,0.92045295,0.5920451,0.8972571,0.9067955,0.601877,0.9851647,0.99017566,0.5846291,0.5880314,0.9895243
9,180,1,visual,0.7959644,0.91630644,0.9744189,0.899362,0.7591896,0.8345342,0.86448157,0.9039908,0.8483893,0.8744871,0.76843405,0.8121833,0.85342646,0.95920485,0.9541091,0.7877698,0.90050256,0.94543236,0.9508741,0.79512656,0.8885233,0.9154565,0.8051561,0.9604351,0.97412854,0.77930284,0.77319455,0.97179115
9,180,2,visual,0.7030933,0.8252835,0.9541666,0.8683593,0.7076309,0.8839176,0.8773032,0.8450449,0.7839623,0.8396844,0.7459,0.82572824,0.8258895,0.8872372,0.9298567,0.7767309,0.912777,0.93036616,0.9534979,0.77444893,0.9643293,0.95570236,0.7880065,0.99080133,0.9889704,0.7968842,0.7815728,0.9882269
9,180,3,visual,0.64537656,0.8186939,0.90943116,0.8164453,0.5926358,0.7799755,0.8212862,0.8498524,0.74819773,0.78085774,0.66749454,0.73937905,0.7884684,0.86154354,0.877677,0.6490105,0.80247897,0.8808081,0.9488936,0.72557104,0.9243564,0.95069706,0.77138084,0.9651951,0.9831202,0.8153269,0.76560706,0.96196324
9,180,4,visual,0.6451882,0.85664666,0.93858176,0.87640226,0.71406555,0.86250913,0.87396187,0.7675489,0.7121423,0.750648,0.6201229,0.738422,0.76327443,0.87159574,0.90242535,0.75629973,0.86593777,0.8916607,0.93856984,0.7331443,0.94704443,0.9327682,0.73861706,0.9678397,0.9577334,0.73159814,0.74248785,0.97438973
9,180,5,visual,0.62509453,0.8067236,0.9144492,0.8672707,0.6929414,0.87075245,0.8712609,0.81153804,0.7156835,0.7390299,0.6121675,0.73047936,0.75556594,0.8696352,0.8906188,0.6982196,0.8718238,0.9193238,0.9599131,0.7558913,0.965409,0.95625216,0.739218,0.9870469,0.9717547,0.72680885,0.754361,0.96638024
9,180,6,visual,0.6241032,0.83283526,0.939801,0.8780075,0.7988837,0.8983848,0.9039206,0.81552,0.71056634,0.74364763,0.68422097,0.7425694,0.7444803,0.897879,0.9305735,0.8054241,0.92404085,0.9353303,0.9502946,0.8237908,0.9667444,0.9661667,0.81162536,0.9839838,0.9786455,0.8296836,0.83912677,0.9866612
9,180,7,visual,0.69332683,0.80545694,0.9398747,0.90596604,0.53165245,0.91910523,0.8807825,0.8387473,0.75262856,0.76239157,0.49222687,0.78147644,0.7636237,0.8702217,0.8920287,0.56886035,0.885546,0.91945434,0.9759777,0.52130485,0.9840012,0.95332146,0.5395407,0.98226845,0.9754331,0.5145187,0.52103573,0.9685297
9,180,8,visual,0.59126556,0.8000008,0.9182485,0.85685587,0.6862112,0.8829759,0.89064157,0.81022847,0.6812918,0.7339094,0.50160813,0.72773707,0.72830164,0.8558821,0.93411905,0.6076947,0.9060632,0.9294865,0.9296491,0.73567045,0.97137135,0.95237905,0.69755924,0.973591,0.9833205,0.7292321,0.6933477,0.97592247
9,180,9,visual,0.81923604,0.9394807,0.9660899,0.8786352,0.75575644,0.7634247,0.8362288,0.9059068,0.83627033,0.810114,0.6727771,0.70834166,0.7950289,0.9322577,0.89381176,0.7479275,0.7717762,0.8615311,0.9369402,0.7768128,0.82826185,0.89652765,0.7723107,0.92771477,0.96272844,0.78269076,0.77055186,0.95754904
9,180,10,visual,0.85686225,0.8853616,0.9340268,0.70613134,0.6484484,0.68494993,0.8079589,0.8891876,0.856342,0.7264956,0.704296,0.6919555,0.7211934,0.82327235,0.63679266,0.6176571,0.6099745,0.7267069,0.84632933,0.7502475,0.81689864,0.8937733,0.8478622,0.96336275,0.8920996,0.83761376,0.78681076,0.90716183
9,180,11,visual,0.7979422,0.8579865,0.9710468,0.9382203,0.78543097,0.89973384,0.9079284,0.84811527,0.81532305,0.7824733,0.76866305,0.75241905,0.7587011,0.8542896,0.8405296,0.76635224,0.8079818,0.8883833,0.97843474,0.7458554,0.9487248,0.945497,0.7210855,0.98288304,0.96533006,0.70907646,0.72115874,0.96237326
9,180,12,visual,0.7431723,0.8963188,0.9310898,0.85668457,0.5723764,0.8592165,0.86919284,0.84758145,0.79846054,0.78286046,0.6779053,0.7779544,0.80756646,0.9301107,0.9027669,0.6171515,0.88240707,0.9334623,0.9548885,0.6302925,0.95858526,0.958235,0.6265109,0.9894185,0.9732365,0.65754855,0.64524263,0.97353035
9,180,13,visual,0.70212084,0.83828914,0.9178045,0.89861375,0.54867303,0.91335464,0.90792745,0.7581785,0.79603416,0.80619913,0.38533002,0.8100419,0.815558,0.827714,0.9115265,0.40449217,0.87911755,0.9140646,0.93095386,0.5403452,0.9694278,0.9455561,0.5237041,0.97875756,0.985156,0.53748727,0.5005668,0.98557967
9,180,14,visual,0.664036,0.8470994,0.94326645,0.8911189,0.33106706,0.91599566,0.9018631,0.7797935,0.7650272,0.7728548,0.29686573,0.7998547,0.79275316,0.89436084,0.9534939,0.37819234,0.90506035,0.9457439,0.9429992,0.3424898,0.9748027,0.9483455,0.38035354,0.95674354,0.9777259,0.3182764,0.35267836,0.97194517
9,180,15,visual,0.66067624,0.77624583,0.8809654,0.8798959,0.3898689,0.8984853,0.8851523,0.8243954,0.75146496,0.7674514,0.39868203,0.7643629,0.7787148,0.8093363,0.89785755,0.3822142,0.8597575,0.89604664,0.92564577,0.33876157,0.96100736,0.94965625,0.37177736,0.9798062,0.97554797,0.35715577,0.34340575,0.9775625
10,181,1,visual,0.1559696,0.21916614,0.2703486,0.10381964,0.17792438,0.26183024,0.26643312,0.62770647,0.9293955,0.3782364,0.43987513,0.88366586,0.916298,0.69905007,0.37748438,0.37372318,0.6890029,0.6836731,0.33786294,0.44410735,0.95888346,0.98819894,0.24412045,0.3467801,0.3360189,0.47906017,0.44212928,0.9678248
10,181,2,visual,0.25127012,0.3525484,0.38201764,0.11786133,0.3153544,0.36547497,0.38406375,0.73733884,0.88277763,0.46816307,0.62413347,0.8605365,0.88441855,0.74417984,0.34250376,0.6202583,0.7483312,0.76465386,0.39285398,0.70635444,0.93910056,0.97908825,0.54767287,0.383246,0.4082533,0.66333026,0.69645596,0.94746464
10,181,3,visual,0.22526151,0.31740543,0.3222411,0.1703164,0.240187,0.26190212,0.31929564,0.6123208,0.9378037,0.56337863,0.4863086,0.8992001,0.9449524,0.6548919,0.48681825,0.4956451,0.6298755,0.65921605,0.59728265,0.53454894,0.9338032,0.98793566,0.46395272,0.5543623,0.58587956,0.51239675,0.51401347,0.94929504
10,181,4,visual,0.33458552,0.3138084,0.40508783,0.24576183,0.1887883,0.41584083,0.42178947,0.63970715,0.95544666,0.5873638,0.5077251,0.89905715,0.9389597,0.6664391,0.5668904,0.4610571,0.6716633,0.6859529,0.5753428,0.54942805,0.93545926,0.9862721,0.43290436,0.5145552,0.5514994,0.47087604,0.5478163,0.9569135
10,181,5,visual,0.18904191,0.23923376,0.28516835,0.09926806,0.23500794,0.25597596,0.2877524,0.6986819,0.922456,0.62154996,0.42257804,0.91237825,0.9283855,0.79333234,0.44139358,0.37559155,0.75631547,0.793816,0.5866028,0.47764474,0.94230676,0.9968033,0.21401688,0.5235913,0.5977075,0.43098173,0.47099528,0.94201165
10,181,6,visual,0.14163259,0.25182527,0.28739274,0.014776383,0.17081259,0.2549313,0.2790682,0.76813245,0.92061096,0.5140645,0.6573235,0.88515896,0.9181641,0.8491413,0.4287581,0.75005716,0.8968345,0.84359694,0.44964582,0.67058694,0.94370216,0.99288577,0.5424514,0.42564002,0.4470431,0.6799452,0.6605436,0.9530897
10,181,7,visual,0.20404454,0.17949362,0.32227442,0.040384043,0.22801061,0.30333295,0.32353407,0.6427383,0.91459125,0.47406417,0.5294089,0.8619464,0.9074521,0.66457534,0.31186542,0.5796195,0.6346578,0.6635488,0.43999755,0.5239218,0.9350165,0.9961234,0.3667302,0.41929775,0.44195107,0.50840867,0.5263418,0.9453886
10,181,8,visual,0.49762955,0.6676479,0.62493736,0.4399485,0.4587671,0.61677074,0.6229329,0.6967575,0.91611904,0.4091969,0.6753092,0.88403547,0.9195389,0.7758,0.425061,0.65892434,0.74759346,0.77042556,0.40540376,0.6727426,0.9298915,0.9954859,0.41365775,0.38149256,0.40872958,0.67107743,0.6795751,0.93642837
10,181,9,visual,0.095514216,0.14951047,0.16028832,0.124945894,0.17773978,0.14347474,0.15120502,0.5857636,0.91244054,0.4324369,0.6244425,0.8217671,0.91353285,0.6677607,0.38882142,0.63409555,0.6563351,0.68122965,0.4158034,0.6651861,0.86392045,0.96668965,0.30825752,0.3574878,0.4031306,0.61148024,0.66604674,0.89848983
10,181,10,visual,0.06522125,0.19704989,0.1840987,0.09478153,0.16424431,0.16478528,0.1754033,0.6207739,0.9157623,0.49878803,0.71328676,0.8401655,0.9224707,0.7339237,0.30274278,0.5787758,0.6276335,0.7082533,0.45335627,0.73443425,0.90115595,0.9822275,0.48036432,0.44953528,0.45990255,0.6936362,0.7381949,0.9245394
10,181,11,visual,0.100080766,0.023220133,0.11347021,0.07404782,0.08520043,0.13071159,0.12672286,0.56882125,0.92803156,0.510096,0.6728797,0.8604626,0.9305368,0.5992601,0.4250788,0.5532643,0.5500777,0.5637226,0.46561474,0.68350583,0.9133972,0.97724056,0.45241648,0.4726619,0.47692,0.6386345,0.6827806,0.9457108
10,181,12,visual,0.059733637,0.2818309,0.23324901,0.09278147,0.076555215,0.2341812,0.21497752,0.5259536,0.89663863,0.48741248,0.56351036,0.7692913,0.8857928,0.52955824,0.20554015,0.2909839,0.48076156,0.52244073,0.40213156,0.52318144,0.85481644,0.98740464,0.46773222,0.31955728,0.38604304,0.46400437,0.5144098,0.87485516
10,181,13,visual,0.33709434,0.5008658,0.4437119,0.20526719,0.42821702,0.42777786,0.43190983,0.64980704,0.9371254,0.38396996,0.4942357,0.89690703,0.93571174,0.6469658,0.27643594,0.5683277,0.608942,0.6305592,0.3339955,0.4990391,0.9492075,0.99373287,0.27901644,0.31527406,0.32430658,0.53057015,0.5047896,0.95818645
10,181,14,visual,0.27676675,0.36286217,0.42431268,0.07913165,0.20311196,0.40770504,0.41049206,0.6695386,0.9001084,0.4538149,0.50702983,0.8781271,0.89438605,0.72241753,0.32200903,0.3898472,0.7087566,0.7010168,0.4268447,0.56369746,0.94526464,0.98016274,0.37343526,0.39343962,0.44078213,0.56405574,0.56906325,0.9363654
10,181,15,visual,0.7139262,0.87741274,0.7710873,0.719142,0.5901541,0.8121257,0.77006036,0.7860449,0.93345714,0.67475027,0.8048576,0.9256884,0.9359424,0.84193486,0.7423261,0.6560271,0.8673948,0.8403158,0.6970951,0.7874532,0.9812186,0.9990995,0.693264,0.7350662,0.69835305,0.8024495,0.7920266,0.9837231
10,182,1,visual,0.68090695,0.76474553,0.7427495,0.592134,0.4387668,0.7177516,0.74658406,0.7728137,0.94921863,0.5080652,0.61869305,0.91636413,0.95292914,0.83537257,0.64883137,0.40663227,0.8063038,0.8265798,0.5020854,0.59240776,0.9425313,0.9949859,0.31588706,0.5086149,0.49347946,0.5543456,0.5983006,0.9466368
10,182,2,visual,0.7449889,0.8720656,0.8469218,0.7435205,0.50933695,0.8474659,0.8437179,0.84643966,0.9393044,0.6336426,0.6358464,0.92407435,0.94469416,0.91501284,0.7494865,0.56328225,0.90654653,0.91108173,0.69974506,0.63992023,0.98200727,0.9988405,0.541737,0.7152161,0.6972496,0.61612284,0.64308447,0.9818196
10,182,3,visual,0.43520167,0.5502699,0.5515627,0.39417028,0.34895095,0.5621487,0.5478943,0.7093253,0.90108776,0.43737283,0.49177995,0.8354349,0.90387475,0.8223836,0.3926634,0.47303474,0.76888156,0.8216341,0.39146703,0.5444517,0.91375595,0.99567515,0.18473525,0.40276963,0.39907837,0.55955446,0.5544887,0.93046415
10,182,4,visual,0.3477005,0.23825012,0.4298786,0.080210775,0.25903305,0.44540688,0.45512068,0.6055832,0.93136257,0.388538,0.65437,0.86653465,0.90692943,0.67235476,0.26554823,0.37367532,0.5885463,0.6753125,0.31798494,0.60779387,0.92027783,0.98163146,0.40452027,0.25399718,0.30640396,0.5898143,0.58558536,0.93327755
10,182,5,visual,0.31220332,0.30571732,0.4375737,0.12602425,0.23514076,0.45888785,0.4426027,0.6005658,0.8873286,0.49903172,0.707922,0.8209824,0.8748854,0.72819877,0.3102175,0.7139813,0.75234365,0.74033755,0.43457514,0.76330876,0.9521089,0.989949,0.36025947,0.43860227,0.4437736,0.75841814,0.7518371,0.9614626
10,182,6,visual,0.23333198,0.29721636,0.37688375,0.04051877,0.16660035,0.40963468,0.37711453,0.6926626,0.9035746,0.46000448,0.6001921,0.8704483,0.9008338,0.7753218,0.5013615,0.5668629,0.6850675,0.75736785,0.43654716,0.63619053,0.9412847,0.9881706,0.49460965,0.40892154,0.42953292,0.5965624,0.63048977,0.93138653
10,182,7,visual,0.56307834,0.6266863,0.64480174,0.4300166,0.4510439,0.6323387,0.64604676,0.7791345,0.94253373,0.41156435,0.8142404,0.93669724,0.94538516,0.8229036,0.5160336,0.7282703,0.85175896,0.82931495,0.40968877,0.8125513,0.97002494,0.99585336,0.32712793,0.42197257,0.4067985,0.7968668,0.8109656,0.97434855
10,182,8,visual,0.26277363,0.2891888,0.3739696,0.15103409,0.2925235,0.34577927,0.37609237,0.6261961,0.91475075,0.5891017,0.69463,0.8289877,0.9187422,0.63594097,0.26051462,0.7085098,0.6090899,0.63369876,0.5174878,0.69804126,0.9235257,0.9930443,0.4285776,0.43605974,0.52972245,0.6879707,0.6856701,0.9258551
10,182,9,visual,0.21571639,0.1702265,0.2834968,0.15069813,0.27730772,0.28099754,0.2903677,0.6082874,0.9043247,0.41111067,0.72507274,0.85396105,0.90462,0.7505198,0.43095425,0.6482262,0.78820133,0.7573428,0.37828982,0.75968856,0.93864167,0.9910665,0.38323253,0.3668055,0.37299836,0.7128954,0.7463883,0.949828
10,182,10,visual,0.2605452,0.1771076,0.35928097,0.19764908,0.29580233,0.35012013,0.3500277,0.5449495,0.90978026,0.43736044,0.69003415,0.84295684,0.9117353,0.5980254,0.36672086,0.50979656,0.5849216,0.6181572,0.409991,0.6672673,0.93046,0.98739946,0.4672404,0.31848666,0.4090703,0.66393733,0.6896261,0.937089
10,182,11,visual,0.43148538,0.5621932,0.6004162,0.33723873,0.46150842,0.6141814,0.59591913,0.7176783,0.9104068,0.41232327,0.75814474,0.84153885,0.91588336,0.81289756,0.31395185,0.7484004,0.7982543,0.79642236,0.38133353,0.7943674,0.9414156,0.9945759,0.4379277,0.4215259,0.37755248,0.79015183,0.7868101,0.93996495
10,182,12,visual,0.47054645,0.64762604,0.62085867,0.45479083,0.4511048,0.6421788,0.62237626,0.63966566,0.88264173,0.45581225,0.7743236,0.85274976,0.8773732,0.7915638,0.4248923,0.56164044,0.7844555,0.7915795,0.38771135,0.79498345,0.9547251,0.99179316,0.35976675,0.39574054,0.38221723,0.72414094,0.76930857,0.9644684
10,182,13,visual,0.44974288,0.47970772,0.51138234,0.33863696,0.46807176,0.5160157,0.51101613,0.76529557,0.90548265,0.4043501,0.8238794,0.8919167,0.9087117,0.8213699,0.6158805,0.64379984,0.7966729,0.8075463,0.44782215,0.805084,0.95633155,0.9912139,0.41888028,0.4296387,0.43441787,0.7936528,0.8120949,0.9701951
10,182,14,visual,0.38384622,0.4431947,0.46252796,0.21151549,0.20183045,0.47696716,0.4700765,0.75039136,0.9415489,0.4436263,0.6178121,0.9031961,0.9406971,0.81220716,0.41693592,0.41340953,0.78733456,0.8056031,0.35761184,0.6094464,0.9619902,0.99631655,0.33863944,0.33265382,0.36128047,0.59358174,0.6052651,0.9667772
10,182,15,visual,0.92967844,0.9672659,0.95806456,0.96598315,0.86016333,0.9558858,0.9570021,0.9691896,0.9820345,0.92713034,0.9130382,0.9786428,0.9822898,0.9884889,0.96263605,0.9011769,0.9896435,0.98822063,0.9456468,0.91563565,0.9973849,0.99982065,0.8747673,0.94972175,0.9448951,0.91716397,0.9150095,0.9973712
10,183,1,visual,0.61220783,0.69612676,0.66379935,0.57064515,0.6471772,0.66564184,0.6555325,0.7633091,0.95985806,0.63792574,0.8425088,0.92951435,0.9587773,0.82111216,0.7464389,0.90269774,0.8510248,0.81442076,0.6762829,0.8446342,0.98070323,0.99767363,0.6988721,0.69123846,0.67016447,0.85914135,0.84125394,0.9788233
10,183,2,visual,0.5009288,0.5574544,0.6044632,0.41424015,0.5637113,0.6325399,0.6039882,0.702358,0.9301497,0.47545686,0.6992688,0.9024096,0.9225927,0.80856603,0.5095553,0.7453887,0.7756088,0.8183571,0.44220263,0.7703528,0.95145094,0.996607,0.55913126,0.43464503,0.4419168,0.732534,0.77374417,0.9564025
10,183,3,visual,0.46520457,0.6095026,0.5454095,0.37751716,0.38092822,0.52073526,0.54360646,0.72284055,0.9608999,0.51747495,0.7451405,0.9166675,0.95335704,0.76963526,0.51146066,0.67608905,0.7995806,0.77234644,0.45779088,0.71869385,0.94393116,0.9760833,0.5430495,0.44537967,0.43621016,0.72563535,0.7089591,0.95489615
10,183,4,visual,0.559187,0.61744475,0.6583346,0.46042132,0.5286429,0.6564202,0.65451497,0.8096568,0.94909424,0.5017521,0.75724065,0.9428336,0.95647484,0.846274,0.60906476,0.77557653,0.85588247,0.8454207,0.4638325,0.7414845,0.9840772,0.99114376,0.613978,0.4650159,0.4635684,0.73784846,0.75255,0.9830584
10,183,5,visual,0.24183686,0.25760162,0.33170542,0.14988543,0.2730445,0.30945995,0.33038768,0.6340294,0.9517541,0.62263924,0.7642618,0.9186765,0.9485245,0.6665982,0.27838725,0.5745738,0.6412602,0.6583952,0.57827705,0.7655211,0.95840454,0.98579216,0.6114107,0.5540688,0.5934262,0.72358185,0.7487842,0.9662468
10,183,6,visual,0.2072761,0.15862048,0.3030241,0.076383315,0.20607884,0.35280737,0.2935865,0.72254664,0.9214798,0.5371223,0.63325673,0.84982216,0.9260815,0.741381,0.38013262,0.5869486,0.7245651,0.7329562,0.5205574,0.6709709,0.9137851,0.9925507,0.51599705,0.43968016,0.52624214,0.59972554,0.6611053,0.9176074
10,183,7,visual,0.17749806,0.27735013,0.31794843,0.110142276,0.25036615,0.2770283,0.32064673,0.69129264,0.9053209,0.5001725,0.5614051,0.8394109,0.9029533,0.76900715,0.250144,0.61038786,0.7731679,0.7935265,0.44957364,0.6015236,0.9194189,0.9855986,0.37474874,0.40360236,0.44024655,0.6272207,0.6105009,0.93614256
10,183,8,visual,0.48157012,0.591,0.5423521,0.37414277,0.52701676,0.54405886,0.5452247,0.70987016,0.939272,0.42711544,0.797669,0.92175865,0.9430779,0.75684047,0.5416146,0.6384621,0.74466133,0.75411266,0.4002022,0.79714435,0.9708048,0.99766773,0.45746994,0.38742697,0.4025336,0.7955966,0.79946643,0.9748291
10,183,9,visual,0.2832411,0.382639,0.418229,0.18429148,0.34381938,0.44273436,0.41692895,0.71327364,0.91158754,0.49451035,0.71541727,0.8444365,0.9165596,0.7673453,0.41934058,0.7038855,0.7039437,0.75938916,0.4912165,0.75637436,0.92245275,0.98300284,0.55689156,0.45631728,0.47447208,0.701268,0.7287353,0.9214973
10,183,10,visual,0.14407454,0.18268113,0.26005602,0.103950486,0.14911385,0.26633132,0.2870326,0.705365,0.9309612,0.4137857,0.68265575,0.8828315,0.9099231,0.782539,0.35084867,0.7998227,0.7867881,0.75806504,0.38910374,0.76268935,0.9440261,0.9780796,0.47135282,0.37075493,0.38296226,0.7527428,0.7302211,0.9427908
10,183,11,visual,0.105302274,0.1713992,0.25151804,0.111064054,0.12266331,0.24247976,0.26199007,0.5424285,0.8916666,0.38132468,0.56446165,0.8704172,0.9045829,0.7008717,0.5002081,0.5658998,0.69283116,0.68287146,0.34150267,0.5729073,0.949802,0.98104674,0.44661418,0.3333979,0.32844603,0.56374913,0.5670925,0.94477165
10,183,12,visual,0.14669904,0.19824168,0.28543139,0.022877997,0.16166534,0.2870908,0.28142828,0.70342267,0.9415053,0.46648335,0.54498315,0.82862586,0.91314787,0.70176375,0.41726238,0.46286607,0.6406226,0.70208275,0.42605016,0.5518723,0.91081536,0.97696555,0.6387929,0.32049122,0.39465684,0.48147982,0.53869075,0.92139393
10,183,13,visual,0.20101632,0.2667277,0.36815572,0.19640043,0.2655055,0.33338842,0.35426944,0.65759224,0.898835,0.50670385,0.44814375,0.84064394,0.9055482,0.74484646,0.39297885,0.3333791,0.7058491,0.7241473,0.44609937,0.48511085,0.92247945,0.9849015,0.4357497,0.4373709,0.44046247,0.45468804,0.4873172,0.9307258
10,183,14,visual,0.13742623,0.29231626,0.24052934,0.054834977,0.047895316,0.2975836,0.23369038,0.6402969,0.91598225,0.42980817,0.13076068,0.8649106,0.90043,0.73042834,0.40480775,0.07432366,0.77698845,0.73243797,0.4010602,0.12314131,0.94215846,0.98562926,0.2864675,0.38870037,0.36514616,0.12131696,0.12692069,0.93669146
10,183,15,visual,0.051415898,0.12620331,0.1631936,0.09093708,0.12685344,0.15219054,0.16711093,0.57469004,0.93081486,0.55164975,0.0637402,0.89396256,0.9346096,0.6418651,0.34425172,0.07236415,0.60143256,0.637779,0.5051444,0.06514475,0.9238808,0.9899843,0.11392536,0.48198473,0.5016935,0.14919128,0.06802006,0.93896335
10,184,1,visual,0.16631208,0.2502527,0.3146288,0.0680335,0.07456104,0.3183211,0.30260274,0.70107675,0.91131645,0.55868024,0.16856205,0.8746565,0.91987157,0.72909933,0.4078324,0.14654936,0.70687264,0.72185314,0.4637977,0.10736338,0.96747714,0.99520284,0.19925536,0.42124608,0.47000748,0.11365056,0.10727953,0.96451616
10,184,2,visual,0.13729633,0.26639506,0.28405085,0.16369931,0.09256674,0.2599408,0.27827507,0.5141442,0.91231483,0.48962414,0.22398789,0.8738364,0.9187055,0.5582236,0.49863568,0.15486482,0.48909026,0.55124193,0.4340165,0.25873554,0.93524605,0.9864632,0.16575234,0.38521934,0.43066043,0.3153722,0.25553656,0.93704706
10,184,3,visual,0.36645246,0.339706,0.45590186,0.16297902,0.09067618,0.45079315,0.45223367,0.5690049,0.9296134,0.5216463,0.18315768,0.91037136,0.920435,0.61413234,0.27026582,0.453598,0.5953215,0.6137894,0.46287122,0.16610482,0.9512457,0.9949352,0.058191497,0.4839294,0.46160096,0.18936035,0.16143686,0.94849664
10,184,4,visual,0.28907007,0.3241874,0.42667702,0.1265124,0.15301503,0.41434968,0.42408347,0.7116381,0.8768776,0.4453456,0.109354325,0.8428046,0.879657,0.7338136,0.42040852,0.13250458,0.7704445,0.76503336,0.36402926,0.18909754,0.95502853,0.9869661,0.29260695,0.38137066,0.37150905,0.16415331,0.17688034,0.9672506
10,184,5,visual,0.21026294,0.26146,0.35883614,0.09466612,0.047796946,0.34655908,0.3458749,0.7126564,0.89546484,0.3402321,0.26641622,0.8460899,0.89978564,0.8197493,0.4300182,0.36211768,0.77421224,0.7867572,0.33109143,0.25968984,0.9434147,0.9733924,0.25685048,0.34671786,0.3224098,0.21167818,0.22642404,0.94412965
10,184,6,visual,0.2071024,0.22393692,0.35099694,0.03551532,0.116741925,0.33314332,0.35359153,0.68581325,0.88772863,0.40367097,0.10425834,0.8586548,0.8876263,0.6578891,0.5144939,0.23191647,0.68840593,0.67612416,0.35843384,0.13733684,0.91631794,0.99312335,0.10502196,0.35675493,0.36484754,0.21810427,0.14626433,0.93104726
10,184,7,visual,0.28346604,0.40266055,0.4154958,0.15810458,0.04703524,0.45107287,0.4149423,0.6055703,0.943866,0.5393993,0.18242125,0.8637061,0.927001,0.6986902,0.32970953,0.13264747,0.7173358,0.68686664,0.46762234,0.19211465,0.92284834,0.98104644,0.21708071,0.3968557,0.43461403,0.16550228,0.18430021,0.94168055
10,184,8,visual,0.19658214,0.28198403,0.3176895,0.12511995,0.20459712,0.35337228,0.30459034,0.58715475,0.9227237,0.5353395,0.011881137,0.81881315,0.8994143,0.6925424,0.10225751,0.21108325,0.7376208,0.7377309,0.45564333,0.06814569,0.914987,0.9740182,0.08909551,0.3810925,0.41494945,0.12894934,0.08820522,0.92853236
10,184,9,visual,0.1993795,0.23754573,0.29713044,0.1029466,0.06684377,0.294237,0.30600032,0.66895586,0.94551337,0.57452124,0.051917396,0.8901389,0.93519425,0.7533396,0.26899266,0.3063068,0.7205967,0.7554834,0.5008209,0.09406398,0.945615,0.99016094,0.20705777,0.48238784,0.5013421,0.071638204,0.07159076,0.9439415
10,184,10,visual,0.14383358,0.2785676,0.3143578,0.14346996,0.096403874,0.3181946,0.32358664,0.6978588,0.8816434,0.39882597,0.2575378,0.84526616,0.88028044,0.8337393,0.55774796,0.25542027,0.82460386,0.8075692,0.41127574,0.31151587,0.9515255,0.9833911,0.22147723,0.40628785,0.3858304,0.34577453,0.29968745,0.9484434
10,184,11,visual,0.1823721,0.14589283,0.3141974,0.01620193,0.09007784,0.30806544,0.31337923,0.586709,0.89122206,0.50237453,0.09493236,0.85702014,0.9021189,0.60311383,0.2848475,0.13005966,0.6431625,0.6333343,0.4358458,0.086187504,0.90820473,0.98241365,0.18032522,0.42890403,0.4367418,0.10750432,0.1236916,0.9216707
10,184,12,visual,0.21929206,0.30027598,0.37600985,0.019637918,0.105327174,0.35938832,0.3706412,0.6923731,0.83423334,0.50754553,0.20804365,0.7535146,0.8385905,0.7785635,0.29313454,0.28977388,0.7359879,0.7650415,0.47114706,0.27227098,0.8978208,0.98734474,0.0908472,0.3887557,0.47257245,0.3579552,0.26161024,0.9074763
10,184,13,visual,0.31097916,0.39468193,0.429217,0.08622366,0.04721677,0.42433885,0.4307934,0.71194273,0.9042422,0.40010315,0.08725082,0.8591824,0.91026753,0.79804003,0.36037657,0.09901095,0.81024003,0.78530294,0.34084076,0.068503276,0.95437694,0.99435043,0.23717178,0.33564103,0.3481841,0.07465847,0.06627691,0.9605355
10,184,14,visual,0.3741044,0.5265628,0.489885,0.26321393,0.07035661,0.523669,0.49560016,0.62638587,0.9041757,0.37618712,0.07875885,0.85587996,0.9069535,0.7018874,0.52023846,0.07850796,0.6750487,0.69795096,0.35873616,0.0673331,0.9517229,0.9885204,0.11066859,0.31661472,0.33813858,0.10688566,0.09285229,0.9672803
10,184,15,visual,0.5921449,0.7757876,0.6979153,0.5871538,0.25620443,0.74273074,0.6912399,0.74194425,0.9387766,0.51906997,0.28311992,0.8521201,0.9414028,0.829692,0.73140925,0.33118594,0.893878,0.8409706,0.5750938,0.32706976,0.93063956,0.98850775,0.36347666,0.6307387,0.5894722,0.32822752,0.33870095,0.9293145
10,185,1,visual,0.38661754,0.6112379,0.52444935,0.27614918,0.15476263,0.51529664,0.539119,0.6433257,0.92044866,0.4471491,0.17572354,0.8411287,0.90774566,0.72970146,0.4333727,0.2490443,0.7506659,0.73417693,0.40357006,0.20235154,0.9219148,0.9896052,0.10263087,0.39673686,0.39993244,0.26117873,0.19737235,0.9321534
10,185,2,visual,0.4379582,0.4918818,0.5614307,0.33827138,0.22065678,0.55156595,0.56001955,0.76501393,0.9234729,0.37481058,0.23024565,0.85267025,0.9267525,0.8511755,0.5469604,0.37932137,0.8875102,0.84639716,0.39313614,0.25184485,0.93176603,0.99290663,0.22283442,0.43708658,0.38738033,0.2824846,0.23855513,0.9349463
10,185,3,visual,0.34097335,0.38981962,0.4648622,0.24159996,0.21135406,0.44906923,0.46693933,0.6706392,0.9024793,0.41735423,0.2417645,0.88230354,0.8985401,0.7390873,0.27830616,0.42600486,0.7631257,0.73065823,0.34912202,0.29772943,0.95558864,0.9883262,0.21428102,0.3335767,0.33728766,0.3712619,0.3109202,0.9519936
10,185,4,visual,0.227499,0.33765426,0.3526754,0.060642283,0.22192572,0.35248017,0.36435556,0.6793283,0.92031133,0.43361342,0.31033322,0.880556,0.9162971,0.76241255,0.26698133,0.4978159,0.7987996,0.780968,0.38243738,0.42551368,0.9437971,0.9819138,0.23913151,0.34458,0.35775295,0.46844628,0.42640442,0.9431507
10,185,5,visual,0.1903144,0.31208965,0.3382033,0.06762292,0.12570854,0.34888154,0.35637316,0.53972054,0.91197586,0.5366581,0.09556444,0.8774239,0.89878803,0.62752527,0.37932494,0.27111536,0.6294012,0.6136901,0.4782903,0.15238085,0.9646,0.9933112,0.09501258,0.45906833,0.4738303,0.15889046,0.15810198,0.96647483
10,185,6,visual,0.23222087,0.34492669,0.4092728,0.15097962,0.3317172,0.4353895,0.41512004,0.6340951,0.89447033,0.41160938,0.22722729,0.8077816,0.8853021,0.7565857,0.56418496,0.19691691,0.78362745,0.75146824,0.4132554,0.26555696,0.94266856,0.99027663,0.2346133,0.42645875,0.40095675,0.27114946,0.24469982,0.9465847
10,185,7,visual,0.18523937,0.3016625,0.35554516,0.18924136,0.042299766,0.32810852,0.34607983,0.68434453,0.8855143,0.37369552,0.18410443,0.8409801,0.89329356,0.78747773,0.5318155,0.3359493,0.86378753,0.8173366,0.38745716,0.18254794,0.92174953,0.98120785,0.323395,0.41243193,0.3890508,0.23630254,0.20453487,0.93203145
10,185,8,visual,0.28719676,0.4027975,0.45207384,0.18914102,0.23418207,0.46971664,0.45575777,0.5921439,0.8170785,0.44942158,0.25143597,0.80435944,0.8274974,0.769733,0.38244092,0.2613727,0.7839189,0.75009894,0.36862394,0.30927557,0.9527401,0.97647727,0.14860126,0.34414563,0.37662458,0.3311097,0.32584143,0.9618126
10,185,9,visual,0.21700391,0.30594066,0.3263534,0.12583359,0.08420961,0.29937968,0.3220688,0.5592697,0.9373609,0.64429545,0.17125149,0.90666807,0.9308311,0.6502864,0.27549163,0.22419098,0.6593816,0.6651763,0.58264613,0.15222804,0.95703727,0.99141765,0.13414665,0.6012511,0.5887251,0.22689702,0.1733689,0.96573853
10,185,10,visual,0.26303673,0.26773754,0.37723136,0.12525761,0.09167117,0.3800241,0.36189365,0.6356084,0.95170164,0.7127659,0.14050369,0.9107034,0.9548581,0.6974472,0.43175867,0.08496172,0.7149545,0.6984444,0.6450942,0.15783738,0.9469887,0.99315304,0.21123931,0.6106688,0.6484433,0.16684967,0.14151372,0.9488423
10,185,11,visual,0.18216711,0.27593702,0.35312226,0.08677264,0.15087608,0.37416315,0.3593398,0.52292997,0.9010263,0.4446295,0.14606872,0.837816,0.88201934,0.6421948,0.2721155,0.37160027,0.67047316,0.65677416,0.42400602,0.2598822,0.96050495,0.9914761,0.16018872,0.37185767,0.4006337,0.34982288,0.27742338,0.9688138
10,185,12,visual,0.24452177,0.23900495,0.3710319,0.031407423,0.119883224,0.35896918,0.36504298,0.5045773,0.9207338,0.47515795,0.07978802,0.88811684,0.9223703,0.59783226,0.24840541,0.21279617,0.5978978,0.5771292,0.39640877,0.08019419,0.9507173,0.986268,0.20507044,0.3455518,0.40285888,0.13604918,0.06983373,0.94162464
10,185,13,visual,0.24808931,0.3556345,0.3845651,0.1476807,0.13318218,0.38665965,0.3831376,0.67695415,0.89176625,0.44258645,0.4377414,0.8805683,0.8988868,0.7898701,0.46441028,0.61512613,0.7768361,0.780642,0.38856527,0.43569055,0.93461555,0.9938673,0.49051327,0.40522614,0.3885597,0.4594857,0.4209002,0.942816
10,185,14,visual,0.2402276,0.2862706,0.3669601,0.13963409,0.2853327,0.35818973,0.36562458,0.70347893,0.91954136,0.53995204,0.038546678,0.85746056,0.9210914,0.7567883,0.29043248,0.13481545,0.7148993,0.72448313,0.5388581,0.117517166,0.9140318,0.9894933,0.13576122,0.49213204,0.55755454,0.11872418,0.10669771,0.9165141
10,185,15,visual,0.23291793,0.258878,0.36519715,0.075944304,0.13653347,0.3769777,0.38241217,0.49584144,0.8906885,0.48033327,0.17540522,0.82852393,0.8684513,0.6011118,0.39342773,0.18123569,0.5911475,0.6170227,0.41323245,0.19872832,0.9372228,0.98819613,0.25612354,0.4101907,0.41043147,0.22639117,0.19063996,0.9472755
10,186,1,visual,0.1817516,0.187672,0.26763642,0.05803509,0.06695282,0.26174602,0.26860845,0.5333436,0.9406447,0.48382634,0.14976439,0.87646747,0.93560123,0.5566924,0.31775486,0.1876259,0.4906393,0.5602664,0.4817431,0.089908235,0.92356664,0.9865173,0.22001214,0.5174167,0.51168495,0.09906012,0.08925368,0.94344586
10,186,2,visual,0.20723067,0.16586861,0.3146655,0.14950144,0.048995573,0.28385192,0.31049147,0.6412638,0.91172415,0.41406772,0.2902123,0.88419473,0.9158729,0.6148774,0.48492357,0.33743438,0.6108466,0.6428692,0.35447612,0.27843058,0.9157715,0.98856056,0.2651368,0.35088253,0.3600712,0.3200568,0.2937128,0.924815
10,186,3,visual,0.35322914,0.43442416,0.4937858,0.19738682,0.11071698,0.48829904,0.50392705,0.6622527,0.8899865,0.40273392,0.1527167,0.862399,0.8878188,0.7542124,0.56826884,0.2855516,0.7793562,0.7622317,0.4106465,0.1732359,0.9553656,0.98961645,0.19951446,0.4332106,0.41673863,0.17308386,0.16035818,0.9578672
10,186,4,visual,0.40858987,0.473879,0.5259132,0.27969643,0.17183013,0.5318711,0.5234621,0.692724,0.91182405,0.46018165,0.29155216,0.8736799,0.8988017,0.7809171,0.4829963,0.24317262,0.81916535,0.7989521,0.41201833,0.21677372,0.9681277,0.9919062,0.38791493,0.42167675,0.41320404,0.21648744,0.21963428,0.9696929
10,186,5,visual,0.2419523,0.3353666,0.3879133,0.10447505,0.13991949,0.35872537,0.38475472,0.6747628,0.9119339,0.5066749,0.29822314,0.84953225,0.9176489,0.7610116,0.20185427,0.43901813,0.79707026,0.7667259,0.440635,0.34384668,0.9315526,0.99088603,0.11869751,0.36796936,0.45135802,0.35104018,0.3273301,0.9352063
10,186,6,visual,0.26921725,0.37657386,0.3880361,0.070918255,0.13213694,0.36525908,0.3908803,0.56509095,0.95082337,0.5667998,0.11412687,0.8875302,0.9382182,0.64167786,0.22692767,0.18339282,0.59858185,0.64511883,0.50161535,0.13087185,0.9242421,0.98268497,0.066726975,0.43456852,0.49525332,0.1045694,0.14645149,0.9214667
10,186,7,visual,0.20766078,0.2537828,0.3391309,0.10278251,0.13353886,0.34619468,0.33116236,0.591834,0.9187986,0.5599973,0.11730822,0.90776783,0.9228668,0.61745083,0.22962563,0.2163531,0.5988713,0.615201,0.5002001,0.035247497,0.980872,0.9924301,0.15661836,0.48601973,0.49769223,0.0415674,0.044700477,0.9759874
10,186,8,visual,0.39766008,0.50254285,0.49791193,0.2688209,0.2522627,0.5271806,0.4927864,0.6991962,0.9080085,0.47099647,0.3041368,0.85504764,0.9066198,0.7299723,0.45431596,0.40442672,0.6908327,0.71053773,0.41822454,0.3406299,0.93125314,0.98971456,0.28327385,0.38383144,0.4239216,0.37728068,0.3379977,0.9387169
10,186,9,visual,0.30607736,0.36387354,0.4180981,0.19659838,0.08618549,0.4002198,0.41796565,0.7246295,0.93181366,0.46895704,0.09579427,0.8934112,0.92364764,0.77875364,0.53050846,0.08688111,0.7589175,0.7658852,0.42321754,0.05140674,0.9403365,0.9839785,0.16658352,0.42080036,0.43651584,0.029631654,0.039261162,0.95807767
10,186,10,visual,0.28108987,0.3525469,0.40184698,0.21746135,0.118301,0.39199072,0.39462012,0.75157505,0.9080443,0.36900955,0.15504928,0.83495826,0.9146655,0.81972945,0.6339891,0.24722046,0.8628832,0.8171664,0.44106713,0.16485012,0.93288684,0.99247867,0.14190711,0.48970702,0.4203875,0.2052503,0.16078147,0.92577285
10,186,11,visual,0.1799362,0.27758577,0.3262276,0.10916156,0.048897725,0.33456892,0.31722194,0.7488933,0.86875015,0.41217968,0.16117305,0.8283505,0.8670046,0.84371257,0.5295121,0.16279471,0.7987087,0.8406199,0.39612943,0.17905498,0.9350917,0.9862125,0.12948208,0.3290771,0.3803853,0.20504299,0.17311586,0.94396716
10,186,12,visual,0.2815433,0.40952393,0.38937697,0.259265,0.13288487,0.3864891,0.39680564,0.6761128,0.91463685,0.52079326,0.07141913,0.8505853,0.89869505,0.7376041,0.41528177,0.18169731,0.73282635,0.739741,0.46652818,0.07974327,0.9516911,0.99264157,0.18706268,0.4526842,0.45922154,0.12755162,0.09405446,0.95557016
10,186,13,visual,0.22122669,0.2112523,0.29974878,0.1394827,0.06047945,0.2996124,0.30760172,0.4988874,0.8854427,0.48171997,0.30300218,0.8342028,0.89041674,0.51914597,0.21947035,0.35378373,0.530511,0.5251024,0.47431362,0.35982814,0.9498004,0.9919336,0.28373185,0.44989097,0.46563783,0.3740272,0.35281911,0.9456227
10,186,14,visual,0.14974874,0.25197697,0.3054461,0.013326267,0.26818198,0.299634,0.29667303,0.55652106,0.9078623,0.60679793,0.2662348,0.85863173,0.8980945,0.62263954,0.23691185,0.48192316,0.5665126,0.63006383,0.5329194,0.25194594,0.9353766,0.9938402,0.08278948,0.48289865,0.5203461,0.28394377,0.25735596,0.95253664
10,186,15,visual,0.32974,0.39837492,0.4804368,0.18937851,0.23697403,0.48008832,0.4689771,0.65155894,0.8764602,0.36675015,0.31086367,0.83429784,0.88752174,0.7986616,0.4904103,0.6358089,0.81850004,0.7873506,0.38330975,0.4230829,0.9360655,0.98785645,0.35866338,0.45725742,0.39662823,0.4714145,0.42731184,0.9381754
10,187,1,visual,0.21527454,0.36268908,0.3708693,0.06396654,0.14412692,0.36400208,0.36899534,0.6750263,0.8988914,0.5203222,0.20181322,0.8086983,0.88911116,0.7611857,0.18664813,0.26122102,0.7969862,0.77746344,0.39640623,0.17797011,0.8987593,0.9689496,0.11149736,0.28531644,0.3791356,0.18609604,0.16562524,0.9301535
10,187,2,visual,0.14241087,0.29375237,0.25153995,0.10784773,0.13772625,0.22796057,0.250796,0.73655325,0.9513483,0.6163916,0.16019286,0.89770806,0.9478986,0.76648307,0.4154761,0.28854537,0.7742959,0.7703605,0.57423896,0.19766006,0.93117905,0.9944257,0.06330298,0.49837083,0.5752954,0.2545086,0.21261328,0.93914485
10,187,3,visual,0.4900039,0.5141904,0.55498564,0.3943792,0.07371367,0.54828274,0.54882956,0.75131804,0.9426385,0.76387703,0.0575931,0.9048784,0.94597507,0.8301718,0.48168188,0.16835727,0.8336415,0.82302403,0.6786905,0.06614822,0.9664171,0.997045,0.13318267,0.6609216,0.6818624,0.0934111,0.054973677,0.9675736
10,187,4,visual,0.13987744,0.14337476,0.24596782,0.16747506,0.045868304,0.24180926,0.25331867,0.6833684,0.9278559,0.6252286,0.036704596,0.87867004,0.9189447,0.7176818,0.50319475,0.15088981,0.70428205,0.7222092,0.6553952,0.04205968,0.95689094,0.9890612,0.16232254,0.6043203,0.64538294,0.085828185,0.03328313,0.9567838
10,187,5,visual,0.18978259,0.32092717,0.31130716,0.022990268,0.048777353,0.31741586,0.31016824,0.5620988,0.95627034,0.65470856,0.13348076,0.86999035,0.9385521,0.64403075,0.20370382,0.31395313,0.65450513,0.65242845,0.59125775,0.1290602,0.9194296,0.9837182,0.24404658,0.5092993,0.5680772,0.23103204,0.15184148,0.9320265
10,187,6,visual,0.15823637,0.268863,0.30523473,0.12553836,0.19881238,0.3332502,0.31747603,0.5361852,0.9303037,0.78416455,0.11388046,0.8613247,0.9206899,0.6305131,0.3704478,0.39926603,0.60355276,0.6626405,0.7544252,0.15695594,0.9440604,0.9815208,0.08094141,0.66028684,0.7370875,0.15347145,0.17467675,0.92961013
10,187,7,visual,0.2079586,0.22618394,0.32235044,0.08179358,0.05556072,0.32420644,0.32502744,0.64853483,0.91261536,0.610162,0.11817592,0.8282743,0.9060685,0.6801791,0.3510947,0.16891587,0.71502525,0.7173456,0.5369533,0.115523174,0.9033088,0.9806052,0.09372173,0.50420815,0.54180074,0.13644403,0.109349445,0.9324243
10,187,8,visual,0.2066536,0.23844342,0.29659015,0.051090498,0.108209215,0.30401233,0.2906268,0.6086141,0.9099445,0.6246509,0.09762891,0.8465891,0.91065025,0.67891765,0.4204596,0.24592857,0.69208926,0.68250906,0.6096124,0.12721284,0.92666364,0.9923131,0.10650617,0.5904676,0.6132085,0.17911634,0.1343707,0.94059604
10,187,9,visual,0.20773935,0.21351573,0.31816244,0.14011514,0.07798859,0.35729608,0.31649178,0.6411994,0.9287677,0.61728406,0.066931374,0.8666015,0.92957896,0.7259499,0.51957214,0.10829057,0.7207814,0.7291744,0.5662377,0.07765168,0.93599576,0.9952434,0.19791545,0.5444603,0.56913114,0.07624723,0.07535722,0.9443691
10,187,10,visual,0.24516658,0.28895214,0.35262713,0.12706116,0.32356548,0.38482752,0.3552687,0.7350431,0.9343483,0.66145265,0.11289408,0.8680287,0.9387097,0.77203226,0.41951236,0.24056412,0.7747555,0.76805794,0.6038107,0.1471186,0.91790533,0.9897044,0.07793124,0.5381675,0.61471283,0.23316503,0.14552802,0.9252964
10,187,11,visual,0.19930175,0.2910582,0.30727327,0.11758312,0.11479792,0.34621045,0.32816067,0.7379725,0.93235797,0.6020725,0.13457578,0.873784,0.92162436,0.8086184,0.39322296,0.26722082,0.80379766,0.8057879,0.53055316,0.16181369,0.9365043,0.98961675,0.27204105,0.46611384,0.51607406,0.16001917,0.14433701,0.9536584
10,187,12,visual,0.2118445,0.37845764,0.3700547,0.121250615,0.1864811,0.3885593,0.37786818,0.759905,0.9254559,0.3910748,0.19903125,0.87453973,0.9034916,0.851643,0.34684122,0.3260567,0.86670375,0.861506,0.35806516,0.25684068,0.95883197,0.9797691,0.2438855,0.34292963,0.35549712,0.29429242,0.24565125,0.95441383
10,187,13,visual,0.23940316,0.40225768,0.38792026,0.10231712,0.041678756,0.39257017,0.38138783,0.7455517,0.9140351,0.50624615,0.107688665,0.86055833,0.92057663,0.8186359,0.3948244,0.10618666,0.8010193,0.8206186,0.43446565,0.09073334,0.93815446,0.9882508,0.12421985,0.38674566,0.44271493,0.06914555,0.09903671,0.9382745
10,187,14,visual,0.18981709,0.2669644,0.30390507,0.07022077,0.031396586,0.3175462,0.30881616,0.797525,0.9393384,0.5020172,0.15424475,0.8761251,0.92156035,0.8217788,0.49180686,0.25966012,0.7967083,0.7792395,0.44850308,0.1555213,0.9237721,0.95917857,0.31848997,0.43760598,0.45464164,0.07150813,0.11551397,0.91023296
10,187,15,visual,0.15415812,0.23092026,0.26611087,0.12569287,0.07345488,0.23617683,0.26060596,0.7537659,0.92098165,0.5828325,0.11333536,0.8452749,0.90114754,0.7801971,0.41494536,0.28800666,0.82056904,0.8127651,0.5151979,0.14574292,0.88620776,0.9831253,0.263095,0.44097278,0.48442876,0.25087583,0.1857584,0.9099809
10,188,1,visual,0.25927654,0.3528561,0.42870873,0.14393799,0.21627603,0.43834707,0.42179438,0.63582087,0.8981809,0.3576501,0.20729157,0.846631,0.89063317,0.726963,0.3223885,0.15992546,0.6947085,0.7347373,0.32928482,0.26044235,0.9543288,0.9929423,0.429794,0.33578318,0.34743562,0.28410742,0.25722253,0.9560099
10,188,2,visual,0.32732534,0.40318415,0.4697847,0.16616659,0.1892568,0.4918289,0.46170416,0.6698542,0.93727654,0.5149363,0.2641281,0.8847115,0.9416325,0.70896584,0.41785666,0.31612036,0.69111633,0.7008162,0.4692897,0.31948727,0.9239641,0.9935885,0.32996693,0.45283538,0.4718172,0.32748285,0.3052427,0.9308693
10,188,3,visual,0.70479715,0.6778671,0.75819093,0.6429113,0.45030096,0.7623372,0.75623715,0.8099205,0.96138906,0.5632414,0.44262755,0.9425229,0.95913005,0.8158714,0.5703198,0.6348942,0.83610284,0.8201521,0.54718167,0.4384815,0.9867766,0.9986557,0.34977648,0.55031484,0.5467447,0.45960784,0.44353318,0.98743427
10,188,4,visual,0.53796315,0.65821093,0.66064054,0.520616,0.10889989,0.6451984,0.65809107,0.8273538,0.9013027,0.5666039,0.11503212,0.85429144,0.88882977,0.9197567,0.6494058,0.1817783,0.89723486,0.9111245,0.57928354,0.1952661,0.9531332,0.9818997,0.24860206,0.6233195,0.5890186,0.2571653,0.22379929,0.96718645
10,188,5,visual,0.7328038,0.8848499,0.8168311,0.7715013,0.5292243,0.82062614,0.81969905,0.87564194,0.9509065,0.6570871,0.5238413,0.9270907,0.95104754,0.9341688,0.7940169,0.58402526,0.92220104,0.93346256,0.69911724,0.5272413,0.9788094,0.9988187,0.46806568,0.72685206,0.6958081,0.5342788,0.5283145,0.9781595
10,188,6,visual,0.63998246,0.76433307,0.73713344,0.49175102,0.27589163,0.6954425,0.70977414,0.7775337,0.92639697,0.46774343,0.38470215,0.9035845,0.927173,0.86200446,0.58775204,0.41645148,0.85028946,0.8571462,0.48200804,0.37115362,0.9574607,0.98780894,0.23441477,0.4659787,0.46776393,0.40506846,0.38012144,0.958727
10,188,7,visual,0.7446403,0.84655523,0.8088168,0.7005027,0.34744668,0.80191195,0.80556166,0.8768034,0.9616781,0.60910964,0.44808796,0.9466025,0.9618026,0.9058676,0.67675406,0.4099698,0.8892183,0.9028456,0.6321385,0.41833207,0.9708475,0.9969612,0.36742318,0.6559543,0.6251589,0.41758043,0.42672896,0.9703666
10,188,8,visual,0.28216258,0.357796,0.39300722,0.11888927,0.07358126,0.3642617,0.4129123,0.7137885,0.89866096,0.49527088,0.19614983,0.8426005,0.8902416,0.7904982,0.38647237,0.053067442,0.74592596,0.74904835,0.44036946,0.18578771,0.9021228,0.97257763,0.10693875,0.42829975,0.46898207,0.3036472,0.22477978,0.91800714
10,188,9,visual,0.25265324,0.30242833,0.4124506,0.1407923,0.15553124,0.3898736,0.42202815,0.6618339,0.8919963,0.53768456,0.2550204,0.83566946,0.88563716,0.7814464,0.22894157,0.33007184,0.744474,0.7750869,0.42578027,0.2736036,0.92599136,0.9877059,0.27772588,0.34263197,0.4193688,0.2705538,0.25927037,0.93451077
10,188,10,visual,0.24240537,0.39530715,0.41469112,0.12530088,0.1560959,0.39916843,0.40814108,0.706081,0.8816592,0.35453263,0.03898926,0.8362063,0.8849921,0.83978593,0.4128341,0.14309838,0.7996684,0.8434516,0.34986934,0.0932691,0.91209465,0.98510194,0.2668399,0.3326109,0.33631167,0.06624499,0.09677272,0.9225066
10,188,11,visual,0.2601784,0.2475146,0.35385656,0.08534511,0.14368731,0.33529934,0.3415946,0.7678139,0.9287619,0.4275765,0.10809526,0.8690659,0.9243228,0.8201523,0.51322865,0.12063818,0.79074216,0.8170463,0.36696145,0.1204024,0.9073925,0.99069476,0.16665639,0.37591097,0.36505368,0.13333663,0.12597592,0.9171954
10,188,12,visual,0.1582514,0.20101844,0.25472665,0.09094377,0.16308568,0.33741948,0.267277,0.80148184,0.9083804,0.5142469,0.14776284,0.805739,0.9079813,0.84753007,0.4398234,0.2629828,0.76405746,0.8396543,0.41363174,0.24930045,0.90679127,0.98979133,0.1708201,0.34620586,0.42449492,0.3408156,0.261649,0.91953576
10,188,13,visual,0.29649276,0.3709415,0.40564698,0.07610872,0.13799348,0.41447097,0.41426185,0.71971345,0.93091923,0.43099147,0.15648872,0.86663777,0.92125523,0.7481601,0.2937145,0.22023067,0.7273875,0.7560388,0.40338686,0.17796679,0.898201,0.9713825,0.20286672,0.33876258,0.3669394,0.19087584,0.18007307,0.9226939
10,188,14,visual,0.3267868,0.39239904,0.45290926,0.13782366,0.19815576,0.41990775,0.43288508,0.6127917,0.88513494,0.40213653,0.18595393,0.8516283,0.8906261,0.74796695,0.5483668,0.13766144,0.7568368,0.7487642,0.37180755,0.17878443,0.92878747,0.9855288,0.12929165,0.36941087,0.3588342,0.18584816,0.15494578,0.93706447
10,188,15,visual,0.30353752,0.3143776,0.40617436,0.15305352,0.3249515,0.37507883,0.40373245,0.7887284,0.9137207,0.38721824,0.33873716,0.83557916,0.93134224,0.90251154,0.4360941,0.50592875,0.8811856,0.87894464,0.40961587,0.44932815,0.931815,0.9859138,0.4573191,0.43657565,0.4039542,0.5335727,0.44990906,0.9257259
10,189,1,visual,0.1881069,0.21853293,0.27348804,0.11745801,0.08428136,0.25974193,0.27769583,0.6854346,0.9511117,0.52461606,0.016456379,0.90021056,0.95215046,0.7455135,0.47779965,0.31397715,0.7394512,0.72992545,0.5507989,0.03587029,0.95255196,0.99421704,0.20261905,0.5257963,0.5611895,0.11878473,0.03016223,0.95316356
10,189,2,visual,0.25567898,0.29495776,0.37590504,0.044991538,0.21149501,0.38608745,0.375335,0.76507586,0.9304958,0.58988845,0.10787515,0.860708,0.9238548,0.803065,0.3038991,0.118974715,0.8128482,0.80316496,0.55288994,0.12528133,0.9366196,0.9888053,0.02698844,0.47865784,0.54162586,0.2195889,0.14015125,0.94738275
10,189,3,visual,0.35885876,0.43857443,0.46066228,0.17823078,0.17212811,0.43184984,0.45417282,0.71827275,0.93932754,0.59381545,0.11629837,0.8972333,0.9379097,0.79797226,0.32528234,0.1790261,0.7768021,0.7978003,0.52418166,0.095128566,0.9447084,0.99422336,0.07875557,0.48709524,0.52829903,0.14718293,0.09915457,0.9477273
10,189,4,visual,0.20878549,0.3251946,0.33055845,0.15959485,0.17850125,0.35928702,0.33490798,0.7467019,0.9002941,0.64952725,0.14093405,0.8745677,0.9001226,0.79370713,0.4985557,0.23237862,0.80507857,0.7988194,0.72766423,0.17072886,0.9549439,0.9971205,0.048391018,0.6616793,0.7224989,0.23054276,0.18472213,0.9619735
10,189,5,visual,0.2455399,0.33088192,0.30898333,0.21877423,0.07690698,0.307477,0.3323523,0.70009243,0.9690736,0.6700918,0.05378667,0.91082984,0.96472913,0.73017853,0.2964103,0.119180396,0.7380596,0.7380452,0.6440688,0.04240982,0.937108,0.99330914,0.13183498,0.58116907,0.6370775,0.08545566,0.038388822,0.94121933
10,189,6,visual,0.22376314,0.32198507,0.3609869,0.115111664,0.23692054,0.32831168,0.3504641,0.6413908,0.90494907,0.45820943,0.14406784,0.8631878,0.9190968,0.7594742,0.30751848,0.42518035,0.7854953,0.75067306,0.3876926,0.17752376,0.92548966,0.9817804,0.15488428,0.35724387,0.4038993,0.24213438,0.17337176,0.9252865
10,189,7,visual,0.16621713,0.31238806,0.34096083,0.06723361,0.13140911,0.31190795,0.3300436,0.6573253,0.88412964,0.511661,0.1657146,0.8548648,0.90237886,0.731536,0.19801657,0.23674598,0.7722302,0.7272526,0.4253734,0.1383261,0.92560345,0.975766,0.12714235,0.37118763,0.4295821,0.2225254,0.15020902,0.939484
10,189,8,visual,0.18169202,0.27027717,0.33542854,0.113507375,0.21982546,0.3727315,0.33456087,0.68330115,0.9275208,0.6359519,0.13829933,0.8815428,0.9308864,0.7689339,0.32678002,0.32243717,0.7808765,0.7638682,0.6053587,0.17587337,0.9490686,0.99446654,0.13686262,0.5780763,0.60404783,0.20455986,0.16615699,0.946704
10,189,9,visual,0.22316961,0.32037073,0.3683969,0.09209224,0.12862758,0.37691423,0.35844472,0.70159334,0.90271765,0.43101516,0.14329933,0.86720455,0.9009225,0.8113155,0.38481718,0.11841318,0.7602089,0.7902695,0.37602955,0.14415461,0.94404256,0.9875541,0.18417713,0.38451248,0.3887236,0.18438019,0.14075004,0.953684
10,189,10,visual,0.5064885,0.64885885,0.60631007,0.49221945,0.26901877,0.61959565,0.5960455,0.79779935,0.93554616,0.50704986,0.28923845,0.9069707,0.93370366,0.83471036,0.6221622,0.318566,0.8451403,0.8300707,0.5164181,0.313057,0.96197206,0.9874088,0.21938854,0.533092,0.5218311,0.2697192,0.30928668,0.95928544
10,189,11,visual,0.16922984,0.3008122,0.32978374,0.11544984,0.0949762,0.3189794,0.32389906,0.7054962,0.90568185,0.53686243,0.24477066,0.85438436,0.90775067,0.77343374,0.39277917,0.26698297,0.7296225,0.7708125,0.47128537,0.22449912,0.93562835,0.9886429,0.31965134,0.4683659,0.4678009,0.2630202,0.21073008,0.94846976
10,189,12,visual,0.12859568,0.12792191,0.24684766,0.025230689,0.11577067,0.2299572,0.23367646,0.698912,0.90972,0.60936475,0.12536536,0.8756163,0.92647946,0.7666007,0.49154764,0.20325355,0.6888974,0.7417873,0.54695493,0.16291933,0.90533614,0.9718121,0.18335801,0.5002219,0.57370317,0.15682831,0.1347191,0.9209254
10,189,13,visual,0.25943765,0.4509352,0.3836273,0.14093982,0.04537694,0.36171213,0.37781993,0.71824926,0.90823555,0.4545326,0.14257684,0.8527083,0.911449,0.7980797,0.38361886,0.16140127,0.7730893,0.8085766,0.37804192,0.13730742,0.91729,0.9814458,0.22669937,0.40607777,0.38965315,0.18544821,0.14655745,0.9364087
10,189,14,visual,0.25397322,0.2639404,0.32353702,0.17878614,0.11429968,0.29880875,0.33400285,0.65943176,0.87058914,0.55872655,0.15058993,0.872904,0.9368782,0.76472914,0.34344792,0.20259817,0.818877,0.7326462,0.49753922,0.06565714,0.89838046,0.9284274,0.18069178,0.45435426,0.50755894,0.15426056,0.14096786,0.92395526
10,189,15,visual,0.27173465,0.2900974,0.36082098,0.11178989,0.10138861,0.34318054,0.3465912,0.77825946,0.95759636,0.56569296,0.1693681,0.8849032,0.94023246,0.79326445,0.3537197,0.23754142,0.7733587,0.8108149,0.5535406,0.1596173,0.9312919,0.9784815,0.17221765,0.55309474,0.57007307,0.22775249,0.17500693,0.94865495
10,190,1,visual,0.2728048,0.3644502,0.3416603,0.119218305,0.06304327,0.37214562,0.31106892,0.6693791,0.94272983,0.40238172,0.12500139,0.89909714,0.9490164,0.76065344,0.41494223,0.26517802,0.75178975,0.7718956,0.34670028,0.16445273,0.9429994,0.983544,0.34311748,0.34707308,0.36769313,0.17920724,0.1555074,0.9302947
10,190,2,visual,0.3264175,0.43450585,0.42829514,0.05878889,0.22535865,0.4469455,0.4291539,0.7211139,0.9161113,0.53776383,0.07031795,0.88957405,0.9281428,0.81951165,0.33259344,0.24260785,0.8209857,0.79364455,0.46243265,0.13135123,0.9574813,0.98633486,0.14977874,0.45738363,0.46779987,0.19811545,0.14731209,0.9570297
10,190,3,visual,0.25747707,0.4283035,0.39588794,0.07450635,0.29987442,0.33729514,0.3882867,0.65792716,0.9267391,0.4866647,0.26961002,0.90566957,0.9348383,0.7557996,0.28220367,0.46845347,0.7272802,0.7477651,0.40517986,0.30876887,0.92700374,0.979082,0.2717633,0.39028776,0.40418652,0.326514,0.30481663,0.9401512
10,190,4,visual,0.23177238,0.37132782,0.40566564,0.14055176,0.13375099,0.42606395,0.38878804,0.74770916,0.8828562,0.3879078,0.16053627,0.8237214,0.8942615,0.85366017,0.42395663,0.25647563,0.8085944,0.8441548,0.33894694,0.16197968,0.92787945,0.9945682,0.11385633,0.32265165,0.34432474,0.13821441,0.14593038,0.92905366
10,190,5,visual,0.39035973,0.49124676,0.5210289,0.2193674,0.07925829,0.49779895,0.5255097,0.8664234,0.9057674,0.5141324,0.06759942,0.8613646,0.91735613,0.90747154,0.42779294,0.14907664,0.90192056,0.92252517,0.4310876,0.14247426,0.9461988,0.9886005,0.11100316,0.37414822,0.42222258,0.13413416,0.12715885,0.9495718
10,190,6,visual,0.16329561,0.23299745,0.33360508,0.04628775,0.089532666,0.3377892,0.32145244,0.6193281,0.88055617,0.56225395,0.16558793,0.8633008,0.8889973,0.695339,0.3812473,0.07134324,0.7149506,0.7097137,0.47529963,0.07685379,0.97053856,0.98929495,0.15446493,0.47103053,0.49960902,0.06747197,0.0657369,0.97700053
10,190,7,visual,0.27580664,0.32742295,0.4274932,0.13195416,0.23363253,0.3869445,0.41412622,0.61158985,0.9194866,0.55665034,0.24313514,0.88902086,0.92262626,0.63179076,0.32286182,0.4564448,0.69314307,0.6372031,0.5265565,0.24102445,0.94113684,0.9893248,0.26673597,0.51897424,0.5233915,0.27495503,0.21346477,0.9446944
10,190,8,visual,0.25966612,0.33062217,0.40503964,0.09134346,0.08567045,0.406517,0.40164658,0.57105255,0.8998275,0.5362501,0.23426437,0.83250374,0.9000588,0.69058776,0.28839642,0.29632172,0.7466148,0.6911973,0.42281935,0.21203353,0.93257654,0.9918482,0.14029773,0.3594904,0.42588368,0.3067001,0.22766268,0.9417782
10,190,9,visual,0.44060838,0.55020213,0.55104995,0.2816745,0.09662564,0.5635289,0.5605573,0.73980707,0.90595967,0.38237542,0.2982857,0.8513845,0.90131456,0.862728,0.58862275,0.4119099,0.84681433,0.8567794,0.47114602,0.36048713,0.9199274,0.98007214,0.3494724,0.45422658,0.43395653,0.346272,0.36013782,0.94399023
10,190,10,visual,0.27962837,0.30373836,0.38923717,0.13268736,0.2756203,0.33729964,0.3870997,0.7472253,0.9183636,0.4453505,0.084758736,0.8831355,0.92401296,0.77162725,0.31292427,0.17528681,0.66807103,0.7822445,0.39823878,0.16368705,0.91292894,0.99488634,0.21529526,0.42692015,0.387541,0.14206184,0.15820439,0.9115822
10,190,11,visual,0.3528729,0.40793324,0.41904125,0.1938137,0.18798693,0.39631498,0.4263334,0.6858536,0.9204506,0.52996886,0.16533116,0.8589234,0.91613543,0.77482456,0.2498827,0.3796625,0.8273995,0.7881467,0.44560167,0.21805522,0.9463568,0.9885788,0.14609598,0.39842996,0.44130066,0.26326287,0.21576731,0.94239956
10,190,12,visual,0.26720062,0.3244215,0.36567765,0.055570092,0.11674704,0.34199917,0.3542368,0.76669925,0.91038114,0.44775352,0.027739028,0.8515393,0.913004,0.8222425,0.3531179,0.061915275,0.8110376,0.8119503,0.3754557,0.0536043,0.93860704,0.99062943,0.13573726,0.38835573,0.39052874,0.13482155,0.06577406,0.95319617
10,190,13,visual,0.25579077,0.39346126,0.4088332,0.098985225,0.14010575,0.4393104,0.40312573,0.6874497,0.9158865,0.5557005,0.031718183,0.8365324,0.9155705,0.7777324,0.1998195,0.13226035,0.7589547,0.75710046,0.41805395,0.09446124,0.9296126,0.9880225,0.33513087,0.35567352,0.41618264,0.15089685,0.10658626,0.9329205
10,190,14,visual,0.28134808,0.47286597,0.43050945,0.13074364,0.26307097,0.46649614,0.4259846,0.6336593,0.926203,0.4827234,0.3249724,0.8462329,0.87888,0.7461986,0.32927102,0.4231749,0.76814705,0.71304655,0.38439956,0.3371469,0.91587245,0.9208414,0.20834818,0.29574293,0.38549367,0.39566743,0.43636036,0.88835716
10,190,15,visual,0.37745517,0.5904198,0.5392479,0.30009863,0.27085614,0.5816334,0.52481896,0.7085502,0.9042742,0.41289654,0.120621026,0.835711,0.90398043,0.83538467,0.57990885,0.21506892,0.8396383,0.8255094,0.46338412,0.18128124,0.93613845,0.9822989,0.06849708,0.46319014,0.4529151,0.21929811,0.16283342,0.9448715
10,191,1,visual,0.26597255,0.36363998,0.36661837,0.13499215,0.055048324,0.34249827,0.3762744,0.70887774,0.9101779,0.4531228,0.13875376,0.89985573,0.9239574,0.78081554,0.36747608,0.11731137,0.76835585,0.7690973,0.4141784,0.11898267,0.9488591,0.9776547,0.051449075,0.39166093,0.40879285,0.16404627,0.12795632,0.9512916
10,191,2,visual,0.14419955,0.23674862,0.26327804,0.06521575,0.25569478,0.26973084,0.25904503,0.76795065,0.92090124,0.54430646,0.09046689,0.8813615,0.92134297,0.82727104,0.4677653,0.10108891,0.84424394,0.8213734,0.5641925,0.057344474,0.93347603,0.9901819,0.039692752,0.53235734,0.5833468,0.10467673,0.072178096,0.93331426
10,191,3,visual,0.14458917,0.22088802,0.27067265,0.11906307,0.22240469,0.26088217,0.27521273,0.7372719,0.9145087,0.43456995,0.019177277,0.9075511,0.9236568,0.8061135,0.39654508,0.09453684,0.79293853,0.8022583,0.36301556,0.044711042,0.944543,0.98248935,0.13726105,0.3731514,0.3638226,0.06771996,0.048532676,0.96193963
10,191,4,visual,0.2870875,0.29063028,0.4181495,0.1310898,0.16759998,0.4284976,0.410888,0.6657846,0.9164718,0.558731,0.041616894,0.8277226,0.9177122,0.79649836,0.35071522,0.1299136,0.78286624,0.79293746,0.46353236,0.07180964,0.92811596,0.9934717,0.2486299,0.37366328,0.46853384,0.07137455,0.0790621,0.91941875
10,191,5,visual,0.24646881,0.27927572,0.36511627,0.21730138,0.17501362,0.38254002,0.3545767,0.721069,0.91135275,0.54453146,0.023192696,0.8462811,0.9064373,0.82528955,0.45542756,0.15017697,0.79669017,0.82550955,0.5198892,0.07951603,0.9534595,0.9825281,0.11316545,0.4715505,0.5386056,0.11678319,0.11600434,0.9475453
10,191,6,visual,0.20988922,0.28283468,0.33494064,0.1274169,0.07720642,0.32812515,0.3215272,0.69186366,0.9225401,0.45124307,0.136741,0.8426348,0.9137193,0.77171254,0.36557576,0.41380575,0.76229346,0.7621496,0.39431462,0.16900443,0.920645,0.9895022,0.12901028,0.35935128,0.40343255,0.24430877,0.17450032,0.93271387
10,191,7,visual,0.20897883,0.38343814,0.35669756,0.13287535,0.147451,0.323043,0.33895484,0.6700229,0.9184333,0.56435287,0.21241447,0.8589134,0.92164785,0.7173347,0.2570854,0.26394778,0.70506805,0.6964979,0.5242279,0.22348103,0.9288237,0.98048913,0.18921268,0.4723588,0.5529178,0.23128264,0.18178776,0.9304692
10,191,8,visual,0.36472878,0.4652912,0.47967407,0.16881377,0.14985353,0.4891895,0.48228067,0.7341324,0.92909473,0.49796778,0.05564475,0.8665535,0.92310673,0.8220207,0.33302978,0.3440351,0.8419382,0.82960945,0.4171562,0.1415616,0.9345939,0.9847352,0.19115205,0.36222976,0.4225379,0.21981353,0.1540434,0.95217717
10,191,9,visual,0.39333448,0.3976469,0.50953007,0.2209922,0.1042366,0.48794773,0.52182734,0.7664389,0.90354794,0.6745348,0.23271324,0.8792287,0.92730826,0.8068758,0.4478077,0.22918597,0.77687705,0.7930572,0.60844547,0.20601371,0.898906,0.96144783,0.3754522,0.5586769,0.6380363,0.27699593,0.21737948,0.9211322
10,191,10,visual,0.2174533,0.27177754,0.29987878,0.084617436,0.17594332,0.28772357,0.29364967,0.6944873,0.9093346,0.47487572,0.049093124,0.8575413,0.92668265,0.7852797,0.377758,0.017430343,0.702438,0.7559916,0.45343786,0.03531329,0.9182611,0.98022157,0.24055281,0.42679957,0.45791993,0.07346405,0.04460892,0.921854
10,191,11,visual,0.24787265,0.3705565,0.40293163,0.1873655,0.19044632,0.4419682,0.39805564,0.7893105,0.91898847,0.54733133,0.12764429,0.8568273,0.912862,0.82147896,0.48200923,0.18128967,0.787186,0.8194782,0.4642425,0.12666279,0.92863846,0.9881723,0.2542357,0.4747817,0.46438774,0.11879316,0.11560468,0.93474513
10,191,12,visual,0.16221155,0.27525902,0.28947744,0.04514672,0.17679231,0.28931272,0.28688702,0.66531956,0.9152869,0.42083952,0.11892131,0.86306363,0.91913176,0.8068033,0.43831325,0.27132407,0.81550646,0.78970265,0.34480593,0.18563311,0.94251937,0.9860742,0.33268058,0.35912815,0.3345812,0.19476227,0.16723116,0.9338044
10,191,13,visual,0.18388249,0.3408358,0.33183458,0.23329546,0.15905175,0.2894481,0.33307287,0.71036947,0.89727825,0.6467845,0.14258654,0.8820036,0.8908727,0.81420183,0.44145358,0.116238624,0.76805824,0.8150437,0.63080657,0.058718603,0.9326964,0.99616665,0.20966132,0.65092325,0.62135357,0.11510526,0.048095994,0.9326852
10,191,14,visual,0.23381385,0.27993983,0.3375215,0.16790044,0.02482779,0.33946905,0.3304143,0.69714445,0.9581318,0.7110187,0.07551292,0.8849486,0.96150726,0.74733126,0.37054375,0.25200045,0.75105745,0.73609734,0.6763483,0.075872116,0.9372507,0.99428946,0.13906877,0.6061122,0.6879916,0.1144062,0.075255804,0.9378294
10,191,15,visual,0.28154707,0.3525005,0.39295974,0.12860706,0.13173532,0.3747475,0.3856897,0.7033315,0.9441787,0.6573586,0.06535273,0.90432805,0.9400273,0.7584425,0.36817765,0.14999014,0.7659703,0.75923693,0.5816933,0.062227476,0.9580613,0.9815788,0.17522523,0.5331304,0.57231414,0.038621113,0.044189613,0.9649682
10,192,1,visual,0.39423373,0.37104878,0.47457597,0.11424211,0.24885857,0.47619596,0.4689436,0.73461354,0.924773,0.40280476,0.10306206,0.87114626,0.91443497,0.79917717,0.35498786,0.2443667,0.75724137,0.81174594,0.3751404,0.035983756,0.9265513,0.993069,0.11859685,0.29820228,0.35776207,0.037084915,0.03345546,0.9354016
10,192,2,visual,0.38642767,0.48458934,0.51177996,0.31574282,0.31316698,0.52411723,0.4973996,0.74516135,0.88143694,0.45041493,0.16621962,0.843597,0.89051795,0.85698074,0.5010675,0.38183478,0.82456,0.8420068,0.41357484,0.25963867,0.93602794,0.98575515,0.3728572,0.44346395,0.4019063,0.32928026,0.23540531,0.9321831
10,192,3,visual,0.2384386,0.4635264,0.4498453,0.23407169,0.118940845,0.43035194,0.45410943,0.75813377,0.8892517,0.4258496,0.047283657,0.84968936,0.89126307,0.88697964,0.3897053,0.21122728,0.84072155,0.88142073,0.3998132,0.0878541,0.95852566,0.9944895,0.077373125,0.38143796,0.39364904,0.10611517,0.08121241,0.95390964
10,192,4,visual,0.26041582,0.36981,0.37692842,0.16544996,0.06842014,0.39919612,0.37673506,0.74046546,0.9123986,0.42019692,0.16834232,0.87098163,0.9081902,0.8265742,0.38468337,0.28443575,0.8370649,0.7898662,0.42390677,0.1467867,0.92705065,0.96625614,0.08212171,0.413363,0.41941726,0.206091,0.13018738,0.9441783
10,192,5,visual,0.28277805,0.41832483,0.4440505,0.08768869,0.1295012,0.43943566,0.43804458,0.627296,0.8842409,0.40017894,0.23380156,0.80430365,0.8921362,0.75987333,0.37178722,0.4406093,0.82164526,0.739504,0.3754986,0.25380084,0.9025224,0.97792834,0.1726015,0.32644525,0.38958877,0.3452359,0.2292163,0.8944739
10,192,6,visual,0.3463277,0.52293456,0.47831613,0.20063214,0.049238045,0.5003598,0.4702731,0.6757051,0.88225037,0.5260733,0.05379192,0.7871155,0.86343545,0.8250748,0.2591206,0.15457295,0.8320646,0.8287625,0.40224433,0.13917236,0.89613587,0.97392654,0.16202848,0.27545205,0.37594277,0.16777365,0.18517876,0.92618525
10,192,7,visual,0.16505428,0.29507628,0.28452665,0.13948086,0.19706409,0.29571128,0.27574325,0.6449349,0.92163575,0.5264451,0.11630122,0.85786307,0.9309013,0.6528074,0.2967504,0.3596341,0.62492484,0.65524197,0.5107767,0.12827507,0.89567083,0.9858736,0.2025489,0.4487217,0.51863146,0.27967405,0.145685,0.8991732
10,192,8,visual,0.251471,0.3223483,0.3696428,0.18867011,0.056354884,0.3280046,0.33906645,0.830582,0.9034871,0.48098353,0.068927675,0.85039824,0.8463705,0.9135524,0.54893416,0.04034913,0.93136805,0.8833434,0.48259816,0.039455317,0.93376243,0.9424938,0.061337054,0.50998914,0.5364003,0.048219867,0.10690904,0.90284723
10,192,9,visual,0.13158114,0.2766925,0.30255622,0.031756382,0.13660921,0.3057802,0.2891538,0.7282004,0.88891685,0.43240252,0.099382654,0.8114708,0.89295673,0.86041355,0.35041574,0.10158023,0.8380199,0.83544475,0.34343642,0.07927079,0.9085324,0.961488,0.18782334,0.30187464,0.35652322,0.09696313,0.063604064,0.91005063
10,192,10,visual,0.3466241,0.44260505,0.4530397,0.2154134,0.16550727,0.4683493,0.4460272,0.70836395,0.9018744,0.37055063,0.16787255,0.8447747,0.8707247,0.82812107,0.5456909,0.16942011,0.82087606,0.81940883,0.41235733,0.16349842,0.9311891,0.94886607,0.10929219,0.42574582,0.3817443,0.18791969,0.19105726,0.88877916
10,192,11,visual,0.23927455,0.24035116,0.30910006,0.1595534,0.07199098,0.2867005,0.2953956,0.7667767,0.91786593,0.4908446,0.0639262,0.9163153,0.9294015,0.8293085,0.3204344,0.18737864,0.82056266,0.83245546,0.41673693,0.08766505,0.95164907,0.9870347,0.24324778,0.42975384,0.42593607,0.061289895,0.09673732,0.96897787
10,192,12,visual,0.32605028,0.41656172,0.4296425,0.16344981,0.058988832,0.43339434,0.4150042,0.79555535,0.9174962,0.50723404,0.0319327,0.89450264,0.925658,0.88671124,0.40701026,0.08222128,0.84611255,0.8747769,0.4171668,0.020395664,0.9496587,0.99284494,0.19664274,0.39911312,0.42342365,0.06738997,0.016854579,0.9506793
10,192,13,visual,0.26328072,0.39016628,0.3692287,0.113536894,0.10155869,0.33220547,0.34413123,0.72949785,0.931808,0.43295136,0.2939265,0.90468293,0.9413426,0.8000726,0.30704293,0.42340085,0.7736929,0.7862019,0.39401743,0.29582706,0.9343107,0.9910492,0.28548592,0.3988412,0.407927,0.31648904,0.2988003,0.93976516
10,192,14,visual,0.2925328,0.36702472,0.46331427,0.09742797,0.20196468,0.43694362,0.45803773,0.7201824,0.89941746,0.49111745,0.17459974,0.82677954,0.88625336,0.8096256,0.37350366,0.2360464,0.7725596,0.8063433,0.42275792,0.20580743,0.9283761,0.9879989,0.14366943,0.3377253,0.4145108,0.25627095,0.21355934,0.9359474
10,192,15,visual,0.25043756,0.116615795,0.43754205,0.112581894,0.22335666,0.45537558,0.44384283,0.77124417,0.55108124,0.28430933,0.080678366,0.58243823,0.6478979,0.3043507,0.26638496,0.10393716,0.3637941,0.40636808,0.31743738,0.21501003,0.8907337,0.92491704,0.1645668,0.25562328,0.33372694,0.17802057,0.14843087,0.9374626
10,193,1,visual,0.11379517,0.067909904,0.28357247,0.06479527,0.39526865,0.23925082,0.26527092,0.55221516,0.65211475,0.4254678,0.11039776,0.61663914,0.6480125,0.17034513,0.23872319,0.086640686,0.17112584,0.1745594,0.38930148,0.073960766,0.947066,0.9911494,0.10682076,0.3808036,0.39887422,0.07739912,0.076197624,0.95513207
10,193,2,visual,0.19357927,0.33927882,0.37555906,0.1954826,0.20314825,0.34797415,0.3781117,0.64026546,0.8748489,0.57915527,0.14278266,0.8610092,0.8693328,0.7853681,0.40571684,0.2629608,0.74026746,0.7620492,0.59004784,0.16666104,0.95197123,0.98672694,0.28035232,0.61460185,0.6161775,0.20866466,0.17489646,0.95667773
10,193,3,visual,0.40640187,0.45596644,0.46477997,0.26572135,0.20662168,0.459036,0.47353944,0.77394307,0.92398775,0.40632,0.23846479,0.87292004,0.92134446,0.8635387,0.59962255,0.15847541,0.8379259,0.8426177,0.4329518,0.164318,0.94762737,0.99205375,0.28818274,0.44942734,0.42230317,0.19420801,0.18850012,0.9485542
10,193,4,visual,0.082226686,0.20012178,0.21903807,0.06870639,0.09712236,0.20679057,0.2258772,0.73479706,0.89331466,0.49266246,0.12058748,0.8202853,0.8902514,0.82093894,0.36883426,0.20917292,0.80101115,0.8186819,0.47335893,0.13939358,0.9193259,0.9918969,0.030646402,0.44307038,0.4843529,0.13892004,0.13035259,0.9270211
10,193,5,visual,0.08487306,0.15756722,0.23028874,0.11443307,0.14584409,0.22018562,0.22861943,0.81239736,0.90365624,0.4440401,0.055231556,0.8561172,0.89851314,0.84697515,0.42012757,0.08227222,0.8137183,0.8391365,0.42787653,0.0844079,0.9285697,0.9858304,0.24612369,0.45964605,0.42152846,0.057536256,0.103979275,0.92231345
10,193,6,visual,0.13637915,0.18278377,0.25351462,0.06529678,0.09137032,0.2529055,0.24461015,0.6835429,0.90364,0.42886397,0.16703613,0.84308535,0.9189596,0.72390604,0.42124158,0.40698427,0.67819685,0.725784,0.36622763,0.1747782,0.88202137,0.9829202,0.3026582,0.35988632,0.37408307,0.12046965,0.17786106,0.9036121
10,193,7,visual,0.08823333,0.27845988,0.29034883,0.12666607,0.15087864,0.30254772,0.28019223,0.69562614,0.8384466,0.4552213,0.06286005,0.78067064,0.860236,0.7492899,0.328723,0.10689992,0.7290887,0.7372613,0.4780846,0.08554849,0.89903647,0.98088425,0.16360405,0.48583296,0.50531375,0.12850697,0.06542702,0.91857654
10,193,8,visual,0.09509872,0.15878952,0.19898975,0.06460227,0.0642521,0.19729789,0.21135408,0.77477854,0.9315814,0.47416475,0.1376231,0.8914648,0.9249858,0.8497892,0.43301287,0.10181024,0.8150394,0.84881806,0.4497786,0.15518455,0.9468408,0.98786414,0.2625256,0.44707376,0.439375,0.067938685,0.1376553,0.94066036
10,193,9,visual,0.16408588,0.204988,0.2654855,0.15539356,0.060772292,0.23079848,0.26387155,0.76405567,0.9373714,0.628176,0.13020828,0.9323997,0.9403776,0.7552478,0.46618846,0.39581618,0.78957856,0.74521583,0.6241209,0.09500513,0.963975,0.9892987,0.17322567,0.61205083,0.63503027,0.1437552,0.08238709,0.96379143
10,193,10,visual,0.29157296,0.35771877,0.39198586,0.14884685,0.19543579,0.42376125,0.38904047,0.70518345,0.9511806,0.38626024,0.1999407,0.9046691,0.9538423,0.74188566,0.46537405,0.32153538,0.7356006,0.74016404,0.3339737,0.17813629,0.9506965,0.9924416,0.2302263,0.31773108,0.34057757,0.21334751,0.15983243,0.9521776
10,193,11,visual,0.19290954,0.2959157,0.36613008,0.093589455,0.11205179,0.39842215,0.3671073,0.67719936,0.90296465,0.5884617,0.10684257,0.84761435,0.90005904,0.778077,0.36961484,0.13331743,0.7526668,0.7737319,0.58713555,0.119257905,0.92188,0.985045,0.14725675,0.5457687,0.6036919,0.08711852,0.09597206,0.9386143
10,193,12,visual,0.21084625,0.30375665,0.32579517,0.101243824,0.050498113,0.33739004,0.32848433,0.72913325,0.9410153,0.58947015,0.09299337,0.8812364,0.9380832,0.7935256,0.3797693,0.10023006,0.8337161,0.79375696,0.5686629,0.11979072,0.9305433,0.9907294,0.09341166,0.5213576,0.5705376,0.17665827,0.123960644,0.9420964
10,193,13,visual,0.16098525,0.28895536,0.2940622,0.14073811,0.09981322,0.33708683,0.29379797,0.7834776,0.899604,0.57752,0.09530753,0.8226408,0.9047407,0.81616795,0.4993768,0.052952457,0.7560253,0.818854,0.5419584,0.07749743,0.90047455,0.9912425,0.24174261,0.4480916,0.52566594,0.104969494,0.085733436,0.92168933
10,193,14,visual,0.20057394,0.25408307,0.32945758,0.091955975,0.19580081,0.34347066,0.32544643,0.72522485,0.90979016,0.6511224,0.0942563,0.8675916,0.8936497,0.7811036,0.44012618,0.025064552,0.7269077,0.7752803,0.61001295,0.058050897,0.9062289,0.97740585,0.16965452,0.6076071,0.6129714,0.08265217,0.04736641,0.93983287
10,193,15,visual,0.16495314,0.21552785,0.29476696,0.054538142,0.11180008,0.29760274,0.2907405,0.69152236,0.88903904,0.50029993,0.01856354,0.8807947,0.89496267,0.77268803,0.44300923,0.16560584,0.7846027,0.7689885,0.40016434,0.08124787,0.9118982,0.9862574,0.2661261,0.3910914,0.38700342,0.048886348,0.07378987,0.930201
10,194,1,visual,0.2572294,0.31843597,0.34011436,0.10537991,0.08333298,0.3287155,0.3420068,0.71943414,0.9330736,0.5682811,0.03540543,0.91704834,0.9339128,0.8067597,0.31252897,0.040748574,0.73109484,0.7911484,0.51923233,0.053430308,0.93206143,0.9847372,0.12780906,0.5547335,0.53496754,0.046032775,0.044544064,0.9384865
10,194,2,visual,0.1567219,0.24454416,0.31187385,0.06650493,0.2873274,0.326694,0.31173682,0.60385007,0.8970912,0.5296575,0.1074945,0.8453132,0.8884298,0.6785015,0.28593415,0.26242262,0.6698925,0.665379,0.49640656,0.2080498,0.9427821,0.99288714,0.10828611,0.47844538,0.4975273,0.24809715,0.20696135,0.9404383
10,194,3,visual,0.27644184,0.37479922,0.37321848,0.18562646,0.09483659,0.36816812,0.3672925,0.6351975,0.894362,0.62168014,0.10103766,0.81746876,0.8870601,0.7808412,0.38831073,0.10646866,0.7199941,0.7746181,0.54229814,0.1030998,0.9161967,0.979428,0.058318112,0.4677121,0.52390015,0.104697116,0.12124462,0.92956305
10,194,4,visual,0.21547386,0.27370638,0.33171123,0.07688988,0.29145706,0.34624144,0.32273942,0.7308768,0.8650602,0.57273227,0.11746634,0.8666775,0.8802429,0.8045134,0.4540434,0.12685844,0.7620482,0.80736303,0.5163879,0.123586945,0.9646244,0.9875793,0.027256113,0.5028267,0.5252504,0.18732196,0.12772709,0.9604099
10,194,5,visual,0.29257303,0.44402674,0.42283228,0.10129311,0.3568259,0.41205883,0.4329432,0.78299,0.91511655,0.4253893,0.24907109,0.8816167,0.9204342,0.854185,0.3786753,0.33800745,0.84412783,0.85097283,0.36724645,0.3057721,0.9594178,0.9930911,0.2602379,0.34711954,0.36734208,0.37247655,0.31158963,0.95829844
10,194,6,visual,0.3897971,0.46723968,0.46405226,0.08317936,0.19651897,0.50170654,0.4722709,0.77018994,0.93432003,0.4587116,0.040902086,0.8842533,0.9084561,0.8291839,0.2999862,0.12678525,0.81731015,0.8081866,0.37195778,0.11446875,0.93776184,0.9758244,0.22769618,0.33775643,0.34764114,0.117026776,0.1407258,0.94375014
10,194,7,visual,0.336248,0.4259728,0.4389695,0.20912099,0.09288629,0.46883306,0.42470583,0.8407822,0.9188477,0.35988462,0.15942134,0.8599621,0.9166903,0.9065972,0.41061413,0.17930217,0.9052458,0.91284525,0.4119055,0.14459,0.93489003,0.99062395,0.16693322,0.3779719,0.42327803,0.13857545,0.12966885,0.94278115
10,194,8,visual,0.2889827,0.34712115,0.42704695,0.14503023,0.1506728,0.40430853,0.42054415,0.71209365,0.9030993,0.5406848,0.08463213,0.8637964,0.8935642,0.7875553,0.32167,0.10647131,0.7537976,0.79522246,0.4889393,0.07767914,0.9501418,0.9915236,0.06798025,0.4574436,0.47969538,0.09559514,0.09560915,0.9489577
10,194,9,visual,0.18756042,0.27912244,0.33620057,0.1471479,0.09413246,0.38170576,0.32816532,0.72673583,0.89985913,0.40934706,0.13882013,0.8137381,0.8967031,0.76414686,0.43668684,0.05183989,0.7914225,0.77007574,0.37259412,0.1426436,0.9172958,0.98738086,0.17067665,0.4140334,0.3815864,0.14182225,0.15063038,0.91805077
10,194,10,visual,0.24680734,0.34699285,0.35810098,0.11469902,0.257513,0.41817823,0.37892473,0.77638316,0.92667806,0.4489229,0.18844181,0.86840224,0.91076607,0.8113518,0.36485842,0.20318562,0.80439126,0.8484757,0.39247465,0.26358202,0.9122317,0.97597635,0.3660424,0.36661106,0.38574094,0.20372346,0.25622573,0.9346217
10,194,11,visual,0.21616386,0.30603397,0.3542157,0.042835984,0.13923392,0.34002256,0.34252262,0.65327626,0.8890475,0.44225192,0.10546777,0.8519896,0.8724184,0.71792626,0.25663492,0.20028009,0.6526426,0.71775174,0.39397874,0.065399475,0.9245559,0.9820907,0.19138406,0.3828274,0.36215267,0.026972627,0.06387331,0.93022
10,194,12,visual,0.14992853,0.1671405,0.3076789,0.098841056,0.17707886,0.28349555,0.31043515,0.7014575,0.9031582,0.38405907,0.11018739,0.866414,0.90764254,0.77106446,0.33456713,0.33552206,0.72133714,0.7494549,0.36365205,0.18059088,0.9356878,0.9830587,0.34351012,0.3886019,0.35920897,0.17903587,0.15996398,0.9452398
10,194,13,visual,0.2581457,0.25356403,0.39192754,0.032048352,0.050851222,0.39664137,0.38566187,0.8437738,0.9121809,0.44600645,0.17431113,0.86178416,0.9185695,0.81374794,0.39905217,0.19429798,0.7662336,0.8051834,0.39196968,0.19975746,0.90522784,0.97656083,0.31391028,0.36575368,0.37853798,0.09189944,0.20585167,0.91685605
10,194,14,visual,0.24611105,0.32590708,0.37640044,0.059719563,0.043997034,0.42382184,0.37803712,0.8138195,0.9315699,0.41995633,0.22835223,0.8424408,0.9230558,0.87863415,0.35427666,0.33705086,0.855873,0.87713903,0.39207232,0.24791028,0.8779435,0.9802052,0.2854587,0.2964565,0.3718277,0.2884403,0.24135764,0.88964194
10,194,15,visual,0.23643272,0.3416147,0.3789159,0.06291855,0.14324906,0.36568436,0.3739416,0.7955561,0.9362884,0.48494858,0.03955953,0.9130512,0.9418207,0.8429855,0.4181744,0.10291142,0.8199814,0.83271515,0.45350137,0.062370252,0.9515214,0.9888141,0.14974786,0.41784987,0.44474,0.04250374,0.05863876,0.958742
10,195,1,visual,0.3166931,0.3694542,0.4208928,0.18964581,0.19281355,0.41444898,0.4340176,0.82338494,0.94262904,0.5058667,0.12821916,0.87926525,0.9329254,0.8357155,0.4301619,0.19486885,0.8538173,0.84778637,0.43681452,0.17677763,0.9257929,0.99055254,0.2670172,0.40081567,0.4392028,0.13708939,0.1846471,0.935879
10,195,2,visual,0.21944815,0.3103138,0.31851363,0.080652796,0.12575397,0.35055488,0.3202256,0.81377923,0.9284605,0.5336649,0.112211145,0.8640369,0.9274694,0.86150026,0.41657773,0.20469117,0.9010338,0.8544058,0.5061049,0.09846256,0.8961982,0.9832358,0.10572131,0.38370296,0.4920065,0.20939352,0.080267586,0.9102515
10,195,3,visual,0.29060638,0.33930978,0.377437,0.17539985,0.13058066,0.3901884,0.37433147,0.81365615,0.9579613,0.6768507,0.08078989,0.91995025,0.9622277,0.84839463,0.492292,0.13886061,0.83124363,0.8417753,0.64871114,0.0682679,0.9483611,0.9947717,0.19004291,0.629087,0.6383046,0.18662329,0.075419396,0.947573
10,195,4,visual,0.23364757,0.30246684,0.33952445,0.27314872,0.025081413,0.34636092,0.33909512,0.6605606,0.94733065,0.71001434,0.099706374,0.89996547,0.9474152,0.7250631,0.48503068,0.21524094,0.707273,0.7363527,0.72323984,0.11286728,0.937757,0.99381655,0.22595708,0.7315072,0.7202783,0.107709356,0.11623145,0.94233704
10,195,5,visual,0.20653345,0.30610213,0.3373601,0.0734073,0.035722792,0.30504802,0.33151558,0.7735827,0.913431,0.43953517,0.0613032,0.8600171,0.89629817,0.8337823,0.37950334,0.13642342,0.80949414,0.84554636,0.43073043,0.045511514,0.9070006,0.9772265,0.1767531,0.4658629,0.45196825,0.04899321,0.07207295,0.93365866
10,195,6,visual,0.15476444,0.23494929,0.29447466,0.075532965,0.17898919,0.29476732,0.28879553,0.67147964,0.9370612,0.5703726,0.038339492,0.8521794,0.93222755,0.7217977,0.29951283,0.0684145,0.74333566,0.7217699,0.5791207,0.031098744,0.889842,0.9926085,0.15713589,0.4708069,0.57889086,0.069754064,0.023946675,0.89190114
10,195,7,visual,0.19210167,0.35744917,0.3867291,0.18131927,0.34266838,0.38320467,0.37501597,0.79772276,0.8572098,0.4150047,0.12809452,0.82480943,0.86904174,0.84167004,0.31186205,0.15030035,0.7984396,0.8306152,0.4179341,0.20518725,0.8951458,0.99162054,0.30099544,0.3516158,0.4312023,0.19910583,0.19488531,0.896109
10,195,8,visual,0.18555458,0.34887448,0.3480513,0.1335826,0.12929806,0.32831225,0.33879694,0.7943588,0.8890697,0.46261778,0.09808853,0.85111916,0.88470155,0.87898064,0.35001978,0.22274965,0.84246135,0.8677977,0.3949689,0.14123511,0.904572,0.9718965,0.11377277,0.43381038,0.40924695,0.18097165,0.13152397,0.9134353
10,195,9,visual,0.16832474,0.28335536,0.3057663,0.05943504,0.15489726,0.30345204,0.31242463,0.73638946,0.8873,0.47669452,0.12839548,0.86705047,0.8907156,0.81374395,0.30550152,0.30023587,0.778688,0.7928934,0.42150405,0.22209606,0.886213,0.96983767,0.22455187,0.35371858,0.40633664,0.2099822,0.19945274,0.9182139
10,195,10,visual,0.16854839,0.22872446,0.29290614,0.15956683,0.06646536,0.32022706,0.2929971,0.8091011,0.9330547,0.654016,0.15809344,0.8707984,0.9445547,0.8712234,0.5054199,0.19436467,0.8536333,0.87239873,0.58307225,0.19284987,0.93485135,0.98753244,0.08111123,0.5463823,0.600196,0.2233191,0.18821776,0.9359974
10,195,11,visual,0.20523067,0.21529746,0.30431423,0.14278777,0.10282009,0.2942221,0.3056427,0.75506234,0.94692254,0.5126251,0.12843798,0.8736287,0.94447625,0.78999114,0.40134594,0.089783505,0.70168734,0.78212523,0.50486904,0.10166178,0.90299886,0.9872169,0.24061741,0.44794342,0.51068574,0.22561057,0.09518795,0.910437
10,195,12,visual,0.2918171,0.35399038,0.40052152,0.1142974,0.039248686,0.36782125,0.39978537,0.81035584,0.9419963,0.6654573,0.14472431,0.88363737,0.9411756,0.8605069,0.47058916,0.27386642,0.81362194,0.8596565,0.5734654,0.14211488,0.9195549,0.9876231,0.20575915,0.5785236,0.59077907,0.2174088,0.1399642,0.94347763
10,195,13,visual,0.24439248,0.29036984,0.37618423,0.09637786,0.10201471,0.34745494,0.36776206,0.77042294,0.9190339,0.51107657,0.004817456,0.89941686,0.91742206,0.82314384,0.35487896,0.088496886,0.80397063,0.8099249,0.46536234,0.045445867,0.9382473,0.99373204,0.11608782,0.43586043,0.4704722,0.02517273,0.047289226,0.9450141
10,195,14,visual,0.18791941,0.31630322,0.30302125,0.23825869,0.16164184,0.33516884,0.31922898,0.72334987,0.9376744,0.72164106,0.09482814,0.8684425,0.92585397,0.789255,0.49916643,0.19386783,0.8041003,0.8189917,0.68256813,0.10138751,0.94390243,0.9830001,0.042598467,0.61630744,0.6719078,0.15486631,0.09763086,0.95075005
10,195,15,visual,0.2106746,0.27905074,0.3137247,0.12899919,0.14334689,0.28003246,0.30413532,0.7811698,0.9096065,0.574905,0.1102276,0.8881475,0.9209955,0.88249916,0.4425511,0.18287186,0.8575279,0.881842,0.5228423,0.06428526,0.9249835,0.98910534,0.17504925,0.48396862,0.53522795,0.10558959,0.051978756,0.93160367
10,196,1,visual,0.21402949,0.3624205,0.40734813,0.05660886,0.14442267,0.40516084,0.39210272,0.6707753,0.8807198,0.5605638,0.08492988,0.82360244,0.8788116,0.80673265,0.27120054,0.40012464,0.8229485,0.79829395,0.4708423,0.18831287,0.9138322,0.97707474,0.20796612,0.41149557,0.44507766,0.27809888,0.20533021,0.9364395
10,196,2,visual,0.25963444,0.25194752,0.36411697,0.15843862,0.0965063,0.41045076,0.35633698,0.7606228,0.9452441,0.52617365,0.06306112,0.8949893,0.9551913,0.7816244,0.47388825,0.073248096,0.7498724,0.7828504,0.5038266,0.084447496,0.9391854,0.98669875,0.097849295,0.46103263,0.50124145,0.12353803,0.06427761,0.9430127
10,196,3,visual,0.39071023,0.48971105,0.5173964,0.25920033,0.13694839,0.48746008,0.517114,0.76963156,0.92537266,0.46572414,0.093983375,0.90280634,0.9209805,0.8300154,0.5656617,0.099290065,0.7938228,0.81169397,0.46035877,0.082336314,0.94458914,0.9923362,0.07177684,0.44781533,0.44725457,0.1339263,0.07778631,0.9501645
10,196,4,visual,0.23436268,0.2819377,0.36577246,0.057996664,0.050628185,0.38539833,0.35827753,0.84007895,0.8871064,0.45210198,0.080466904,0.8141008,0.8915298,0.8581698,0.45187777,0.078755386,0.82856256,0.873063,0.39031836,0.05867559,0.92565966,0.9849208,0.09527438,0.3714187,0.3862155,0.1371397,0.057244193,0.93697274
10,196,5,visual,0.26350603,0.3215091,0.3846859,0.11667712,0.08843995,0.37556365,0.37609053,0.7535309,0.92574036,0.49661276,0.0836019,0.859898,0.92785066,0.8021705,0.4291071,0.07098575,0.7912927,0.82139534,0.48681742,0.05479272,0.9143888,0.9876103,0.13891543,0.48096877,0.4887415,0.16569735,0.057346325,0.92967796
10,196,6,visual,0.29044443,0.3581984,0.39254087,0.11599504,0.1601072,0.3692566,0.3949712,0.73971486,0.91936505,0.52022743,0.07662642,0.9012089,0.9244927,0.7925053,0.41801572,0.17878719,0.7675817,0.7811525,0.4236917,0.19816647,0.92869174,0.984856,0.31346297,0.4727123,0.44094476,0.09585586,0.17756589,0.93535453
10,196,7,visual,0.2939126,0.33344394,0.4289283,0.12680076,0.16200967,0.4055658,0.42844293,0.87194,0.9252834,0.3972834,0.12433575,0.89554554,0.9264437,0.8689588,0.36031115,0.18200304,0.8772625,0.8829854,0.35359827,0.12503156,0.918585,0.98746556,0.16004288,0.39098066,0.35181364,0.1949767,0.11937113,0.9278398
10,196,8,visual,0.24608752,0.376102,0.345534,0.20634334,0.08267023,0.32179508,0.36056495,0.77268434,0.9328613,0.56000036,0.0834819,0.88737065,0.91994363,0.79910004,0.34952876,0.13610142,0.8087342,0.78624207,0.5300206,0.049886793,0.9405709,0.97026575,0.06329635,0.47732356,0.53238356,0.11813453,0.101706065,0.92542547
10,196,9,visual,0.31459188,0.358663,0.43681762,0.15692896,0.033064265,0.4182829,0.4271419,0.72320217,0.92977625,0.52255505,0.09346898,0.8804113,0.9390834,0.7915567,0.38854146,0.21297993,0.80121624,0.77378416,0.4437142,0.047551695,0.9336539,0.989914,0.13042119,0.4274421,0.45998532,0.07476243,0.048674703,0.9328664
10,196,10,visual,0.21073987,0.31421944,0.33695182,0.03123286,0.12633081,0.3485023,0.34278795,0.7687478,0.92520916,0.4303202,0.23093349,0.83497584,0.9284904,0.85351425,0.3669734,0.4743815,0.8419711,0.854075,0.35639656,0.32836628,0.90181243,0.9859467,0.32805637,0.2741003,0.34794864,0.45673615,0.3326459,0.9078644
10,196,11,visual,0.29742557,0.3546988,0.40861416,0.19429035,0.17161563,0.3909101,0.398867,0.8086201,0.94041836,0.4617509,0.093644306,0.91813797,0.9445416,0.818167,0.42752373,0.2315797,0.80238694,0.8371796,0.45425543,0.1507812,0.9416958,0.98388785,0.37320223,0.44729266,0.45249635,0.13808873,0.13864776,0.9528908
10,196,12,visual,0.29390675,0.4143589,0.41454723,0.044523917,0.15194787,0.39000225,0.393785,0.80145854,0.9189452,0.666465,0.07011748,0.8961043,0.9295986,0.9053622,0.45038083,0.12965317,0.8669864,0.8881738,0.57512236,0.12470518,0.9454961,0.990539,0.19494034,0.57513684,0.6074065,0.19125818,0.11912883,0.9505366
10,196,13,visual,0.22925614,0.37285113,0.4059633,0.10163616,0.22310932,0.3667839,0.366799,0.68732053,0.87996477,0.45699066,0.23975785,0.8824501,0.9051833,0.7933708,0.28305858,0.38380635,0.7339552,0.7760737,0.35909453,0.29388082,0.9330731,0.94679326,0.29800335,0.41300434,0.36973843,0.29750288,0.26408476,0.9267301
10,196,14,visual,0.33771154,0.40089318,0.40321305,0.10518516,0.15809855,0.3866781,0.39936835,0.79948235,0.90713334,0.4560543,0.24462835,0.8457374,0.91066027,0.87401474,0.36782992,0.38393694,0.8578721,0.8710965,0.36642244,0.36090842,0.94454235,0.9907342,0.38087562,0.37157118,0.37348717,0.40700325,0.3561419,0.9471105
10,196,15,visual,0.13895759,0.20284605,0.26305172,0.063411474,0.21260777,0.27891454,0.26196218,0.7261193,0.9352139,0.6287372,0.1101525,0.8606657,0.9280529,0.76429605,0.34525627,0.028328037,0.75955826,0.78223467,0.6008341,0.13036026,0.9377877,0.9943369,0.13168702,0.54049945,0.59751445,0.22082885,0.12114583,0.94191796
10,197,1,visual,0.19803031,0.28325242,0.32088065,0.13317786,0.19587576,0.2962697,0.3158764,0.7835072,0.9253694,0.4050832,0.2832717,0.8931982,0.93523353,0.8486696,0.3778712,0.47307727,0.831949,0.81363326,0.39248523,0.35753062,0.94571626,0.9803869,0.28027508,0.36550304,0.38739192,0.3746083,0.31668434,0.9459515
10,197,2,visual,0.13501361,0.17565371,0.22835982,0.1462607,0.21036953,0.22109967,0.25815108,0.749578,0.92668796,0.66728556,0.123276174,0.8950244,0.9265008,0.81921476,0.42543647,0.15397385,0.7647291,0.8052641,0.5881487,0.13711233,0.9376905,0.9805205,0.1863871,0.591355,0.6181348,0.17307518,0.14239289,0.94595003
10,197,3,visual,0.168492,0.33102483,0.35680783,0.076342,0.04745709,0.32133254,0.33978972,0.7529401,0.9005696,0.5592343,0.10288088,0.8489964,0.9072833,0.8192333,0.39732388,0.08210835,0.7946897,0.80913097,0.5275108,0.15364891,0.933113,0.9946932,0.28606725,0.500385,0.5331277,0.14472856,0.14941375,0.9417364
10,197,4,visual,0.27521822,0.39534548,0.4150514,0.10602546,0.14575335,0.4151791,0.40889445,0.7925515,0.9340831,0.56328505,0.25205398,0.8975135,0.93943614,0.86886,0.41840827,0.18700701,0.8306604,0.86122864,0.5146058,0.24403279,0.9606473,0.9960664,0.114986785,0.5067493,0.52484906,0.23997341,0.2403655,0.962337
10,197,5,visual,0.24437372,0.29872805,0.33678305,0.12852769,0.062187638,0.34390083,0.34074345,0.85055226,0.9301528,0.43378347,0.0631886,0.8252441,0.9207206,0.8979794,0.38450322,0.1439681,0.7815387,0.8863599,0.38123947,0.10664622,0.8811449,0.98931754,0.15735105,0.3707981,0.39013907,0.13698305,0.10215833,0.9033167
10,197,6,visual,0.26433378,0.32534945,0.3398477,0.07500932,0.09008264,0.35226864,0.32988405,0.72982436,0.9543603,0.5841651,0.06927537,0.906715,0.9557415,0.786839,0.28948155,0.08396328,0.74510646,0.780396,0.54186773,0.076798044,0.94812304,0.99170834,0.10756989,0.56688184,0.5506521,0.06612695,0.073670514,0.96105665
10,197,7,visual,0.19339204,0.28287792,0.32205114,0.14229648,0.17104974,0.34240758,0.3157738,0.8122758,0.9210702,0.6719524,0.060622122,0.896275,0.92670625,0.8561422,0.50023484,0.07936041,0.8650379,0.84700525,0.59525555,0.051383935,0.9699168,0.9924163,0.24257474,0.57740223,0.60130924,0.06612467,0.040132258,0.96386224
10,197,8,visual,0.2733731,0.34666216,0.38642126,0.13052502,0.14851722,0.3809084,0.38950247,0.7804125,0.939894,0.6597835,0.049322505,0.9289642,0.95270365,0.82019067,0.49924198,0.20924428,0.7635099,0.80871576,0.6087921,0.061698295,0.9346162,0.9825961,0.18888457,0.6278122,0.64542097,0.07704349,0.067678116,0.9483892
10,197,9,visual,0.19705205,0.26693097,0.34886906,0.15026864,0.09194423,0.35446942,0.3370176,0.7412915,0.90452045,0.55902916,0.17325003,0.8872862,0.90636,0.7743593,0.5406237,0.12685753,0.7236636,0.76675355,0.5222315,0.14914945,0.9346908,0.98609585,0.1654002,0.5201946,0.5213052,0.18518192,0.15167582,0.94702446
10,197,10,visual,0.76747316,0.90974915,0.8535445,0.7954017,0.3425988,0.84988034,0.8542842,0.87775403,0.9537326,0.7403057,0.44545117,0.9486485,0.9553124,0.9410007,0.8640046,0.4554694,0.9278885,0.9392042,0.7836456,0.4250705,0.985392,0.9980393,0.46012136,0.77517194,0.7774948,0.43532908,0.43051997,0.9905604
10,197,11,visual,0.27923027,0.40505955,0.42944944,0.21135293,0.26849654,0.43473,0.42505544,0.7452338,0.91814137,0.44847533,0.25098097,0.8883957,0.91939795,0.82317007,0.5113974,0.21769933,0.7825693,0.8225198,0.42192546,0.2786225,0.93648726,0.9928651,0.21560493,0.40889478,0.43092236,0.30474,0.27796277,0.9413212
10,197,12,visual,0.11374923,0.23926654,0.2787777,0.047658607,0.047297467,0.25866216,0.2686264,0.8394883,0.92297,0.5544848,0.06737913,0.8997178,0.928565,0.8633237,0.45141593,0.09469196,0.8351402,0.84478015,0.50130486,0.09396087,0.92610985,0.97932595,0.030695628,0.55317163,0.53405696,0.1213969,0.066506185,0.95444226
10,197,13,visual,0.16859181,0.22561392,0.28063092,0.123435505,0.1678931,0.26841667,0.26619205,0.7404941,0.9137406,0.6345399,0.1571336,0.856134,0.9271988,0.7947067,0.4383571,0.21635251,0.7335264,0.75608414,0.6040652,0.14020735,0.9071946,0.97717875,0.024238335,0.6037433,0.64539075,0.1401296,0.12859695,0.9299996
10,197,14,visual,0.11542797,0.21810126,0.26007244,0.072056405,0.1641003,0.24627756,0.2559537,0.7258117,0.8589212,0.45414108,0.15896341,0.7815962,0.8548648,0.7990224,0.45332325,0.2620994,0.7530112,0.7824111,0.38247177,0.27708843,0.91017073,0.98517877,0.18256848,0.3939416,0.38564816,0.31196216,0.27687475,0.9347633
10,197,15,visual,0.24826896,0.39605936,0.34691936,0.30063742,0.06882291,0.3510587,0.3518266,0.7555399,0.90227246,0.42486092,0.24620411,0.86376655,0.8979016,0.82099473,0.4641833,0.28008372,0.79944694,0.8122418,0.4365206,0.20685741,0.91775143,0.98128676,0.26891288,0.38827977,0.43684766,0.2282183,0.22087541,0.9324565
10,198,1,visual,0.27156848,0.33783618,0.38620064,0.05700828,0.09734209,0.36028093,0.36940506,0.69477683,0.93695986,0.53285027,0.30829898,0.87945485,0.93019354,0.75640357,0.3016062,0.29255617,0.7468767,0.75499034,0.47268763,0.34427038,0.92282885,0.9871811,0.41833705,0.47857437,0.47470948,0.36991984,0.37011167,0.9352727
10,198,2,visual,0.38948488,0.4595517,0.50451946,0.32870978,0.38257536,0.5162351,0.51243365,0.8143606,0.91873974,0.42699614,0.53845626,0.8711065,0.9207206,0.8714602,0.4598878,0.6612439,0.8442482,0.8602896,0.4054544,0.564482,0.93458295,0.98970556,0.48235813,0.4437989,0.40196827,0.5834792,0.55014294,0.946944
10,198,3,visual,0.39492694,0.48149306,0.53205657,0.23427086,0.1670016,0.51101357,0.5237442,0.7390086,0.9367428,0.44753057,0.3582473,0.9120196,0.93735415,0.78940433,0.46079302,0.2409511,0.7837449,0.7941039,0.42073828,0.2881934,0.95538235,0.9858987,0.26466617,0.426344,0.42683536,0.2984965,0.30388764,0.95706093
10,198,4,visual,0.27039987,0.4013733,0.4106388,0.15982066,0.16252121,0.37987,0.39102858,0.71986353,0.89602965,0.44403523,0.34421444,0.89752,0.90812373,0.8328281,0.3538551,0.39575794,0.785914,0.8097624,0.37991744,0.34493864,0.9396771,0.9823372,0.44083562,0.41741723,0.39609012,0.3539222,0.33402178,0.95527387
10,198,5,visual,0.29616427,0.38031948,0.39287114,0.14467967,0.111845806,0.38875192,0.39495373,0.74443483,0.93701017,0.41776577,0.24569412,0.8850205,0.9365401,0.7872232,0.38165107,0.2444623,0.794686,0.7819224,0.36521688,0.19844511,0.934922,0.99234086,0.5882197,0.36171582,0.37041917,0.21403936,0.18475674,0.94748735
10,198,6,visual,0.31645688,0.39170268,0.41259307,0.19401115,0.29572678,0.36807445,0.38324437,0.76663476,0.89337426,0.41003907,0.27850485,0.88261217,0.91203284,0.8460823,0.42277455,0.5200153,0.8146902,0.8145666,0.38874552,0.33380103,0.9494589,0.97698915,0.27173826,0.3928625,0.39314273,0.35320723,0.29924875,0.9634645
10,198,7,visual,0.22063586,0.2452682,0.35435694,0.044742964,0.22278658,0.36933887,0.3464637,0.8058934,0.92610824,0.3134257,0.1404636,0.9084993,0.937325,0.7943781,0.3576949,0.09085512,0.76336586,0.80831546,0.28429714,0.16237728,0.9361615,0.98184735,0.3492309,0.2614062,0.2920281,0.15340215,0.15313636,0.9437189
10,198,8,visual,0.20613828,0.2327587,0.32229656,0.087860085,0.041489936,0.3050436,0.31763384,0.80094284,0.9328496,0.5060672,0.16096088,0.8958396,0.92396075,0.82734513,0.46628606,0.10046913,0.8116876,0.8273419,0.4524804,0.110842116,0.95548016,0.9822618,0.20603561,0.45128956,0.44364414,0.07883182,0.09838573,0.9601649
10,198,9,visual,0.34067732,0.31486368,0.44880027,0.120682776,0.09519039,0.44896567,0.43401155,0.8059738,0.92264974,0.3800432,0.096579,0.8544494,0.9186341,0.81349856,0.30236867,0.09792993,0.7977721,0.82581776,0.32881162,0.110244416,0.93979424,0.9774308,0.23198149,0.29385075,0.2946982,0.12599872,0.09152971,0.9419372
10,198,10,visual,0.23394692,0.31485873,0.39373416,0.055672158,0.060395725,0.39699113,0.38508818,0.6855853,0.9164785,0.41792157,0.107140675,0.8734769,0.90303653,0.71370673,0.3372035,0.23672917,0.66916704,0.71124876,0.39263663,0.12121027,0.93470526,0.96179885,0.1413767,0.38899326,0.40058154,0.103600144,0.13377097,0.94923884
10,198,11,visual,0.27034205,0.3559782,0.38129082,0.16900764,0.226238,0.37033775,0.37068522,0.6189947,0.94250983,0.42578796,0.19918925,0.8980749,0.9302196,0.66753995,0.068590745,0.18722805,0.67545235,0.6897201,0.38231924,0.1991759,0.94266653,0.9797192,0.22085391,0.3327608,0.35937873,0.2608112,0.1843152,0.9606383
10,198,12,visual,0.2243159,0.33823156,0.35511544,0.07150147,0.098530814,0.33649552,0.36677206,0.7181837,0.93270314,0.48146525,0.012917261,0.89645946,0.91864157,0.771473,0.345472,0.12816754,0.8079944,0.7811241,0.42058402,0.053199016,0.9518436,0.9826885,0.14912912,0.42162228,0.42860717,0.05056091,0.034913927,0.95579696
10,198,13,visual,0.18727583,0.30056402,0.32865068,0.10790484,0.10853,0.33177227,0.35016903,0.6668764,0.9242826,0.543665,0.28514862,0.87028444,0.9162008,0.74215853,0.29351434,0.18096855,0.7068356,0.74226874,0.5081261,0.25846758,0.9265511,0.990432,0.30247515,0.5281683,0.50630283,0.25766292,0.26694494,0.939644
10,198,14,visual,0.22925468,0.29717946,0.35877576,0.102845155,0.10868994,0.3491065,0.35731494,0.7306349,0.9381957,0.54860675,0.10193586,0.8802715,0.93075347,0.7796799,0.33899823,0.117976286,0.76104736,0.79839855,0.4979083,0.12713408,0.9285828,0.9790406,0.18094717,0.50015664,0.48494196,0.0840629,0.08933924,0.9406299
10,198,15,visual,0.28081977,0.3438831,0.3542581,0.14913365,0.13381389,0.35801938,0.3486885,0.66216534,0.92228276,0.5016017,0.059831124,0.8931191,0.92994136,0.6934241,0.38957956,0.074373476,0.7218522,0.6951685,0.41368935,0.083853744,0.9240668,0.97864974,0.34868482,0.45385322,0.43422195,0.096742675,0.059734695,0.9297335
10,199,1,visual,0.33029935,0.42540875,0.45058048,0.21588033,0.2756001,0.43585235,0.4344515,0.75071484,0.9193029,0.5183578,0.16878521,0.8975262,0.93197143,0.80209464,0.49166682,0.31118342,0.7634987,0.8076267,0.45510408,0.18326263,0.9513657,0.9911393,0.10851704,0.45296398,0.46305516,0.16305484,0.16381545,0.96111923
10,199,2,visual,0.2686462,0.35039458,0.39717075,0.18585859,0.09926794,0.36912552,0.39357072,0.7196413,0.90450853,0.59403193,0.18098843,0.8693127,0.8806503,0.8193359,0.43604583,0.13224277,0.81659645,0.8226911,0.52024794,0.08032161,0.93491495,0.9821369,0.20071949,0.49936336,0.4857647,0.10008701,0.06850142,0.9448982
10,199,3,visual,0.2692814,0.24607123,0.35469705,0.17568572,0.086672775,0.32640162,0.3492905,0.63048625,0.90913993,0.5967346,0.1851375,0.8504603,0.9074205,0.72342324,0.3583421,0.22238235,0.6879556,0.7082959,0.5678613,0.12160779,0.9328342,0.9963159,0.09118009,0.5237646,0.5643244,0.10994753,0.11480557,0.93596566
10,199,4,visual,0.21879302,0.28605396,0.35125673,0.08666737,0.031920053,0.3459061,0.34104878,0.65694296,0.9323209,0.4151876,0.24790928,0.90269756,0.92242,0.722874,0.38309872,0.29588947,0.7116242,0.73303205,0.3666622,0.2648232,0.959645,0.98364264,0.24162847,0.36407617,0.3619199,0.28584075,0.24532148,0.95978665
10,199,5,visual,0.2433199,0.28540206,0.33155093,0.185803,0.12887447,0.2851269,0.32274482,0.6276084,0.9227455,0.41453308,0.2187737,0.89545584,0.9257029,0.71776533,0.5499234,0.24095985,0.7056927,0.70637405,0.41982454,0.24894223,0.95291644,0.99124616,0.21456589,0.4361429,0.42035335,0.20976515,0.22904816,0.9548155
10,199,6,visual,0.31205377,0.39821944,0.44906008,0.12905815,0.2570167,0.4142235,0.42498392,0.6984149,0.89139694,0.3575102,0.37967503,0.81955487,0.8951267,0.77306366,0.41582018,0.54765326,0.72335577,0.7633504,0.33542496,0.37665856,0.9158927,0.9904645,0.21029289,0.302534,0.35021195,0.38542187,0.3719386,0.9079839
10,199,7,visual,0.31147757,0.36586064,0.42033553,0.19315141,0.022138346,0.41061273,0.4104735,0.63602704,0.88909286,0.31228793,0.10279565,0.8575869,0.88091373,0.71698606,0.4188723,0.16035363,0.69848484,0.7177206,0.37202197,0.10442532,0.9482482,0.97831374,0.15301016,0.37889883,0.36400214,0.11481337,0.1010578,0.9538501
10,199,8,visual,0.24087211,0.36447304,0.32945704,0.13574657,0.06901788,0.30387262,0.33546397,0.6679784,0.93402815,0.6773595,0.10469497,0.9042108,0.927693,0.75359523,0.40803245,0.27505314,0.69955045,0.7513452,0.61930585,0.12373902,0.94134945,0.9957577,0.11395606,0.6222523,0.6188265,0.099946894,0.117155015,0.950141
10,199,9,visual,0.2294092,0.18329518,0.35689867,0.03573005,0.021085946,0.38340098,0.34930807,0.66857785,0.9278409,0.58818054,0.18075703,0.8401189,0.9192453,0.7252975,0.46349773,0.1850304,0.67842436,0.7341334,0.5036543,0.14155565,0.89288116,0.9878764,0.12419507,0.475743,0.5181163,0.0815109,0.1528457,0.9111883
10,199,10,visual,0.23800635,0.30626303,0.35986066,0.0715179,0.026964052,0.3759568,0.35946143,0.71382815,0.9150638,0.5098178,0.11587145,0.87270576,0.9095792,0.81893164,0.3926266,0.17624924,0.7545332,0.804461,0.44157287,0.15561965,0.9362415,0.97720873,0.29535344,0.4064081,0.43295676,0.21447867,0.16704085,0.9617628
10,199,11,visual,0.19350637,0.29103446,0.30042046,0.103994414,0.21191062,0.31323957,0.30826002,0.73674434,0.8673018,0.39458728,0.26667967,0.83418614,0.8578193,0.81628954,0.41859177,0.316821,0.7690189,0.7880898,0.36962563,0.29987457,0.9176396,0.9614412,0.2999991,0.3429375,0.30748338,0.29692796,0.2475952,0.9145644
10,199,12,visual,0.1923239,0.28583,0.31809857,0.1302312,0.067267954,0.35235137,0.33080766,0.5955397,0.9244606,0.6316193,0.15721142,0.85762185,0.92674315,0.6743465,0.28256008,0.05281188,0.66111785,0.6424476,0.5643871,0.123801395,0.9350729,0.9905504,0.12282097,0.5171594,0.58106595,0.10097545,0.09215587,0.9385503
10,199,13,visual,0.21171908,0.3012203,0.35030478,0.12267992,0.27631456,0.32746187,0.3377013,0.6997414,0.9329806,0.64022076,0.16044137,0.90532774,0.93668604,0.76840085,0.43454796,0.28070557,0.69768673,0.7434587,0.5755224,0.22079587,0.93905115,0.99069816,0.22194351,0.58164036,0.5900024,0.17965917,0.20241839,0.9482281
10,199,14,visual,0.29846603,0.4323445,0.4426523,0.20663433,0.033032704,0.44287914,0.42909452,0.66109157,0.92030555,0.4435745,0.12700798,0.8765033,0.93070626,0.75592035,0.4120061,0.12874652,0.7802423,0.7479956,0.4083754,0.1424392,0.9491369,0.9581425,0.20876472,0.38821903,0.40424308,0.1367457,0.14059652,0.9514849
10,199,15,visual,0.28296858,0.420188,0.41357327,0.17406473,0.32802656,0.4202269,0.38341257,0.6663227,0.9410232,0.42368668,0.12815486,0.8910144,0.9455953,0.7655151,0.53617406,0.37475157,0.74388534,0.76664776,0.40451938,0.22988759,0.9538414,0.9843094,0.14281954,0.39862353,0.4116007,0.25466308,0.17704335,0.9453628
10,200,1,visual,0.2685219,0.35238874,0.40237588,0.121504076,0.2543151,0.39282054,0.39767215,0.72894853,0.92471737,0.37307703,0.23831853,0.87263584,0.92654365,0.80153096,0.4055551,0.16661544,0.80065936,0.8005665,0.3738301,0.23622045,0.9418912,0.99676543,0.22144234,0.3969749,0.3677529,0.23401782,0.22427985,0.94444686
10,200,2,visual,0.23087133,0.40150124,0.38676772,0.09823074,0.13093956,0.40243712,0.40597504,0.747776,0.882104,0.39930376,0.16637252,0.7682586,0.8573632,0.8205084,0.3406171,0.19058953,0.7789078,0.81151986,0.36392826,0.20856223,0.9096846,0.97500676,0.25915068,0.3775468,0.3626308,0.2581297,0.19058338,0.90517753
10,200,3,visual,0.18661942,0.32326853,0.30726776,0.19199823,0.11373565,0.29349566,0.27264452,0.69590294,0.8840713,0.530249,0.15975231,0.88175976,0.8995076,0.77151525,0.5171477,0.25644347,0.75551635,0.77418375,0.49887627,0.18507276,0.9390447,0.9906091,0.24853536,0.5344035,0.4937818,0.21745454,0.18342201,0.9396514
10,200,4,visual,0.14156969,0.1952965,0.27541712,0.10323699,0.13648406,0.28317213,0.28291726,0.72548413,0.91540545,0.45951942,0.17929219,0.8859574,0.9145559,0.7983465,0.5234132,0.32321325,0.83043647,0.8018354,0.40492988,0.19874278,0.9680244,0.9920994,0.15683316,0.39765438,0.40539908,0.23430888,0.20280574,0.96794134
10,200,5,visual,0.09839143,0.17847086,0.18677957,0.033756204,0.050607264,0.16987884,0.19286466,0.7159292,0.94239146,0.4354585,0.120443344,0.8630875,0.91875076,0.78184026,0.35400063,0.25587165,0.81976205,0.76741636,0.38299328,0.12260355,0.91759586,0.9710992,0.12635887,0.41478056,0.39092463,0.17637244,0.14342959,0.910803
10,200,6,visual,0.12466378,0.2744389,0.3322965,0.1763808,0.18371534,0.296454,0.32839757,0.60279614,0.84830755,0.34898084,0.1394882,0.84236157,0.83255816,0.7420036,0.42198777,0.15499407,0.77232546,0.75497866,0.34493035,0.16174802,0.93068564,0.98176557,0.36018822,0.3710311,0.34829864,0.16006449,0.14519052,0.9324885
10,200,7,visual,0.25497276,0.3593594,0.33907717,0.17312658,0.11360876,0.30171686,0.32631704,0.62541944,0.89134246,0.4171246,0.14594516,0.8510616,0.91085374,0.73538226,0.44971716,0.3162754,0.73926103,0.7022463,0.38616866,0.140926,0.9206361,0.9675257,0.016141256,0.38418427,0.3841255,0.18236454,0.12667862,0.93597484
10,200,8,visual,0.41496295,0.60235375,0.5386718,0.41646886,0.2798594,0.52139205,0.54560256,0.6269614,0.8921676,0.4256395,0.28784928,0.8432725,0.89187217,0.74940556,0.52976424,0.3107037,0.7731482,0.7586412,0.46673262,0.3118213,0.93775535,0.98759955,0.19411483,0.45251104,0.4572138,0.36073402,0.33937415,0.9439942
10,200,9,visual,0.3363289,0.44387645,0.46528032,0.18926051,0.16650654,0.44975796,0.45823744,0.6172428,0.89846414,0.39366996,0.0873049,0.8977514,0.89644504,0.7373872,0.44521317,0.35182723,0.7064653,0.73622376,0.36567163,0.15814698,0.95961314,0.9905301,0.42962763,0.34263986,0.36836165,0.1347884,0.15444505,0.95798844
10,200,10,visual,0.25253046,0.2749996,0.32832885,0.20623381,0.05588085,0.3278679,0.33179063,0.7949265,0.96987784,0.63518184,0.1769764,0.9256106,0.96739405,0.8039045,0.5249946,0.113588594,0.7820078,0.80807495,0.6147312,0.19269182,0.94778246,0.9919572,0.23112352,0.5576384,0.61540985,0.16826385,0.19582994,0.9548087
10,200,11,visual,0.25141615,0.33964878,0.4064355,0.11213922,0.004720027,0.40609658,0.41006672,0.62014276,0.914649,0.550255,0.026102103,0.8788596,0.910684,0.6753726,0.3305968,0.044106442,0.694224,0.68980306,0.4754527,0.04283036,0.9230062,0.98594797,0.18328628,0.47498533,0.47585168,0.014421548,0.03425217,0.9336849
10,200,12,visual,0.37625486,0.4157612,0.48578355,0.23795745,0.2362613,0.4875224,0.48202828,0.706191,0.9168541,0.49193835,0.3188711,0.8799318,0.92810476,0.77796936,0.45897052,0.43847916,0.7667259,0.780023,0.47102776,0.36165884,0.95366955,0.9936113,0.34461477,0.46479666,0.4616654,0.3174313,0.34629503,0.95516485
10,200,13,visual,0.29615456,0.36027503,0.39986727,0.11950922,0.27438456,0.42022365,0.39477444,0.73105407,0.9392993,0.5334349,0.29776928,0.8643233,0.9333495,0.8065341,0.44323644,0.3611937,0.8526609,0.8157921,0.48063087,0.35637805,0.9330991,0.98888904,0.2518715,0.43922547,0.46887434,0.36633393,0.34692326,0.93215114
10,200,14,visual,0.1512514,0.23763952,0.26144415,0.037741505,0.16245697,0.26042292,0.26624578,0.5819581,0.9436473,0.66755515,0.14354452,0.89392465,0.9442749,0.61708415,0.29763532,0.2598892,0.60685945,0.61925125,0.6023586,0.1598912,0.9505426,0.987474,0.12425152,0.52897686,0.6030251,0.20955281,0.15827093,0.96303236
10,200,15,visual,0.24130127,0.40210018,0.37978533,0.22395848,0.19172409,0.40256184,0.38117048,0.7293075,0.91699153,0.46191987,0.2388091,0.9049065,0.92257357,0.752803,0.4805002,0.20523617,0.75788534,0.7368548,0.41510108,0.2630315,0.9486081,0.9802345,0.30324045,0.46774322,0.4359599,0.3061227,0.2845786,0.9676947
